Date,AAPL,AMGN,AMZN,AXP,BA,CAT,CRM,CSCO,CVX,DIS,GS,HD,HON,IBM,JNJ,JPM,KO,MCD,MMM,MRK,MSFT,NKE,NVDA,PG,SHW,TRV,UNH,V,VZ,WMT
2023-06-01,0.03333333333333333,0.03333333333333333,0.03333333333333333,0.03333333333333333,0.03333333333333333,0.03333333333333333,0.03333333333333333,0.03333333333333333,0.03333333333333333,0.03333333333333333,0.03333333333333333,0.03333333333333333,0.03333333333333333,0.03333333333333333,0.03333333333333333,0.03333333333333333,0.03333333333333333,0.03333333333333333,0.03333333333333333,0.03333333333333333,0.03333333333333333,0.03333333333333333,0.03333333333333333,0.03333333333333333,0.03333333333333333,0.03333333333333333,0.03333333333333333,0.03333333333333333,0.03333333333333333,0.03333333333333333
2023-06-02,0.03322160243988037,0.03324338048696518,0.033763736486434937,0.03322160243988037,0.03368241712450981,0.03322160243988037,0.03322160243988037,0.03322160243988037,0.03322160243988037,0.03322160243988037,0.03328438103199005,0.0332682803273201,0.03335827961564064,0.03326741233468056,0.03322160243988037,0.03344246745109558,0.033884815871715546,0.033565863966941833,0.03322160243988037,0.03322160243988037,0.03376971557736397,0.03322160243988037,0.03322160243988037,0.033303916454315186,0.03322160243988037,0.033310577273368835,0.03322495147585869,0.03322160243988037,0.03330574184656143,0.03322160243988037
2023-06-03,0.033258065581321716,0.033258065581321716,0.03353471681475639,0.033258065581321716,0.03344165161252022,0.033258065581321716,0.033258065581321716,0.033258065581321716,0.033258065581321716,0.033258065581321716,0.03345750272274017,0.033258065581321716,0.03327981010079384,0.03336898237466812,0.033258065581321716,0.033300649374723434,0.03392844274640083,0.03355597332119942,0.033258065581321716,0.033258065581321716,0.03353000804781914,0.033258065581321716,0.033258065581321716,0.033270034939050674,0.033258065581321716,0.033277954906225204,0.03340908885002136,0.033258065581321716,0.033258065581321716,0.033258065581321716
2023-06-04,0.033243995159864426,0.033243995159864426,0.0336519218981266,0.033243995159864426,0.033591389656066895,0.033243995159864426,0.033243995159864426,0.033243995159864426,0.033243995159864426,0.033243995159864426,0.03344632685184479,0.033243995159864426,0.033345308154821396,0.03335202857851982,0.033321820199489594,0.033243995159864426,0.033987075090408325,0.03353309631347656,0.033243995159864426,0.033243995159864426,0.03358404338359833,0.03324897959828377,0.033243995159864426,0.033243995159864426,0.033243995159864426,0.033243995159864426,0.033275771886110306,0.033243995159864426,0.033270373940467834,0.033243995159864426
2023-06-05,0.03324468433856964,0.03324468433856964,0.03365665301680565,0.03324468433856964,0.03359021991491318,0.03324468433856964,0.03324468433856964,0.03324468433856964,0.03324468433856964,0.03324468433856964,0.03345596417784691,0.03324468433856964,0.03334346413612366,0.03334899619221687,0.03332185372710228,0.03324468433856964,0.03398182988166809,0.033534761518239975,0.03324468433856964,0.03324468433856964,0.03358060494065285,0.033245254307985306,0.03324468433856964,0.03324468433856964,0.03324468433856964,0.03324468433856964,0.033271342515945435,0.03324468433856964,0.03326473757624626,0.03324468433856964
2023-06-06,0.03323664516210556,0.03351158648729324,0.033888079226017,0.03323664516210556,0.03333132714033127,0.03323664516210556,0.03323664516210556,0.03323664516210556,0.03323664516210556,0.03323664516210556,0.03363034129142761,0.03323664516210556,0.03333036229014397,0.033314697444438934,0.03328677639365196,0.033262547105550766,0.03381579369306564,0.033643919974565506,0.033251211047172546,0.0332648940384388,0.03333684802055359,0.03323664516210556,0.03323664516210556,0.03323664516210556,0.03328649699687958,0.03329550102353096,0.03323664516210556,0.03323664516210556,0.03323664516210556,0.03323664516210556
2023-06-07,0.03324545547366142,0.03324545547366142,0.03371737524867058,0.03324545547366142,0.03355425223708153,0.03324545547366142,0.03324545547366142,0.03324545547366142,0.03324545547366142,0.03324545547366142,0.03355121240019798,0.03324545547366142,0.033311862498521805,0.03325294330716133,0.033388543874025345,0.03324545547366142,0.03395281732082367,0.03346140310168266,0.03326728940010071,0.03324545547366142,0.03346924111247063,0.03324545547366142,0.03324545547366142,0.03324545547366142,0.03324545547366142,0.033329542726278305,0.03328411281108856,0.03324545547366142,0.03328661993145943,0.03324545547366142
2023-06-08,0.03323162719607353,0.03323162719607353,0.03363426774740219,0.03323162719607353,0.033363331109285355,0.03323162719607353,0.03323162719607353,0.03323162719607353,0.03323162719607353,0.03323162719607353,0.03328961133956909,0.033335357904434204,0.033476319164037704,0.03331548348069191,0.033470962196588516,0.03323749080300331,0.03397972136735916,0.03351929411292076,0.03323162719607353,0.03323162719607353,0.033617276698350906,0.03323162719607353,0.03323162719607353,0.03323162719607353,0.03323162719607353,0.033314138650894165,0.033370453864336014,0.03323162719607353,0.033343810588121414,0.03325805068016052
2023-06-09,0.03325412794947624,0.03330433741211891,0.03355707600712776,0.03325412794947624,0.03325412794947624,0.03325412794947624,0.03325412794947624,0.03325412794947624,0.03325412794947624,0.03332370147109032,0.03341853246092796,0.033425040543079376,0.033492621034383774,0.0332828164100647,0.03325412794947624,0.03335646167397499,0.033751506358385086,0.03352527320384979,0.03330626338720322,0.03330005332827568,0.033380430191755295,0.03325412794947624,0.03325412794947624,0.03325412794947624,0.03325412794947624,0.0334046296775341,0.033359285444021225,0.03325412794947624,0.03325412794947624,0.03325412794947624
2023-06-10,0.03325246274471283,0.03336430713534355,0.033586375415325165,0.03325246274471283,0.03325246274471283,0.03325246274471283,0.03325246274471283,0.03325246274471283,0.03325246274471283,0.03331061452627182,0.033401817083358765,0.03338760510087013,0.03351624682545662,0.0332530215382576,0.03325246274471283,0.03343440219759941,0.03363974392414093,0.03367616608738899,0.0333232507109642,0.03326945751905441,0.03339730203151703,0.03325246274471283,0.03325246274471283,0.03325246274471283,0.03325246274471283,0.033371347934007645,0.033281464129686356,0.03325246274471283,0.03325246274471283,0.03325246274471283
2023-06-11,0.03324291482567787,0.03346443176269531,0.033653147518634796,0.03324291482567787,0.03324291482567787,0.03324291482567787,0.03324291482567787,0.03324291482567787,0.03324291482567787,0.03325871005654335,0.03345627337694168,0.033348020166158676,0.03344052657485008,0.033253952860832214,0.03324291482567787,0.03339630737900734,0.03367675095796585,0.03373195603489876,0.03325894474983215,0.03330846503376961,0.0334419384598732,0.03324291482567787,0.03324291482567787,0.03324291482567787,0.03324291482567787,0.03337932750582695,0.033287517726421356,0.03324291482567787,0.03324291482567787,0.03324291482567787
2023-06-12,0.03324304148554802,0.03347213566303253,0.033668115735054016,0.03324304148554802,0.03324304148554802,0.03324304148554802,0.03324304148554802,0.03324304148554802,0.03324304148554802,0.033251333981752396,0.03345580771565437,0.03335049748420715,0.03344344720244408,0.03325102850794792,0.03324304148554802,0.03338828310370445,0.03368547558784485,0.03373301401734352,0.033257827162742615,0.03329530730843544,0.0334460511803627,0.03324304148554802,0.03324304148554802,0.03324304148554802,0.03324304148554802,0.03337718918919563,0.03327883034944534,0.03324304148554802,0.03324304148554802,0.03324304148554802
2023-06-13,0.03322711959481239,0.03350698575377464,0.03389427438378334,0.03322711959481239,0.03322711959481239,0.03322711959481239,0.03322711959481239,0.03322711959481239,0.03322711959481239,0.03322711959481239,0.0335182286798954,0.03330240026116371,0.03341038152575493,0.0333053283393383,0.03333514183759689,0.033320557326078415,0.03378307446837425,0.033701106905937195,0.03322711959481239,0.03325735405087471,0.03341339901089668,0.03322711959481239,0.03322711959481239,0.03322711959481239,0.03327115997672081,0.033346690237522125,0.03322711959481239,0.03322711959481239,0.03322711959481239,0.03322711959481239
2023-06-14,0.03322702273726463,0.03350774571299553,0.03389514237642288,0.03322702273726463,0.03322702273726463,0.03322702273726463,0.03322702273726463,0.03322702273726463,0.03322702273726463,0.03322702273726463,0.0335179902613163,0.03330262377858162,0.03341073542833328,0.033304985612630844,0.033336933702230453,0.03331957384943962,0.033783815801143646,0.03370043262839317,0.03322702273726463,0.033255863934755325,0.03341420367360115,0.03322702273726463,0.03322702273726463,0.03322702273726463,0.03327098488807678,0.03334662690758705,0.03322702273726463,0.03322702273726463,0.03322702273726463,0.03322702273726463
2023-06-15,0.033244386315345764,0.03343237191438675,0.03364650905132294,0.033244386315345764,0.03335394337773323,0.033244386315345764,0.033244386315345764,0.033244386315345764,0.033244386315345764,0.033244386315345764,0.03340090066194534,0.033527228981256485,0.03353245556354523,0.033343516290187836,0.03344714269042015,0.033244386315345764,0.03383724018931389,0.033334653824567795,0.033244386315345764,0.033244386315345764,0.0334620364010334,0.033244386315345764,0.033244386315345764,0.033244386315345764,0.033244386315345764,0.033244386315345764,0.033244386315345764,0.033244386315345764,0.0332830436527729,0.033244386315345764
2023-06-16,0.03324775770306587,0.033452704548835754,0.033675551414489746,0.03324775770306587,0.033384453505277634,0.03324775770306587,0.03324775770306587,0.03324775770306587,0.03324775770306587,0.03324775770306587,0.033352937549352646,0.0334235318005085,0.03348245099186897,0.03338990360498428,0.033437807112932205,0.03324775770306587,0.03381739556789398,0.03337312117218971,0.033254027366638184,0.03324775770306587,0.03339001536369324,0.03324775770306587,0.03324775770306587,0.03324775770306587,0.03324775770306587,0.03325279802083969,0.03324775770306587,0.03324775770306587,0.033348869532346725,0.03324812278151512
2023-06-17,0.0332578681409359,0.03358198702335358,0.03355804830789566,0.0332578681409359,0.03330640122294426,0.0332578681409359,0.0332578681409359,0.0332578681409359,0.0332578681409359,0.03330739215016365,0.033442698419094086,0.033447086811065674,0.033396340906620026,0.03337913379073143,0.0332578681409359,0.0332578681409359,0.033350370824337006,0.033329181373119354,0.0332578681409359,0.0332578681409359,0.033574000000953674,0.0332578681409359,0.0332578681409359,0.0332578681409359,0.0334249772131443,0.03343166038393974,0.03334474936127663,0.0332578681409359,0.0332578681409359,0.0332578681409359
2023-06-18,0.03326021507382393,0.03358147293329239,0.03357183188199997,0.03326021507382393,0.033296920359134674,0.03326021507382393,0.03326021507382393,0.03326021507382393,0.03326021507382393,0.03331476449966431,0.03343580290675163,0.03344113752245903,0.03341080993413925,0.03338389843702316,0.03326021507382393,0.03326021507382393,0.033367808908224106,0.03331669792532921,0.03326021507382393,0.03326021507382393,0.03356490284204483,0.03326021507382393,0.03326021507382393,0.03326021507382393,0.0334087610244751,0.033409807831048965,0.03333189710974693,0.03326021507382393,0.03326021507382393,0.03326021507382393
2023-06-19,0.03327139467000961,0.0335601344704628,0.033601343631744385,0.03327139467000961,0.03327500447630882,0.03327139467000961,0.03327139467000961,0.03327139467000961,0.03327139467000961,0.0333297923207283,0.033417098224163055,0.033422719687223434,0.0334632471203804,0.03339507430791855,0.03327139467000961,0.03327139467000961,0.033425603061914444,0.03328649327158928,0.03327139467000961,0.03327139467000961,0.03350851684808731,0.03327139467000961,0.03327139467000961,0.03327139467000961,0.03334074094891548,0.03332123905420303,0.03328079357743263,0.03327139467000961,0.033301256597042084,0.03327139467000961
2023-06-20,0.0332806296646595,0.03353326767683029,0.03355508670210838,0.0332806296646595,0.0332806296646595,0.0332806296646595,0.0332806296646595,0.0332806296646595,0.0332806296646595,0.0332806296646595,0.033352963626384735,0.03344355523586273,0.0334496907889843,0.03339175134897232,0.0332806296646595,0.0332806296646595,0.033469900488853455,0.0332806296646595,0.03331334888935089,0.0332806296646595,0.03348383679986,0.0332806296646595,0.0332806296646595,0.0332806296646595,0.03329839929938316,0.0332806296646595,0.0332806296646595,0.0332806296646595,0.03337625041604042,0.0332806296646595
2023-06-21,0.03324132785201073,0.03352310135960579,0.033766504377126694,0.03324132785201073,0.03346731513738632,0.03324132785201073,0.03324132785201073,0.03324132785201073,0.03324132785201073,0.033274777233600616,0.03349770978093147,0.033397987484931946,0.03348177298903465,0.03342738002538681,0.03326816484332085,0.03324132785201073,0.03355300426483154,0.033319681882858276,0.03324132785201073,0.03324132785201073,0.03346013277769089,0.03324132785201073,0.03324132785201073,0.03324132785201073,0.03324132785201073,0.03327537328004837,0.03334547579288483,0.03324132785201073,0.033321723341941833,0.03324132785201073
2023-06-22,0.033241014927625656,0.03350174427032471,0.0336315743625164,0.033241014927625656,0.03340155631303787,0.033241014927625656,0.033241014927625656,0.033241014927625656,0.033241014927625656,0.03325118497014046,0.03356340155005455,0.03351103886961937,0.033484261482954025,0.03344761207699776,0.03326084092259407,0.033241014927625656,0.03355959802865982,0.033241014927625656,0.033241014927625656,0.033320102840662,0.03361629322171211,0.033241014927625656,0.033241014927625656,0.033241014927625656,0.033241014927625656,0.0332673043012619,0.03332725912332535,0.033241014927625656,0.033241014927625656,0.033241014927625656
2023-06-23,0.03325195983052254,0.03351650759577751,0.03359425812959671,0.03325195983052254,0.033418502658605576,0.03325195983052254,0.03325195983052254,0.03325195983052254,0.03325195983052254,0.03325195983052254,0.03355775773525238,0.03342314809560776,0.033394038677215576,0.033454347401857376,0.03328881412744522,0.03325195983052254,0.03350408002734184,0.03325195983052254,0.033277686685323715,0.03325595334172249,0.03361757844686508,0.03325195983052254,0.03325195983052254,0.03325195983052254,0.03325195983052254,0.03328927978873253,0.033376678824424744,0.03325195983052254,0.03325195983052254,0.03325195983052254
2023-06-24,0.033247508108615875,0.033454105257987976,0.03356644883751869,0.033247508108615875,0.03327348455786705,0.033247508108615875,0.033247508108615875,0.033247508108615875,0.033247508108615875,0.033247508108615875,0.033553317189216614,0.033247508108615875,0.03326944261789322,0.03356187045574188,0.03335820883512497,0.033247508108615875,0.03352271765470505,0.033543460071086884,0.033247508108615875,0.033247508108615875,0.03332647681236267,0.033247508108615875,0.033247508108615875,0.03331957757472992,0.033247508108615875,0.03339967131614685,0.033427901566028595,0.033247508108615875,0.033463191241025925,0.033247508108615875
2023-06-25,0.033247508108615875,0.033454105257987976,0.03356644883751869,0.033247508108615875,0.03327348455786705,0.033247508108615875,0.033247508108615875,0.033247508108615875,0.033247508108615875,0.033247508108615875,0.033553317189216614,0.033247508108615875,0.03326944634318352,0.033561866730451584,0.03335820883512497,0.033247508108615875,0.03352271765470505,0.033543460071086884,0.033247508108615875,0.033247508108615875,0.03332647681236267,0.033247508108615875,0.033247508108615875,0.03331957757472992,0.033247508108615875,0.03339967131614685,0.033427901566028595,0.033247508108615875,0.033463191241025925,0.033247508108615875
2023-06-26,0.03324349969625473,0.03343989700078964,0.033571209758520126,0.03324349969625473,0.03332100063562393,0.03324349969625473,0.03324349969625473,0.03324349969625473,0.03324349969625473,0.03324349969625473,0.033579252660274506,0.03324349969625473,0.03326350077986717,0.033548370003700256,0.033369991928339005,0.03324349969625473,0.0335470512509346,0.03354056924581528,0.03324349969625473,0.03324349969625473,0.03331734612584114,0.03324349969625473,0.03324349969625473,0.03332123905420303,0.03324349969625473,0.03338877111673355,0.03341614827513695,0.03324349969625473,0.03347962722182274,0.03324349969625473
2023-06-27,0.03323092311620712,0.03336585685610771,0.03370508551597595,0.03323092311620712,0.0334678590297699,0.03323092311620712,0.03323092311620712,0.03323092311620712,0.03323092311620712,0.03323092311620712,0.03353223204612732,0.03325089439749718,0.033393800258636475,0.033299122005701065,0.0333322137594223,0.03323092311620712,0.03385331109166145,0.03347201272845268,0.033336855471134186,0.03323092311620712,0.03348972275853157,0.03323092311620712,0.03323092311620712,0.03323092311620712,0.03323092311620712,0.03336659073829651,0.03334899619221687,0.03323092311620712,0.033321693539619446,0.03323092311620712
2023-06-28,0.03323674574494362,0.03323674574494362,0.03370322659611702,0.03323674574494362,0.03354514762759209,0.03323674574494362,0.03323674574494362,0.03323674574494362,0.03323674574494362,0.03323674574494362,0.03354369103908539,0.03323674574494362,0.03332216665148735,0.03330681473016739,0.033340681344270706,0.03326054662466049,0.03392444923520088,0.03344165161252022,0.03325238078832626,0.03323674574494362,0.03355265036225319,0.03323674574494362,0.03323674574494362,0.03323674574494362,0.03323674574494362,0.033370669931173325,0.03333726525306702,0.03323674574494362,0.033310651779174805,0.03323674574494362
2023-06-29,0.03324417024850845,0.03338751569390297,0.03346031531691551,0.03324417024850845,0.033473532646894455,0.03324417024850845,0.03324417024850845,0.03324417024850845,0.03324417024850845,0.03324417024850845,0.033497195690870285,0.03324417024850845,0.03346114605665207,0.033252980560064316,0.0333263985812664,0.03329438716173172,0.033806830644607544,0.03324417024850845,0.03324417024850845,0.03324417024850845,0.03357778862118721,0.03324417024850845,0.03324417024850845,0.033514127135276794,0.03324417024850845,0.03340631350874901,0.03325798362493515,0.03326333314180374,0.03335755318403244,0.03324417024850845
2023-06-30,0.03326072171330452,0.03334515914320946,0.033583663403987885,0.03326072171330452,0.033384278416633606,0.03326072171330452,0.03326072171330452,0.03326072171330452,0.03326072171330452,0.03326072171330452,0.03354348987340927,0.033279892057180405,0.03346185386180878,0.03335115313529968,0.03336215019226074,0.03326072171330452,0.03380085900425911,0.03326072171330452,0.03326072171330452,0.03327101096510887,0.03354654088616371,0.03326072171330452,0.03326072171330452,0.03326072171330452,0.03326072171330452,0.033353373408317566,0.03328434005379677,0.03326072171330452,0.03326072171330452,0.03326072171330452
2023-07-01,0.03325597196817398,0.033452026546001434,0.033466313034296036,0.03325597196817398,0.03325597196817398,0.03325597196817398,0.03325597196817398,0.03325597196817398,0.03325597196817398,0.03325597196817398,0.03341512382030487,0.03334473446011543,0.033718980848789215,0.03330419585108757,0.03331572189927101,0.03325597196817398,0.03363563120365143,0.03325597196817398,0.03325597196817398,0.03332691639661789,0.03365509584546089,0.03325597196817398,0.03325597196817398,0.03325597196817398,0.03325597196817398,0.033489398658275604,0.033268362283706665,0.03325597196817398,0.03325597196817398,0.03325597196817398
2023-07-02,0.03325977921485901,0.03344948589801788,0.03347289189696312,0.03325977921485901,0.033331118524074554,0.03325977921485901,0.03325977921485901,0.03325977921485901,0.03325977921485901,0.03325977921485901,0.03347991779446602,0.03325977921485901,0.03363984078168869,0.03331857919692993,0.03325977921485901,0.03325977921485901,0.03367944434285164,0.03325977921485901,0.03325977921485901,0.03332507610321045,0.033586855977773666,0.03325977921485901,0.03325977921485901,0.03331231698393822,0.03325977921485901,0.03340907022356987,0.03331933170557022,0.03325977921485901,0.03325977921485901,0.03325977921485901
2023-07-03,0.033259861171245575,0.033448655158281326,0.03347279131412506,0.033259861171245575,0.03333388268947601,0.033259861171245575,0.033259861171245575,0.033259861171245575,0.033259861171245575,0.033259861171245575,0.033480480313301086,0.033259861171245575,0.03363775834441185,0.03331822529435158,0.033259861171245575,0.033259861171245575,0.033681392669677734,0.033259861171245575,0.033259861171245575,0.0333237461745739,0.03358415886759758,0.033259861171245575,0.033259861171245575,0.03331449255347252,0.033259861171245575,0.03340741991996765,0.03331948071718216,0.033259861171245575,0.033259861171245575,0.033259861171245575
2023-07-04,0.03325976803898811,0.03325976803898811,0.03353845328092575,0.03325976803898811,0.03325976803898811,0.03325976803898811,0.03325976803898811,0.03325976803898811,0.03325976803898811,0.03325976803898811,0.03341912105679512,0.03347174823284149,0.03353988379240036,0.03334629535675049,0.03344491496682167,0.03325976803898811,0.033780306577682495,0.03333151340484619,0.03325976803898811,0.03325976803898811,0.03359813615679741,0.03325976803898811,0.03325976803898811,0.03325976803898811,0.03325976803898811,0.033334217965602875,0.03325976803898811,0.03325976803898811,0.03325976803898811,0.03325976803898811
2023-07-05,0.03326134383678436,0.03326134383678436,0.033539317548274994,0.03326134383678436,0.03326134383678436,0.03326134383678436,0.03326134383678436,0.03326134383678436,0.03326134383678436,0.03326134383678436,0.033426638692617416,0.03345634415745735,0.033533819019794464,0.03334968909621239,0.03343915566802025,0.03326134383678436,0.033785901963710785,0.033324822783470154,0.03326134383678436,0.03326134383678436,0.03359351307153702,0.03326134383678436,0.03326134383678436,0.03326134383678436,0.03326134383678436,0.0333239883184433,0.03326134383678436,0.03326134383678436,0.03326134383678436,0.03326134383678436
2023-07-06,0.033251453191041946,0.03351190313696861,0.033473312854766846,0.033251453191041946,0.03337927535176277,0.033251453191041946,0.033251453191041946,0.033251453191041946,0.033251453191041946,0.033251453191041946,0.03357412666082382,0.033251453191041946,0.03349041938781738,0.033251453191041946,0.033251453191041946,0.033251453191041946,0.033612772822380066,0.033251453191041946,0.033251453191041946,0.03339201584458351,0.033583901822566986,0.033251453191041946,0.033251453191041946,0.03341531381011009,0.033251453191041946,0.03349224850535393,0.03329712897539139,0.033251453191041946,0.033251453191041946,0.033251453191041946
2023-07-07,0.033238496631383896,0.03328045457601547,0.03355397284030914,0.033238496631383896,0.03357471898198128,0.033238496631383896,0.033238496631383896,0.033238496631383896,0.033238496631383896,0.033238496631383896,0.033511992543935776,0.033238496631383896,0.033379726111888885,0.03336852043867111,0.03342451527714729,0.033357325941324234,0.03362225368618965,0.03354497253894806,0.033238496631383896,0.033238496631383896,0.033468060195446014,0.033238496631383896,0.033238496631383896,0.03341968357563019,0.033238496631383896,0.033238496631383896,0.033238496631383896,0.033364828675985336,0.033312998712062836,0.033238496631383896
2023-07-08,0.03323289006948471,0.03323289006948471,0.033607590943574905,0.03323289006948471,0.033628661185503006,0.03323289006948471,0.03323289006948471,0.03323289006948471,0.03323289006948471,0.03323289006948471,0.033375613391399384,0.03339001536369324,0.03338189795613289,0.03338688239455223,0.03336403891444206,0.03327822685241699,0.03384256735444069,0.03336949273943901,0.03323289006948471,0.03323289006948471,0.03373322635889053,0.03323289006948471,0.03323289006948471,0.03331136703491211,0.03323289006948471,0.03323289006948471,0.03326236829161644,0.03323289006948471,0.03334183618426323,0.03323289006948471
2023-07-09,0.033234916627407074,0.033234916627407074,0.03359164297580719,0.033234916627407074,0.03363281488418579,0.033234916627407074,0.033234916627407074,0.033234916627407074,0.033234916627407074,0.033234916627407074,0.033371470868587494,0.03340611979365349,0.03337768465280533,0.033371325582265854,0.03337709978222847,0.03323505446314812,0.033867668360471725,0.033306896686553955,0.033234916627407074,0.033234916627407074,0.03371477872133255,0.033234916627407074,0.033234916627407074,0.03331957012414932,0.033234916627407074,0.03323516622185707,0.03328351676464081,0.033234916627407074,0.03338535502552986,0.033234916627407074
2023-07-10,0.03323543444275856,0.03323543444275856,0.033551596105098724,0.03323543444275856,0.03362671658396721,0.03323543444275856,0.03323543444275856,0.03323543444275856,0.03323543444275856,0.03323543444275856,0.03336351737380028,0.03343033045530319,0.03337248042225838,0.03333718329668045,0.03339460492134094,0.03323543444275856,0.033885031938552856,0.03323543444275856,0.03323543444275856,0.03323543444275856,0.03366991877555847,0.03323543444275856,0.03323543444275856,0.03333331644535065,0.03323543444275856,0.03327224403619766,0.033308252692222595,0.033240217715501785,0.033447638154029846,0.03323543444275856
2023-07-11,0.0332406647503376,0.0332406647503376,0.03349762037396431,0.0332406647503376,0.03358147665858269,0.0332406647503376,0.0332406647503376,0.0332406647503376,0.0332406647503376,0.0332406647503376,0.03334611654281616,0.033418454229831696,0.03341182693839073,0.033314358443021774,0.03338398039340973,0.0332406647503376,0.03387104719877243,0.0332406647503376,0.0332406647503376,0.0332406647503376,0.0336461178958416,0.0332406647503376,0.03324344754219055,0.033310819417238235,0.0332406647503376,0.033319227397441864,0.03332850709557533,0.03326305374503136,0.03345399722456932,0.0332406647503376
2023-07-12,0.03324883058667183,0.033588770776987076,0.033487774431705475,0.03324883058667183,0.033508144319057465,0.03324883058667183,0.03324883058667183,0.03324883058667183,0.03324883058667183,0.03324883058667183,0.033404916524887085,0.03363707661628723,0.03346075490117073,0.033421773463487625,0.03324883058667183,0.03324883058667183,0.03365945816040039,0.03326309472322464,0.03324883058667183,0.03324883058667183,0.03353268653154373,0.03324883058667183,0.03324883058667183,0.03324883058667183,0.03324883058667183,0.03330782428383827,0.03324883058667183,0.03324883058667183,0.03324883058667183,0.03324883058667183
2023-07-13,0.03327420353889465,0.03369615599513054,0.033276062458753586,0.03327420353889465,0.03327420353889465,0.03327420353889465,0.03327420353889465,0.03327420353889465,0.03327420353889465,0.03327420353889465,0.03342744708061218,0.033481307327747345,0.033448755741119385,0.03330038860440254,0.03327420353889465,0.03327420353889465,0.03367375209927559,0.03327420353889465,0.03327420353889465,0.03327420353889465,0.0333869494497776,0.03327420353889465,0.03328804299235344,0.03337248042225838,0.03327420353889465,0.03343880921602249,0.03327420353889465,0.03327420353889465,0.03327420353889465,0.03327420353889465
2023-07-14,0.033280160278081894,0.03349337726831436,0.033280160278081894,0.033280160278081894,0.03328867256641388,0.033280160278081894,0.033280160278081894,0.033280160278081894,0.033280160278081894,0.033280160278081894,0.03342491388320923,0.03333370387554169,0.03340282291173935,0.03331388533115387,0.033280160278081894,0.033280160278081894,0.03373333066701889,0.033280160278081894,0.033280160278081894,0.033280160278081894,0.03350731357932091,0.033280160278081894,0.033280160278081894,0.033415526151657104,0.033280160278081894,0.03348328545689583,0.033280160278081894,0.033280160278081894,0.033280160278081894,0.033280160278081894
2023-07-15,0.033266957849264145,0.03338233008980751,0.03346184641122818,0.033266957849264145,0.033318761736154556,0.033266957849264145,0.033266957849264145,0.033266957849264145,0.033266957849264145,0.033266957849264145,0.03358690068125725,0.033266957849264145,0.03342549502849579,0.03331483528017998,0.03327116742730141,0.033266957849264145,0.033942531794309616,0.033266957849264145,0.033266957849264145,0.033266957849264145,0.03341740742325783,0.033266957849264145,0.033266957849264145,0.03347458317875862,0.033266957849264145,0.033331938087940216,0.033266957849264145,0.033266957849264145,0.033266957849264145,0.033266957849264145
2023-07-16,0.03326830267906189,0.03333355858922005,0.0333930104970932,0.03326830267906189,0.03336017578840256,0.03326830267906189,0.03326830267906189,0.03326830267906189,0.03326830267906189,0.03326830267906189,0.03350820764899254,0.03326830267906189,0.03342825546860695,0.03329053893685341,0.03327952325344086,0.03326830267906189,0.034011200070381165,0.03326830267906189,0.03326830267906189,0.03326830267906189,0.03342724218964577,0.03326830267906189,0.03326830267906189,0.033503737300634384,0.03326830267906189,0.03336676210165024,0.03326830267906189,0.03326830267906189,0.03326830267906189,0.03326830267906189
2023-07-17,0.03326821327209473,0.033331602811813354,0.033394377678632736,0.03326821327209473,0.03336271643638611,0.03326821327209473,0.03326821327209473,0.03326821327209473,0.03326821327209473,0.03326821327209473,0.03350907936692238,0.03326821327209473,0.033427368849515915,0.0332912877202034,0.03328009322285652,0.03326821327209473,0.034011851996183395,0.03326821327209473,0.03326821327209473,0.03326821327209473,0.03342850133776665,0.03326821327209473,0.03326821327209473,0.03350157290697098,0.03326821327209473,0.033365581184625626,0.03326821327209473,0.03326821327209473,0.03326821327209473,0.03326821327209473
2023-07-18,0.033268317580223083,0.033268317580223083,0.033533599227666855,0.033268317580223083,0.033537931740283966,0.033268317580223083,0.033268317580223083,0.033268317580223083,0.033268317580223083,0.033268317580223083,0.03354935348033905,0.033276502043008804,0.03337277099490166,0.03330879285931587,0.033268317580223083,0.033268317580223083,0.033903997391462326,0.033268317580223083,0.033268317580223083,0.033268317580223083,0.033512577414512634,0.033268317580223083,0.033268317580223083,0.033300094306468964,0.033268317580223083,0.033268317580223083,0.033268317580223083,0.03333797678351402,0.033268317580223083,0.033268317580223083
2023-07-19,0.03324928879737854,0.03337588533759117,0.03358573839068413,0.03324928879737854,0.03324928879737854,0.03324928879737854,0.03324928879737854,0.03324928879737854,0.03324928879737854,0.03324928879737854,0.03358457610011101,0.03352339193224907,0.03324928879737854,0.0334555059671402,0.03324928879737854,0.03324928879737854,0.0336826927959919,0.03330531716346741,0.03324928879737854,0.033283036202192307,0.03362631797790527,0.03324928879737854,0.03324928879737854,0.03338427096605301,0.03334762901067734,0.03335835412144661,0.03324928879737854,0.03324928879737854,0.03324928879737854,0.03324928879737854
2023-07-20,0.033237967640161514,0.03337591886520386,0.03358720242977142,0.033237967640161514,0.03337984159588814,0.033237967640161514,0.033237967640161514,0.033237967640161514,0.033237967640161514,0.033237967640161514,0.033428918570280075,0.03359502926468849,0.033378664404153824,0.03345904126763344,0.03340878337621689,0.033237967640161514,0.03378728777170181,0.033237967640161514,0.033237967640161514,0.033237967640161514,0.03370532765984535,0.033237967640161514,0.033237967640161514,0.03327973186969757,0.033294402062892914,0.03327440470457077,0.033237967640161514,0.033237967640161514,0.033237967640161514,0.033237967640161514
2023-07-21,0.033246174454689026,0.03360849618911743,0.033554282039403915,0.033246174454689026,0.033343058079481125,0.033246174454689026,0.033246174454689026,0.033246174454689026,0.033246174454689026,0.033246174454689026,0.03367544338107109,0.033448707312345505,0.033246174454689026,0.03331334888935089,0.03324901685118675,0.033246174454689026,0.03365620970726013,0.03324981778860092,0.033246174454689026,0.033246174454689026,0.0335114523768425,0.033246174454689026,0.033246174454689026,0.03339362516999245,0.03345649689435959,0.03335508331656456,0.033246174454689026,0.033246174454689026,0.033246174454689026,0.033246174454689026
2023-07-22,0.03324431926012039,0.033578064292669296,0.033444780856370926,0.03324431926012039,0.03325387090444565,0.03324431926012039,0.03324431926012039,0.03324431926012039,0.03324431926012039,0.03324431926012039,0.03359644114971161,0.03343521058559418,0.033459726721048355,0.03346169739961624,0.03326849639415741,0.03324431926012039,0.033454529941082,0.03342152759432793,0.03324431926012039,0.03324431926012039,0.033538904041051865,0.03324431926012039,0.03324431926012039,0.03340828791260719,0.033525049686431885,0.03324431926012039,0.03324431926012039,0.03324431926012039,0.03324431926012039,0.03324431926012039
2023-07-23,0.03324153646826744,0.03353331983089447,0.03358360379934311,0.03324153646826744,0.03324153646826744,0.03324153646826744,0.03324153646826744,0.03324153646826744,0.03324153646826744,0.03324153646826744,0.033593837171792984,0.03350222855806351,0.033408358693122864,0.03339674696326256,0.0332595556974411,0.03324153646826744,0.03354056924581528,0.03338943421840668,0.03324153646826744,0.03324153646826744,0.033598653972148895,0.03324153646826744,0.03324153646826744,0.033287663012742996,0.03355837240815163,0.03324153646826744,0.03324153646826744,0.03324153646826744,0.03324153646826744,0.03324153646826744
2023-07-24,0.033241525292396545,0.033532630652189255,0.03358529880642891,0.033241525292396545,0.033241525292396545,0.033241525292396545,0.033241525292396545,0.033241525292396545,0.033241525292396545,0.033241525292396545,0.03359394893050194,0.03350289538502693,0.03340768441557884,0.03339576721191406,0.03325938433408737,0.033241525292396545,0.03354174271225929,0.033389050513505936,0.033241525292396545,0.033241525292396545,0.033599384129047394,0.033241525292396545,0.033241525292396545,0.03328603506088257,0.0335586778819561,0.033241525292396545,0.033241525292396545,0.033241525292396545,0.033241525292396545,0.033241525292396545
2023-07-25,0.03324151784181595,0.03353264182806015,0.033585358411073685,0.03324151784181595,0.03324151784181595,0.03324151784181595,0.03324151784181595,0.03324151784181595,0.03324151784181595,0.03324151784181595,0.03359392657876015,0.03350294008851051,0.033407703042030334,0.033395759761333466,0.03325939178466797,0.03324151784181595,0.03354183956980705,0.03338906913995743,0.03324151784181595,0.03324151784181595,0.0335993692278862,0.03324151784181595,0.03324151784181595,0.033286016434431076,0.03355865925550461,0.03324151784181595,0.03324151784181595,0.03324151784181595,0.03324151784181595,0.03324151784181595
2023-07-26,0.0332205556333065,0.03354788199067116,0.03368216007947922,0.0332205556333065,0.0332205556333065,0.0332205556333065,0.0332205556333065,0.0332205556333065,0.0332205556333065,0.0332205556333065,0.03350890427827835,0.03355948626995087,0.033479660749435425,0.03339548036456108,0.03329309821128845,0.03338374197483063,0.03372969105839729,0.03344356268644333,0.0332205556333065,0.0332205556333065,0.033512331545352936,0.0332205556333065,0.0332205556333065,0.033245187252759933,0.03346937522292137,0.0332205556333065,0.0332205556333065,0.0332205556333065,0.0332205556333065,0.0332205556333065
2023-07-27,0.033265817910432816,0.03335444629192352,0.03342042863368988,0.033265817910432816,0.033265817910432816,0.033265817910432816,0.033265817910432816,0.033265817910432816,0.033265817910432816,0.03336244076490402,0.033382587134838104,0.0335642471909523,0.033614784479141235,0.033376507461071014,0.033265817910432816,0.03332497924566269,0.033658433705568314,0.033424295485019684,0.033265817910432816,0.033265817910432816,0.03343974053859711,0.033265817910432816,0.033265817910432816,0.033265817910432816,0.033265817910432816,0.033265817910432816,0.03329233452677727,0.033265817910432816,0.033265817910432816,0.033265817910432816
2023-07-28,0.03326762095093727,0.03326762095093727,0.03326762095093727,0.03326762095093727,0.03326762095093727,0.03326762095093727,0.03326762095093727,0.03326762095093727,0.03326762095093727,0.03326762095093727,0.03348236903548241,0.03328322991728783,0.033697742968797684,0.03350644186139107,0.03326762095093727,0.03326762095093727,0.03367707505822182,0.033537764102220535,0.03326762095093727,0.03326762095093727,0.03344118967652321,0.03326762095093727,0.03326762095093727,0.03334534540772438,0.03326762095093727,0.03326762095093727,0.03335774317383766,0.03326762095093727,0.033318713307380676,0.03326762095093727
2023-07-29,0.03325608745217323,0.03325608745217323,0.03338932618498802,0.03325608745217323,0.03325608745217323,0.03325608745217323,0.03325608745217323,0.03325608745217323,0.03325608745217323,0.03325608745217323,0.03347752243280411,0.03327448293566704,0.033559784293174744,0.033519163727760315,0.03325608745217323,0.03340764343738556,0.033645398914813995,0.03352654352784157,0.03325608745217323,0.03325608745217323,0.03345796465873718,0.03325608745217323,0.03325608745217323,0.03349057585000992,0.0333079993724823,0.03325608745217323,0.03325608745217323,0.03333400562405586,0.03325608745217323,0.03325608745217323
2023-07-30,0.033249568194150925,0.033249568194150925,0.03346794843673706,0.033249568194150925,0.033249568194150925,0.033249568194150925,0.033249568194150925,0.033249568194150925,0.033249568194150925,0.033249568194150925,0.033482395112514496,0.033249568194150925,0.03354261815547943,0.03347524628043175,0.03327537328004837,0.03345661982893944,0.0336240716278553,0.033545102924108505,0.033249568194150925,0.033249568194150925,0.03347752243280411,0.033249568194150925,0.033249568194150925,0.03346634656190872,0.033319152891635895,0.033249568194150925,0.03331288322806358,0.03331208974123001,0.033249568194150925,0.033249568194150925
2023-07-31,0.033249568194150925,0.033249568194150925,0.03346794843673706,0.033249568194150925,0.033249568194150925,0.033249568194150925,0.033249568194150925,0.033249568194150925,0.033249568194150925,0.033249568194150925,0.033482395112514496,0.033249568194150925,0.03354261815547943,0.03347524628043175,0.03327537328004837,0.03345661982893944,0.0336240716278553,0.033545102924108505,0.033249568194150925,0.033249568194150925,0.03347752243280411,0.033249568194150925,0.033249568194150925,0.03346634656190872,0.033319152891635895,0.033249568194150925,0.03331288322806358,0.03331208974123001,0.033249568194150925,0.033249568194150925
2023-08-01,0.03324691951274872,0.03324691951274872,0.033661648631095886,0.03324691951274872,0.03324691951274872,0.03324691951274872,0.03324691951274872,0.03324691951274872,0.03324691951274872,0.03324691951274872,0.03349817544221878,0.03324691951274872,0.03335975110530853,0.033323582261800766,0.03328260779380798,0.03345118835568428,0.033833689987659454,0.033568207174539566,0.03324691951274872,0.03333769738674164,0.03345159813761711,0.03324691951274872,0.03324691951274872,0.03324691951274872,0.03324691951274872,0.03343743458390236,0.033349957317113876,0.03324691951274872,0.03324691951274872,0.03324691951274872
2023-08-02,0.03325055539608002,0.03326816111803055,0.03365394100546837,0.03325055539608002,0.03325055539608002,0.03325055539608002,0.03325055539608002,0.03325055539608002,0.03325055539608002,0.03328220918774605,0.03352205082774162,0.033379338681697845,0.033425472676754,0.033370040357112885,0.03325055539608002,0.03339153528213501,0.03375864773988724,0.0335741750895977,0.03325055539608002,0.03335314616560936,0.03331200033426285,0.03325055539608002,0.03325055539608002,0.03325055539608002,0.03327319398522377,0.03336986526846886,0.03330786153674126,0.03325055539608002,0.03325055539608002,0.03325055539608002
2023-08-03,0.03326918184757233,0.033301692456007004,0.033531393855810165,0.03326918184757233,0.03326918184757233,0.03326918184757233,0.03326918184757233,0.03326918184757233,0.03326918184757233,0.03326918184757233,0.033575668931007385,0.03326918184757233,0.03340694680809975,0.03349801525473595,0.03326918184757233,0.03326918184757233,0.03346843272447586,0.03360021859407425,0.03326918184757233,0.03326918184757233,0.03333710879087448,0.03326918184757233,0.03326918184757233,0.033299658447504044,0.03343525156378746,0.03330244868993759,0.03337014466524124,0.03326918184757233,0.03329693153500557,0.03326918184757233
2023-08-04,0.03326845169067383,0.03328091278672218,0.033535659313201904,0.03326845169067383,0.03326845169067383,0.03326845169067383,0.03326845169067383,0.03326845169067383,0.03326845169067383,0.03326845169067383,0.03361364081501961,0.03326845169067383,0.033396005630493164,0.033567894250154495,0.03326845169067383,0.03326845169067383,0.03342854231595993,0.033571939915418625,0.03326845169067383,0.033311352133750916,0.03331994637846947,0.03326845169067383,0.03326845169067383,0.03326845169067383,0.033433813601732254,0.03329876810312271,0.03337797522544861,0.03326845169067383,0.033299770206213,0.03326845169067383
2023-08-05,0.033242303878068924,0.033242303878068924,0.0335494689643383,0.033242303878068924,0.033242303878068924,0.033242303878068924,0.033242303878068924,0.033242303878068924,0.033242303878068924,0.033242303878068924,0.0335957333445549,0.033242303878068924,0.0332711823284626,0.033441927284002304,0.03328225389122963,0.03326602652668953,0.03370372951030731,0.03339876979589462,0.033242303878068924,0.03345142677426338,0.03369763866066933,0.033242303878068924,0.033242303878068924,0.033242303878068924,0.033242303878068924,0.03352764993906021,0.033416666090488434,0.033242303878068924,0.03327837213873863,0.033242303878068924
2023-08-06,0.03324233740568161,0.03324233740568161,0.03354976326227188,0.03324233740568161,0.03324233740568161,0.03324233740568161,0.03324233740568161,0.03324233740568161,0.03324233740568161,0.03324233740568161,0.033596429973840714,0.03324233740568161,0.033271193504333496,0.03344162926077843,0.033282604068517685,0.03326565772294998,0.03370402008295059,0.03339816629886627,0.03324233740568161,0.033450640738010406,0.033698003739118576,0.03324233740568161,0.03324233740568161,0.03324233740568161,0.03324233740568161,0.03352745994925499,0.03341597691178322,0.03324233740568161,0.03327864408493042,0.03324233740568161
2023-08-07,0.03324294462800026,0.03324294462800026,0.03356093540787697,0.03324294462800026,0.03324294462800026,0.03324294462800026,0.03324294462800026,0.03324294462800026,0.03324294462800026,0.03324294462800026,0.033611178398132324,0.03324294462800026,0.03327501192688942,0.03343302011489868,0.03329771012067795,0.033256109803915024,0.03371031582355499,0.033384595066308975,0.03324294462800026,0.03342224657535553,0.03371470049023628,0.03324294462800026,0.03324294462800026,0.03324294462800026,0.03324294462800026,0.03352445736527443,0.033392827957868576,0.03324294462800026,0.03328682854771614,0.03324294462800026
2023-08-08,0.03325211629271507,0.03325211629271507,0.03353385254740715,0.03325211629271507,0.03325211629271507,0.03325211629271507,0.03325211629271507,0.03325211629271507,0.03325211629271507,0.03325211629271507,0.0334584042429924,0.03325211629271507,0.03325211629271507,0.033445727080106735,0.03333716467022896,0.033269427716732025,0.03363790363073349,0.033417560160160065,0.03325211629271507,0.03338908404111862,0.033556703478097916,0.03325211629271507,0.03325211629271507,0.03325211629271507,0.03325211629271507,0.033541399985551834,0.03342055901885033,0.03325211629271507,0.03345414251089096,0.03325211629271507
2023-08-09,0.033222950994968414,0.033222950994968414,0.03341728448867798,0.033222950994968414,0.03360934928059578,0.033222950994968414,0.033222950994968414,0.033222950994968414,0.033222950994968414,0.033222950994968414,0.033710163086652756,0.033222950994968414,0.033255431801080704,0.03350308910012245,0.03334277123212814,0.033240776509046555,0.0333348847925663,0.033356923609972,0.033222950994968414,0.03353503718972206,0.03329095616936684,0.03322828188538551,0.033222950994968414,0.033243726938962936,0.033222950994968414,0.033623579889535904,0.03370092064142227,0.033222950994968414,0.03348546475172043,0.033222950994968414
2023-08-10,0.0332363061606884,0.0332363061606884,0.03350372985005379,0.0332363061606884,0.03334125876426697,0.0332363061606884,0.0332363061606884,0.0332363061606884,0.0332363061606884,0.0332363061606884,0.03359133005142212,0.0332363061606884,0.03332147002220154,0.033488914370536804,0.03326300159096718,0.0332363061606884,0.03342340886592865,0.03353577479720116,0.0332363061606884,0.03347894921898842,0.03349662572145462,0.0332363061606884,0.0332363061606884,0.0332363061606884,0.0332363061606884,0.03355882316827774,0.033628977835178375,0.0332363061606884,0.03335045650601387,0.0332363061606884
2023-08-11,0.03322203829884529,0.03324335813522339,0.033598389476537704,0.03322203829884529,0.03353063762187958,0.03322203829884529,0.03322203829884529,0.03322203829884529,0.03322203829884529,0.03322203829884529,0.03362446278333664,0.03322203829884529,0.03341546282172203,0.03336070850491524,0.033446431159973145,0.03322203829884529,0.03336401656270027,0.03337705507874489,0.03322203829884529,0.03335009515285492,0.033362820744514465,0.0334668904542923,0.03322203829884529,0.03322203829884529,0.03322203829884529,0.0335657112300396,0.03352899104356766,0.03322203829884529,0.03343444690108299,0.03322203829884529
2023-08-12,0.03321140259504318,0.03321140259504318,0.03357459232211113,0.03321140259504318,0.03351308032870293,0.03321140259504318,0.03321140259504318,0.03321140259504318,0.03321140259504318,0.03321140259504318,0.03367822989821434,0.03321140259504318,0.033417075872421265,0.033389702439308167,0.033464595675468445,0.03321140259504318,0.03336714208126068,0.03338228166103363,0.03321140259504318,0.03331645950675011,0.03344328701496124,0.03338945657014847,0.03321140259504318,0.03321140259504318,0.03321140259504318,0.03361278027296066,0.033543188124895096,0.03321140259504318,0.03352567180991173,0.03321140259504318
2023-08-13,0.03322172164916992,0.033241063356399536,0.03359772264957428,0.03322172164916992,0.03353029862046242,0.03322172164916992,0.03322172164916992,0.03322172164916992,0.03322172164916992,0.03322172164916992,0.033625151962041855,0.03322172164916992,0.03341562673449516,0.033361442387104034,0.03344768285751343,0.03322172164916992,0.033364858478307724,0.03337738290429115,0.03322172164916992,0.03334889933466911,0.03336547687649727,0.0334649458527565,0.03322172164916992,0.03322172164916992,0.03322172164916992,0.03356665372848511,0.03352958709001541,0.03322172164916992,0.033437326550483704,0.03322172164916992
2023-08-14,0.033222462981939316,0.03324766829609871,0.033603958785533905,0.033222462981939316,0.03353070467710495,0.033222462981939316,0.033222462981939316,0.033222462981939316,0.033222462981939316,0.033222462981939316,0.03360621631145477,0.033222462981939316,0.03341436758637428,0.0333460196852684,0.033461861312389374,0.033222462981939316,0.033389296382665634,0.033402059227228165,0.033222462981939316,0.03330669924616814,0.03337065875530243,0.03347606584429741,0.033222462981939316,0.033222462981939316,0.033222462981939316,0.033554308116436005,0.03352585434913635,0.033222462981939316,0.033427268266677856,0.033222462981939316
2023-08-15,0.033228930085897446,0.03346657752990723,0.03351152688264847,0.033228930085897446,0.033618733286857605,0.033228930085897446,0.033228930085897446,0.033228930085897446,0.033228930085897446,0.033228930085897446,0.0334288589656353,0.033228930085897446,0.03342891484498978,0.03340461477637291,0.033322691917419434,0.033228930085897446,0.033533718436956406,0.033568788319826126,0.033228930085897446,0.033228930085897446,0.03341325744986534,0.033228930085897446,0.033228930085897446,0.033228930085897446,0.033228930085897446,0.03330229967832565,0.033643364906311035,0.033228930085897446,0.03346482291817665,0.033228930085897446
2023-08-16,0.03320419788360596,0.03344177454710007,0.03361508995294571,0.03320419788360596,0.03370301425457001,0.03320419788360596,0.03320419788360596,0.03320419788360596,0.03320419788360596,0.03320419788360596,0.03342509642243385,0.033239688724279404,0.03344883769750595,0.03334201127290726,0.03332201763987541,0.03320419788360596,0.03355911001563072,0.0336749367415905,0.03320419788360596,0.03320419788360596,0.03343089669942856,0.03320419788360596,0.03320419788360596,0.03320419788360596,0.03320419788360596,0.03335677832365036,0.03353828936815262,0.03320419788360596,0.03363535925745964,0.03320419788360596
2023-08-17,0.033207137137651443,0.033469345420598984,0.033621009439229965,0.033207137137651443,0.03352219983935356,0.033207137137651443,0.033207137137651443,0.033207137137651443,0.033207137137651443,0.033207137137651443,0.03359266370534897,0.033207137137651443,0.03333026543259621,0.03336105868220329,0.033506982028484344,0.03329196944832802,0.03353331983089447,0.033563826233148575,0.033207137137651443,0.033207137137651443,0.03324495255947113,0.033207137137651443,0.033207137137651443,0.033313654363155365,0.033207137137651443,0.033474091440439224,0.033358100801706314,0.03327764570713043,0.03363901749253273,0.033207137137651443
2023-08-18,0.0332317017018795,0.03333964943885803,0.03340645134449005,0.0332317017018795,0.03351346775889397,0.0332317017018795,0.0332317017018795,0.0332317017018795,0.0332317017018795,0.0332317017018795,0.03341414034366608,0.0332317017018795,0.03327060863375664,0.03341212123632431,0.0335686057806015,0.03328613564372063,0.03344421833753586,0.033369239419698715,0.0332317017018795,0.03345445543527603,0.033333614468574524,0.03327741101384163,0.0332317017018795,0.0332317017018795,0.0332317017018795,0.033484768122434616,0.03327300399541855,0.0332317017018795,0.03390820324420929,0.0332317017018795
2023-08-19,0.03323515132069588,0.033278513699769974,0.03341719135642052,0.03323515132069588,0.033519282937049866,0.03323515132069588,0.03323515132069588,0.03323515132069588,0.03323515132069588,0.03323515132069588,0.03343159705400467,0.03323877975344658,0.03328946232795715,0.033399708569049835,0.033538322895765305,0.03329776972532272,0.03343459963798523,0.033343907445669174,0.03323515132069588,0.03349992260336876,0.03336506336927414,0.03324999660253525,0.03323515132069588,0.03323515132069588,0.03323515132069588,0.033493053168058395,0.03325597941875458,0.03323515132069588,0.03388987109065056,0.03323515132069588
2023-08-20,0.03323139622807503,0.03324787691235542,0.03345057740807533,0.03323139622807503,0.03349427878856659,0.03323139622807503,0.03323139622807503,0.03323139622807503,0.03323139622807503,0.03323139622807503,0.03351903706789017,0.03329567238688469,0.03334522992372513,0.033378832042217255,0.03348034620285034,0.03333389014005661,0.03342389687895775,0.033305950462818146,0.03323139622807503,0.033529989421367645,0.03340502083301544,0.03323930874466896,0.03323139622807503,0.03325614333152771,0.03323139622807503,0.03344479203224182,0.03325934335589409,0.03323139622807503,0.03381306678056717,0.03323139622807503
2023-08-21,0.03323139622807503,0.033247873187065125,0.03345057740807533,0.03323139622807503,0.03349427878856659,0.03323139622807503,0.03323139622807503,0.03323139622807503,0.03323139622807503,0.03323139622807503,0.03351903706789017,0.03329567238688469,0.03334522992372513,0.033378832042217255,0.03348034620285034,0.03333389014005661,0.03342389687895775,0.033305950462818146,0.03323139622807503,0.033529989421367645,0.03340502455830574,0.03323930874466896,0.03323139622807503,0.03325614333152771,0.03323139622807503,0.03344479203224182,0.03325934335589409,0.03323139622807503,0.03381306678056717,0.03323139622807503
2023-08-22,0.03324343264102936,0.03324343264102936,0.03333505615592003,0.03324343264102936,0.03347821161150932,0.03324343264102936,0.03324343264102936,0.03324343264102936,0.03324343264102936,0.03324343264102936,0.03334087133407593,0.03324343264102936,0.03324343264102936,0.03332815319299698,0.03347382694482803,0.03324689716100693,0.03339948132634163,0.03345155715942383,0.03324343264102936,0.033458247780799866,0.033537231385707855,0.033334020525217056,0.03324343264102936,0.03324343264102936,0.03324343264102936,0.03357960656285286,0.03324343264102936,0.03324343264102936,0.03389846533536911,0.03324343264102936
2023-08-23,0.03324360027909279,0.03324360027909279,0.03333723545074463,0.03324360027909279,0.033450257033109665,0.03324360027909279,0.03324360027909279,0.03324360027909279,0.03324360027909279,0.03324360027909279,0.033310577273368835,0.03324360027909279,0.03324360027909279,0.033342551440000534,0.03350651636719704,0.03324360027909279,0.0334162563085556,0.033491939306259155,0.03324360027909279,0.03340771421790123,0.033539578318595886,0.033336617052555084,0.03324360027909279,0.03324360027909279,0.03324360027909279,0.03357214480638504,0.03324360027909279,0.03324360027909279,0.03390377387404442,0.03324360027909279
2023-08-24,0.03324360027909279,0.03324360027909279,0.03333723172545433,0.03324360027909279,0.033450257033109665,0.03324360027909279,0.03324360027909279,0.03324360027909279,0.03324360027909279,0.03324360027909279,0.033310580998659134,0.03324360027909279,0.03324360027909279,0.03334254398941994,0.03350651264190674,0.03324360027909279,0.03341624513268471,0.03349192813038826,0.03324360027909279,0.03340771794319153,0.03353958949446678,0.033336617052555084,0.03324360027909279,0.03324360027909279,0.03324360027909279,0.03357215225696564,0.03324360027909279,0.03324360027909279,0.03390377387404442,0.03324360027909279
2023-08-25,0.03326374664902687,0.03326374664902687,0.03326374664902687,0.03326374664902687,0.033419229090213776,0.03326374664902687,0.03326374664902687,0.03326374664902687,0.03326374664902687,0.03326374664902687,0.033266860991716385,0.03326374664902687,0.03326374664902687,0.03341086581349373,0.03357940539717674,0.03326374664902687,0.033417172729969025,0.03332717344164848,0.03326374664902687,0.03330940380692482,0.03355267271399498,0.03326374664902687,0.03326374664902687,0.033321563154459,0.03326374664902687,0.03350088745355606,0.03326374664902687,0.03326374664902687,0.03388356789946556,0.03326374664902687
2023-08-26,0.033265434205532074,0.03334003686904907,0.033265434205532074,0.033265434205532074,0.03336980938911438,0.033265434205532074,0.033265434205532074,0.033265434205532074,0.033265434205532074,0.033265434205532074,0.033279113471508026,0.03331141918897629,0.03330433741211891,0.03342244774103165,0.03361080586910248,0.033265434205532074,0.033369436860084534,0.03329985588788986,0.033265434205532074,0.03330513834953308,0.033537693321704865,0.033265434205532074,0.033265434205532074,0.033265434205532074,0.033265434205532074,0.0334693044424057,0.033265434205532074,0.033265434205532074,0.03386823832988739,0.033265434205532074
2023-08-27,0.033265434205532074,0.03334003686904907,0.033265434205532074,0.033265434205532074,0.03336981683969498,0.033265434205532074,0.033265434205532074,0.033265434205532074,0.033265434205532074,0.033265434205532074,0.033279117196798325,0.03331141918897629,0.03330433368682861,0.03342244401574135,0.03361079841852188,0.033265434205532074,0.03336942940950394,0.03329984098672867,0.033265434205532074,0.03330516070127487,0.03353768587112427,0.033265434205532074,0.033265434205532074,0.033265434205532074,0.033265434205532074,0.0334693118929863,0.033265434205532074,0.033265434205532074,0.03386824578046799,0.033265434205532074
2023-08-28,0.03325750678777695,0.03349614143371582,0.033299461007118225,0.03325750678777695,0.03336147591471672,0.03325750678777695,0.03325750678777695,0.03325750678777695,0.03325750678777695,0.03325750678777695,0.03341037034988403,0.03327540308237076,0.033390920609235764,0.033453941345214844,0.03359108418226242,0.03325750678777695,0.03337837755680084,0.0332757905125618,0.03325750678777695,0.03325750678777695,0.03350622579455376,0.03325750678777695,0.03325750678777695,0.03325750678777695,0.03325750678777695,0.03336856886744499,0.0332985557615757,0.03325750678777695,0.03377356752753258,0.03325750678777695
2023-08-29,0.03326074406504631,0.03346465155482292,0.03332093358039856,0.03326074406504631,0.033397164195775986,0.03326074406504631,0.03326074406504631,0.03326074406504631,0.03326074406504631,0.03326074406504631,0.033348117023706436,0.03331125155091286,0.033536091446876526,0.03344336152076721,0.033417802304029465,0.03326074406504631,0.03336992859840393,0.03335416689515114,0.03326074406504631,0.03326074406504631,0.03353887051343918,0.03326074406504631,0.03326074406504631,0.03326074406504631,0.03326074406504631,0.03326074406504631,0.03341296687722206,0.03326074406504631,0.03365207836031914,0.03326074406504631
2023-08-30,0.033278655260801315,0.03330152481794357,0.03330801799893379,0.033278655260801315,0.03350936621427536,0.033278655260801315,0.033278655260801315,0.033278655260801315,0.033278655260801315,0.033278655260801315,0.033278655260801315,0.03338463231921196,0.033278655260801315,0.03338361158967018,0.03332739323377609,0.033278655260801315,0.033589862287044525,0.03333648666739464,0.033311184495687485,0.033278655260801315,0.033473022282123566,0.033278655260801315,0.033278655260801315,0.033278655260801315,0.033278655260801315,0.033278655260801315,0.033278655260801315,0.033278655260801315,0.03378046303987503,0.033278655260801315
2023-08-31,0.03327318653464317,0.03347950428724289,0.033445727080106735,0.03327318653464317,0.03342844173312187,0.03327318653464317,0.03327318653464317,0.03327318653464317,0.03327318653464317,0.03327318653464317,0.03330336511135101,0.03337559476494789,0.03339049220085144,0.033467479050159454,0.033345554023981094,0.03327318653464317,0.03355274349451065,0.03327318653464317,0.0332874171435833,0.03327318653464317,0.033438727259635925,0.03327318653464317,0.033287618309259415,0.03327318653464317,0.03327318653464317,0.03327318653464317,0.03334936499595642,0.03327318653464317,0.03347710520029068,0.03327318653464317
2023-09-01,0.03327710181474686,0.03346535190939903,0.033327698707580566,0.03327710181474686,0.03344401344656944,0.03327710181474686,0.03327710181474686,0.03327710181474686,0.03327710181474686,0.03327710181474686,0.03338921070098877,0.0334305576980114,0.03329906985163689,0.03355373069643974,0.03327710181474686,0.03327710181474686,0.033458106219768524,0.03327710181474686,0.03327710181474686,0.03327710181474686,0.03337930515408516,0.03327710181474686,0.03327710181474686,0.03327710181474686,0.03327710181474686,0.033283744007349014,0.03327710181474686,0.03327710181474686,0.033704210072755814,0.03327710181474686
2023-09-02,0.033277109265327454,0.03346541151404381,0.033327747136354446,0.033277109265327454,0.03344395384192467,0.033277109265327454,0.033277109265327454,0.033277109265327454,0.033277109265327454,0.033277109265327454,0.0333891399204731,0.03343057259917259,0.033299095928668976,0.033553652465343475,0.033277109265327454,0.033277109265327454,0.03345809504389763,0.033277109265327454,0.033277109265327454,0.033277109265327454,0.033379390835762024,0.033277109265327454,0.033277109265327454,0.033277109265327454,0.033277109265327454,0.03328367695212364,0.033277109265327454,0.033277109265327454,0.033704206347465515,0.033277109265327454
2023-09-03,0.03327717259526253,0.03346629440784454,0.03332841023802757,0.03327717259526253,0.033443011343479156,0.03327717259526253,0.03327717259526253,0.03327717259526253,0.03327717259526253,0.03327717259526253,0.03338794782757759,0.03343074396252632,0.03329946845769882,0.033552516251802444,0.03327717259526253,0.03327717259526253,0.03345787152647972,0.03327717259526253,0.03327717259526253,0.03327717259526253,0.033380668610334396,0.03327717259526253,0.03327717259526253,0.03327717259526253,0.03327717259526253,0.03328264504671097,0.03327717259526253,0.03327717259526253,0.03370412066578865,0.03327717259526253
2023-09-04,0.03327770158648491,0.03347645327448845,0.03333601355552673,0.03327770158648491,0.033432431519031525,0.03327770158648491,0.03327770158648491,0.03327770158648491,0.03327770158648491,0.03327770158648491,0.03337414935231209,0.03343237563967705,0.03330303356051445,0.03353949636220932,0.03327770158648491,0.03327770158648491,0.033454954624176025,0.03327770158648491,0.03327770158648491,0.03327770158648491,0.033394861966371536,0.03327770158648491,0.03327770158648491,0.03327770158648491,0.03327770158648491,0.03327770158648491,0.03327770158648491,0.03327770158648491,0.033702172338962555,0.03327770158648491
2023-09-05,0.033276598900556564,0.03350922465324402,0.033355582505464554,0.033276598900556564,0.03340347856283188,0.033276598900556564,0.033276598900556564,0.033276598900556564,0.033276598900556564,0.033276598900556564,0.03333289921283722,0.03343585506081581,0.033305633813142776,0.033499784767627716,0.033276598900556564,0.033276598900556564,0.03344344347715378,0.033276598900556564,0.033276598900556564,0.033276598900556564,0.03343471884727478,0.033276598900556564,0.033319566398859024,0.033276598900556564,0.033276598900556564,0.033276598900556564,0.03330220654606819,0.033276598900556564,0.03367878496646881,0.033276598900556564
2023-09-06,0.03327173739671707,0.03338589891791344,0.03332848846912384,0.03327173739671707,0.03351685404777527,0.03327173739671707,0.03327173739671707,0.03327173739671707,0.03327173739671707,0.03327173739671707,0.03338750824332237,0.033350564539432526,0.03343559056520462,0.033528346568346024,0.03334304317831993,0.03327173739671707,0.033605288714170456,0.03327173739671707,0.03327173739671707,0.03327173739671707,0.033301156014204025,0.03327173739671707,0.03327173739671707,0.03327173739671707,0.03327173739671707,0.03327173739671707,0.03332339599728584,0.03327173739671707,0.033602647483348846,0.03327173739671707
2023-09-07,0.033247947692871094,0.03327232226729393,0.03345491737127304,0.033247947692871094,0.03353826701641083,0.033247947692871094,0.033247947692871094,0.033247947692871094,0.033247947692871094,0.033247947692871094,0.03347758203744888,0.03338586911559105,0.03355489298701286,0.03342626616358757,0.03342784196138382,0.033247947692871094,0.03380798175930977,0.033247947692871094,0.033247947692871094,0.033247947692871094,0.03336118161678314,0.033247947692871094,0.033247947692871094,0.033247947692871094,0.033247947692871094,0.033247947692871094,0.033377520740032196,0.033247947692871094,0.03345233574509621,0.033247947692871094
2023-09-08,0.033254802227020264,0.033342648297548294,0.03341410681605339,0.033254802227020264,0.03347117826342583,0.033254802227020264,0.033254802227020264,0.033254802227020264,0.033254802227020264,0.033254802227020264,0.03358403220772743,0.03335820138454437,0.03335729241371155,0.03365412726998329,0.0333826057612896,0.033254802227020264,0.03366253525018692,0.033254802227020264,0.033254802227020264,0.033254802227020264,0.03333820775151253,0.033254802227020264,0.033254802227020264,0.033254802227020264,0.03328070044517517,0.033254802227020264,0.033427346497774124,0.033254802227020264,0.033395420759916306,0.033254802227020264
2023-09-09,0.03326110914349556,0.03326110914349556,0.033419352024793625,0.03326110914349556,0.03349408879876137,0.03326110914349556,0.03326110914349556,0.03326110914349556,0.03326110914349556,0.03326110914349556,0.03345230966806412,0.03326110914349556,0.03330915793776512,0.03365897387266159,0.03344115614891052,0.03326110914349556,0.033787354826927185,0.03326796740293503,0.03326110914349556,0.03326110914349556,0.03331396356225014,0.03326110914349556,0.03326110914349556,0.03326110914349556,0.03326110914349556,0.03326110914349556,0.03338607773184776,0.03326110914349556,0.03350844979286194,0.03326110914349556
2023-09-10,0.03325704112648964,0.03325704112648964,0.03341164067387581,0.03325704112648964,0.03345833346247673,0.03325704112648964,0.03325704112648964,0.03325704112648964,0.03325704112648964,0.03325704112648964,0.033539775758981705,0.03325704112648964,0.03333616256713867,0.03362403064966202,0.03342955559492111,0.03325704112648964,0.03381192684173584,0.03325704112648964,0.03325704112648964,0.03325704112648964,0.03342735022306442,0.03325704112648964,0.03325704112648964,0.03330007940530777,0.03325704112648964,0.03325704112648964,0.03341861814260483,0.03325704112648964,0.03335881605744362,0.03325704112648964
2023-09-11,0.03325681760907173,0.03325681760907173,0.033410314470529556,0.03325681760907173,0.03345687687397003,0.03325681760907173,0.03325681760907173,0.03325681760907173,0.03325681760907173,0.03325681760907173,0.03354421630501747,0.03325681760907173,0.03333787992596626,0.03362244740128517,0.033428750932216644,0.03325681760907173,0.03381246328353882,0.03325681760907173,0.03325681760907173,0.03325681760907173,0.03343382477760315,0.03325681760907173,0.03325681760907173,0.033303018659353256,0.03325681760907173,0.03325681760907173,0.03341894969344139,0.03325681760907173,0.03335171937942505,0.03325681760907173
2023-09-12,0.03325353190302849,0.03325353190302849,0.03348410129547119,0.03325353190302849,0.03344513848423958,0.03325353190302849,0.03325353190302849,0.03325353190302849,0.03325353190302849,0.03325353190302849,0.03338945657014847,0.03325353190302849,0.03331074118614197,0.03364024683833122,0.033475104719400406,0.03325353190302849,0.033770084381103516,0.03332129120826721,0.03325353190302849,0.03325353190302849,0.033366430550813675,0.03325353190302849,0.03325353190302849,0.03333262726664543,0.03325353190302849,0.03325353190302849,0.033427827060222626,0.03325353190302849,0.03345242515206337,0.03327445685863495
2023-09-13,0.0332297645509243,0.03338547423481941,0.03360765799880028,0.0332297645509243,0.033534448593854904,0.0332297645509243,0.0332297645509243,0.0332297645509243,0.0332297645509243,0.0332297645509243,0.033490877598524094,0.03334175795316696,0.033309854567050934,0.03359197825193405,0.03356599807739258,0.0332297645509243,0.03384985402226448,0.0332297645509243,0.0332297645509243,0.033308062702417374,0.0332297645509243,0.0332297645509243,0.0332297645509243,0.0332297645509243,0.03331434354186058,0.03324846550822258,0.033245865255594254,0.0332297645509243,0.0335291288793087,0.0332297645509243
2023-09-14,0.0332346186041832,0.03330710530281067,0.03359734266996384,0.0332346186041832,0.033440425992012024,0.0332346186041832,0.0332346186041832,0.0332346186041832,0.0332346186041832,0.0332346186041832,0.03357170894742012,0.03354505077004433,0.033261749893426895,0.03346605598926544,0.033400025218725204,0.0332346186041832,0.033998165279626846,0.0332346186041832,0.0332346186041832,0.03340277820825577,0.03336936607956886,0.0332346186041832,0.0332346186041832,0.03324665501713753,0.0332346186041832,0.0332346186041832,0.033252865076065063,0.0332346186041832,0.03338680416345596,0.0332346186041832
2023-09-15,0.033199504017829895,0.03331933915615082,0.033721789717674255,0.033199504017829895,0.03345565125346184,0.033199504017829895,0.033199504017829895,0.033217109739780426,0.033199504017829895,0.033199504017829895,0.0335376150906086,0.0333009772002697,0.033199504017829895,0.03341609612107277,0.03350547328591347,0.033357977867126465,0.03393503278493881,0.033199504017829895,0.033199504017829895,0.03324888274073601,0.033704038709402084,0.033199504017829895,0.033199504017829895,0.03353157266974449,0.033199504017829895,0.033360373228788376,0.03330773860216141,0.033287350088357925,0.033199504017829895,0.033199504017829895
2023-09-16,0.03320292755961418,0.033413439989089966,0.03383633494377136,0.03320292755961418,0.03336262330412865,0.03320292755961418,0.03320292755961418,0.03320292755961418,0.03320292755961418,0.03320292755961418,0.033529315143823624,0.03351043164730072,0.03329570218920708,0.03347792103886604,0.03353799507021904,0.03320292755961418,0.03390676528215408,0.03320292755961418,0.03320292755961418,0.03327442333102226,0.03351781889796257,0.03320292755961418,0.03320292755961418,0.03343319147825241,0.03320292755961418,0.03323054313659668,0.03331167250871658,0.03320292755961418,0.03331787511706352,0.03320292755961418
2023-09-17,0.03320411220192909,0.03342261165380478,0.03383621573448181,0.03320411220192909,0.03335811197757721,0.03320411220192909,0.03320411220192909,0.03320411220192909,0.03320411220192909,0.03320411220192909,0.03351781889796257,0.03350619599223137,0.03329286351799965,0.03347253054380417,0.033544331789016724,0.03320411220192909,0.0339098758995533,0.03320411220192909,0.03320411220192909,0.03326070308685303,0.03351563960313797,0.03320411220192909,0.03320411220192909,0.03344085440039635,0.03320411220192909,0.0332285538315773,0.03331786394119263,0.03320411220192909,0.03331419453024864,0.03320411220192909
2023-09-18,0.03320411220192909,0.03342261537909508,0.03383621573448181,0.03320411220192909,0.03335811197757721,0.03320411220192909,0.03320411220192909,0.03320411220192909,0.03320411220192909,0.03320411220192909,0.033517807722091675,0.03350618854165077,0.03329285606741905,0.03347253054380417,0.03354433923959732,0.03320411220192909,0.0339098758995533,0.03320411220192909,0.03320411220192909,0.03326069191098213,0.03351563960313797,0.03320411220192909,0.03320411220192909,0.033440858125686646,0.03320411220192909,0.0332285538315773,0.033317867666482925,0.03320411220192909,0.033314190804958344,0.03320411220192909
2023-09-19,0.033213060349226,0.03334743529558182,0.03374810144305229,0.033213060349226,0.03333520144224167,0.033213060349226,0.033213060349226,0.033213060349226,0.033213060349226,0.033213060349226,0.03354966267943382,0.033398713916540146,0.03329309821128845,0.03353608399629593,0.0335657075047493,0.03332642838358879,0.03382141888141632,0.033213060349226,0.033213060349226,0.03341738134622574,0.03342915326356888,0.033213060349226,0.033213060349226,0.03346968814730644,0.03321721777319908,0.03321637585759163,0.033213060349226,0.033213060349226,0.03334544971585274,0.033213060349226
2023-09-20,0.033217597752809525,0.033217597752809525,0.03372156620025635,0.033217597752809525,0.0333663746714592,0.033217597752809525,0.033217597752809525,0.033217597752809525,0.033217597752809525,0.033217597752809525,0.03350021690130234,0.033390313386917114,0.033288680016994476,0.0335039421916008,0.03355637565255165,0.03331795707345009,0.03378468379378319,0.033217597752809525,0.033217597752809525,0.03349382057785988,0.03338989242911339,0.033217597752809525,0.033217597752809525,0.033449411392211914,0.03328892961144447,0.03326756879687309,0.033217597752809525,0.033217597752809525,0.03341631218791008,0.033217597752809525
2023-09-21,0.03322378173470497,0.03332969918847084,0.03383751958608627,0.03322378173470497,0.0335247702896595,0.03322378173470497,0.03322378173470497,0.03322378173470497,0.03322378173470497,0.03322378173470497,0.03356356546282768,0.03322378173470497,0.03322378173470497,0.03347738832235336,0.03341572731733322,0.03328821063041687,0.0336836613714695,0.03322378173470497,0.03322378173470497,0.03331383317708969,0.03337898850440979,0.03322378173470497,0.03322378173470497,0.033555082976818085,0.03327217698097229,0.03339703381061554,0.033324841409921646,0.03322463482618332,0.03327988088130951,0.03322378173470497
2023-09-22,0.033214472234249115,0.033214472234249115,0.03346101939678192,0.033214472234249115,0.03356916457414627,0.033214472234249115,0.033214472234249115,0.033214472234249115,0.033214472234249115,0.033214472234249115,0.03348034620285034,0.033214472234249115,0.033214472234249115,0.0334685780107975,0.03337857127189636,0.03340217098593712,0.03342154249548912,0.033416442573070526,0.033214472234249115,0.03377224877476692,0.033432431519031525,0.033214472234249115,0.033214472234249115,0.03342145308852196,0.03349677100777626,0.03333409130573273,0.033281292766332626,0.03325584530830383,0.0333871990442276,0.03323274105787277
2023-09-23,0.03322216123342514,0.03322216123342514,0.03344510868191719,0.03322216123342514,0.03348470851778984,0.03322216123342514,0.03322216123342514,0.03322216123342514,0.03322216123342514,0.03322216123342514,0.033588096499443054,0.03322216123342514,0.033225398510694504,0.03346461430191994,0.033224623650312424,0.033485885709524155,0.03348403424024582,0.03328247368335724,0.03322216123342514,0.033855222165584564,0.033446621149778366,0.03322216123342514,0.03322216123342514,0.033567074686288834,0.03340534865856171,0.03335760533809662,0.03327338024973869,0.03322216123342514,0.03329131007194519,0.03323042392730713
2023-09-24,0.0332222618162632,0.0332222618162632,0.03344454616308212,0.0332222618162632,0.03348461911082268,0.0332222618162632,0.0332222618162632,0.0332222618162632,0.0332222618162632,0.0332222618162632,0.033587850630283356,0.0332222618162632,0.03322543203830719,0.03346513584256172,0.03322497755289078,0.033485379070043564,0.03348402678966522,0.033281899988651276,0.0332222618162632,0.03385477140545845,0.03344687446951866,0.0332222618162632,0.0332222618162632,0.03356743976473808,0.033405620604753494,0.03335731849074364,0.03327319025993347,0.0332222618162632,0.033290795981884,0.03323070704936981
2023-09-25,0.03322230651974678,0.03322230651974678,0.03344428911805153,0.03322230651974678,0.0334845632314682,0.03322230651974678,0.03322230651974678,0.03322230651974678,0.03322230651974678,0.03322230651974678,0.0335877388715744,0.03322230651974678,0.033225446939468384,0.03346538171172142,0.0332251600921154,0.033485155552625656,0.03348403424024582,0.03328163921833038,0.03322230651974678,0.03385455533862114,0.03344699367880821,0.03322230651974678,0.03322230651974678,0.03356761485338211,0.03340573608875275,0.033357180655002594,0.03327309340238571,0.03322230651974678,0.0332905575633049,0.03323083743453026
2023-09-26,0.03320027142763138,0.03320027142763138,0.03366642817854881,0.03320027142763138,0.03350768983364105,0.03320027142763138,0.03320027142763138,0.03320027142763138,0.03320027142763138,0.03320027142763138,0.03345830738544464,0.03320027142763138,0.03326548635959625,0.033347178250551224,0.03324069082736969,0.033441390842199326,0.03364125266671181,0.03349317982792854,0.03320027142763138,0.03377003222703934,0.03338449075818062,0.03320027142763138,0.03320027142763138,0.03353491052985191,0.03320027142763138,0.033422861248254776,0.03334018588066101,0.03320027142763138,0.03348185122013092,0.03320027142763138
2023-09-27,0.033212341368198395,0.033212341368198395,0.03355357050895691,0.033212341368198395,0.03349009156227112,0.033212341368198395,0.033212341368198395,0.033212341368198395,0.03326869010925293,0.033212341368198395,0.033617887645959854,0.033212341368198395,0.033228203654289246,0.033212341368198395,0.03328264132142067,0.0336223840713501,0.03361840173602104,0.033322256058454514,0.033212341368198395,0.03377476707100868,0.03345298767089844,0.033212341368198395,0.033212341368198395,0.03350946307182312,0.033212341368198395,0.03351801261305809,0.033212341368198395,0.033212341368198395,0.03334321454167366,0.033212341368198395
2023-09-28,0.033206939697265625,0.033206939697265625,0.03353859856724739,0.033206939697265625,0.03354505077004433,0.033206939697265625,0.033206939697265625,0.033206939697265625,0.033382344990968704,0.033206939697265625,0.03340204060077667,0.033206939697265625,0.03332192823290825,0.033254414796829224,0.03338893502950668,0.03351389616727829,0.03353369981050491,0.033311113715171814,0.033206939697265625,0.03378947079181671,0.033464059233665466,0.033206939697265625,0.033206939697265625,0.03347530588507652,0.033206939697265625,0.033449482172727585,0.033206939697265625,0.033206939697265625,0.033439960330724716,0.03329259157180786
2023-09-29,0.03321553021669388,0.03321553021669388,0.03364307060837746,0.03321553021669388,0.03362223878502846,0.03321553021669388,0.03321553021669388,0.03321553021669388,0.03321553021669388,0.03321553021669388,0.03351583331823349,0.03321553021669388,0.033227164298295975,0.03334225341677666,0.03321553021669388,0.033391911536455154,0.033750008791685104,0.03340420499444008,0.03321553021669388,0.03363225609064102,0.03361820802092552,0.03321553021669388,0.03321553021669388,0.03340402990579605,0.03321553021669388,0.03334314003586769,0.0333130769431591,0.03321553021669388,0.033344075083732605,0.03321553021669388
2023-09-30,0.03322570398449898,0.03322570398449898,0.033699434250593185,0.03322570398449898,0.03350048512220383,0.03322570398449898,0.03322570398449898,0.03322570398449898,0.03322570398449898,0.03322570398449898,0.033653367310762405,0.03322570398449898,0.03322570398449898,0.03322570398449898,0.03322570398449898,0.03343610465526581,0.03379307687282562,0.03336154296994209,0.03322570398449898,0.033659860491752625,0.033582113683223724,0.03322570398449898,0.03322570398449898,0.0333632156252861,0.03322570398449898,0.03343476727604866,0.03322570398449898,0.03322766348719597,0.03322570398449898,0.03322570398449898
2023-10-01,0.03322704881429672,0.03322704881429672,0.03360133245587349,0.03322704881429672,0.0335216298699379,0.03322704881429672,0.03322704881429672,0.03322704881429672,0.03330133482813835,0.03322704881429672,0.03359796479344368,0.03322704881429672,0.03322704881429672,0.03324999287724495,0.03322704881429672,0.03337349742650986,0.033838942646980286,0.03322704881429672,0.03322704881429672,0.03365552797913551,0.033527225255966187,0.03322704881429672,0.03322704881429672,0.03338060900568962,0.03322704881429672,0.033459246158599854,0.03326756879687309,0.03324620798230171,0.03334615007042885,0.03322704881429672
2023-10-02,0.033224765211343765,0.033224765211343765,0.03358639404177666,0.033224765211343765,0.03353956714272499,0.033224765211343765,0.033224765211343765,0.033224765211343765,0.03329957276582718,0.033224765211343765,0.03360741585493088,0.033224765211343765,0.033224765211343765,0.03327231481671333,0.033224765211343765,0.03339311480522156,0.03379157558083534,0.033242978155612946,0.033224765211343765,0.03364914655685425,0.03350290656089783,0.033224765211343765,0.033224765211343765,0.03339476138353348,0.033224765211343765,0.03344858065247536,0.033285606652498245,0.03325727954506874,0.03335726633667946,0.033224765211343765
2023-10-03,0.03321874514222145,0.03321874514222145,0.03366728872060776,0.03321874514222145,0.03362664580345154,0.03321874514222145,0.03321874514222145,0.03321874514222145,0.03321874514222145,0.03321874514222145,0.033438507467508316,0.03321874514222145,0.03322026878595352,0.03329692408442497,0.03321874514222145,0.03332768380641937,0.03376005217432976,0.033369485288858414,0.03321874514222145,0.03368409723043442,0.033630888909101486,0.03321874514222145,0.03321874514222145,0.033345770090818405,0.03321874514222145,0.03341151773929596,0.033280082046985626,0.03321874514222145,0.033440880477428436,0.03321874514222145
2023-10-04,0.033229079097509384,0.033229079097509384,0.03340328484773636,0.033229079097509384,0.03345204144716263,0.033229079097509384,0.033229079097509384,0.033229079097509384,0.033229079097509384,0.033229079097509384,0.03356218338012695,0.033229079097509384,0.03337636962532997,0.03325359523296356,0.033229079097509384,0.033640310168266296,0.03358737751841545,0.03341342508792877,0.033229079097509384,0.033681150525808334,0.03339362144470215,0.033229079097509384,0.033229079097509384,0.03336777165532112,0.033229079097509384,0.03345577418804169,0.033229079097509384,0.033229079097509384,0.03351880982518196,0.033229079097509384
2023-10-05,0.03322608768939972,0.03322608768939972,0.03348936885595322,0.03322608768939972,0.03347035497426987,0.03322608768939972,0.03322608768939972,0.03322608768939972,0.03322608768939972,0.03322608768939972,0.033660389482975006,0.03322608768939972,0.03330530598759651,0.03325985372066498,0.03322608768939972,0.03356943652033806,0.033588506281375885,0.03351234272122383,0.03322608768939972,0.033657290041446686,0.03350372612476349,0.03322608768939972,0.03322608768939972,0.03343450278043747,0.03322608768939972,0.03335382044315338,0.03324688598513603,0.033226288855075836,0.03333060443401337,0.03322608768939972
2023-10-06,0.03322695940732956,0.03322695940732956,0.03354977071285248,0.03322695940732956,0.03352538123726845,0.03322695940732956,0.03322695940732956,0.03322695940732956,0.03322695940732956,0.03322695940732956,0.03365780785679817,0.03322695940732956,0.03331691026687622,0.03327888250350952,0.03322695940732956,0.033510588109493256,0.03358013182878494,0.0335516594350338,0.03322695940732956,0.03365401551127434,0.033532507717609406,0.03322695940732956,0.03322695940732956,0.03340259939432144,0.03322695940732956,0.03331439942121506,0.03324556350708008,0.03322695940732956,0.03324835002422333,0.03322695940732956
2023-10-07,0.03322434425354004,0.03322434425354004,0.03361375629901886,0.03322434425354004,0.033562690019607544,0.03322434425354004,0.03322434425354004,0.03322434425354004,0.03323563560843468,0.03322434425354004,0.03368387371301651,0.03322434425354004,0.03322434425354004,0.0332399383187294,0.03322434425354004,0.0334717258810997,0.03367225453257561,0.03341349586844444,0.03322434425354004,0.03364809602499008,0.03353842347860336,0.03322434425354004,0.03322434425354004,0.03343361243605614,0.03322434425354004,0.03339766710996628,0.03322434425354004,0.03327496722340584,0.03322434425354004,0.03322434425354004
2023-10-08,0.03322476148605347,0.03322476148605347,0.03361052647233009,0.03322476148605347,0.0335625521838665,0.03322476148605347,0.03322476148605347,0.03322476148605347,0.03322998806834221,0.03322476148605347,0.033683113753795624,0.03322476148605347,0.03322476148605347,0.03324262425303459,0.03322476148605347,0.03347412496805191,0.03366810083389282,0.03342054411768913,0.03322476148605347,0.03365020081400871,0.03353898599743843,0.03322476148605347,0.03322476148605347,0.0334327258169651,0.03322476148605347,0.03339329734444618,0.03322476148605347,0.03327213600277901,0.03322476148605347,0.03322476148605347
2023-10-09,0.033226966857910156,0.033226966857910156,0.03354981169104576,0.033226966857910156,0.03352539241313934,0.033226966857910156,0.033226966857910156,0.033226966857910156,0.033226966857910156,0.033226966857910156,0.03365780785679817,0.033226966857910156,0.033316947519779205,0.033278848975896835,0.033226966857910156,0.03351063281297684,0.03358012065291405,0.03355174511671066,0.033226966857910156,0.03365400433540344,0.03353259339928627,0.033226966857910156,0.033226966857910156,0.033402588218450546,0.033226966857910156,0.033314358443021774,0.03324547037482262,0.033226966857910156,0.03324821963906288,0.033226966857910156
2023-10-10,0.03323650732636452,0.03323650732636452,0.03360084071755409,0.03323650732636452,0.03355690464377403,0.03323650732636452,0.03323650732636452,0.03323650732636452,0.03323650732636452,0.03323650732636452,0.0335441455245018,0.03323650732636452,0.03323650732636452,0.03323650732636452,0.03323650732636452,0.033431392163038254,0.03363227844238281,0.03357746824622154,0.03323650732636452,0.03359776362776756,0.03343302384018898,0.03323650732636452,0.03323650732636452,0.03330523893237114,0.03323650732636452,0.03339662402868271,0.03325394541025162,0.03326050192117691,0.033389218151569366,0.03323650732636452
2023-10-11,0.03324716165661812,0.03324716165661812,0.033722151070833206,0.03324716165661812,0.03362288698554039,0.03324716165661812,0.03324716165661812,0.03324716165661812,0.03324716165661812,0.03324716165661812,0.03352930024266243,0.03324716165661812,0.03336752578616142,0.0333402194082737,0.03339957445859909,0.03324716165661812,0.03376311808824539,0.033358894288539886,0.03324716165661812,0.03324716165661812,0.03354440629482269,0.03324716165661812,0.03324716165661812,0.03324716165661812,0.03324716165661812,0.03325707092881203,0.03324716165661812,0.03331553563475609,0.03333038091659546,0.03324716165661812
2023-10-12,0.033230192959308624,0.033230192959308624,0.03377149626612663,0.033230192959308624,0.03381878510117531,0.033230192959308624,0.033230192959308624,0.033230192959308624,0.033230192959308624,0.033230192959308624,0.03363906592130661,0.033230192959308624,0.03345135971903801,0.03341975063085556,0.033404987305402756,0.033230192959308624,0.03359033539891243,0.03327234834432602,0.033230192959308624,0.03328632563352585,0.03351341933012009,0.033260442316532135,0.033230192959308624,0.033230192959308624,0.033230192959308624,0.03329651430249214,0.033230192959308624,0.033361922949552536,0.033230192959308624,0.033230192959308624
2023-10-13,0.03325505927205086,0.03325505927205086,0.03358173742890358,0.03325505927205086,0.03350453823804855,0.03325505927205086,0.03325505927205086,0.03325505927205086,0.03325505927205086,0.03325505927205086,0.033592719584703445,0.03325505927205086,0.03335019573569298,0.033315256237983704,0.0334085151553154,0.033379144966602325,0.03380722925066948,0.03331852704286575,0.03325505927205086,0.03325505927205086,0.03339651599526405,0.03325505927205086,0.03325505927205086,0.03326639160513878,0.03325505927205086,0.033335138112306595,0.03325505927205086,0.03330511227250099,0.03335808217525482,0.03325505927205086
2023-10-14,0.03324549272656441,0.03325001895427704,0.033395905047655106,0.03324549272656441,0.033454690128564835,0.03324549272656441,0.03324549272656441,0.03324549272656441,0.03324549272656441,0.03324549272656441,0.03362797945737839,0.03324549272656441,0.033250320702791214,0.03326573222875595,0.03324549272656441,0.033556874841451645,0.033646952360868454,0.03329140692949295,0.03324549272656441,0.03358001634478569,0.03360023349523544,0.03324549272656441,0.03324549272656441,0.0335070863366127,0.03324549272656441,0.03331873565912247,0.03324549272656441,0.0333261638879776,0.03324549272656441,0.03324549272656441
2023-10-15,0.033243753015995026,0.03326041251420975,0.03350415453314781,0.033243753015995026,0.0334969088435173,0.033243753015995026,0.033243753015995026,0.033243753015995026,0.033243753015995026,0.033243753015995026,0.033657703548669815,0.033243753015995026,0.03330615162849426,0.033243753015995026,0.033286839723587036,0.033487990498542786,0.03374500945210457,0.03328454867005348,0.033243753015995026,0.03342512249946594,0.033558376133441925,0.033243753015995026,0.033243753015995026,0.03344191610813141,0.033243753015995026,0.033332619816064835,0.033243753015995026,0.033243753015995026,0.03331219404935837,0.033243753015995026
2023-10-16,0.033247388899326324,0.033247388899326324,0.033595796674489975,0.033247388899326324,0.03345966339111328,0.033247388899326324,0.033247388899326324,0.033247388899326324,0.033247388899326324,0.033247388899326324,0.03370152413845062,0.033247388899326324,0.03336520865559578,0.033316414803266525,0.03335507586598396,0.03342112898826599,0.03383452817797661,0.033281732350587845,0.033247388899326324,0.033293407410383224,0.03351956605911255,0.033247388899326324,0.033247388899326324,0.03332676365971565,0.033247388899326324,0.033308207988739014,0.033247388899326324,0.033247388899326324,0.03326279670000076,0.033247388899326324
2023-10-17,0.03324183076620102,0.03324183076620102,0.03373179957270622,0.03324183076620102,0.03353346511721611,0.03324183076620102,0.03324183076620102,0.03324183076620102,0.03324183076620102,0.03324183076620102,0.03373992443084717,0.03324183076620102,0.03328901156783104,0.033324409276247025,0.03330057114362717,0.03324183076620102,0.03394757956266403,0.03324183076620102,0.03324183076620102,0.033264048397541046,0.03366609290242195,0.03324183076620102,0.03324183076620102,0.03324183076620102,0.03324183076620102,0.03335804119706154,0.03324183076620102,0.03325027972459793,0.03324183076620102,0.03324183076620102
2023-10-18,0.03325619176030159,0.03325619176030159,0.033501997590065,0.03325619176030159,0.033549804240465164,0.03325619176030159,0.03325619176030159,0.03325619176030159,0.03325619176030159,0.03325619176030159,0.03365366905927658,0.03325619176030159,0.03325619176030159,0.033311694860458374,0.033359020948410034,0.03325619176030159,0.03395724296569824,0.03325619176030159,0.03325619176030159,0.03327353298664093,0.03353441134095192,0.03325619176030159,0.03325619176030159,0.03325619176030159,0.03325619176030159,0.03337007388472557,0.03325619176030159,0.03325619176030159,0.03336469084024429,0.03325619176030159
2023-10-19,0.033256664872169495,0.03331172093749046,0.03330632671713829,0.033256664872169495,0.03333446383476257,0.033256664872169495,0.033256664872169495,0.033256664872169495,0.033256664872169495,0.033256664872169495,0.03355030342936516,0.03338190168142319,0.03335344046354294,0.03338156268000603,0.033434122800827026,0.033256664872169495,0.034008994698524475,0.033256664872169495,0.033256664872169495,0.03331165015697479,0.033549465239048004,0.033256664872169495,0.033256664872169495,0.033256664872169495,0.033256664872169495,0.03326888009905815,0.033275000751018524,0.033256664872169495,0.03342551738023758,0.033256664872169495
2023-10-20,0.03324543684720993,0.033309485763311386,0.033319056034088135,0.03324543684720993,0.033313047140836716,0.03324543684720993,0.03324543684720993,0.03324543684720993,0.03324543684720993,0.03324543684720993,0.03357335180044174,0.0334039032459259,0.03334273397922516,0.033414218574762344,0.03341025486588478,0.03324543684720993,0.03399094194173813,0.03324543684720993,0.03324543684720993,0.03327738121151924,0.03361880034208298,0.03324543684720993,0.03324543684720993,0.03324543684720993,0.03324543684720993,0.0333428718149662,0.033291224390268326,0.03324543684720993,0.03346565365791321,0.03324543684720993
2023-10-21,0.03326558321714401,0.03326558321714401,0.03328770771622658,0.03326558321714401,0.03349020704627037,0.03326558321714401,0.03326558321714401,0.03326558321714401,0.03326558321714401,0.03326558321714401,0.033599574118852615,0.03326558321714401,0.0333377942442894,0.03347436711192131,0.03331958130002022,0.03326558321714401,0.03372742608189583,0.03326558321714401,0.03326558321714401,0.033305246382951736,0.03346727043390274,0.03326558321714401,0.03326558321714401,0.033335793763399124,0.03326558321714401,0.033320724964141846,0.03326558321714401,0.03326558321714401,0.033553749322891235,0.03326558321714401
2023-10-22,0.03326555714011192,0.03326555714011192,0.03328805789351463,0.03326555714011192,0.033490318804979324,0.03326555714011192,0.03326555714011192,0.03326555714011192,0.03326555714011192,0.03326555714011192,0.03359951451420784,0.03326555714011192,0.033337678760290146,0.03347410634160042,0.03331964462995529,0.03326555714011192,0.03372788056731224,0.03326555714011192,0.03326555714011192,0.0333053320646286,0.03346759080886841,0.03326555714011192,0.03326555714011192,0.03333538398146629,0.03326555714011192,0.03332086652517319,0.03326555714011192,0.03326555714011192,0.0335536003112793,0.03326555714011192
2023-10-23,0.0332646518945694,0.0332646518945694,0.03329760953783989,0.0332646518945694,0.03349412977695465,0.0332646518945694,0.0332646518945694,0.0332646518945694,0.0332646518945694,0.0332646518945694,0.033598124980926514,0.0332646518945694,0.033333342522382736,0.03346508741378784,0.03332151845097542,0.0332646518945694,0.033739689737558365,0.0332646518945694,0.0332646518945694,0.03330916538834572,0.03347744047641754,0.0332646518945694,0.0332646518945694,0.03332420065999031,0.0332646518945694,0.033325742930173874,0.0332646518945694,0.0332646518945694,0.03355015441775322,0.0332646518945694
2023-10-24,0.03327024728059769,0.03327024728059769,0.03327024728059769,0.03327024728059769,0.033421311527490616,0.03327024728059769,0.03327024728059769,0.03327024728059769,0.03327024728059769,0.03327024728059769,0.033569492399692535,0.03327024728059769,0.033295534551143646,0.033515624701976776,0.03327024728059769,0.03333664312958717,0.03362578526139259,0.03327024728059769,0.03327024728059769,0.033436115831136703,0.03349069505929947,0.03327024728059769,0.03327024728059769,0.033336419612169266,0.03327024728059769,0.03337642550468445,0.03327067568898201,0.03327024728059769,0.033460818231105804,0.03327024728059769
2023-10-25,0.03327501565217972,0.03327501565217972,0.03336847573518753,0.03327501565217972,0.03344361484050751,0.03327501565217972,0.03327501565217972,0.03327501565217972,0.03327501565217972,0.03327501565217972,0.03349076211452484,0.03327501565217972,0.033297616988420486,0.0333755798637867,0.033486902713775635,0.03327501565217972,0.03363591060042381,0.03327501565217972,0.03327501565217972,0.033330608159303665,0.03327501565217972,0.03327501565217972,0.03327501565217972,0.03327501565217972,0.03327501565217972,0.03340578079223633,0.03327501565217972,0.03327501565217972,0.03366447240114212,0.03327501565217972
2023-10-26,0.033269528299570084,0.033273469656705856,0.03332008793950081,0.033269528299570084,0.03327717259526253,0.033269528299570084,0.033269528299570084,0.033269528299570084,0.033269528299570084,0.033269528299570084,0.03344232216477394,0.033269528299570084,0.033269528299570084,0.033655937761068344,0.03331683203577995,0.03331296890974045,0.03358818590641022,0.03340866044163704,0.033269528299570084,0.033299729228019714,0.03337225317955017,0.033269528299570084,0.033269528299570084,0.033482082188129425,0.033486463129520416,0.033269528299570084,0.033269528299570084,0.033269528299570084,0.033451374620199203,0.033269528299570084
2023-10-27,0.03323924541473389,0.03339263051748276,0.033419739454984665,0.03323924541473389,0.03337536007165909,0.03323924541473389,0.03323924541473389,0.03323924541473389,0.03323924541473389,0.03323924541473389,0.033441610634326935,0.03323924541473389,0.03323924541473389,0.03358689323067665,0.03333165869116783,0.03323924541473389,0.03336530923843384,0.03344468027353287,0.03323924541473389,0.033529993146657944,0.03332732990384102,0.03323924541473389,0.03323924541473389,0.03356660157442093,0.03359895944595337,0.033363740891218185,0.03334515541791916,0.03323924541473389,0.033321600407361984,0.03323924541473389
2023-10-28,0.0332476943731308,0.0332476943731308,0.03339345380663872,0.0332476943731308,0.03332257643342018,0.0332476943731308,0.0332476943731308,0.0332476943731308,0.0332476943731308,0.0332476943731308,0.033368274569511414,0.0332476943731308,0.0332476943731308,0.03351135551929474,0.03347714617848396,0.033316779881715775,0.03352319821715355,0.033405814319849014,0.0332476943731308,0.03335333615541458,0.03345046937465668,0.0332476943731308,0.0332476943731308,0.0336453914642334,0.033475302159786224,0.033372748643159866,0.03327286243438721,0.0332476943731308,0.03339588642120361,0.0332476943731308
2023-10-29,0.0332476906478405,0.0332476906478405,0.03339345380663872,0.0332476906478405,0.03332257643342018,0.0332476906478405,0.0332476906478405,0.0332476906478405,0.0332476906478405,0.0332476906478405,0.033368270844221115,0.0332476906478405,0.0332476906478405,0.03351135924458504,0.03347714990377426,0.033316779881715775,0.033523205667734146,0.033405814319849014,0.0332476906478405,0.033353328704833984,0.03345046192407608,0.0332476906478405,0.0332476906478405,0.033645398914813995,0.033475302159786224,0.03337274119257927,0.03327286243438721,0.0332476906478405,0.033395878970623016,0.0332476906478405
2023-10-30,0.0332476906478405,0.0332476906478405,0.03339345380663872,0.0332476906478405,0.03332257643342018,0.0332476906478405,0.0332476906478405,0.0332476906478405,0.0332476906478405,0.0332476906478405,0.033368270844221115,0.0332476906478405,0.0332476906478405,0.03351135924458504,0.03347714990377426,0.033316779881715775,0.033523205667734146,0.033405814319849014,0.0332476906478405,0.033353328704833984,0.03345046192407608,0.0332476906478405,0.0332476906478405,0.033645398914813995,0.033475302159786224,0.03337274119257927,0.03327286243438721,0.0332476906478405,0.033395878970623016,0.0332476906478405
2023-10-31,0.03324722498655319,0.03324722498655319,0.033406179398298264,0.03324722498655319,0.03327532485127449,0.03324722498655319,0.03324722498655319,0.03324722498655319,0.03324722498655319,0.03324722498655319,0.03344688564538956,0.03324722498655319,0.03324722498655319,0.033543046563863754,0.03336429223418236,0.033410463482141495,0.03352848440408707,0.03329727053642273,0.03324722498655319,0.03340078145265579,0.03348623961210251,0.03324722498655319,0.03324722498655319,0.03375523164868355,0.033507972955703735,0.03332654386758804,0.033252932131290436,0.03324722498655319,0.03328995406627655,0.03324722498655319
2023-11-01,0.03324783593416214,0.03324783593416214,0.033707145601511,0.03324783593416214,0.03344852104783058,0.03324783593416214,0.03324783593416214,0.03324783593416214,0.03324783593416214,0.03324783593416214,0.03364476189017296,0.03324783593416214,0.03327976539731026,0.03341028094291687,0.03352193906903267,0.03324783593416214,0.0336759090423584,0.03324783593416214,0.03324783593416214,0.03324783593416214,0.03343971073627472,0.03324783593416214,0.03324783593416214,0.03359615057706833,0.033297572284936905,0.03326943889260292,0.03324783593416214,0.03324783593416214,0.03324783593416214,0.03324783593416214
2023-11-02,0.03324783220887184,0.03324783220887184,0.03370792418718338,0.03324783220887184,0.03344763442873955,0.03324783220887184,0.03324783220887184,0.03324783220887184,0.03324783220887184,0.03324783220887184,0.03364451602101326,0.03324783220887184,0.03327960520982742,0.03340993821620941,0.033521562814712524,0.03324783220887184,0.03367485851049423,0.03324783220887184,0.03324783220887184,0.03324783220887184,0.03343980759382248,0.03324783220887184,0.03324783220887184,0.03359704837203026,0.03329908102750778,0.033269286155700684,0.03324783220887184,0.03324783220887184,0.03324783220887184,0.03324783220887184
2023-11-03,0.0332629531621933,0.03331984952092171,0.03355749323964119,0.0332629531621933,0.0332629531621933,0.0332629531621933,0.0332629531621933,0.0332629531621933,0.0332629531621933,0.0332629531621933,0.03352922201156616,0.0332629531621933,0.03340814262628555,0.033378735184669495,0.03347861021757126,0.0332629531621933,0.03374648094177246,0.0332629531621933,0.0332629531621933,0.0332629531621933,0.03352230787277222,0.0332629531621933,0.0332629531621933,0.03346707671880722,0.0332629531621933,0.03333301842212677,0.0332629531621933,0.0332629531621933,0.0332629531621933,0.0332629531621933
2023-11-04,0.03325405344367027,0.03338850662112236,0.03350852429866791,0.03325405344367027,0.03325405344367027,0.03325405344367027,0.03325405344367027,0.03325405344367027,0.03325405344367027,0.03325405344367027,0.03354877606034279,0.03325405344367027,0.03334510326385498,0.03337465971708298,0.033352937549352646,0.03325405344367027,0.03371202573180199,0.033287402242422104,0.03325405344367027,0.03325405344367027,0.03361321985721588,0.03325405344367027,0.03325405344367027,0.033499352633953094,0.033297426998615265,0.033406756818294525,0.033346422016620636,0.03325405344367027,0.03325405344367027,0.03325405344367027
2023-11-05,0.03326403722167015,0.033386122435331345,0.03336707502603531,0.03326403722167015,0.03328658640384674,0.03326403722167015,0.03326403722167015,0.03326403722167015,0.03326403722167015,0.03326403722167015,0.033536236733198166,0.03326403722167015,0.03341427817940712,0.0332721583545208,0.033349595963954926,0.03326403722167015,0.03372732922434807,0.03329544514417648,0.03326403722167015,0.03326403722167015,0.03365009278059006,0.03326403722167015,0.03326403722167015,0.03345642238855362,0.03326403722167015,0.033422455191612244,0.033347513526678085,0.03326403722167015,0.03326403722167015,0.03326403722167015
2023-11-06,0.03324681520462036,0.03340451791882515,0.033445656299591064,0.03324681520462036,0.03337523713707924,0.03324681520462036,0.03324681520462036,0.03324681520462036,0.03324681520462036,0.03324681520462036,0.0334860123693943,0.03324681520462036,0.03349803760647774,0.03327286243438721,0.03331110253930092,0.03329334780573845,0.03388320282101631,0.03330220282077789,0.03324681520462036,0.03324681520462036,0.03355907276272774,0.03324681520462036,0.03324681520462036,0.033499039709568024,0.03324681520462036,0.033405791968107224,0.03331487998366356,0.03324681520462036,0.03324681520462036,0.03324681520462036
2023-11-07,0.03325945883989334,0.033370811492204666,0.033418212085962296,0.03325945883989334,0.03345102071762085,0.03325945883989334,0.03325945883989334,0.03325945883989334,0.03325945883989334,0.03325945883989334,0.03361573815345764,0.03325945883989334,0.033293627202510834,0.03335515409708023,0.03325945883989334,0.03325945883989334,0.03374599292874336,0.03325945883989334,0.03325945883989334,0.03325945883989334,0.03355212137103081,0.03325945883989334,0.03325945883989334,0.03353364020586014,0.03325945883989334,0.03336803615093231,0.033365849405527115,0.03325945883989334,0.03325945883989334,0.03325945883989334
2023-11-08,0.03324814513325691,0.03335437923669815,0.033635176718235016,0.03324814513325691,0.033289458602666855,0.03324814513325691,0.03324814513325691,0.03324814513325691,0.03324814513325691,0.03324814513325691,0.0335482582449913,0.03324814513325691,0.03343082219362259,0.03339269757270813,0.033410895615816116,0.033248964697122574,0.03395640105009079,0.033266231417655945,0.03324814513325691,0.03324814513325691,0.03339143469929695,0.03324814513325691,0.03324814513325691,0.03358538821339607,0.03324814513325691,0.033271424472332,0.03324814513325691,0.03324814513325691,0.03324814513325691,0.03324814513325691
2023-11-09,0.03325352817773819,0.03339463099837303,0.03353594243526459,0.03325352817773819,0.033350057899951935,0.03325352817773819,0.03325352817773819,0.03325352817773819,0.03325352817773819,0.03325352817773819,0.03349597752094269,0.03325352817773819,0.03354187309741974,0.033293429762125015,0.03337126597762108,0.03329194337129593,0.033896636217832565,0.03338951990008354,0.03325352817773819,0.03325352817773819,0.03342069312930107,0.03325352817773819,0.03325352817773819,0.0334494486451149,0.03325352817773819,0.033258598297834396,0.03325352817773819,0.03325352817773819,0.03325352817773819,0.03325352817773819
2023-11-10,0.03325081244111061,0.03326156735420227,0.03366287425160408,0.03325081244111061,0.03353596106171608,0.03325081244111061,0.03325081244111061,0.03325081244111061,0.03325081244111061,0.03325081244111061,0.03355107456445694,0.03325081244111061,0.033388614654541016,0.03332047164440155,0.03341098502278328,0.03325081244111061,0.03388494253158569,0.03343861550092697,0.03325081244111061,0.03325081244111061,0.03348720818758011,0.03325081244111061,0.03325081244111061,0.033292267471551895,0.03325081244111061,0.03325081244111061,0.03325081244111061,0.03325081244111061,0.03325081244111061,0.03325081244111061
2023-11-11,0.03325117379426956,0.03325117379426956,0.033632662147283554,0.03325117379426956,0.033553801476955414,0.03325117379426956,0.03325117379426956,0.03325117379426956,0.03325117379426956,0.03325117379426956,0.03358350321650505,0.03325117379426956,0.03340170532464981,0.03334835544228554,0.033375468105077744,0.03325117379426956,0.03387343883514404,0.03342047333717346,0.03325117379426956,0.03325117379426956,0.033496614545583725,0.03325117379426956,0.03325117379426956,0.03328968584537506,0.03325117379426956,0.03325117379426956,0.03325117379426956,0.0332520492374897,0.03325117379426956,0.03325117379426956
2023-11-12,0.03325081244111061,0.03326156362891197,0.03366287425160408,0.03325081244111061,0.03353596106171608,0.03325081244111061,0.03325081244111061,0.03325081244111061,0.03325081244111061,0.03325081244111061,0.03355107828974724,0.03325081244111061,0.033388614654541016,0.03332047536969185,0.03341098129749298,0.03325081244111061,0.03388494253158569,0.03343861550092697,0.03325081244111061,0.03325081244111061,0.03348720818758011,0.03325081244111061,0.03325081244111061,0.033292267471551895,0.03325081244111061,0.03325081244111061,0.03325081244111061,0.03325081244111061,0.03325081244111061,0.03325081244111061
2023-11-13,0.03325081244111061,0.03326156735420227,0.03366287425160408,0.03325081244111061,0.03353596106171608,0.03325081244111061,0.03325081244111061,0.03325081244111061,0.03325081244111061,0.03325081244111061,0.03355107456445694,0.03325081244111061,0.033388614654541016,0.03332047164440155,0.03341098502278328,0.03325081244111061,0.03388494253158569,0.03343861550092697,0.03325081244111061,0.03325081244111061,0.03348720818758011,0.03325081244111061,0.03325081244111061,0.033292267471551895,0.03325081244111061,0.03325081244111061,0.03325081244111061,0.03325081244111061,0.03325081244111061,0.03325081244111061
2023-11-14,0.0332658514380455,0.0332658514380455,0.033455990254879,0.0332658514380455,0.03342103958129883,0.0332658514380455,0.0332658514380455,0.0332658514380455,0.0332658514380455,0.0332658514380455,0.033607568591833115,0.0332658514380455,0.03337107226252556,0.033425621688365936,0.0332658514380455,0.0332658514380455,0.033778537064790726,0.03344295546412468,0.0332658514380455,0.0332658514380455,0.03347787261009216,0.0332658514380455,0.0332658514380455,0.033377014100551605,0.0332658514380455,0.0332658514380455,0.0332658514380455,0.03332529962062836,0.0332658514380455,0.0332658514380455
2023-11-15,0.033250775188207626,0.03336622193455696,0.0334613062441349,0.033250775188207626,0.03344022482633591,0.033250775188207626,0.033250775188207626,0.033250775188207626,0.033250775188207626,0.033250775188207626,0.03345894813537598,0.033250775188207626,0.033674415200948715,0.03350231796503067,0.033317748457193375,0.033250775188207626,0.03352776914834976,0.03325590863823891,0.033250775188207626,0.033250775188207626,0.03365398198366165,0.03337344527244568,0.033250775188207626,0.03326377272605896,0.0332518108189106,0.0333288237452507,0.03334187716245651,0.033250775188207626,0.033250775188207626,0.03327058628201485
2023-11-16,0.033239614218473434,0.0334278829395771,0.03349330648779869,0.033239614218473434,0.033458512276411057,0.033239614218473434,0.033239614218473434,0.033239614218473434,0.033239614218473434,0.033239614218473434,0.03344213590025902,0.033239614218473434,0.03372446075081825,0.033457715064287186,0.033385876566171646,0.03325553238391876,0.03354664519429207,0.03333593159914017,0.033239614218473434,0.033239614218473434,0.03366219997406006,0.03326693922281265,0.033239614218473434,0.033239614218473434,0.03324010595679283,0.03331843018531799,0.033369407057762146,0.033239614218473434,0.033239614218473434,0.033260345458984375
2023-11-17,0.033274129033088684,0.033274129033088684,0.03329112008213997,0.033274129033088684,0.033274129033088684,0.033274129033088684,0.033274129033088684,0.033274129033088684,0.033274129033088684,0.033274129033088684,0.033396679908037186,0.03332281485199928,0.03355007246136665,0.033296339213848114,0.03332620486617088,0.033274129033088684,0.03382211551070213,0.033274129033088684,0.033274129033088684,0.033274129033088684,0.03346826881170273,0.033274129033088684,0.033274129033088684,0.03352303057909012,0.033274129033088684,0.03337150812149048,0.03334952890872955,0.033284805715084076,0.033274129033088684,0.03333736211061478
2023-11-18,0.033274129033088684,0.033274129033088684,0.03329112008213997,0.033274129033088684,0.033274129033088684,0.033274129033088684,0.033274129033088684,0.033274129033088684,0.033274129033088684,0.033274129033088684,0.033396679908037186,0.03332281485199928,0.03355007246136665,0.033296339213848114,0.03332620486617088,0.033274129033088684,0.03382211551070213,0.033274129033088684,0.033274129033088684,0.033274129033088684,0.03346826881170273,0.033274129033088684,0.033274129033088684,0.03352303057909012,0.033274129033088684,0.03337150812149048,0.03334952890872955,0.033284805715084076,0.033274129033088684,0.03333736211061478
2023-11-19,0.033274129033088684,0.033274129033088684,0.03329111635684967,0.033274129033088684,0.033274129033088684,0.033274129033088684,0.033274129033088684,0.033274129033088684,0.033274129033088684,0.033274129033088684,0.03339673951268196,0.03332270681858063,0.033550042659044266,0.03329640254378319,0.03332613781094551,0.033274129033088684,0.033822156488895416,0.033274129033088684,0.033274129033088684,0.033274129033088684,0.03346825763583183,0.033274129033088684,0.033274129033088684,0.033523041754961014,0.033274129033088684,0.033371467143297195,0.03334956616163254,0.03328482061624527,0.033274129033088684,0.0333373062312603
2023-11-20,0.033275850117206573,0.033275850117206573,0.0332777164876461,0.033275850117206573,0.033275850117206573,0.033275850117206573,0.033275850117206573,0.033275850117206573,0.033275850117206573,0.033275850117206573,0.03349490836262703,0.033275850117206573,0.03351392596960068,0.033366985619068146,0.033275850117206573,0.033275850117206573,0.03386708348989487,0.033275850117206573,0.033275850117206573,0.033275850117206573,0.03344031050801277,0.033275850117206573,0.033275850117206573,0.03353792801499367,0.033275850117206573,0.0333055816590786,0.03339081257581711,0.033287789672613144,0.033275850117206573,0.033275850117206573
2023-11-21,0.03327562287449837,0.03327562287449837,0.03327731043100357,0.03327562287449837,0.03327971324324608,0.03327562287449837,0.03327562287449837,0.03327562287449837,0.03327562287449837,0.03327562287449837,0.03350016474723816,0.03327562287449837,0.03351227194070816,0.03336787223815918,0.03327562287449837,0.03327562287449837,0.03386721387505531,0.03327562287449837,0.03327562287449837,0.03327562287449837,0.03343793749809265,0.03327562287449837,0.03327562287449837,0.03353855013847351,0.03327562287449837,0.03330333158373833,0.03339270502328873,0.03328605741262436,0.03327562287449837,0.03327562287449837
2023-11-22,0.03324731066823006,0.03349088504910469,0.033333588391542435,0.03324731066823006,0.03333672508597374,0.03324731066823006,0.03324731066823006,0.03324731066823006,0.03324731066823006,0.03344271704554558,0.03360860422253609,0.03339940309524536,0.03354838117957115,0.033399514853954315,0.03324731066823006,0.03324731066823006,0.03360419720411301,0.03324731066823006,0.03324731066823006,0.03336666151881218,0.03333769738674164,0.03324731066823006,0.03324731066823006,0.03338146209716797,0.033282265067100525,0.0333070307970047,0.03345116972923279,0.03324731066823006,0.03324731066823006,0.03324731066823006
2023-11-23,0.03324451297521591,0.033468879759311676,0.03333444148302078,0.03324451297521591,0.03324451297521591,0.03324451297521591,0.03324451297521591,0.03324451297521591,0.03324451297521591,0.03352031111717224,0.03348109871149063,0.03357253596186638,0.03360288217663765,0.03334253653883934,0.03324451297521591,0.03324451297521591,0.033545397222042084,0.03324451297521591,0.03324451297521591,0.03335825726389885,0.03340586647391319,0.03324451297521591,0.03324451297521591,0.03332873806357384,0.033310603350400925,0.03338019177317619,0.03343600407242775,0.03324451297521591,0.03324451297521591,0.03324451297521591
2023-11-24,0.03324451297521591,0.033468879759311676,0.03333444520831108,0.03324451297521591,0.03324451297521591,0.03324451297521591,0.03324451297521591,0.03324451297521591,0.03324451297521591,0.03352030739188194,0.03348109871149063,0.03357253596186638,0.03360288590192795,0.03334253653883934,0.03324451297521591,0.03324451297521591,0.033545397222042084,0.03324451297521591,0.03324451297521591,0.03335825726389885,0.03340586647391319,0.03324451297521591,0.03324451297521591,0.03332873806357384,0.033310603350400925,0.03338019177317619,0.03343600407242775,0.03324451297521591,0.03324451297521591,0.03324451297521591
2023-11-25,0.0332467220723629,0.03335725888609886,0.03342793136835098,0.0332467220723629,0.03328715264797211,0.0332467220723629,0.0332467220723629,0.0332467220723629,0.0332467220723629,0.0334496907889843,0.03355443850159645,0.03367941826581955,0.033524174243211746,0.03340242803096771,0.0332467220723629,0.0332467220723629,0.033596221357584,0.03329746052622795,0.0332467220723629,0.033319998532533646,0.03347441926598549,0.0332467220723629,0.0332467220723629,0.0332467220723629,0.0332467220723629,0.033331770449876785,0.03335007652640343,0.0332467220723629,0.0332467220723629,0.0332467220723629
2023-11-26,0.033244919031858444,0.03337324410676956,0.033483292907476425,0.033244919031858444,0.03332583233714104,0.033244919031858444,0.033244919031858444,0.033244919031858444,0.033244919031858444,0.03340863436460495,0.03354820981621742,0.03366878628730774,0.033546317368745804,0.03339511901140213,0.03327098488807678,0.033244919031858444,0.03362486511468887,0.03329942002892494,0.033244919031858444,0.03327134996652603,0.03347993269562721,0.033244919031858444,0.033244919031858444,0.033244919031858444,0.033244919031858444,0.03331396356225014,0.03331626579165459,0.033244919031858444,0.033244919031858444,0.033244919031858444
2023-11-27,0.033231038600206375,0.03347542881965637,0.03363725170493126,0.033231038600206375,0.03343195095658302,0.033231038600206375,0.033231038600206375,0.033231038600206375,0.033231038600206375,0.03330106660723686,0.03349505364894867,0.03360729292035103,0.03359706699848175,0.03330640494823456,0.03337002545595169,0.033231038600206375,0.03368865326046944,0.03331657499074936,0.033231038600206375,0.033231038600206375,0.03351191431283951,0.033231038600206375,0.033231038600206375,0.033231038600206375,0.033231038600206375,0.033275309950113297,0.03328554332256317,0.033231038600206375,0.033231038600206375,0.033234890550374985
2023-11-28,0.03324323892593384,0.033423423767089844,0.03362555801868439,0.03324323892593384,0.033336933702230453,0.03324323892593384,0.03324323892593384,0.03324323892593384,0.03324323892593384,0.03324323892593384,0.03343016654253006,0.03358278051018715,0.03355579450726509,0.033320892602205276,0.033444419503211975,0.03324323892593384,0.033841654658317566,0.03331308811903,0.03324323892593384,0.03324323892593384,0.033498916774988174,0.03324323892593384,0.03324323892593384,0.03324323892593384,0.03324323892593384,0.03324323892593384,0.03324323892593384,0.03324323892593384,0.03324803337454796,0.03324323892593384
2023-11-29,0.03324885666370392,0.03337387368083,0.03356342762708664,0.03324885666370392,0.03332562744617462,0.03324885666370392,0.03324885666370392,0.03324885666370392,0.03324885666370392,0.03324885666370392,0.03347006067633629,0.033613964915275574,0.03354695439338684,0.03341224789619446,0.03337371349334717,0.03324885666370392,0.03379247710108757,0.03329678252339363,0.03324885666370392,0.03324885666370392,0.03350263833999634,0.03324885666370392,0.03324885666370392,0.03324885666370392,0.03324885666370392,0.03324885666370392,0.03324885666370392,0.03324885666370392,0.03324885666370392,0.03324885666370392
2023-11-30,0.03324850648641586,0.03337535634636879,0.03356684744358063,0.03324850648641586,0.03332594782114029,0.03324850648641586,0.03324850648641586,0.03324850648641586,0.03324850648641586,0.03324850648641586,0.03346915543079376,0.03361259773373604,0.033547814935445786,0.03340914100408554,0.03337662294507027,0.03324850648641586,0.03379463404417038,0.033297259360551834,0.03324850648641586,0.03324850648641586,0.033502981066703796,0.03324850648641586,0.03324850648641586,0.03324850648641586,0.03324850648641586,0.03324850648641586,0.03324850648641586,0.03324850648641586,0.03324850648641586,0.03324850648641586
2023-12-01,0.03323911502957344,0.03341219574213028,0.033589061349630356,0.03323911502957344,0.03339468687772751,0.03323911502957344,0.03323911502957344,0.03323911502957344,0.03323911502957344,0.033306561410427094,0.03354109451174736,0.03363681957125664,0.033579688519239426,0.03337981551885605,0.033334966748952866,0.03323911502957344,0.0336722694337368,0.03329278528690338,0.03323911502957344,0.03323911502957344,0.0334913544356823,0.03323911502957344,0.03323911502957344,0.03323911502957344,0.03323911502957344,0.03327677398920059,0.033243127167224884,0.03323911502957344,0.03323911502957344,0.033262137323617935
2023-12-02,0.03322537988424301,0.03349987044930458,0.03344384953379631,0.03322537988424301,0.03322537988424301,0.03322537988424301,0.03322537988424301,0.03322537988424301,0.03322537988424301,0.03333747014403343,0.033589769154787064,0.033585045486688614,0.033502571284770966,0.03350033983588219,0.03322537988424301,0.03322537988424301,0.03351803869009018,0.03322537988424301,0.03322537988424301,0.033552445471286774,0.0333336777985096,0.03322537988424301,0.03322537988424301,0.03330956771969795,0.033445730805397034,0.03342624008655548,0.033349309116601944,0.03322537988424301,0.03322537988424301,0.03322537988424301
2023-12-03,0.03322724997997284,0.03332800790667534,0.03354738652706146,0.03322724997997284,0.03322724997997284,0.03322724997997284,0.03322724997997284,0.03322724997997284,0.03322724997997284,0.033365607261657715,0.03364112228155136,0.03357572853565216,0.0334591343998909,0.0335395485162735,0.03322724997997284,0.03322724997997284,0.03364241495728493,0.03322724997997284,0.03322724997997284,0.03355139493942261,0.033422403037548065,0.03322724997997284,0.03322724997997284,0.03322724997997284,0.03339243307709694,0.03333218768239021,0.033339403569698334,0.03322724997997284,0.03322724997997284,0.03322724997997284
2023-12-04,0.033223602920770645,0.033314093947410583,0.033696498721838,0.033223602920770645,0.03334614261984825,0.033223602920770645,0.033223602920770645,0.033223602920770645,0.033223602920770645,0.0332920178771019,0.03366914018988609,0.03362200781702995,0.033413082361221313,0.033564988523721695,0.033223602920770645,0.033223602920770645,0.0336790457367897,0.033223602920770645,0.033223602920770645,0.0334717221558094,0.03349306061863899,0.033223602920770645,0.033223602920770645,0.033223602920770645,0.03333665803074837,0.03327716514468193,0.03324674814939499,0.033223602920770645,0.033223602920770645,0.033223602920770645
2023-12-05,0.03323115035891533,0.03344450518488884,0.03351505473256111,0.03323115035891533,0.033405154943466187,0.03323115035891533,0.03323115035891533,0.03323115035891533,0.03323115035891533,0.03332316130399704,0.0337168388068676,0.03355841711163521,0.03331521525979042,0.03354347124695778,0.03323115035891533,0.03323115035891533,0.03344344720244408,0.03323115035891533,0.03323115035891533,0.033343054354190826,0.033569127321243286,0.03323115035891533,0.03323115035891533,0.03323115035891533,0.03344389796257019,0.0333235077559948,0.03335670381784439,0.03323115035891533,0.03323115035891533,0.03323115035891533
2023-12-06,0.03323594853281975,0.0333888977766037,0.03342154994606972,0.03323594853281975,0.03340131416916847,0.03323594853281975,0.03323594853281975,0.03323594853281975,0.03323594853281975,0.03326242044568062,0.03366903215646744,0.03356689587235451,0.033364225178956985,0.033454813063144684,0.03338677063584328,0.03323594853281975,0.03342139720916748,0.03323594853281975,0.03323594853281975,0.03359261527657509,0.03348017856478691,0.03323594853281975,0.03323594853281975,0.03323594853281975,0.033249977976083755,0.03338555619120598,0.03341507166624069,0.03323594853281975,0.03323594853281975,0.03323594853281975
2023-12-07,0.03323594853281975,0.033388901501894,0.03342154994606972,0.03323594853281975,0.03340131789445877,0.03323594853281975,0.03323594853281975,0.03323594853281975,0.03323594853281975,0.03326242044568062,0.03366903215646744,0.033566899597644806,0.033364228904247284,0.03345481678843498,0.03338677063584328,0.03323594853281975,0.03342140465974808,0.03323594853281975,0.03323594853281975,0.03359261527657509,0.03348018229007721,0.03323594853281975,0.03323594853281975,0.03323594853281975,0.033249977976083755,0.03338555246591568,0.033415067940950394,0.03323594853281975,0.03323594853281975,0.03323594853281975
2023-12-08,0.03325510770082474,0.033388957381248474,0.03342334181070328,0.03325510770082474,0.033276721835136414,0.03325510770082474,0.03325510770082474,0.03325510770082474,0.03325510770082474,0.03325510770082474,0.03358696773648262,0.03355935215950012,0.03337722644209862,0.03345615416765213,0.03341260552406311,0.03325510770082474,0.03354985639452934,0.03325510770082474,0.03325510770082474,0.0334986187517643,0.03349034860730171,0.03325510770082474,0.03325510770082474,0.03325510770082474,0.03325510770082474,0.03334234282374382,0.0333007276058197,0.03325510770082474,0.03325510770082474,0.03325510770082474
2023-12-09,0.03326728194952011,0.03335725516080856,0.03339157998561859,0.03326728194952011,0.03326728194952011,0.03326728194952011,0.03326728194952011,0.03326728194952011,0.03326728194952011,0.03326728194952011,0.033593934029340744,0.03355979919433594,0.03337288275361061,0.033472560346126556,0.03326728194952011,0.03326728194952011,0.03359362110495567,0.03326728194952011,0.03326728194952011,0.033432550728321075,0.033568888902664185,0.03326728194952011,0.03326728194952011,0.03326728194952011,0.03326728194952011,0.033299148082733154,0.03327938914299011,0.03326728194952011,0.03326728194952011,0.03326728194952011
2023-12-10,0.03326903283596039,0.03334767371416092,0.033383846282958984,0.03326903283596039,0.03326903283596039,0.03326903283596039,0.03326903283596039,0.03326903283596039,0.03326903283596039,0.03326903283596039,0.03358937427401543,0.03355558589100838,0.03337417542934418,0.0334755964577198,0.03326903283596039,0.03326903283596039,0.03359926491975784,0.03326903283596039,0.03326903283596039,0.03341788798570633,0.03358050063252449,0.03326903283596039,0.03326903283596039,0.03326903283596039,0.03326903283596039,0.03328656777739525,0.03327782452106476,0.03326903283596039,0.03326903283596039,0.03326903283596039
2023-12-11,0.03326903283596039,0.03334767371416092,0.033383846282958984,0.03326903283596039,0.03326903283596039,0.03326903283596039,0.03326903283596039,0.03326903283596039,0.03326903283596039,0.03326903283596039,0.03358937427401543,0.03355558589100838,0.03337417542934418,0.0334755964577198,0.03326903283596039,0.03326903283596039,0.03359926491975784,0.03326903283596039,0.03326903283596039,0.03341788798570633,0.03358050063252449,0.03326903283596039,0.03326903283596039,0.03326903283596039,0.03326903283596039,0.03328656777739525,0.03327782452106476,0.03326903283596039,0.03326903283596039,0.03326903283596039
2023-12-12,0.0332547165453434,0.033328548073768616,0.03340638801455498,0.0332547165453434,0.033319540321826935,0.0332547165453434,0.0332547165453434,0.0332547165453434,0.0332547165453434,0.03344699367880821,0.03363744169473648,0.03357343003153801,0.0334157720208168,0.03349696472287178,0.0332547165453434,0.0332547165453434,0.03342853859066963,0.0332547165453434,0.0332547165453434,0.033453889191150665,0.033527348190546036,0.0332547165453434,0.0332547165453434,0.0332547165453434,0.0332547165453434,0.03326468914747238,0.03337027132511139,0.0332547165453434,0.0332547165453434,0.0332547165453434
2023-12-13,0.03326534852385521,0.03339545056223869,0.033451251685619354,0.03326534852385521,0.033465757966041565,0.03326534852385521,0.03326534852385521,0.03326534852385521,0.03326534852385521,0.03326534852385521,0.033622171729803085,0.033400192856788635,0.03333489969372749,0.033409155905246735,0.03327865153551102,0.03326534852385521,0.03369491547346115,0.03326534852385521,0.03336912393569946,0.03326534852385521,0.033508989959955215,0.03326534852385521,0.03326534852385521,0.03326534852385521,0.03326534852385521,0.03326534852385521,0.03326534852385521,0.03326534852385521,0.03329312056303024,0.03326534852385521
2023-12-14,0.033275775611400604,0.03350352868437767,0.033467963337898254,0.033275775611400604,0.033277809619903564,0.033275775611400604,0.033275775611400604,0.033275775611400604,0.033275775611400604,0.033275775611400604,0.03351084887981415,0.03344203904271126,0.033394619822502136,0.033414240926504135,0.033275775611400604,0.033275775611400604,0.033545397222042084,0.033275775611400604,0.03339218720793724,0.033275775611400604,0.03352416679263115,0.033275775611400604,0.033275775611400604,0.033275775611400604,0.033275775611400604,0.033275775611400604,0.033275775611400604,0.033275775611400604,0.03328746557235718,0.033275775611400604
2023-12-15,0.03325582668185234,0.03343396633863449,0.033307597041130066,0.03325582668185234,0.03338034451007843,0.03325582668185234,0.03325582668185234,0.03325582668185234,0.03325582668185234,0.03325582668185234,0.033426277339458466,0.0335790179669857,0.03346191346645355,0.03345071151852608,0.03336067497730255,0.03325582668185234,0.0337090790271759,0.03325582668185234,0.03325582668185234,0.03325582668185234,0.03364555910229683,0.03325582668185234,0.03325582668185234,0.03325582668185234,0.03325582668185234,0.03325582668185234,0.03336559236049652,0.03325582668185234,0.033274389803409576,0.03325582668185234
2023-12-16,0.03325694799423218,0.03337888792157173,0.033425770699977875,0.03325694799423218,0.03330131992697716,0.03325694799423218,0.03325694799423218,0.03325694799423218,0.03325694799423218,0.03325694799423218,0.03335128352046013,0.033594269305467606,0.03352077677845955,0.033488716930150986,0.03336465358734131,0.03325694799423218,0.03372017666697502,0.03325694799423218,0.03325694799423218,0.03325694799423218,0.03354215249419212,0.03325694799423218,0.03325694799423218,0.03325694799423218,0.03325694799423218,0.03325694799423218,0.033305976539850235,0.03325694799423218,0.033380988985300064,0.03325694799423218
2023-12-17,0.03325694426894188,0.03337888792157173,0.033425766974687576,0.03325694426894188,0.03330131992697716,0.03325694426894188,0.03325694426894188,0.03325694426894188,0.03325694426894188,0.03325694426894188,0.03335128352046013,0.03359426558017731,0.03352077305316925,0.033488716930150986,0.03336464986205101,0.03325694426894188,0.03372017294168472,0.03325694426894188,0.03325694426894188,0.03325694426894188,0.033542145043611526,0.03325694426894188,0.03325694426894188,0.03325694426894188,0.03325694426894188,0.03325694426894188,0.033305976539850235,0.03325694426894188,0.03338099271059036,0.03325694426894188
2023-12-18,0.03325694426894188,0.03337888792157173,0.033425766974687576,0.03325694426894188,0.03330131992697716,0.03325694426894188,0.03325694426894188,0.03325694426894188,0.03325694426894188,0.03325694426894188,0.03335128352046013,0.03359426558017731,0.03352077305316925,0.033488716930150986,0.03336464986205101,0.03325694426894188,0.03372017294168472,0.03325694426894188,0.03325694426894188,0.03325694426894188,0.033542145043611526,0.03325694426894188,0.03325694426894188,0.03325694426894188,0.03325694426894188,0.03325694426894188,0.033305976539850235,0.03325694426894188,0.03338099271059036,0.03325694426894188
2023-12-19,0.033260125666856766,0.03348414599895477,0.033409394323825836,0.033260125666856766,0.033260125666856766,0.033260125666856766,0.033260125666856766,0.033260125666856766,0.033260125666856766,0.033260125666856766,0.033349230885505676,0.03365303948521614,0.0335366390645504,0.03357124328613281,0.033311791718006134,0.033260125666856766,0.033559367060661316,0.033260125666856766,0.033260125666856766,0.033260125666856766,0.03363249450922012,0.033260125666856766,0.033260125666856766,0.033260125666856766,0.033260125666856766,0.033260125666856766,0.033285751938819885,0.033260125666856766,0.03326448053121567,0.033260125666856766
2023-12-20,0.03325371444225311,0.033523280173540115,0.03342946618795395,0.03325371444225311,0.03338366746902466,0.03325371444225311,0.03325371444225311,0.03325371444225311,0.03325371444225311,0.033263515681028366,0.03350483253598213,0.03357653319835663,0.03338998556137085,0.0335107184946537,0.03325371444225311,0.03325371444225311,0.03352479264140129,0.03325371444225311,0.03325371444225311,0.033406712114810944,0.0335775725543499,0.03325371444225311,0.03325371444225311,0.03325371444225311,0.03325371444225311,0.03325653076171875,0.0333392396569252,0.03325371444225311,0.03325371444225311,0.03325371444225311
2023-12-21,0.033250510692596436,0.033349934965372086,0.033513639122247696,0.033250510692596436,0.03345509618520737,0.033250510692596436,0.033250510692596436,0.033250510692596436,0.033250510692596436,0.033250510692596436,0.03346102312207222,0.033595044165849686,0.03343251347541809,0.033316753804683685,0.033306967467069626,0.033250510692596436,0.03392626345157623,0.033250510692596436,0.033250510692596436,0.033250510692596436,0.0334446020424366,0.033250510692596436,0.033250510692596436,0.033250510692596436,0.033250510692596436,0.033250510692596436,0.033263351768255234,0.033250510692596436,0.03342558071017265,0.033250510692596436
2023-12-22,0.03325049951672554,0.03334984555840492,0.03351375833153725,0.03325049951672554,0.03345511481165886,0.03325049951672554,0.03325049951672554,0.03325049951672554,0.03325049951672554,0.03325049951672554,0.03346103057265282,0.03359508886933327,0.033432621508836746,0.033316656947135925,0.03330696374177933,0.03325049951672554,0.033926382660865784,0.03325049951672554,0.03325049951672554,0.03325049951672554,0.03344457596540451,0.03325049951672554,0.03325049951672554,0.03325049951672554,0.03325049951672554,0.03325049951672554,0.03326336666941643,0.03325049951672554,0.03342553600668907,0.03325049951672554
2023-12-23,0.03324759006500244,0.03345169126987457,0.03346949443221092,0.03324759006500244,0.03350425139069557,0.03324759006500244,0.03324759006500244,0.03324759006500244,0.03324759006500244,0.033294204622507095,0.033463072031736374,0.033525705337524414,0.033506594598293304,0.03345255181193352,0.03329264000058174,0.03324759006500244,0.03356490284204483,0.03324759006500244,0.03324759006500244,0.03324759006500244,0.03356779366731644,0.03324759006500244,0.03324759006500244,0.03324759006500244,0.03324759006500244,0.03324759006500244,0.033450447022914886,0.03324759006500244,0.03324759006500244,0.03324759006500244
2023-12-24,0.03324634209275246,0.03342639282345772,0.033471085131168365,0.03324634209275246,0.03352724015712738,0.03324634209275246,0.03324634209275246,0.03324634209275246,0.03324634209275246,0.033309608697891235,0.03346911445260048,0.03352230042219162,0.03350181132555008,0.0334477573633194,0.033295221626758575,0.03324634209275246,0.03359324485063553,0.03324634209275246,0.03324634209275246,0.03324634209275246,0.03355644270777702,0.03324634209275246,0.03324634209275246,0.03324634209275246,0.03324634209275246,0.03324634209275246,0.033445630222558975,0.03324634209275246,0.03324634209275246,0.03324634209275246
2023-12-25,0.03324699029326439,0.03342460095882416,0.0334700345993042,0.03324699029326439,0.03352374583482742,0.03324699029326439,0.03324699029326439,0.03324699029326439,0.03324699029326439,0.03330427035689354,0.03346588835120201,0.03352269530296326,0.03350187465548515,0.033447448164224625,0.033297110348939896,0.03324699029326439,0.03359682857990265,0.03324699029326439,0.03324699029326439,0.03324699029326439,0.03355584293603897,0.03324699029326439,0.03324699029326439,0.03324699029326439,0.03324699029326439,0.03324699029326439,0.033443745225667953,0.03324699029326439,0.03324699029326439,0.03324699029326439
2023-12-26,0.03324977308511734,0.033417604863643646,0.033464714884757996,0.03324977308511734,0.03350956737995148,0.03324977308511734,0.03324977308511734,0.03324977308511734,0.03324977308511734,0.033283159136772156,0.03345362842082977,0.03352265805006027,0.03350071981549263,0.033445797860622406,0.03330498933792114,0.03324977308511734,0.03361153230071068,0.03324977308511734,0.03324977308511734,0.03324977308511734,0.03355369716882706,0.03324977308511734,0.03324977308511734,0.03324977308511734,0.03324977308511734,0.03324977308511734,0.033436063677072525,0.03324977308511734,0.03324977308511734,0.03324977308511734
2023-12-27,0.03324618935585022,0.03342681750655174,0.03347131237387657,0.03324618935585022,0.03352807089686394,0.03324618935585022,0.03324618935585022,0.03324618935585022,0.03324618935585022,0.03331088274717331,0.03346989303827286,0.03352218493819237,0.033501774072647095,0.03344781696796417,0.03329477459192276,0.03324618935585022,0.03359239175915718,0.03324618935585022,0.03324618935585022,0.03324618935585022,0.03355659171938896,0.03324618935585022,0.03324618935585022,0.03324618935585022,0.03324618935585022,0.03324618935585022,0.03344608470797539,0.03324618935585022,0.03324618935585022,0.03324618935585022
2023-12-28,0.033246081322431564,0.03346080332994461,0.033380936831235886,0.033246081322431564,0.033597055822610855,0.033246081322431564,0.033246081322431564,0.033246081322431564,0.033246081322431564,0.033267900347709656,0.03351453319191933,0.033503904938697815,0.03343895077705383,0.03340764716267586,0.03328290954232216,0.033246081322431564,0.03354504704475403,0.033246081322431564,0.033246081322431564,0.033246081322431564,0.033622946590185165,0.033246081322431564,0.0332484170794487,0.033246081322431564,0.03330929949879646,0.033246081322431564,0.03348226100206375,0.033246081322431564,0.033246081322431564,0.033246081322431564
2023-12-29,0.03324089199304581,0.03348328173160553,0.03343966230750084,0.03324089199304581,0.03357260301709175,0.03324089199304581,0.03324089199304581,0.03324089199304581,0.03324089199304581,0.03324089199304581,0.03360215201973915,0.03344566747546196,0.03330881521105766,0.03348587453365326,0.03331166133284569,0.03324089199304581,0.03358873352408409,0.03324089199304581,0.03324089199304581,0.03324089199304581,0.03356451913714409,0.03324089199304581,0.03324089199304581,0.03326050937175751,0.03338092565536499,0.03324089199304581,0.03346041217446327,0.03324089199304581,0.03324089199304581,0.03324089199304581
2023-12-30,0.03324911743402481,0.03342832997441292,0.033438339829444885,0.03324911743402481,0.033508505672216415,0.03324911743402481,0.03324911743402481,0.03324911743402481,0.03324911743402481,0.03324911743402481,0.03356221690773964,0.03341555595397949,0.03327462449669838,0.03347272425889969,0.03337060287594795,0.03324911743402481,0.03368464484810829,0.03324911743402481,0.03324911743402481,0.03324911743402481,0.03355983644723892,0.03324911743402481,0.033273328095674515,0.03327047452330589,0.033335573971271515,0.03324911743402481,0.033419303596019745,0.03324911743402481,0.03324911743402481,0.03324911743402481
2023-12-31,0.03324935957789421,0.03342876955866814,0.033440276980400085,0.03324935957789421,0.03350928798317909,0.03324935957789421,0.03324935957789421,0.03324935957789421,0.03324935957789421,0.03324935957789421,0.033566392958164215,0.03341258317232132,0.03327389061450958,0.0334724523127079,0.03336958587169647,0.03324935957789421,0.033682920038700104,0.03324935957789421,0.03324935957789421,0.03324935957789421,0.033559203147888184,0.03324935957789421,0.03327032923698425,0.03327152878046036,0.033335961401462555,0.03324935957789421,0.033417027443647385,0.03324935957789421,0.03324935957789421,0.03324935957789421
2024-01-01,0.03325221687555313,0.03343552350997925,0.03346727043390274,0.03325221687555313,0.033517803996801376,0.03325221687555313,0.03325221687555313,0.03325221687555313,0.03325221687555313,0.03325221687555313,0.03362113982439041,0.033371202647686005,0.0332615002989769,0.03346725180745125,0.03335285186767578,0.03325221687555313,0.03366108611226082,0.03325221687555313,0.03325221687555313,0.03325221687555313,0.03354707732796669,0.03325221687555313,0.03325221687555313,0.03328638896346092,0.03334002569317818,0.03325221687555313,0.033383194357156754,0.03325221687555313,0.03325221687555313,0.03325221687555313
2024-01-02,0.03325341269373894,0.03343924880027771,0.03347984701395035,0.03325341269373894,0.03352030739188194,0.03325341269373894,0.03325341269373894,0.03325341269373894,0.03325341269373894,0.03325341269373894,0.03364459052681923,0.033352408558130264,0.033254630863666534,0.033463843166828156,0.033343859016895294,0.03325341269373894,0.03365272656083107,0.03325341269373894,0.03325341269373894,0.03325341269373894,0.033539533615112305,0.03325341269373894,0.03325341269373894,0.033293403685092926,0.03334137052297592,0.03325341269373894,0.033366236835718155,0.03325341269373894,0.03325341269373894,0.03325341269373894
2024-01-03,0.033229414373636246,0.03348705172538757,0.03351529315114021,0.033229414373636246,0.03365345299243927,0.033229414373636246,0.033229414373636246,0.033229414373636246,0.033229414373636246,0.033229414373636246,0.0337199829518795,0.03335857763886452,0.03326582536101341,0.03356334567070007,0.033229414373636246,0.033229414373636246,0.03346073254942894,0.03325648978352547,0.033229414373636246,0.033229414373636246,0.03351760283112526,0.033229414373636246,0.033229414373636246,0.033343356102705,0.033393435180187225,0.03329678252339363,0.033497389405965805,0.033229414373636246,0.033229414373636246,0.033229414373636246
2024-01-04,0.03321802243590355,0.033503029495477676,0.03344277665019035,0.03321802243590355,0.033672455698251724,0.03321802243590355,0.03321802243590355,0.03321802243590355,0.03321802243590355,0.03321802243590355,0.033743031322956085,0.03321802243590355,0.0333099365234375,0.03341113403439522,0.03332192078232765,0.03321802243590355,0.03330299258232117,0.03347727656364441,0.03321802243590355,0.03321802243590355,0.033346910029649734,0.03330305591225624,0.03321802243590355,0.03332114219665527,0.03322785720229149,0.03353751078248024,0.033610034734010696,0.03321802243590355,0.03341662883758545,0.03321802243590355
2024-01-05,0.03322310000658035,0.03346762806177139,0.03353744372725487,0.03322310000658035,0.0336381159722805,0.03322310000658035,0.03322310000658035,0.03322310000658035,0.03322310000658035,0.03322310000658035,0.03376348316669464,0.03322310000658035,0.03322310000658035,0.03351430967450142,0.03322310000658035,0.03322310000658035,0.033446550369262695,0.03343892842531204,0.03322310000658035,0.03322310000658035,0.03345960006117821,0.03322310000658035,0.03322310000658035,0.03335534781217575,0.03334905952215195,0.03345487639307976,0.03353413566946983,0.03322310000658035,0.03324784338474274,0.03322310000658035
2024-01-06,0.0332222580909729,0.033354148268699646,0.03337622806429863,0.0332222580909729,0.033762648701667786,0.0332222580909729,0.0332222580909729,0.0332222580909729,0.0332222580909729,0.0332222580909729,0.033815737813711166,0.03333256021142006,0.03327609971165657,0.03341498225927353,0.0332222580909729,0.03329753130674362,0.033312276005744934,0.033511631190776825,0.0332222580909729,0.033322934061288834,0.033455826342105865,0.0332222580909729,0.0332222580909729,0.033225227147340775,0.0332222580909729,0.03355655446648598,0.03341064974665642,0.0332222580909729,0.03346332907676697,0.0332222580909729
2024-01-07,0.0332222580909729,0.033354148268699646,0.03337622806429863,0.0332222580909729,0.033762648701667786,0.0332222580909729,0.0332222580909729,0.0332222580909729,0.0332222580909729,0.0332222580909729,0.033815737813711166,0.03333256021142006,0.03327609971165657,0.03341498225927353,0.0332222580909729,0.03329753130674362,0.033312276005744934,0.033511631190776825,0.0332222580909729,0.033322934061288834,0.033455826342105865,0.0332222580909729,0.0332222580909729,0.033225227147340775,0.0332222580909729,0.03355655446648598,0.03341064974665642,0.0332222580909729,0.03346332907676697,0.0332222580909729
2024-01-08,0.0332222580909729,0.033354148268699646,0.03337622806429863,0.0332222580909729,0.033762648701667786,0.0332222580909729,0.0332222580909729,0.0332222580909729,0.0332222580909729,0.0332222580909729,0.03381573408842087,0.03333256021142006,0.03327609971165657,0.03341498225927353,0.0332222580909729,0.03329753130674362,0.033312276005744934,0.033511631190776825,0.0332222580909729,0.033322934061288834,0.033455830067396164,0.0332222580909729,0.0332222580909729,0.033225227147340775,0.0332222580909729,0.03355655446648598,0.03341064974665642,0.0332222580909729,0.03346332907676697,0.0332222580909729
2024-01-09,0.03323286771774292,0.03338298201560974,0.03323286771774292,0.03323286771774292,0.03361323103308678,0.03323286771774292,0.03323286771774292,0.033337462693452835,0.03323286771774292,0.03323286771774292,0.03363595902919769,0.0334666408598423,0.033308785408735275,0.03354068845510483,0.03332403302192688,0.03323286771774292,0.03349560871720314,0.03334912657737732,0.03323286771774292,0.03323286771774292,0.03351636230945587,0.03323286771774292,0.03323286771774292,0.03327591344714165,0.03323286771774292,0.033353738486766815,0.03339651599526405,0.03323286771774292,0.033509884029626846,0.03323286771774292
2024-01-10,0.03324680030345917,0.03351428359746933,0.0333736389875412,0.03324680030345917,0.033402346074581146,0.03324680030345917,0.03324680030345917,0.03330400586128235,0.03324680030345917,0.03324680030345917,0.033667389303445816,0.033376991748809814,0.03324680030345917,0.033582109957933426,0.03324680030345917,0.03324680030345917,0.0335380919277668,0.03324680030345917,0.03324680030345917,0.0333247072994709,0.03355918079614639,0.03324680030345917,0.03324680030345917,0.03335123881697655,0.03324680030345917,0.03342305123806,0.03337889164686203,0.03324680030345917,0.03325521573424339,0.03324680030345917
2024-01-11,0.033245749771595,0.03347674757242203,0.03346884250640869,0.033245749771595,0.033359501510858536,0.033245749771595,0.033245749771595,0.033245749771595,0.033245749771595,0.033245749771595,0.03366401419043541,0.03345058113336563,0.033245749771595,0.03348170220851898,0.033245749771595,0.033245749771595,0.03368382528424263,0.033245749771595,0.033245749771595,0.03341428562998772,0.03359952196478844,0.033245749771595,0.033245749771595,0.033245749771595,0.033245749771595,0.0334397591650486,0.033291902393102646,0.033245749771595,0.033245749771595,0.033245749771595
2024-01-12,0.0332595519721508,0.033325083553791046,0.03342560678720474,0.0332595519721508,0.03339223563671112,0.0332595519721508,0.0332595519721508,0.0332595519721508,0.0332595519721508,0.0332595519721508,0.03369271755218506,0.0332595519721508,0.0332595519721508,0.03344458341598511,0.0332595519721508,0.0332595519721508,0.033722322434186935,0.0332595519721508,0.0332595519721508,0.03341611102223396,0.03360774740576744,0.0332595519721508,0.0332595519721508,0.03328566998243332,0.0332595519721508,0.03349689394235611,0.0332595519721508,0.0332595519721508,0.0332595519721508,0.0332595519721508
2024-01-13,0.03325473889708519,0.03335495665669441,0.03353341668844223,0.03325473889708519,0.033518679440021515,0.03325473889708519,0.03325473889708519,0.03325473889708519,0.03325473889708519,0.03325473889708519,0.03360957279801369,0.03325473889708519,0.03325473889708519,0.033481333404779434,0.03325473889708519,0.03325473889708519,0.033523183315992355,0.03326229378581047,0.03325473889708519,0.03325473889708519,0.03355424106121063,0.03325473889708519,0.03325473889708519,0.0333101786673069,0.03336748853325844,0.03343754634261131,0.033461794257164,0.03325473889708519,0.03325473889708519,0.03325473889708519
2024-01-14,0.03325391933321953,0.03335443139076233,0.033532239496707916,0.03325391933321953,0.033512115478515625,0.03325391933321953,0.03325391933321953,0.03325391933321953,0.03325391933321953,0.03325391933321953,0.033626727759838104,0.03325391933321953,0.03325391933321953,0.03347449377179146,0.03325391933321953,0.03325391933321953,0.03352420777082443,0.03325391933321953,0.03325391933321953,0.03325391933321953,0.03358498588204384,0.03325391933321953,0.03325391933321953,0.033319614827632904,0.0333448126912117,0.033431801944971085,0.0334700345993042,0.03325391933321953,0.03325391933321953,0.03325391933321953
2024-01-15,0.03324905037879944,0.033321090042591095,0.03346044197678566,0.03324905037879944,0.03351941704750061,0.03324905037879944,0.03324905037879944,0.03324905037879944,0.03324905037879944,0.03324905037879944,0.03370616212487221,0.03324905037879944,0.03325030580163002,0.03350439667701721,0.03324905037879944,0.03324905037879944,0.033522024750709534,0.03324905037879944,0.03324905037879944,0.03336476534605026,0.03369956463575363,0.03324905037879944,0.03324905037879944,0.03329368308186531,0.033256832510232925,0.03345196694135666,0.03341543301939964,0.03324905037879944,0.03324905037879944,0.03324905037879944
2024-01-16,0.033247847110033035,0.03330964222550392,0.033426061272621155,0.033247847110033035,0.03353944420814514,0.033247847110033035,0.033247847110033035,0.033247847110033035,0.033247847110033035,0.033247847110033035,0.033723488450050354,0.03325721248984337,0.033247847110033035,0.03353805094957352,0.033247847110033035,0.033247847110033035,0.03351849690079689,0.033247847110033035,0.033247847110033035,0.03342180699110031,0.033697862178087234,0.033247847110033035,0.033247847110033035,0.033247847110033035,0.033256977796554565,0.03347373753786087,0.03337596729397774,0.033247847110033035,0.033247847110033035,0.033247847110033035
2024-01-17,0.03324764594435692,0.03344489634037018,0.03358084335923195,0.03324764594435692,0.03343170881271362,0.03324764594435692,0.03324764594435692,0.03324764594435692,0.03324764594435692,0.03324764594435692,0.03351319953799248,0.03324764594435692,0.03324764594435692,0.03341894596815109,0.03336352854967117,0.03324764594435692,0.03344648331403732,0.03324764594435692,0.03324764594435692,0.033360712230205536,0.03343772143125534,0.03324764594435692,0.03324764594435692,0.03343223035335541,0.03346148878335953,0.033435188233852386,0.0333658903837204,0.03324764594435692,0.03330770507454872,0.03328482434153557
2024-01-18,0.0332193523645401,0.033432215452194214,0.033711884170770645,0.0332193523645401,0.03355279937386513,0.0332193523645401,0.0332193523645401,0.0332193523645401,0.0332193523645401,0.0332193523645401,0.03356381505727768,0.0332193523645401,0.0332193523645401,0.03333808481693268,0.033432114869356155,0.0332193523645401,0.0336700975894928,0.0332193523645401,0.0332193523645401,0.0334358848631382,0.03335054963827133,0.0332193523645401,0.0332193523645401,0.03351210057735443,0.0333387665450573,0.03342229500412941,0.0332193523645401,0.0332193523645401,0.03339330852031708,0.03333645686507225
2024-01-19,0.03323163464665413,0.033458560705184937,0.03369130566716194,0.03323163464665413,0.033422473818063736,0.03323163464665413,0.03323163464665413,0.03323163464665413,0.03323163464665413,0.03323163464665413,0.0334928035736084,0.03323163464665413,0.03323163464665413,0.03339429199695587,0.03336430713534355,0.03328908607363701,0.03359716013073921,0.03323163464665413,0.03323163464665413,0.033405203372240067,0.03337188437581062,0.03323163464665413,0.03323163464665413,0.033443648368120193,0.03341478481888771,0.0334227979183197,0.033255089074373245,0.03323163464665413,0.0332951545715332,0.033438604325056076
2024-01-20,0.03324871510267258,0.03337070345878601,0.03346245363354683,0.03324871510267258,0.033380623906850815,0.03324871510267258,0.03324871510267258,0.03324871510267258,0.03324871510267258,0.03324871510267258,0.03333498165011406,0.03324871510267258,0.03324871510267258,0.03345354646444321,0.033472511917352676,0.03324871510267258,0.033444538712501526,0.03324871510267258,0.03324871510267258,0.033338405191898346,0.03352469205856323,0.03324871510267258,0.03324871510267258,0.033377885818481445,0.033469777554273605,0.03341437876224518,0.033480722457170486,0.03324871510267258,0.03339705988764763,0.03334706276655197
2024-01-21,0.033264998346567154,0.03336295485496521,0.033329423516988754,0.033264998346567154,0.03350098803639412,0.033264998346567154,0.033264998346567154,0.033264998346567154,0.033264998346567154,0.033264998346567154,0.033348824828863144,0.033264998346567154,0.03331271931529045,0.03335777297616005,0.033506929874420166,0.033264998346567154,0.033393945544958115,0.033264998346567154,0.033264998346567154,0.033264998346567154,0.03356116637587547,0.033318426460027695,0.033264998346567154,0.03330233320593834,0.03335602208971977,0.033408474177122116,0.03347324579954147,0.033264998346567154,0.033442892134189606,0.03331386297941208
2024-01-22,0.03326500207185745,0.03336714580655098,0.03333548828959465,0.03326500207185745,0.03350372239947319,0.03326500207185745,0.03326500207185745,0.03326500207185745,0.03326500207185745,0.03326500207185745,0.033355697989463806,0.03326500207185745,0.03331062197685242,0.03335597738623619,0.03350129723548889,0.03326500207185745,0.03339490294456482,0.03326500207185745,0.03326500207185745,0.03326500207185745,0.03355708345770836,0.03331436961889267,0.03326500207185745,0.03330354392528534,0.03335529565811157,0.033411916345357895,0.03346795588731766,0.03326500207185745,0.03344260901212692,0.033312298357486725
2024-01-23,0.033223073929548264,0.033379849046468735,0.03355007991194725,0.033223073929548264,0.03351764753460884,0.033223073929548264,0.033223073929548264,0.033223073929548264,0.033223073929548264,0.033223073929548264,0.033436909317970276,0.033249448984861374,0.03329953923821449,0.03345781937241554,0.033487290143966675,0.033223073929548264,0.03369183838367462,0.033223073929548264,0.033223073929548264,0.033356957137584686,0.03357483819127083,0.033223073929548264,0.033223073929548264,0.033429622650146484,0.03329054266214371,0.03340309113264084,0.03349696099758148,0.033223073929548264,0.033223073929548264,0.03325442969799042
2024-01-24,0.03321828320622444,0.03344940394163132,0.03364467993378639,0.03321828320622444,0.03359656408429146,0.03321828320622444,0.03321828320622444,0.03321828320622444,0.03321828320622444,0.03321828320622444,0.03337327018380165,0.03321828320622444,0.03321828320622444,0.03367774561047554,0.03346208855509758,0.033294931054115295,0.03354480862617493,0.03321828320622444,0.03321828320622444,0.03331201896071434,0.033644407987594604,0.03329463303089142,0.03321828320622444,0.03329325467348099,0.03334967419505119,0.0333007276058197,0.03347395732998848,0.03321828320622444,0.03321828320622444,0.03323182463645935
2024-01-25,0.033220987766981125,0.03344752639532089,0.03365291655063629,0.033220987766981125,0.033512189984321594,0.033220987766981125,0.033220987766981125,0.033220987766981125,0.033220987766981125,0.033220987766981125,0.03340008109807968,0.033220987766981125,0.033220987766981125,0.03353511542081833,0.0334630087018013,0.033248171210289,0.03365086764097214,0.03329435735940933,0.033220987766981125,0.03337867930531502,0.033596221357584,0.033220987766981125,0.033220987766981125,0.03339282423257828,0.03336174413561821,0.03334878012537956,0.03334615007042885,0.033220987766981125,0.033220987766981125,0.03327760472893715
2024-01-26,0.033242858946323395,0.03339966759085655,0.033389922231435776,0.033242858946323395,0.0334116667509079,0.033242858946323395,0.033242858946323395,0.033242858946323395,0.033242858946323395,0.033242858946323395,0.033373232930898666,0.033242858946323395,0.033242858946323395,0.03349858894944191,0.03344403952360153,0.033242858946323395,0.03348216414451599,0.033242858946323395,0.033242858946323395,0.033319152891635895,0.03351885825395584,0.033242858946323395,0.033242858946323395,0.03350406140089035,0.033378757536411285,0.033510055392980576,0.033606018871068954,0.033242858946323395,0.03327806666493416,0.033242858946323395
2024-01-27,0.033217545598745346,0.03323271498084068,0.03357627987861633,0.033217545598745346,0.033425748348236084,0.033217545598745346,0.033217545598745346,0.033217545598745346,0.033217545598745346,0.033217545598745346,0.03338529169559479,0.033217545598745346,0.033284448087215424,0.03352190554141998,0.033514637500047684,0.033217545598745346,0.03359668701887131,0.033333681523799896,0.033217545598745346,0.03335624560713768,0.03350590914487839,0.033238623291254044,0.033217545598745346,0.03332475200295448,0.033278513699769974,0.033487457782030106,0.033654067665338516,0.033217545598745346,0.033454958349466324,0.033217545598745346
2024-01-28,0.03321586549282074,0.03321586549282074,0.0335528627038002,0.03321586549282074,0.03351631388068199,0.03321586549282074,0.03321586549282074,0.03321586549282074,0.03321586549282074,0.03321586549282074,0.03344187140464783,0.03321586549282074,0.03323900327086449,0.03349737823009491,0.03351301699876785,0.03321586549282074,0.03368266671895981,0.03335856646299362,0.03321586549282074,0.03322634845972061,0.03346319869160652,0.03324579820036888,0.03321586549282074,0.033353082835674286,0.033293385058641434,0.03346877545118332,0.033602576702833176,0.03321586549282074,0.03352302685379982,0.03321586549282074
2024-01-29,0.03321586549282074,0.03321586549282074,0.033552855253219604,0.03321586549282074,0.03351632505655289,0.03321586549282074,0.03321586549282074,0.03321586549282074,0.03321586549282074,0.03321586549282074,0.03344186767935753,0.03321586549282074,0.03323900327086449,0.03349738195538521,0.03351302444934845,0.03321586549282074,0.03368266671895981,0.033358555287122726,0.03321586549282074,0.03322634473443031,0.03346319869160652,0.033245790749788284,0.03321586549282074,0.033353086560964584,0.033293381333351135,0.033468764275312424,0.03360257297754288,0.03321586549282074,0.03352302685379982,0.03321586549282074
2024-01-30,0.033229004591703415,0.033229004591703415,0.03354187309741974,0.033229004591703415,0.03362751752138138,0.033229004591703415,0.033229004591703415,0.033229004591703415,0.033229004591703415,0.033229004591703415,0.03334793075919151,0.033229004591703415,0.03332177549600601,0.03336499631404877,0.033546168357133865,0.033229004591703415,0.03362983092665672,0.03339044004678726,0.033229004591703415,0.033229004591703415,0.03349396586418152,0.033365122973918915,0.033229004591703415,0.033229004591703415,0.033229004591703415,0.03343240171670914,0.033580098301172256,0.033229004591703415,0.03346480429172516,0.033229004591703415
2024-01-31,0.03325606510043144,0.03325606510043144,0.03325606510043144,0.03325606510043144,0.0337238647043705,0.03325606510043144,0.03325606510043144,0.03325606510043144,0.03325606510043144,0.03325606510043144,0.033541228622198105,0.03329574689269066,0.033351823687553406,0.0333598256111145,0.03335057571530342,0.03325606510043144,0.03365396335721016,0.03325606510043144,0.03325606510043144,0.03325606510043144,0.033739082515239716,0.03325606510043144,0.03325606510043144,0.03329610452055931,0.03325606510043144,0.03329629451036453,0.03352626785635948,0.03325606510043144,0.03325606510043144,0.03325606510043144
2024-02-01,0.0332501046359539,0.033312778919935226,0.03346272557973862,0.0332501046359539,0.033794671297073364,0.0332501046359539,0.0332501046359539,0.0332501046359539,0.0332501046359539,0.0332501046359539,0.03354550898075104,0.0332501046359539,0.0332501046359539,0.03331451863050461,0.033331599086523056,0.0332501046359539,0.03353830799460411,0.03351334109902382,0.0332501046359539,0.0332501046359539,0.03368967026472092,0.0332501046359539,0.0332501046359539,0.0332501046359539,0.03333696722984314,0.03335282951593399,0.03330516442656517,0.0332501046359539,0.0332501046359539,0.0332501046359539
2024-02-02,0.03325020894408226,0.03325020894408226,0.03328862413764,0.03325020894408226,0.033636678010225296,0.03325020894408226,0.03325020894408226,0.03325020894408226,0.03325020894408226,0.03325020894408226,0.03356624394655228,0.03325020894408226,0.03325791284441948,0.03353661671280861,0.03336199373006821,0.033258114010095596,0.03334728255867958,0.03335411474108696,0.03325020894408226,0.03325020894408226,0.03342284634709358,0.03325020894408226,0.03325020894408226,0.033510465174913406,0.03325020894408226,0.03341326862573624,0.033692944794893265,0.03325020894408226,0.03334958478808403,0.03325020894408226
2024-02-03,0.03324023634195328,0.03324023634195328,0.0334329679608345,0.03324023634195328,0.033697567880153656,0.03324023634195328,0.03324023634195328,0.03324023634195328,0.03324023634195328,0.03324023634195328,0.03336804360151291,0.03329548239707947,0.03326920419931412,0.03339949995279312,0.03347193822264671,0.03324023634195328,0.03349862992763519,0.03337866812944412,0.03324023634195328,0.03324023634195328,0.03380390256643295,0.03334764763712883,0.03324023634195328,0.0332956537604332,0.03329021483659744,0.0333406962454319,0.03345126286149025,0.03324023634195328,0.03329533711075783,0.03324023634195328
2024-02-04,0.033243898302316666,0.033243898302316666,0.033312369138002396,0.033243898302316666,0.03372626751661301,0.033243898302316666,0.033243898302316666,0.033243898302316666,0.033243898302316666,0.033243898302316666,0.033394988626241684,0.033243898302316666,0.033243898302316666,0.03344050794839859,0.03351300209760666,0.033243898302316666,0.03350171446800232,0.03327508643269539,0.033243898302316666,0.033243898302316666,0.03366952762007713,0.033243898302316666,0.033243898302316666,0.03335796669125557,0.033243898302316666,0.03343255817890167,0.03355715423822403,0.033243898302316666,0.03342874348163605,0.033243898302316666
2024-02-05,0.033241402357816696,0.03325327858328819,0.033416759222745895,0.033241402357816696,0.033730071038007736,0.033241402357816696,0.033241402357816696,0.033241402357816696,0.033241402357816696,0.033241402357816696,0.0335809625685215,0.033241402357816696,0.033241402357816696,0.03336894512176514,0.03341987729072571,0.033241402357816696,0.03352377191185951,0.033241402357816696,0.033241402357816696,0.033241402357816696,0.03358865901827812,0.033241402357816696,0.033241402357816696,0.033430762588977814,0.03324248269200325,0.0335044264793396,0.03346214070916176,0.033241402357816696,0.03337397053837776,0.033241402357816696
2024-02-06,0.033218421041965485,0.033218421041965485,0.03348926827311516,0.033218421041965485,0.03363284468650818,0.033218421041965485,0.033218421041965485,0.033218421041965485,0.033218421041965485,0.033218421041965485,0.033581674098968506,0.033218421041965485,0.033218421041965485,0.03329715132713318,0.033415235579013824,0.033218421041965485,0.03343837335705757,0.03343546390533447,0.033218421041965485,0.03348960354924202,0.03349189832806587,0.033218421041965485,0.033218421041965485,0.0333753265440464,0.033218421041965485,0.03357433155179024,0.033496588468551636,0.03325595334172249,0.03353157266974449,0.033218421041965485
2024-02-07,0.03323569521307945,0.03323569521307945,0.03358626365661621,0.03323569521307945,0.03370936959981918,0.03323569521307945,0.03323569521307945,0.03323569521307945,0.03323569521307945,0.03323569521307945,0.03365754708647728,0.03323569521307945,0.03323722258210182,0.03323569521307945,0.03323569521307945,0.03323569521307945,0.03352074697613716,0.033399153500795364,0.03323569521307945,0.03351190686225891,0.033679306507110596,0.03323569521307945,0.03323569521307945,0.03331499546766281,0.03323569521307945,0.0334523469209671,0.0333872027695179,0.03323569521307945,0.03330139070749283,0.03323569521307945
2024-02-08,0.03323773667216301,0.03323773667216301,0.0336817242205143,0.03323773667216301,0.03333880379796028,0.03323773667216301,0.03323773667216301,0.03323773667216301,0.03323773667216301,0.03323773667216301,0.03362973779439926,0.03323773667216301,0.03323773667216301,0.03334985673427582,0.03323773667216301,0.033323802053928375,0.0339227132499218,0.03351211920380592,0.03323773667216301,0.03338821232318878,0.03342600166797638,0.03323773667216301,0.03323773667216301,0.03337356075644493,0.03323773667216301,0.033381715416908264,0.03339246287941933,0.03323773667216301,0.03323773667216301,0.03323773667216301
2024-02-09,0.03323773667216301,0.03323773667216301,0.0336817242205143,0.03323773667216301,0.03333880379796028,0.03323773667216301,0.03323773667216301,0.03323773667216301,0.03323773667216301,0.03323773667216301,0.03362973779439926,0.03323773667216301,0.03323773667216301,0.03334985673427582,0.03323773667216301,0.033323802053928375,0.0339227132499218,0.03351211920380592,0.03323773667216301,0.03338821232318878,0.03342600166797638,0.03323773667216301,0.03323773667216301,0.03337356075644493,0.03323773667216301,0.033381715416908264,0.03339246287941933,0.03323773667216301,0.03323773667216301,0.03323773667216301
2024-02-10,0.03323773667216301,0.03323773667216301,0.0336817242205143,0.03323773667216301,0.03333880379796028,0.03323773667216301,0.03323773667216301,0.03323773667216301,0.03323773667216301,0.03323773667216301,0.03362973779439926,0.03323773667216301,0.03323773667216301,0.03334985673427582,0.03323773667216301,0.033323802053928375,0.0339227132499218,0.03351211920380592,0.03323773667216301,0.03338821232318878,0.03342600166797638,0.03323773667216301,0.03323773667216301,0.03337356075644493,0.03323773667216301,0.033381715416908264,0.03339246287941933,0.03323773667216301,0.03323773667216301,0.03323773667216301
2024-02-11,0.03323773667216301,0.03323773667216301,0.0336817242205143,0.03323773667216301,0.03333880379796028,0.03323773667216301,0.03323773667216301,0.03323773667216301,0.03323773667216301,0.03323773667216301,0.03362973779439926,0.03323773667216301,0.03323773667216301,0.03334985673427582,0.03323773667216301,0.033323802053928375,0.0339227132499218,0.03351211920380592,0.03323773667216301,0.03338821232318878,0.03342600166797638,0.03323773667216301,0.03323773667216301,0.03337356075644493,0.03323773667216301,0.033381715416908264,0.03339246287941933,0.03323773667216301,0.03323773667216301,0.03323773667216301
2024-02-12,0.03323773667216301,0.03323773667216301,0.0336817242205143,0.03323773667216301,0.03333880379796028,0.03323773667216301,0.03323773667216301,0.03323773667216301,0.03323773667216301,0.03323773667216301,0.03362973779439926,0.03323773667216301,0.03323773667216301,0.03334985673427582,0.03323773667216301,0.033323802053928375,0.0339227132499218,0.03351211920380592,0.03323773667216301,0.03338821232318878,0.03342600166797638,0.03323773667216301,0.03323773667216301,0.03337356075644493,0.03323773667216301,0.033381715416908264,0.03339246287941933,0.03323773667216301,0.03323773667216301,0.03323773667216301
2024-02-13,0.0332522951066494,0.0332522951066494,0.03354574739933014,0.0332522951066494,0.033389292657375336,0.0332522951066494,0.0332522951066494,0.0332522951066494,0.0332522951066494,0.0332522951066494,0.03361831232905388,0.0332522951066494,0.033276528120040894,0.033442843705415726,0.0333043672144413,0.0332522951066494,0.033966295421123505,0.03329542279243469,0.0332522951066494,0.03331688791513443,0.033453959971666336,0.0332522951066494,0.0332522951066494,0.03348350524902344,0.0332522951066494,0.03325745463371277,0.03333812952041626,0.03327462449669838,0.0332522951066494,0.0332522951066494
2024-02-14,0.03323773667216301,0.03323773667216301,0.0336817242205143,0.03323773667216301,0.03333880379796028,0.03323773667216301,0.03323773667216301,0.03323773667216301,0.03323773667216301,0.03323773667216301,0.03362973779439926,0.03323773667216301,0.03323773667216301,0.03334985673427582,0.03323773667216301,0.033323802053928375,0.0339227132499218,0.03351211920380592,0.03323773667216301,0.03338821232318878,0.03342600166797638,0.03323773667216301,0.03323773667216301,0.03337356075644493,0.03323773667216301,0.033381715416908264,0.03339246287941933,0.03323773667216301,0.03323773667216301,0.03323773667216301
2024-02-15,0.033248577266931534,0.033248577266931534,0.03357730060815811,0.033248577266931534,0.033426664769649506,0.033248577266931534,0.033248577266931534,0.033248577266931534,0.033248577266931534,0.033248577266931534,0.033560678362846375,0.033248577266931534,0.03326806426048279,0.03329451382160187,0.033248577266931534,0.033299896866083145,0.03391670063138008,0.03351140394806862,0.033265773206949234,0.03335759788751602,0.03345046192407608,0.033248577266931534,0.033248577266931534,0.03329603746533394,0.033248577266931534,0.033369213342666626,0.03342839702963829,0.033248577266931534,0.033248577266931534,0.033248577266931534
2024-02-16,0.03326212242245674,0.03326212242245674,0.033440254628658295,0.03326212242245674,0.03346065431833267,0.03326212242245674,0.03326212242245674,0.03326212242245674,0.03326212242245674,0.03326212242245674,0.03354007005691528,0.03326212242245674,0.033329952508211136,0.0333881750702858,0.03331951051950455,0.03326212242245674,0.03392636030912399,0.03331327810883522,0.03326212242245674,0.03327888622879982,0.033487606793642044,0.03326212242245674,0.03326212242245674,0.03339051455259323,0.03326212242245674,0.03326212242245674,0.03336549922823906,0.033303163945674896,0.03326212242245674,0.03326212242245674
2024-02-17,0.03322681412100792,0.03322681412100792,0.03364165499806404,0.03322681412100792,0.03337714448571205,0.03322681412100792,0.03322681412100792,0.03322681412100792,0.03322681412100792,0.03322681412100792,0.03362896665930748,0.03322681412100792,0.03322681412100792,0.03332940489053726,0.03322681412100792,0.03341851010918617,0.03388311341404915,0.033510904759168625,0.03322681412100792,0.033395301550626755,0.03348085284233093,0.03322681412100792,0.03322681412100792,0.03339860960841179,0.03322681412100792,0.03346339613199234,0.03338951990008354,0.03322681412100792,0.03322681412100792,0.03322681412100792
2024-02-18,0.03323815017938614,0.03323815017938614,0.033677443861961365,0.03323815017938614,0.03334272280335426,0.03323815017938614,0.03323815017938614,0.03323815017938614,0.03323815017938614,0.03323815017938614,0.03362540528178215,0.03323815017938614,0.03323815017938614,0.033346354961395264,0.03323815017938614,0.033325064927339554,0.033922094851732254,0.03351346403360367,0.03323815017938614,0.03338738530874252,0.033428069204092026,0.03323815017938614,0.03323815017938614,0.03336939960718155,0.03323815017938614,0.033381108194589615,0.03339475765824318,0.03323815017938614,0.03323815017938614,0.03323815017938614
2024-02-19,0.03324849158525467,0.03324849158525467,0.03357856720685959,0.03324849158525467,0.033425699919462204,0.03324849158525467,0.03324849158525467,0.03324849158525467,0.03324849158525467,0.03324849158525467,0.03356118127703667,0.03324849158525467,0.03326763957738876,0.03329512104392052,0.03324849158525467,0.03330052271485329,0.03391678258776665,0.033511728048324585,0.03326442837715149,0.03335809335112572,0.03345029428601265,0.03324849158525467,0.03324849158525467,0.03329667076468468,0.03324849158525467,0.03336925432085991,0.033428169786930084,0.03324849158525467,0.03324849158525467,0.03324849158525467
2024-02-20,0.033248577266931534,0.033248577266931534,0.033577293157577515,0.033248577266931534,0.0334266722202301,0.033248577266931534,0.033248577266931534,0.033248577266931534,0.033248577266931534,0.033248577266931534,0.033560674637556076,0.033248577266931534,0.03326806798577309,0.033294517546892166,0.033248577266931534,0.03329988941550255,0.03391670063138008,0.03351139649748802,0.033265769481658936,0.03335759416222572,0.03345046192407608,0.033248577266931534,0.033248577266931534,0.03329604119062424,0.033248577266931534,0.03336920216679573,0.03342839702963829,0.033248577266931534,0.033248577266931534,0.033248577266931534
2024-02-21,0.03324156627058983,0.03324156627058983,0.03355203568935394,0.03324156627058983,0.03338572755455971,0.03324156627058983,0.03324156627058983,0.03324156627058983,0.03324156627058983,0.03324156627058983,0.03360509127378464,0.03324156627058983,0.033259257674217224,0.033454570919275284,0.03332589566707611,0.03324156627058983,0.03397510200738907,0.033287499099969864,0.03324156627058983,0.03333715349435806,0.033511288464069366,0.03324156627058983,0.03324156627058983,0.03348586708307266,0.03324156627058983,0.03326200693845749,0.03338013216853142,0.03331341966986656,0.03324156627058983,0.03324156627058983
2024-02-22,0.03323915973305702,0.03323915973305702,0.033554911613464355,0.03323915973305702,0.03338347375392914,0.03323915973305702,0.03323915973305702,0.03323915973305702,0.03323915973305702,0.03323915973305702,0.03360031545162201,0.03323915973305702,0.03325067460536957,0.03346098214387894,0.033329807221889496,0.03323924541473389,0.03397485613822937,0.033283304423093796,0.03323915973305702,0.03334249556064606,0.03352430835366249,0.03323915973305702,0.03323915973305702,0.03348543867468834,0.03323915973305702,0.03326842561364174,0.03339111804962158,0.03332321718335152,0.03323915973305702,0.03323915973305702
2024-02-23,0.03324766457080841,0.03324766457080841,0.03351211175322533,0.03324766457080841,0.03326288238167763,0.03324766457080841,0.03324766457080841,0.03324766457080841,0.03324766457080841,0.03324766457080841,0.033637888729572296,0.03330102190375328,0.03324766457080841,0.03343677148222923,0.03324766457080841,0.03335423022508621,0.03377954661846161,0.033326487988233566,0.03324766457080841,0.03342505916953087,0.033542294055223465,0.03324766457080841,0.03324766457080841,0.03343997150659561,0.03324766457080841,0.033414077013731,0.03335731104016304,0.03324766457080841,0.03324766457080841,0.03324766457080841
2024-02-24,0.03324766457080841,0.03324766457080841,0.03351211175322533,0.03324766457080841,0.03326288238167763,0.03324766457080841,0.03324766457080841,0.03324766457080841,0.03324766457080841,0.03324766457080841,0.033637888729572296,0.03330102190375328,0.03324766457080841,0.03343677148222923,0.03324766457080841,0.03335423022508621,0.03377954661846161,0.033326487988233566,0.03324766457080841,0.03342505916953087,0.033542294055223465,0.03324766457080841,0.03324766457080841,0.03343997150659561,0.03324766457080841,0.033414077013731,0.03335731104016304,0.03324766457080841,0.03324766457080841,0.03324766457080841
2024-02-25,0.03324766829609871,0.03324766829609871,0.03351211175322533,0.03324766829609871,0.03326288238167763,0.03324766829609871,0.03324766829609871,0.03324766829609871,0.03324766829609871,0.03324766829609871,0.033637892454862595,0.03330102562904358,0.03324766829609871,0.03343677520751953,0.03324766829609871,0.03335423022508621,0.03377955034375191,0.033326487988233566,0.03324766829609871,0.03342505544424057,0.03354230150580406,0.03324766829609871,0.03324766829609871,0.03343997523188591,0.03324766829609871,0.0334140807390213,0.03335731104016304,0.03324766829609871,0.03324766829609871,0.03324766829609871
2024-02-26,0.03324786573648453,0.03324786573648453,0.033540379256010056,0.03324786573648453,0.03327871486544609,0.03324786573648453,0.03324786573648453,0.03324786573648453,0.03324786573648453,0.03324786573648453,0.033646147698163986,0.03329499438405037,0.03324786573648453,0.03343131020665169,0.03324786573648453,0.033339157700538635,0.03379564359784126,0.03331703320145607,0.03324786573648453,0.033399149775505066,0.033558670431375504,0.03324786573648453,0.03324786573648453,0.03343553468585014,0.03324786573648453,0.0334104560315609,0.033339131623506546,0.03324786573648453,0.03324786573648453,0.03324786573648453
2024-02-27,0.03324763849377632,0.03324763849377632,0.0335119254887104,0.03324763849377632,0.03326406702399254,0.03324763849377632,0.03324763849377632,0.03324763849377632,0.03324763849377632,0.03324763849377632,0.03363795205950737,0.033300384879112244,0.03324763849377632,0.03343652933835983,0.03324763849377632,0.033354081213474274,0.033780407160520554,0.0333263985812664,0.03324763849377632,0.03342457860708237,0.03354225680232048,0.03324763849377632,0.03324763849377632,0.033440425992012024,0.03324763849377632,0.033413808792829514,0.03335732966661453,0.03324763849377632,0.03324763849377632,0.03324763849377632
2024-02-28,0.03324146568775177,0.03324146568775177,0.033481843769550323,0.03324146568775177,0.03344032168388367,0.03324146568775177,0.03324146568775177,0.03324146568775177,0.03324146568775177,0.03324146568775177,0.03363228216767311,0.03324146568775177,0.03324146568775177,0.03340768441557884,0.03324146568775177,0.03334784507751465,0.033907607197761536,0.033313486725091934,0.03324146568775177,0.03333358094096184,0.03352387621998787,0.03324146568775177,0.03324146568775177,0.03350796177983284,0.03324146568775177,0.033361271023750305,0.03335069864988327,0.033286578953266144,0.03324146568775177,0.03324146568775177
2024-02-29,0.033262141048908234,0.033262141048908234,0.03344028815627098,0.033262141048908234,0.03346049040555954,0.033262141048908234,0.033262141048908234,0.033262141048908234,0.033262141048908234,0.033262141048908234,0.03354010730981827,0.033262141048908234,0.03332991898059845,0.03338821232318878,0.03331946209073067,0.033262141048908234,0.033926233649253845,0.03331328183412552,0.033262141048908234,0.03327900916337967,0.033487625420093536,0.033262141048908234,0.033262141048908234,0.033390432596206665,0.033262141048908234,0.033262141048908234,0.03336549922823906,0.03330308943986893,0.033262141048908234,0.033262141048908234
2024-03-01,0.03326212242245674,0.03326212242245674,0.03344025835394859,0.03326212242245674,0.03346065431833267,0.03326212242245674,0.03326212242245674,0.03326212242245674,0.03326212242245674,0.03326212242245674,0.03354007005691528,0.03326212242245674,0.033329952508211136,0.0333881750702858,0.033319514244794846,0.03326212242245674,0.03392636775970459,0.03331327810883522,0.03326212242245674,0.03327887877821922,0.033487606793642044,0.03326212242245674,0.03326212242245674,0.03339051455259323,0.03326212242245674,0.03326212242245674,0.03336549922823906,0.0333031602203846,0.03326212242245674,0.03326212242245674
2024-03-02,0.0332644023001194,0.03327113762497902,0.03359321132302284,0.0332644023001194,0.033403366804122925,0.0332644023001194,0.0332644023001194,0.0332644023001194,0.0332644023001194,0.0332644023001194,0.033548712730407715,0.03331318870186806,0.03338218852877617,0.033373672515153885,0.0334191657602787,0.0332644023001194,0.03385397046804428,0.0332644023001194,0.0332644023001194,0.0332644023001194,0.03352326899766922,0.0332644023001194,0.0332644023001194,0.0332644023001194,0.0332644023001194,0.03329448774456978,0.0332644023001194,0.0332644023001194,0.0332644023001194,0.0332644023001194
2024-03-03,0.033252619206905365,0.033252619206905365,0.033601585775613785,0.033252619206905365,0.03356890752911568,0.033252619206905365,0.033252619206905365,0.033252619206905365,0.033252619206905365,0.033252619206905365,0.03353163227438927,0.033252619206905365,0.0333828330039978,0.03333118557929993,0.03346569836139679,0.033252619206905365,0.03397861123085022,0.033252619206905365,0.033252619206905365,0.033252619206905365,0.03349459543824196,0.033252619206905365,0.033252619206905365,0.03330809995532036,0.033252619206905365,0.033252619206905365,0.033252619206905365,0.033252619206905365,0.03328447416424751,0.033252619206905365
2024-03-04,0.033252619206905365,0.033252619206905365,0.033601585775613785,0.033252619206905365,0.03356890752911568,0.033252619206905365,0.033252619206905365,0.033252619206905365,0.033252619206905365,0.033252619206905365,0.03353163227438927,0.033252619206905365,0.033382829278707504,0.03333118557929993,0.03346569836139679,0.033252619206905365,0.03397861123085022,0.033252619206905365,0.033252619206905365,0.033252619206905365,0.03349459543824196,0.033252619206905365,0.033252619206905365,0.03330809995532036,0.033252619206905365,0.033252619206905365,0.033252619206905365,0.033252619206905365,0.03328447416424751,0.033252619206905365
2024-03-05,0.03324256092309952,0.03324256092309952,0.03369364142417908,0.03324256092309952,0.03343571349978447,0.03324256092309952,0.03324256092309952,0.03324256092309952,0.03324256092309952,0.03324256092309952,0.03351534530520439,0.03324256092309952,0.0333537720143795,0.033399540930986404,0.03340587392449379,0.03324256092309952,0.03408197686076164,0.03325146809220314,0.03324256092309952,0.03324256092309952,0.033473286777734756,0.03324256092309952,0.03324256092309952,0.03348587080836296,0.03324256092309952,0.03324256092309952,0.03324256092309952,0.033294860273599625,0.03324256092309952,0.03324256092309952
2024-03-06,0.03323298692703247,0.033279720693826675,0.033711984753608704,0.03323298692703247,0.03362239897251129,0.03323298692703247,0.03323298692703247,0.03323298692703247,0.03323298692703247,0.03323298692703247,0.033478084951639175,0.03323298692703247,0.03325546905398369,0.033241868019104004,0.03323298692703247,0.03336906433105469,0.033930860459804535,0.03349091112613678,0.03323298692703247,0.03323298692703247,0.03358563035726547,0.03323298692703247,0.03323298692703247,0.03329029679298401,0.03323298692703247,0.033484864979982376,0.033298105001449585,0.03323298692703247,0.03323298692703247,0.03323298692703247
2024-03-07,0.03322823345661163,0.033287644386291504,0.03379303216934204,0.03322823345661163,0.033490199595689774,0.03322823345661163,0.03322823345661163,0.03322823345661163,0.03322823345661163,0.03322823345661163,0.033501479774713516,0.03322823345661163,0.03322823345661163,0.033320166170597076,0.03322823345661163,0.03337700292468071,0.03401907533407211,0.033480819314718246,0.03322823345661163,0.03322823345661163,0.03350801020860672,0.03322823345661163,0.03322823345661163,0.033376455307006836,0.03322823345661163,0.03347090259194374,0.03326711058616638,0.03322823345661163,0.03322823345661163,0.03322823345661163
2024-03-08,0.03323755040764809,0.03323755040764809,0.03379807621240616,0.03323755040764809,0.03340880945324898,0.03323755040764809,0.03323755040764809,0.03323755040764809,0.03323755040764809,0.03323755040764809,0.03352672979235649,0.03323755040764809,0.03329404070973396,0.033325888216495514,0.03331329673528671,0.03329207003116608,0.034094251692295074,0.03346937522292137,0.03323755040764809,0.03323755040764809,0.03344520553946495,0.03323755040764809,0.03323755040764809,0.03337690606713295,0.03323755040764809,0.033375851809978485,0.03324113041162491,0.03323755040764809,0.03323755040764809,0.03323755040764809
2024-03-09,0.033237434923648834,0.033237434923648834,0.033797476440668106,0.033237434923648834,0.03341040387749672,0.033237434923648834,0.033237434923648834,0.033237434923648834,0.033237434923648834,0.033237434923648834,0.033527083694934845,0.033237434923648834,0.03329458460211754,0.03332648053765297,0.03331412002444267,0.033293019980192184,0.03409303352236748,0.0334700383245945,0.033237434923648834,0.033237434923648834,0.03344469889998436,0.033237434923648834,0.033237434923648834,0.03337635099887848,0.033237434923648834,0.03337458148598671,0.03324175626039505,0.033237434923648834,0.033237434923648834,0.033237434923648834
2024-03-10,0.033237554132938385,0.033237554132938385,0.03379807993769646,0.033237554132938385,0.03340878710150719,0.033237554132938385,0.033237554132938385,0.033237554132938385,0.033237554132938385,0.033237554132938385,0.03352672606706619,0.033237554132938385,0.033294033259153366,0.03332588076591492,0.03331328555941582,0.03329206258058548,0.03409427031874657,0.033469367772340775,0.033237554132938385,0.033237554132938385,0.03344521299004555,0.033237554132938385,0.033237554132938385,0.03337691351771355,0.033237554132938385,0.03337586671113968,0.03324112296104431,0.033237554132938385,0.033237554132938385,0.033237554132938385
2024-03-11,0.033237557858228683,0.033237557858228683,0.033798061311244965,0.033237557858228683,0.03340880945324898,0.033237557858228683,0.033237557858228683,0.033237557858228683,0.033237557858228683,0.033237557858228683,0.0335267148911953,0.033237557858228683,0.03329405188560486,0.033325884491205215,0.033313311636447906,0.033292051404714584,0.03409427031874657,0.03346932679414749,0.033237557858228683,0.033237557858228683,0.03344522789120674,0.033237557858228683,0.033237557858228683,0.03337692841887474,0.033237557858228683,0.03337584808468819,0.03324112296104431,0.033237557858228683,0.033237557858228683,0.033237557858228683
2024-03-12,0.03322729840874672,0.03326421231031418,0.033554114401340485,0.03322729840874672,0.033512674272060394,0.03322729840874672,0.03322729840874672,0.03322729840874672,0.03322729840874672,0.03322729840874672,0.033412955701351166,0.03335323557257652,0.03331252187490463,0.03346824273467064,0.03337497636675835,0.03327707201242447,0.03397448733448982,0.03329356759786606,0.03322729840874672,0.03322729840874672,0.03368694707751274,0.03322729840874672,0.03322729840874672,0.03340083360671997,0.03322729840874672,0.03325708582997322,0.033445846289396286,0.0332290381193161,0.03322729840874672,0.03322729840874672
2024-03-13,0.0332648903131485,0.03349590674042702,0.0335298627614975,0.0332648903131485,0.03331657499074936,0.0332648903131485,0.0332648903131485,0.0332648903131485,0.0332648903131485,0.0332648903131485,0.03367696329951286,0.03337496891617775,0.0332648903131485,0.033482424914836884,0.0332648903131485,0.0332648903131485,0.03353795409202576,0.0332648903131485,0.0332648903131485,0.0332648903131485,0.03355900198221207,0.0332648903131485,0.0332648903131485,0.0332808792591095,0.03335322439670563,0.033301156014204025,0.033322978764772415,0.0332648903131485,0.0332648903131485,0.0332648903131485
2024-03-14,0.03324054181575775,0.033483657985925674,0.03354184329509735,0.03324054181575775,0.03330477327108383,0.03324054181575775,0.03324054181575775,0.03324054181575775,0.03324054181575775,0.03324054181575775,0.03354749083518982,0.033575378358364105,0.033336278051137924,0.03347579762339592,0.03332766517996788,0.03324054181575775,0.03374313935637474,0.03324113041162491,0.03324054181575775,0.03324054181575775,0.033574383705854416,0.03324054181575775,0.03324054181575775,0.033260833472013474,0.033322472125291824,0.03327390179038048,0.03338313475251198,0.03324054181575775,0.03324054181575775,0.03324054181575775
2024-03-15,0.033245474100112915,0.033245474100112915,0.03368908911943436,0.033245474100112915,0.033466193825006485,0.033245474100112915,0.033245474100112915,0.033245474100112915,0.033245474100112915,0.033245474100112915,0.033593058586120605,0.033245474100112915,0.03332062438130379,0.033398743718862534,0.03346912935376167,0.033245474100112915,0.03401676565408707,0.033245474100112915,0.033245474100112915,0.033245474100112915,0.033445268869400024,0.033245474100112915,0.033245474100112915,0.03342628851532936,0.033245474100112915,0.033245474100112915,0.033245474100112915,0.033245474100112915,0.03324764594435692,0.0332631878554821
2024-03-16,0.03324547037482262,0.03324547037482262,0.03368908911943436,0.03324547037482262,0.03346619755029678,0.03324547037482262,0.03324547037482262,0.03324547037482262,0.03324547037482262,0.03324547037482262,0.03359304368495941,0.03324547037482262,0.03332062438130379,0.03339875116944313,0.03346913307905197,0.03324547037482262,0.034016773104667664,0.03324547037482262,0.03324547037482262,0.03324547037482262,0.03344527631998062,0.03324547037482262,0.03324547037482262,0.03342628479003906,0.03324547037482262,0.03324547037482262,0.03324547037482262,0.03324547037482262,0.03324764966964722,0.0332631953060627
2024-03-17,0.033245474100112915,0.033245474100112915,0.03368908911943436,0.033245474100112915,0.033466193825006485,0.033245474100112915,0.033245474100112915,0.033245474100112915,0.033245474100112915,0.033245474100112915,0.033593058586120605,0.033245474100112915,0.03332062438130379,0.033398743718862534,0.03346912935376167,0.033245474100112915,0.034016769379377365,0.033245474100112915,0.033245474100112915,0.033245474100112915,0.03344527259469032,0.033245474100112915,0.033245474100112915,0.03342628479003906,0.033245474100112915,0.033245474100112915,0.033245474100112915,0.033245474100112915,0.03324764966964722,0.0332631915807724
2024-03-18,0.03324558958411217,0.03324558958411217,0.03368731215596199,0.03324558958411217,0.033468276262283325,0.03324558958411217,0.03324558958411217,0.03324558958411217,0.03324558958411217,0.03324558958411217,0.033591315150260925,0.03324558958411217,0.03332192078232765,0.033397190272808075,0.03346928581595421,0.03324558958411217,0.03401656076312065,0.03324558958411217,0.03324558958411217,0.03324558958411217,0.033447008579969406,0.03324558958411217,0.03324558958411217,0.033424261957407,0.03324558958411217,0.03324558958411217,0.03324558958411217,0.03324558958411217,0.0332484245300293,0.03326224163174629
2024-03-19,0.0332544706761837,0.0332544706761837,0.03341667726635933,0.0332544706761837,0.03354120999574661,0.0332544706761837,0.0332544706761837,0.0332544706761837,0.0332544706761837,0.0332544706761837,0.033448562026023865,0.03331924229860306,0.03335616737604141,0.0334060937166214,0.03345858305692673,0.0332544706761837,0.03385613113641739,0.0332544706761837,0.0332544706761837,0.0332544706761837,0.033600300550460815,0.0332544706761837,0.0332544706761837,0.0332544706761837,0.0332544706761837,0.0332544706761837,0.033422186970710754,0.0332544706761837,0.03333992138504982,0.0332544706761837
2024-03-20,0.03325464203953743,0.03325464203953743,0.033415138721466064,0.03325464203953743,0.03354069963097572,0.03325464203953743,0.03325464203953743,0.03325464203953743,0.03325464203953743,0.03325464203953743,0.03344932571053505,0.033318743109703064,0.03335544094443321,0.033406298607587814,0.033458106219768524,0.03325464203953743,0.033854372799396515,0.03325464203953743,0.03325464203953743,0.03325464203953743,0.03360066935420036,0.03325464203953743,0.03325464203953743,0.03325464203953743,0.03325464203953743,0.03325464203953743,0.03342270851135254,0.03325464203953743,0.03334025293588638,0.03325464203953743
2024-03-21,0.033242352306842804,0.033242352306842804,0.033542830497026443,0.033242352306842804,0.033564187586307526,0.033242352306842804,0.033242352306842804,0.033242352306842804,0.033242352306842804,0.033242352306842804,0.0333835743367672,0.033350009471178055,0.03343125805258751,0.03337959572672844,0.03347880765795708,0.033242352306842804,0.034012313932180405,0.03324398398399353,0.033242352306842804,0.033242352306842804,0.03356241434812546,0.033242352306842804,0.033242352306842804,0.0332469567656517,0.033242352306842804,0.033242352306842804,0.033369358628988266,0.033242352306842804,0.033314719796180725,0.033242352306842804
2024-03-22,0.033229656517505646,0.03328661248087883,0.03369630128145218,0.033229656517505646,0.03334090858697891,0.033229656517505646,0.033229656517505646,0.033229656517505646,0.033229656517505646,0.033229656517505646,0.03356585651636124,0.03331214562058449,0.03331875056028366,0.03335253894329071,0.03344441205263138,0.033317044377326965,0.033919401466846466,0.03335852175951004,0.033229656517505646,0.033229656517505646,0.03358038142323494,0.033229656517505646,0.033229656517505646,0.03338273987174034,0.033229656517505646,0.033362824469804764,0.033229656517505646,0.033229656517505646,0.033229656517505646,0.033316679298877716
2024-03-23,0.03323434293270111,0.03330986201763153,0.033468496054410934,0.03323434293270111,0.033622436225414276,0.03323434293270111,0.03323434293270111,0.03323434293270111,0.03323434293270111,0.03323434293270111,0.033433616161346436,0.033365022391080856,0.033371493220329285,0.033377327024936676,0.033382706344127655,0.03335055708885193,0.03391158580780029,0.03345152363181114,0.03323434293270111,0.03323434293270111,0.03365545719861984,0.03323434293270111,0.03323434293270111,0.033244404941797256,0.03323434293270111,0.03323434293270111,0.0333060547709465,0.03323434293270111,0.03323434293270111,0.03323434293270111
2024-03-24,0.03323434293270111,0.03330986201763153,0.033468492329120636,0.03323434293270111,0.033622436225414276,0.03323434293270111,0.03323434293270111,0.03323434293270111,0.03323434293270111,0.03323434293270111,0.033433616161346436,0.033365022391080856,0.033371493220329285,0.033377327024936676,0.033382706344127655,0.03335055708885193,0.03391158580780029,0.03345152363181114,0.03323434293270111,0.03323434293270111,0.03365545719861984,0.03323434293270111,0.03323434293270111,0.033244404941797256,0.03323434293270111,0.03323434293270111,0.0333060547709465,0.03323434293270111,0.03323434293270111,0.03323434293270111
2024-03-25,0.03324228152632713,0.03324228152632713,0.03341991826891899,0.03324228152632713,0.03363918885588646,0.03324228152632713,0.03324228152632713,0.03324228152632713,0.03324228152632713,0.03324228152632713,0.033405229449272156,0.03341571241617203,0.0333729013800621,0.03337116912007332,0.033409442752599716,0.03324228152632713,0.03395063802599907,0.033303115516901016,0.03324228152632713,0.03324228152632713,0.03363639488816261,0.03324228152632713,0.03324228152632713,0.03328927233815193,0.03324228152632713,0.03324228152632713,0.0334259457886219,0.03324228152632713,0.03324228152632713,0.03324228152632713
2024-03-26,0.033225953578948975,0.033225953578948975,0.03358277678489685,0.033225953578948975,0.03346245363354683,0.033225953578948975,0.033225953578948975,0.033225953578948975,0.033225953578948975,0.033225953578948975,0.03350448980927467,0.03340557590126991,0.033425331115722656,0.033225953578948975,0.03359484672546387,0.03322909027338028,0.0337878093123436,0.033225953578948975,0.033225953578948975,0.03329908475279808,0.03359758481383324,0.033225953578948975,0.033225953578948975,0.03337889909744263,0.033225953578948975,0.033430323004722595,0.033225953578948975,0.03333473578095436,0.033351607620716095,0.033225953578948975
2024-03-27,0.03322579711675644,0.03322579711675644,0.0335831418633461,0.03322579711675644,0.033464111387729645,0.03322579711675644,0.03322579711675644,0.03322579711675644,0.03322579711675644,0.03322579711675644,0.033496689051389694,0.03340865299105644,0.03342629224061966,0.03322579711675644,0.03358940780162811,0.03323414549231529,0.03378957882523537,0.03322579711675644,0.03322579711675644,0.03329310566186905,0.03360143303871155,0.03322579711675644,0.03322579711675644,0.033386360853910446,0.03322579711675644,0.03342992812395096,0.03322579711675644,0.033337436616420746,0.03334693983197212,0.03322579711675644
2024-03-28,0.0332021489739418,0.03359247371554375,0.03366532549262047,0.0332021489739418,0.0335443913936615,0.0332021489739418,0.0332021489739418,0.0332021489739418,0.0332021489739418,0.0332021489739418,0.033498767763376236,0.03353046253323555,0.03337206318974495,0.03333596512675285,0.03340447321534157,0.033281754702329636,0.03346262872219086,0.03353002667427063,0.0332021489739418,0.03322092071175575,0.03363412246108055,0.0332021489739418,0.0332021489739418,0.03324905410408974,0.03338887169957161,0.03341345861554146,0.03322527930140495,0.0332021489739418,0.03322421386837959,0.0332021489739418
2024-03-29,0.033203303813934326,0.03358769416809082,0.03366846963763237,0.033203303813934326,0.03355392441153526,0.033203303813934326,0.033203303813934326,0.033203303813934326,0.033203303813934326,0.033203303813934326,0.033488981425762177,0.03352019563317299,0.03336123749613762,0.03334001079201698,0.033414337784051895,0.033275216817855835,0.033456020057201385,0.03354421630501747,0.033203303813934326,0.033216752111911774,0.033625319600105286,0.033203303813934326,0.033203303813934326,0.03324711322784424,0.033389948308467865,0.03341492637991905,0.03322220221161842,0.033203303813934326,0.03323383256793022,0.033203303813934326
2024-03-30,0.033199504017829895,0.033503107726573944,0.03361092507839203,0.033199504017829895,0.03347601741552353,0.033199504017829895,0.033199504017829895,0.033199504017829895,0.033199504017829895,0.033199504017829895,0.03357362374663353,0.03358016163110733,0.033428508788347244,0.033350035548210144,0.03344354033470154,0.03329545632004738,0.03351648896932602,0.03333502635359764,0.033199504017829895,0.033283401280641556,0.033558689057826996,0.033199504017829895,0.033199504017829895,0.03325449302792549,0.03326847031712532,0.03347232937812805,0.03330189734697342,0.033199504017829895,0.03335379809141159,0.033199504017829895
2024-03-31,0.03320688754320145,0.033429790288209915,0.03358125314116478,0.03320688754320145,0.033377401530742645,0.03320688754320145,0.03320688754320145,0.03320688754320145,0.03320688754320145,0.03320688754320145,0.03357618674635887,0.033549658954143524,0.03342048078775406,0.03331219032406807,0.03349988907575607,0.033383794128894806,0.03368453308939934,0.03329522907733917,0.03320688754320145,0.0332314632833004,0.03360855579376221,0.03320688754320145,0.03320688754320145,0.03327752649784088,0.03320688754320145,0.03345668688416481,0.033246710896492004,0.03320688754320145,0.03337908536195755,0.03320688754320145
2024-04-01,0.03322991356253624,0.03343675658106804,0.033623192459344864,0.03322991356253624,0.03336877003312111,0.03322991356253624,0.03322991356253624,0.03322991356253624,0.03322991356253624,0.03322991356253624,0.03346116468310356,0.03360343724489212,0.03351897373795509,0.03329519182443619,0.033484574407339096,0.03322991356253624,0.033714450895786285,0.033246904611587524,0.03322991356253624,0.03323126211762428,0.033580582588911057,0.03322991356253624,0.03322991356253624,0.03322991356253624,0.03322991356253624,0.0333741270005703,0.03322991356253624,0.03322991356253624,0.0333821065723896,0.03322991356253624
2024-04-02,0.03322292119264603,0.033428799360990524,0.03364056348800659,0.03322292119264603,0.03337297961115837,0.03322292119264603,0.03322292119264603,0.03322292119264603,0.03322292119264603,0.03322292119264603,0.03349398449063301,0.033568255603313446,0.03351805731654167,0.03330884873867035,0.03356517478823662,0.03322292119264603,0.03372081369161606,0.03322292119264603,0.03322292119264603,0.03326329588890076,0.03352903947234154,0.03322292119264603,0.03322292119264603,0.03324927017092705,0.03322292119264603,0.033368729054927826,0.03322766348719597,0.03322292119264603,0.03340072184801102,0.03322292119264603
2024-04-03,0.033255092799663544,0.033281195908784866,0.03349088877439499,0.033255092799663544,0.03351322188973427,0.033255092799663544,0.033255092799663544,0.033255092799663544,0.033255092799663544,0.033255092799663544,0.03341573104262352,0.033255092799663544,0.033260468393564224,0.03341544046998024,0.033576808869838715,0.033255092799663544,0.0336468406021595,0.033255092799663544,0.03331752493977547,0.033255092799663544,0.03343592584133148,0.033255092799663544,0.033255092799663544,0.033255092799663544,0.033255092799663544,0.03339666873216629,0.033255092799663544,0.033255092799663544,0.03365761414170265,0.033255092799663544
2024-04-04,0.03324395790696144,0.03326119855046272,0.03342641890048981,0.03324395790696144,0.033577386289834976,0.03324395790696144,0.03324395790696144,0.03324395790696144,0.03324395790696144,0.03324395790696144,0.03356066718697548,0.03324395790696144,0.0332719087600708,0.03343798965215683,0.03353840112686157,0.03324395790696144,0.03360975906252861,0.03324395790696144,0.03325372934341431,0.033340975642204285,0.03338123485445976,0.03324395790696144,0.03324395790696144,0.03324395790696144,0.03324395790696144,0.03345080837607384,0.03324395790696144,0.03324395790696144,0.03374221548438072,0.03324395790696144
2024-04-05,0.03323816880583763,0.03323816880583763,0.033461883664131165,0.03323816880583763,0.03353430703282356,0.03323816880583763,0.03323816880583763,0.03323816880583763,0.03323816880583763,0.03323816880583763,0.0336543433368206,0.033267535269260406,0.03335054963827133,0.03344525769352913,0.0334290973842144,0.03323816880583763,0.033673498779535294,0.03323816880583763,0.03323816880583763,0.03338388726115227,0.03348727151751518,0.03323816880583763,0.03323816880583763,0.03323816880583763,0.03323816880583763,0.033423472195863724,0.03323816880583763,0.03323816880583763,0.033601902425289154,0.03323816880583763
2024-04-06,0.03322414308786392,0.03322414308786392,0.03360370919108391,0.03322414308786392,0.03355661407113075,0.03322414308786392,0.03322414308786392,0.03322414308786392,0.03322414308786392,0.03322414308786392,0.033628541976213455,0.03335059806704521,0.033480703830718994,0.03337603062391281,0.033456575125455856,0.03322414308786392,0.033769890666007996,0.03322414308786392,0.03322414308786392,0.03336282819509506,0.033387817442417145,0.03322414308786392,0.03322414308786392,0.03322414308786392,0.03322414308786392,0.03339780867099762,0.03322414308786392,0.03322414308786392,0.033594269305467606,0.03322414308786392
2024-04-07,0.03322428837418556,0.03322428837418556,0.03360668942332268,0.03322428837418556,0.03355671092867851,0.03322428837418556,0.03322428837418556,0.03322428837418556,0.03322428837418556,0.03322428837418556,0.033628836274147034,0.03334824740886688,0.03348451107740402,0.03337792307138443,0.033458106219768524,0.03322428837418556,0.033774636685848236,0.03322428837418556,0.03322428837418556,0.03335684910416603,0.033388037234544754,0.03322428837418556,0.03322428837418556,0.03322428837418556,0.03322428837418556,0.033393919467926025,0.03322428837418556,0.03322428837418556,0.03358834981918335,0.03322428837418556
2024-04-08,0.033224258571863174,0.033224258571863174,0.03360756114125252,0.033224258571863174,0.033560171723365784,0.033224258571863174,0.033224258571863174,0.033224258571863174,0.033224258571863174,0.033224258571863174,0.03362791985273361,0.03334265947341919,0.03348282724618912,0.03337464854121208,0.03345814719796181,0.033224258571863174,0.03377825394272804,0.033224258571863174,0.033224258571863174,0.033355776220560074,0.03339247405529022,0.033224258571863174,0.033224258571863174,0.033224258571863174,0.033224258571863174,0.03339599817991257,0.033224258571863174,0.033224258571863174,0.03358692303299904,0.033224258571863174
2024-04-09,0.03323480114340782,0.03323480114340782,0.03365229070186615,0.03323480114340782,0.03351404145359993,0.03323480114340782,0.03323480114340782,0.03323480114340782,0.03323480114340782,0.03323480114340782,0.0334903746843338,0.03336116671562195,0.03348271921277046,0.03337019309401512,0.0335235595703125,0.03323480114340782,0.03381901979446411,0.03323480114340782,0.03323480114340782,0.03323480114340782,0.03342460095882416,0.03323480114340782,0.03323480114340782,0.03323480114340782,0.03323480114340782,0.03335754945874214,0.03325481712818146,0.03323480114340782,0.03352334722876549,0.03323480114340782
2024-04-10,0.03323410451412201,0.033291012048721313,0.033413633704185486,0.03323410451412201,0.033531319350004196,0.03323410451412201,0.03323410451412201,0.03323410451412201,0.03323410451412201,0.03323410451412201,0.0336572490632534,0.03330327570438385,0.0332752987742424,0.03340061381459236,0.03340461850166321,0.03323410451412201,0.033539485186338425,0.03323410451412201,0.03323410451412201,0.033481210470199585,0.03348471224308014,0.03323410451412201,0.03323410451412201,0.03325609490275383,0.03323410451412201,0.03347976133227348,0.03323410451412201,0.03323410451412201,0.03373609110713005,0.03323410451412201
2024-04-11,0.03323988616466522,0.03323988616466522,0.03331466764211655,0.03323988616466522,0.033663783222436905,0.03323988616466522,0.03323988616466522,0.03323988616466522,0.03323988616466522,0.03323988616466522,0.03366364911198616,0.03323988616466522,0.03325348719954491,0.03336542472243309,0.03334329277276993,0.03323988616466522,0.033485736697912216,0.03323988616466522,0.03323988616466522,0.03340781852602959,0.03348669409751892,0.03323988616466522,0.03323988616466522,0.03347385302186012,0.03323988616466522,0.03349706903100014,0.03323988616466522,0.03323988616466522,0.03372662141919136,0.03323988616466522
2024-04-12,0.03324809670448303,0.03324809670448303,0.033358000218868256,0.03324809670448303,0.03352261707186699,0.03324809670448303,0.03324809670448303,0.03324809670448303,0.03324809670448303,0.03324809670448303,0.033580292016267776,0.03324809670448303,0.0333053283393383,0.03345978632569313,0.033422697335481644,0.03324809670448303,0.03362889215350151,0.03324809670448303,0.03324809670448303,0.033367883414030075,0.03342098742723465,0.03324809670448303,0.03324809670448303,0.03341013565659523,0.03324809670448303,0.03342847898602486,0.03324809670448303,0.03324809670448303,0.03362918272614479,0.03324809670448303
2024-04-13,0.03322954103350639,0.03322954103350639,0.03357834741473198,0.03322954103350639,0.03365405648946762,0.03322954103350639,0.03322954103350639,0.03322954103350639,0.03322954103350639,0.03322954103350639,0.03363896161317825,0.03322954103350639,0.03345313295722008,0.033400774002075195,0.033402226865291595,0.03322954103350639,0.033747345209121704,0.03322954103350639,0.03322954103350639,0.03327925130724907,0.033394526690244675,0.03322954103350639,0.03322954103350639,0.03332128748297691,0.03322954103350639,0.033420830965042114,0.033277492970228195,0.03322954103350639,0.03352956473827362,0.03322954103350639
2024-04-14,0.03322954475879669,0.03322954475879669,0.033578358590602875,0.03322954475879669,0.033654067665338516,0.03322954475879669,0.03322954475879669,0.03322954475879669,0.03322954475879669,0.03322954475879669,0.033639032393693924,0.03322954475879669,0.03345312178134918,0.0334007665514946,0.033402182161808014,0.03322954475879669,0.03374730795621872,0.03322954475879669,0.03322954475879669,0.033279262483119965,0.03339448943734169,0.03322954475879669,0.03322954475879669,0.033321332186460495,0.03322954475879669,0.03342084586620331,0.033277470618486404,0.03322954475879669,0.03352953866124153,0.03322954475879669
2024-04-15,0.03322954475879669,0.03322954475879669,0.033578358590602875,0.03322954475879669,0.033654067665338516,0.03322954475879669,0.03322954475879669,0.03322954475879669,0.03322954475879669,0.03322954475879669,0.033639032393693924,0.03322954475879669,0.03345312178134918,0.0334007665514946,0.03340218961238861,0.03322954475879669,0.03374730795621872,0.03322954475879669,0.03322954475879669,0.033279262483119965,0.03339448943734169,0.03322954475879669,0.03322954475879669,0.0333213247358799,0.03322954475879669,0.03342084959149361,0.033277470618486404,0.03322954475879669,0.03352953866124153,0.03322954475879669
2024-04-16,0.033203426748514175,0.033203426748514175,0.03367141634225845,0.033203426748514175,0.0335930660367012,0.033203426748514175,0.033203426748514175,0.033203426748514175,0.033203426748514175,0.033203426748514175,0.033442143350839615,0.033203426748514175,0.03333335742354393,0.033434126526117325,0.033525191247463226,0.03323102369904518,0.03375103697180748,0.033421192318201065,0.033203426748514175,0.03337876871228218,0.033220574259757996,0.033203426748514175,0.033203426748514175,0.033330682665109634,0.033203426748514175,0.03352465108036995,0.03339623659849167,0.033203426748514175,0.03368121013045311,0.03321744501590729
2024-04-17,0.03321240469813347,0.03321240469813347,0.03375108912587166,0.03321240469813347,0.03358091041445732,0.03321240469813347,0.03321240469813347,0.03321240469813347,0.03321240469813347,0.03321240469813347,0.03350261226296425,0.03321240469813347,0.0332782007753849,0.033395860344171524,0.03345583379268646,0.03326772153377533,0.033752795308828354,0.03343871980905533,0.03321240469813347,0.03321972116827965,0.03322271630167961,0.03321240469813347,0.03321240469813347,0.03346814960241318,0.03321240469813347,0.033519197255373,0.03335963562130928,0.03321240469813347,0.03354291245341301,0.03327031806111336
2024-04-18,0.03325406461954117,0.03325406461954117,0.03349587693810463,0.03325406461954117,0.03360847756266594,0.03325406461954117,0.03325406461954117,0.03325406461954117,0.03325406461954117,0.03325406461954117,0.033571574836969376,0.03325406461954117,0.03333539515733719,0.03331334888935089,0.03333563730120659,0.03325406461954117,0.03359879553318024,0.03328603506088257,0.03325406461954117,0.033314239233732224,0.033271096646785736,0.03325406461954117,0.03325406461954117,0.03325406461954117,0.03325406461954117,0.0335342101752758,0.03339650109410286,0.03325406461954117,0.033619705587625504,0.03325406461954117
2024-04-19,0.03321308270096779,0.03321308270096779,0.0336427316069603,0.03321308270096779,0.03362850472331047,0.03321308270096779,0.03321308270096779,0.03321308270096779,0.03321308270096779,0.03321308270096779,0.03370095044374466,0.03321308270096779,0.033391665667295456,0.033379510045051575,0.03337220475077629,0.033314306288957596,0.03365643694996834,0.03330029547214508,0.03321308270096779,0.03335215523838997,0.03340432047843933,0.03321308270096779,0.03321308270096779,0.033286936581134796,0.03321308270096779,0.033515896648168564,0.03334294632077217,0.03321308270096779,0.03351492062211037,0.03321308270096779
2024-04-20,0.033248256891965866,0.0334181934595108,0.033526960760354996,0.033248256891965866,0.03354427590966225,0.033248256891965866,0.033248256891965866,0.033248256891965866,0.033248256891965866,0.033248256891965866,0.03361141309142113,0.033248256891965866,0.033401090651750565,0.03336029872298241,0.033351391553878784,0.033248256891965866,0.03359447419643402,0.03339690342545509,0.03330837935209274,0.033248256891965866,0.03338533267378807,0.033248256891965866,0.033248256891965866,0.033248256891965866,0.033248256891965866,0.033365122973918915,0.03342079743742943,0.033248256891965866,0.03334318473935127,0.033248256891965866
2024-04-21,0.03324848413467407,0.03342080116271973,0.03353104740381241,0.03324848413467407,0.0335441529750824,0.03324848413467407,0.03324848413467407,0.03324848413467407,0.03324848413467407,0.03324848413467407,0.03360925242304802,0.03324848413467407,0.03340184688568115,0.0333571657538414,0.033354293555021286,0.03324848413467407,0.03359800577163696,0.03339030221104622,0.03330939635634422,0.03324848413467407,0.03338373824954033,0.03324848413467407,0.03324848413467407,0.03324848413467407,0.03324848413467407,0.03336727246642113,0.033417124301195145,0.03324848413467407,0.03333985060453415,0.03324848413467407
2024-04-22,0.033258866518735886,0.0334196574985981,0.0335439071059227,0.033258866518735886,0.03352274373173714,0.033258866518735886,0.033258866518735886,0.033258866518735886,0.033258866518735886,0.033258866518735886,0.033540356904268265,0.03330475836992264,0.03340618684887886,0.033376723527908325,0.03342391923069954,0.033258866518735886,0.033693280071020126,0.033258866518735886,0.03333533555269241,0.033258866518735886,0.03347347304224968,0.033258866518735886,0.033258866518735886,0.033258866518735886,0.033258866518735886,0.033258866518735886,0.033258866518735886,0.033258866518735886,0.03330006077885628,0.033258866518735886
2024-04-23,0.03325476497411728,0.033367820084095,0.033434223383665085,0.03325476497411728,0.03349908068776131,0.03325476497411728,0.03325476497411728,0.03325476497411728,0.03325476497411728,0.03325476497411728,0.03357303515076637,0.033285535871982574,0.03340744599699974,0.03352300077676773,0.033364176750183105,0.03325476497411728,0.03357405215501785,0.03326556086540222,0.03331868723034859,0.03325476497411728,0.03348804637789726,0.03325476497411728,0.03325476497411728,0.03330377861857414,0.03325476497411728,0.03325476497411728,0.03338995948433876,0.03325476497411728,0.033384066075086594,0.03325476497411728
2024-04-24,0.0332416296005249,0.033345405012369156,0.03339949995279312,0.0332416296005249,0.03336420655250549,0.0332416296005249,0.0332416296005249,0.0332416296005249,0.0332416296005249,0.0332416296005249,0.033340830355882645,0.033462632447481155,0.03361811861395836,0.03347305208444595,0.03354431316256523,0.0332416296005249,0.033601392060518265,0.03331627696752548,0.0332416296005249,0.0332416296005249,0.03359314426779747,0.0332416296005249,0.0332416296005249,0.0332416296005249,0.0332416296005249,0.0332416296005249,0.033507734537124634,0.0332416296005249,0.03332570567727089,0.0332416296005249
2024-04-25,0.033241622149944305,0.033345386385917664,0.03339948132634163,0.033241622149944305,0.033364187926054,0.033241622149944305,0.033241622149944305,0.033241622149944305,0.033241622149944305,0.033241622149944305,0.03334077075123787,0.033462658524513245,0.03361813724040985,0.03347308188676834,0.03354433923959732,0.033241622149944305,0.03360142931342125,0.03331631049513817,0.033241622149944305,0.033241622149944305,0.03359316661953926,0.033241622149944305,0.033241622149944305,0.033241622149944305,0.033241622149944305,0.033241622149944305,0.033507782965898514,0.033241622149944305,0.033325716853141785,0.033241622149944305
2024-04-26,0.03327084705233574,0.033453553915023804,0.03337627276778221,0.03327084705233574,0.03347894176840782,0.03327084705233574,0.03327084705233574,0.03327084705233574,0.03327084705233574,0.03327084705233574,0.03350027650594711,0.033344004303216934,0.033495210111141205,0.03342689573764801,0.033355992287397385,0.03327084705233574,0.03341708332300186,0.03327084705233574,0.03327084705233574,0.03327084705233574,0.0334104560315609,0.03327084705233574,0.03327084705233574,0.03332751616835594,0.03327084705233574,0.03327084705233574,0.03327084705233574,0.03327084705233574,0.03353850170969963,0.03327084705233574
2024-04-27,0.03325255960226059,0.03325255960226059,0.033546555787324905,0.03325255960226059,0.0335262268781662,0.03325255960226059,0.03325255960226059,0.03325255960226059,0.03325255960226059,0.03325255960226059,0.033605147153139114,0.03325255960226059,0.033540744334459305,0.033426862210035324,0.033454712480306625,0.03325255960226059,0.033702898770570755,0.03325255960226059,0.03325255960226059,0.03325255960226059,0.03345194086432457,0.03325255960226059,0.03325255960226059,0.03327501565217972,0.03325255960226059,0.03325255960226059,0.033272385597229004,0.0332895889878273,0.03336178883910179,0.03325255960226059
2024-04-28,0.03325493633747101,0.03325493633747101,0.03353521227836609,0.03325493633747101,0.033516641706228256,0.03325493633747101,0.03325493633747101,0.03325493633747101,0.03325493633747101,0.03325493633747101,0.03350590914487839,0.03325493633747101,0.03354392200708389,0.03342403098940849,0.033454880118370056,0.03325493633747101,0.03375629708170891,0.03325493633747101,0.03325493633747101,0.03325493633747101,0.03341465815901756,0.03325493633747101,0.03325493633747101,0.03332250565290451,0.03325493633747101,0.03325493633747101,0.0333012193441391,0.03333907946944237,0.03329666703939438,0.03325493633747101
2024-04-29,0.03325530141592026,0.03325530141592026,0.03353176265954971,0.03325530141592026,0.03351696580648422,0.03325530141592026,0.03325530141592026,0.03325530141592026,0.03325530141592026,0.03325530141592026,0.03350670263171196,0.03325530141592026,0.03354044258594513,0.033425599336624146,0.0334535576403141,0.03325530141592026,0.033752694725990295,0.03325530141592026,0.03325530141592026,0.03325530141592026,0.03341624140739441,0.03325530141592026,0.03325530141592026,0.03332360461354256,0.03325530141592026,0.03325530141592026,0.03330177813768387,0.03333640098571777,0.03329872339963913,0.03325530141592026
2024-04-30,0.03324997425079346,0.03345683217048645,0.03350464999675751,0.03324997425079346,0.03330887109041214,0.03324997425079346,0.03324997425079346,0.03324997425079346,0.03324997425079346,0.03324997425079346,0.03340834006667137,0.03344552218914032,0.033790238201618195,0.033396121114492416,0.03351053595542908,0.03324997425079346,0.03365081921219826,0.03327332064509392,0.03324997425079346,0.03324997425079346,0.03340796008706093,0.03324997425079346,0.03324997425079346,0.03324997425079346,0.03324997425079346,0.03324997425079346,0.03328315541148186,0.03324997425079346,0.03331402689218521,0.03324997425079346
2024-05-01,0.03325818106532097,0.03346027061343193,0.03345448896288872,0.03325818106532097,0.033288441598415375,0.03325818106532097,0.03325818106532097,0.03325818106532097,0.03325818106532097,0.03325818106532097,0.03349797800183296,0.03339788690209389,0.03353844955563545,0.033522214740514755,0.03343002125620842,0.03325818106532097,0.03352654352784157,0.03325818106532097,0.03325818106532097,0.03325818106532097,0.03345746174454689,0.03325818106532097,0.03325818106532097,0.03329787030816078,0.03336044400930405,0.03325818106532097,0.03329155966639519,0.03325818106532097,0.03334549814462662,0.03325818106532097
2024-05-02,0.03323504701256752,0.03336500748991966,0.03361357003450394,0.03323504701256752,0.033392783254384995,0.03323504701256752,0.03323504701256752,0.03323504701256752,0.03323504701256752,0.03323504701256752,0.033531785011291504,0.03341265395283699,0.033575739711523056,0.03356438875198364,0.033474210649728775,0.03323504701256752,0.03375248238444328,0.03325098007917404,0.03323504701256752,0.03323504701256752,0.03338850289583206,0.03323504701256752,0.03323504701256752,0.03327411785721779,0.03330355882644653,0.03323504701256752,0.03330414742231369,0.033270347863435745,0.03323504701256752,0.03323504701256752
2024-05-03,0.03323568403720856,0.03336896747350693,0.03360546752810478,0.03323568403720856,0.03338480368256569,0.03323568403720856,0.03323568403720856,0.03323568403720856,0.03323568403720856,0.03323568403720856,0.03352998197078705,0.03341926634311676,0.033582039177417755,0.03356537967920303,0.033471398055553436,0.03323568403720856,0.03374980017542839,0.033248383551836014,0.03323568403720856,0.03323568403720856,0.033387210220098495,0.03323568403720856,0.03323568403720856,0.03327162191271782,0.03330707550048828,0.03323568403720856,0.0332988016307354,0.03327253833413124,0.03323763236403465,0.03323568403720856
2024-05-04,0.03324170410633087,0.03324170410633087,0.033568233251571655,0.03324170410633087,0.033480122685432434,0.03324170410633087,0.03324170410633087,0.03324170410633087,0.03324170410633087,0.03324170410633087,0.0334748774766922,0.03324170410633087,0.03368152678012848,0.03334510326385498,0.033560704439878464,0.03324170410633087,0.033636052161455154,0.033398743718862534,0.03324170410633087,0.03324170410633087,0.033432986587285995,0.03325900435447693,0.03324170410633087,0.033321183174848557,0.03324170410633087,0.03324170410633087,0.03324170410633087,0.03349083662033081,0.03324170410633087,0.03324170410633087
2024-05-05,0.033246733248233795,0.033246733248233795,0.03354695811867714,0.033246733248233795,0.03342445567250252,0.033246733248233795,0.033246733248233795,0.033246733248233795,0.033246733248233795,0.033246733248233795,0.033463891595602036,0.033246733248233795,0.033674027770757675,0.03338814154267311,0.033594902604818344,0.033246733248233795,0.03368058428168297,0.033246733248233795,0.033246733248233795,0.033246733248233795,0.03332696855068207,0.033246733248233795,0.033246733248233795,0.03326448053121567,0.033246733248233795,0.033246733248233795,0.03326813504099846,0.033533282577991486,0.033392950892448425,0.033246733248233795
2024-05-06,0.03324799984693527,0.03324799984693527,0.033645711839199066,0.03324799984693527,0.03340449556708336,0.03324799984693527,0.03324799984693527,0.03324799984693527,0.03324799984693527,0.03324799984693527,0.0333782322704792,0.03324799984693527,0.03358563780784607,0.03339993208646774,0.03359184414148331,0.03324799984693527,0.0337119922041893,0.03339486941695213,0.03324799984693527,0.03324799984693527,0.03334422409534454,0.03324799984693527,0.03324799984693527,0.03324799984693527,0.03324799984693527,0.03324799984693527,0.033298786729574203,0.03333941847085953,0.033354274928569794,0.033334530889987946
2024-05-07,0.03325233981013298,0.03325233981013298,0.033682577311992645,0.03325233981013298,0.033399857580661774,0.03325233981013298,0.03325233981013298,0.03325233981013298,0.03325233981013298,0.03325233981013298,0.033307574689388275,0.03325233981013298,0.03353681042790413,0.033331312239170074,0.03361138328909874,0.03325233981013298,0.03384450078010559,0.03331978619098663,0.03325233981013298,0.03325233981013298,0.03342367336153984,0.03325233981013298,0.03325233981013298,0.03325233981013298,0.03325233981013298,0.03329499810934067,0.03325233981013298,0.033328671008348465,0.03337634354829788,0.03325269743800163
2024-05-08,0.03324238583445549,0.03324238583445549,0.033571310341358185,0.03324238583445549,0.03328468278050423,0.03324238583445549,0.03324238583445549,0.03324238583445549,0.03324238583445549,0.03324238583445549,0.03351017087697983,0.03330128639936447,0.033480942249298096,0.03348869830369949,0.033515382558107376,0.03330851346254349,0.03386002779006958,0.0333385095000267,0.03324238583445549,0.03324238583445549,0.03351690620183945,0.03324238583445549,0.03324238583445549,0.033389266580343246,0.03324238583445549,0.03325680270791054,0.03327127546072006,0.03326708823442459,0.033245749771595,0.03324238583445549
2024-05-09,0.03323841840028763,0.03323841840028763,0.03349335864186287,0.03323841840028763,0.03343277424573898,0.03323841840028763,0.03323841840028763,0.03323841840028763,0.03323841840028763,0.03323841840028763,0.033525798469781876,0.03335731104016304,0.03347725421190262,0.033365558832883835,0.03348616510629654,0.033285852521657944,0.03366978093981743,0.03338850662112236,0.03323841840028763,0.03323841840028763,0.033538322895765305,0.03323841840028763,0.03323841840028763,0.03335748240351677,0.03323841840028763,0.03331797569990158,0.03323841840028763,0.033307526260614395,0.033336393535137177,0.03332217410206795
2024-05-10,0.033241793513298035,0.033241793513298035,0.03358010947704315,0.033241793513298035,0.0334404818713665,0.033241793513298035,0.033241793513298035,0.033241793513298035,0.033241793513298035,0.033241793513298035,0.03345845267176628,0.03345522657036781,0.03342113643884659,0.03325395658612251,0.03349418565630913,0.033241793513298035,0.03380090370774269,0.03326645866036415,0.033241793513298035,0.033241793513298035,0.03367499262094498,0.033241793513298035,0.033241793513298035,0.033290375024080276,0.033241793513298035,0.033382173627614975,0.033241793513298035,0.03326952084898949,0.033331166952848434,0.033253878355026245
2024-05-11,0.03324814513325691,0.0335262157022953,0.03358844295144081,0.03324814513325691,0.033397968858480453,0.03324814513325691,0.03324814513325691,0.03324814513325691,0.03324814513325691,0.03324814513325691,0.0334724560379982,0.03356582298874855,0.03350793942809105,0.03324814513325691,0.03344258293509483,0.03324814513325691,0.033715613186359406,0.03324814513325691,0.03324814513325691,0.03324814513325691,0.03345056623220444,0.03324814513325691,0.03324814513325691,0.03324814513325691,0.03324814513325691,0.03335082530975342,0.03324814513325691,0.03324814513325691,0.0332668237388134,0.03324814513325691
2024-05-12,0.03325574845075607,0.0333227813243866,0.033576708287000656,0.03325574845075607,0.03347369655966759,0.03325574845075607,0.03325574845075607,0.03325574845075607,0.03325574845075607,0.03325574845075607,0.033473752439022064,0.03341806307435036,0.03347240388393402,0.03325574845075607,0.033538371324539185,0.03325574845075607,0.03376740962266922,0.03325574845075607,0.03325574845075607,0.03325574845075607,0.03348223492503166,0.03325574845075607,0.03325574845075607,0.033269207924604416,0.03325574845075607,0.033320631831884384,0.03325574845075607,0.03325574845075607,0.03328123316168785,0.03325574845075607
2024-05-13,0.03325599804520607,0.033322352916002274,0.03357718512415886,0.03325599804520607,0.03347295895218849,0.03325599804520607,0.03325599804520607,0.03325599804520607,0.03325599804520607,0.03325599804520607,0.033472511917352676,0.03341697156429291,0.0334736630320549,0.03325599804520607,0.03353935480117798,0.03325599804520607,0.03376747667789459,0.03325599804520607,0.03325599804520607,0.03325599804520607,0.03348073735833168,0.03325599804520607,0.03325599804520607,0.03326845169067383,0.03325599804520607,0.03331825137138367,0.03325599804520607,0.03325599804520607,0.03328219801187515,0.03325599804520607
2024-05-14,0.03324116766452789,0.03352811932563782,0.033579278737306595,0.03324116766452789,0.03339465335011482,0.03324116766452789,0.03324116766452789,0.03324116766452789,0.03324116766452789,0.03324116766452789,0.03350120037794113,0.033527571707963943,0.033551666885614395,0.03324775770306587,0.03347296640276909,0.03324116766452789,0.03378734737634659,0.03331705182790756,0.03324116766452789,0.03324116766452789,0.033462874591350555,0.03324116766452789,0.03324116766452789,0.03324116766452789,0.03324116766452789,0.03328842297196388,0.03324116766452789,0.03324116766452789,0.03324116766452789,0.03324116766452789
2024-05-15,0.03324991092085838,0.03351115435361862,0.03362549468874931,0.03324991092085838,0.033376846462488174,0.03324991092085838,0.03324991092085838,0.03324991092085838,0.03324991092085838,0.03324991092085838,0.03341133892536163,0.033512406051158905,0.03362196311354637,0.033261969685554504,0.033520665019750595,0.03324991092085838,0.033777713775634766,0.03324991092085838,0.03324991092085838,0.03324991092085838,0.03338222578167915,0.03324991092085838,0.03324991092085838,0.03324991092085838,0.03324991092085838,0.03324991092085838,0.03324991092085838,0.03324991092085838,0.03324991092085838,0.03324991092085838
2024-05-16,0.03324251249432564,0.03363749757409096,0.033537060022354126,0.03324251249432564,0.03327951580286026,0.03324251249432564,0.03324251249432564,0.03324251249432564,0.03324251249432564,0.03324251249432564,0.033551789820194244,0.033690545707941055,0.03345414996147156,0.03327848017215729,0.033317930996418,0.03329601511359215,0.033584535121917725,0.033269211649894714,0.03324251249432564,0.03324251249432564,0.033490344882011414,0.03324251249432564,0.03324251249432564,0.03324251249432564,0.03324773907661438,0.03348499909043312,0.03324251249432564,0.03324251249432564,0.03324251249432564,0.03324251249432564
2024-05-17,0.03320998325943947,0.033633630722761154,0.03372665122151375,0.03320998325943947,0.03320998325943947,0.03320998325943947,0.03320998325943947,0.03320998325943947,0.03320998325943947,0.03320998325943947,0.03352229297161102,0.033596623688936234,0.03338858112692833,0.033428870141506195,0.033256080001592636,0.03335363790392876,0.03366497531533241,0.033484891057014465,0.03320998325943947,0.033215347677469254,0.03361145779490471,0.03320998325943947,0.03320998325943947,0.03320998325943947,0.03339679166674614,0.03336044400930405,0.03320998325943947,0.03320998325943947,0.03320998325943947,0.03320998325943947
2024-05-18,0.03321729227900505,0.03359700366854668,0.03373345360159874,0.03321729227900505,0.033227670937776566,0.03321729227900505,0.03321729227900505,0.03321729227900505,0.03321729227900505,0.03321729227900505,0.03353910893201828,0.033502738922834396,0.033404167741537094,0.03337682783603668,0.03331845998764038,0.033347148448228836,0.03379058837890625,0.03348499536514282,0.03321729227900505,0.03321729227900505,0.033531561493873596,0.03321729227900505,0.03321729227900505,0.03322829306125641,0.033381156623363495,0.0332774892449379,0.03321729227900505,0.03321729227900505,0.03321729227900505,0.03321729227900505
2024-05-19,0.03321729227900505,0.03359700366854668,0.03373345360159874,0.03321729227900505,0.033227670937776566,0.03321729227900505,0.03321729227900505,0.03321729227900505,0.03321729227900505,0.03321729227900505,0.03353910893201828,0.033502738922834396,0.033404167741537094,0.03337682783603668,0.03331845998764038,0.033347148448228836,0.03379058837890625,0.03348499536514282,0.03321729227900505,0.03321729227900505,0.033531561493873596,0.03321729227900505,0.03321729227900505,0.03322829306125641,0.033381156623363495,0.0332774892449379,0.03321729227900505,0.03321729227900505,0.03321729227900505,0.03321729227900505
2024-05-20,0.03321729227900505,0.03359700366854668,0.03373345360159874,0.03321729227900505,0.033227670937776566,0.03321729227900505,0.03321729227900505,0.03321729227900505,0.03321729227900505,0.03321729227900505,0.03353910893201828,0.033502738922834396,0.033404167741537094,0.03337682783603668,0.03331845998764038,0.033347148448228836,0.03379058837890625,0.03348499536514282,0.03321729227900505,0.03321729227900505,0.033531561493873596,0.03321729227900505,0.03321729227900505,0.03322829306125641,0.033381156623363495,0.0332774892449379,0.03321729227900505,0.03321729227900505,0.03321729227900505,0.03321729227900505
2024-05-21,0.033235274255275726,0.033453814685344696,0.033784106373786926,0.033235274255275726,0.03330134227871895,0.033235274255275726,0.033235274255275726,0.033235274255275726,0.033235274255275726,0.033235274255275726,0.03347036615014076,0.0333915576338768,0.033390678465366364,0.033504076302051544,0.03342326730489731,0.033235274255275726,0.03384629264473915,0.033422183245420456,0.033235274255275726,0.033235274255275726,0.03331385925412178,0.033235274255275726,0.033235274255275726,0.033235274255275726,0.03332437202334404,0.033235274255275726,0.033235274255275726,0.033235274255275726,0.033311910927295685,0.03329778090119362
2024-05-22,0.033249493688344955,0.033422332257032394,0.033683497458696365,0.033249493688344955,0.033249493688344955,0.033249493688344955,0.033249493688344955,0.033249493688344955,0.033249493688344955,0.03326514735817909,0.03348398581147194,0.03339465335011482,0.03334388881921768,0.033573660999536514,0.033249493688344955,0.03328225761651993,0.033706385642290115,0.03356076776981354,0.033249493688344955,0.033249493688344955,0.03332071006298065,0.033249493688344955,0.033249493688344955,0.033292006701231,0.03342930227518082,0.033249493688344955,0.033249493688344955,0.033249493688344955,0.033249493688344955,0.033249493688344955
2024-05-23,0.0332297645509243,0.0334809273481369,0.03375572711229324,0.0332297645509243,0.03346722200512886,0.0332297645509243,0.0332297645509243,0.0332297645509243,0.0332297645509243,0.0332297645509243,0.03350269794464111,0.03328366577625275,0.03341617062687874,0.033583126962184906,0.03340945392847061,0.03324880078434944,0.03370768949389458,0.033490099012851715,0.0332297645509243,0.0332297645509243,0.03330891206860542,0.0332297645509243,0.0332297645509243,0.03335163742303848,0.03328845649957657,0.0332297645509243,0.0332297645509243,0.0332350917160511,0.033253636211156845,0.0332297645509243
2024-05-24,0.033227380365133286,0.033278610557317734,0.033687494695186615,0.033227380365133286,0.03355514630675316,0.033227380365133286,0.033227380365133286,0.033227380365133286,0.033227380365133286,0.033227380365133286,0.03348429128527641,0.033227380365133286,0.03323926404118538,0.03345578908920288,0.03343525156378746,0.03331888094544411,0.033727481961250305,0.033487468957901,0.033227380365133286,0.033227380365133286,0.03345688059926033,0.033227380365133286,0.033227380365133286,0.033515553921461105,0.033227380365133286,0.033238016068935394,0.033236462622880936,0.03337681666016579,0.033323269337415695,0.033227380365133286
2024-05-25,0.033227380365133286,0.033278610557317734,0.03368749842047691,0.033227380365133286,0.03355514630675316,0.033227380365133286,0.033227380365133286,0.033227380365133286,0.033227380365133286,0.033227380365133286,0.03348429501056671,0.033227380365133286,0.03323926404118538,0.03345578908920288,0.03343525156378746,0.03331888094544411,0.033727481961250305,0.033487468957901,0.033227380365133286,0.033227380365133286,0.03345688059926033,0.033227380365133286,0.033227380365133286,0.033515553921461105,0.033227380365133286,0.033238016068935394,0.033236462622880936,0.03337681666016579,0.0333232656121254,0.033227380365133286
2024-05-26,0.033229488879442215,0.033229488879442215,0.0337584987282753,0.033229488879442215,0.033529266715049744,0.033229488879442215,0.033229488879442215,0.033229488879442215,0.033229488879442215,0.033229488879442215,0.03351829946041107,0.033229488879442215,0.03335471823811531,0.0334901362657547,0.03349370136857033,0.03328865393996239,0.03378942981362343,0.033448848873376846,0.033229488879442215,0.033229488879442215,0.03342251107096672,0.033229488879442215,0.033229488879442215,0.03340952470898628,0.033229488879442215,0.033229488879442215,0.0332515686750412,0.03333617374300957,0.03323005884885788,0.03323632851243019
2024-05-27,0.03322949260473251,0.03322949260473251,0.03375937417149544,0.03322949260473251,0.03352849930524826,0.03322949260473251,0.03322949260473251,0.03322949260473251,0.03322949260473251,0.03322949260473251,0.033518850803375244,0.03322949260473251,0.03335694968700409,0.033490728586912155,0.033494360744953156,0.03328796103596687,0.033790223300457,0.03344826027750969,0.03322949260473251,0.03322949260473251,0.033421676605939865,0.03322949260473251,0.03322949260473251,0.033407483249902725,0.03322949260473251,0.03322949260473251,0.03325207903981209,0.03333539143204689,0.03322949260473251,0.03323627635836601
2024-05-28,0.03322949260473251,0.03322949260473251,0.03375937417149544,0.03322949260473251,0.03352849930524826,0.03322949260473251,0.03322949260473251,0.03322949260473251,0.03322949260473251,0.03322949260473251,0.033518850803375244,0.03322949260473251,0.03335694968700409,0.033490728586912155,0.033494360744953156,0.03328796103596687,0.033790223300457,0.03344826027750969,0.03322949260473251,0.03322949260473251,0.033421676605939865,0.03322949260473251,0.03322949260473251,0.033407483249902725,0.03322949260473251,0.03322949260473251,0.03325207903981209,0.03333539143204689,0.03322949260473251,0.03323627635836601
2024-05-29,0.033246349543333054,0.03326696529984474,0.03367499262094498,0.033246349543333054,0.03360578790307045,0.033246349543333054,0.033246349543333054,0.033246349543333054,0.033246349543333054,0.033246349543333054,0.03343215584754944,0.033246349543333054,0.03327573463320732,0.03329481929540634,0.033436961472034454,0.03326455503702164,0.03375916928052902,0.033457253128290176,0.033246349543333054,0.033246349543333054,0.03354118391871452,0.033246349543333054,0.033246349543333054,0.03332328796386719,0.033246349543333054,0.03325648233294487,0.033246349543333054,0.03336898982524872,0.03334644436836243,0.033246349543333054
2024-05-30,0.03324180841445923,0.03324180841445923,0.033527929335832596,0.03324180841445923,0.03348025307059288,0.03324180841445923,0.03324180841445923,0.03324180841445923,0.03324180841445923,0.03324180841445923,0.03352795168757439,0.03335287421941757,0.03333435580134392,0.03324180841445923,0.03343842178583145,0.03331097587943077,0.03384143486618996,0.03324180841445923,0.03324180841445923,0.033367279917001724,0.03354888781905174,0.03324180841445923,0.03324180841445923,0.03342004120349884,0.03324180841445923,0.03331642970442772,0.03324180841445923,0.033262498676776886,0.0334017239511013,0.03324180841445923
2024-05-31,0.033254142850637436,0.033254142850637436,0.0336415097117424,0.033254142850637436,0.033442143350839615,0.033254142850637436,0.033254142850637436,0.033254142850637436,0.033254142850637436,0.033254142850637436,0.03338485211133957,0.033254142850637436,0.03334660455584526,0.03334188088774681,0.03352120518684387,0.03327545151114464,0.033928364515304565,0.03335253894329071,0.033254142850637436,0.033254142850637436,0.03341812267899513,0.033254142850637436,0.033254142850637436,0.033274754881858826,0.033254142850637436,0.033254142850637436,0.033254142850637436,0.0332925021648407,0.03345835208892822,0.033255331218242645
2024-06-01,0.03323972225189209,0.03323972225189209,0.033608417958021164,0.03323972225189209,0.03337366133928299,0.03323972225189209,0.03323972225189209,0.03323972225189209,0.03323972225189209,0.03323972225189209,0.033446237444877625,0.03339814394712448,0.033475711941719055,0.03333558142185211,0.0335456058382988,0.03323972225189209,0.03392018750309944,0.033310819417238235,0.03323972225189209,0.03323972225189209,0.033639613538980484,0.03323972225189209,0.03323972225189209,0.03323972225189209,0.03323972225189209,0.03330424800515175,0.03325428068637848,0.03323972225189209,0.033281758427619934,0.03327007591724396
2024-06-02,0.03323972225189209,0.03323972225189209,0.033608417958021164,0.03323972225189209,0.03337366133928299,0.03323972225189209,0.03323972225189209,0.03323972225189209,0.03323972225189209,0.03323972225189209,0.033446237444877625,0.03339814394712448,0.033475711941719055,0.03333558142185211,0.0335456058382988,0.03323972225189209,0.03392018750309944,0.033310819417238235,0.03323972225189209,0.03323972225189209,0.033639613538980484,0.03323972225189209,0.03323972225189209,0.03323972225189209,0.03323972225189209,0.03330424800515175,0.03325428068637848,0.03323972225189209,0.033281758427619934,0.03327007591724396
2024-06-03,0.03323972225189209,0.03323972225189209,0.033608417958021164,0.03323972225189209,0.03337366133928299,0.03323972225189209,0.03323972225189209,0.03323972225189209,0.03323972225189209,0.03323972225189209,0.033446237444877625,0.03339814394712448,0.033475711941719055,0.03333558142185211,0.0335456058382988,0.03323972225189209,0.03392018750309944,0.033310819417238235,0.03323972225189209,0.03323972225189209,0.033639613538980484,0.03323972225189209,0.03323972225189209,0.03323972225189209,0.03323972225189209,0.03330424800515175,0.03325428068637848,0.03323972225189209,0.033281758427619934,0.03327007591724396
2024-06-04,0.03323972225189209,0.03323972225189209,0.033608417958021164,0.03323972225189209,0.03337366133928299,0.03323972225189209,0.03323972225189209,0.03323972225189209,0.03323972225189209,0.03323972225189209,0.033446237444877625,0.03339814394712448,0.033475711941719055,0.03333558142185211,0.0335456058382988,0.03323972225189209,0.03392018750309944,0.033310819417238235,0.03323972225189209,0.03323972225189209,0.033639613538980484,0.03323972225189209,0.03323972225189209,0.03323972225189209,0.03323972225189209,0.03330424800515175,0.03325428068637848,0.03323972225189209,0.033281758427619934,0.03327007591724396
2024-06-05,0.03324742242693901,0.033272117376327515,0.03357690945267677,0.03324742242693901,0.0334639772772789,0.03324742242693901,0.03324742242693901,0.03324742242693901,0.03324742242693901,0.03324742242693901,0.033430274575948715,0.03343438357114792,0.0334969088435173,0.03324742242693901,0.03356175869703293,0.03324742242693901,0.03376278281211853,0.03324742242693901,0.03324742242693901,0.03324742242693901,0.03357531130313873,0.03324742242693901,0.03324742242693901,0.03324742242693901,0.03324742242693901,0.03336498141288757,0.03324742242693901,0.033300284296274185,0.03330665081739426,0.03324742242693901
2024-06-06,0.033252350986003876,0.033252350986003876,0.033682506531476974,0.033252350986003876,0.0334000363945961,0.033252350986003876,0.033252350986003876,0.033252350986003876,0.033252350986003876,0.033252350986003876,0.0333075225353241,0.033252350986003876,0.03353659808635712,0.03333117812871933,0.03361134976148605,0.033252350986003876,0.033844370394945145,0.03331972286105156,0.033252350986003876,0.033252350986003876,0.03342380374670029,0.033252350986003876,0.033252350986003876,0.033252350986003876,0.033252350986003876,0.033295128494501114,0.033252350986003876,0.033328764140605927,0.033376406878232956,0.033252667635679245
2024-06-07,0.03325386345386505,0.03325386345386505,0.03368619456887245,0.03325386345386505,0.03346232324838638,0.03325386345386505,0.03325386345386505,0.03325386345386505,0.03325386345386505,0.03325386345386505,0.033340152353048325,0.03325386345386505,0.03349629044532776,0.0333365723490715,0.03357710689306259,0.03325386345386505,0.03385788947343826,0.033291302621364594,0.03325386345386505,0.03325386345386505,0.033405136317014694,0.03325386345386505,0.03325386345386505,0.03325386345386505,0.03325386345386505,0.03327168524265289,0.03325386345386505,0.0333334319293499,0.03337238356471062,0.03325386345386505
2024-06-08,0.03325726091861725,0.03325726091861725,0.033531270921230316,0.03325726091861725,0.03353757783770561,0.03325726091861725,0.03325726091861725,0.03325726091861725,0.03325726091861725,0.03325726091861725,0.033504270017147064,0.03325726091861725,0.03325726091861725,0.03340134769678116,0.03347466140985489,0.03325726091861725,0.03376893326640129,0.03325726091861725,0.03332997113466263,0.03325726091861725,0.03352395072579384,0.03325726091861725,0.03325726091861725,0.03328290954232216,0.03325726091861725,0.03326607495546341,0.033272214233875275,0.033259887248277664,0.033473577350378036,0.03325726091861725
2024-06-09,0.033257242292165756,0.033257242292165756,0.033531539142131805,0.033257242292165756,0.03353766351938248,0.033257242292165756,0.033257242292165756,0.033257242292165756,0.033257242292165756,0.033257242292165756,0.03350415825843811,0.033257242292165756,0.033257242292165756,0.03340131789445877,0.03347470983862877,0.033257242292165756,0.033769190311431885,0.033257242292165756,0.03332986310124397,0.033257242292165756,0.033523865044116974,0.033257242292165756,0.033257242292165756,0.033282872289419174,0.033257242292165756,0.03326604142785072,0.03327217325568199,0.03325999900698662,0.033473510295152664,0.033257242292165756
2024-06-10,0.03325724974274635,0.03325724974274635,0.03353136405348778,0.03325724974274635,0.0335376039147377,0.03325724974274635,0.03325724974274635,0.03325724974274635,0.03325724974274635,0.03325724974274635,0.03350422531366348,0.03325724974274635,0.03325724974274635,0.033401332795619965,0.03347467631101608,0.03325724974274635,0.033769018948078156,0.03325724974274635,0.03332992643117905,0.03325724974274635,0.033523913472890854,0.03325724974274635,0.03325724974274635,0.033282890915870667,0.03325724974274635,0.03326605632901192,0.03327219560742378,0.03325992450118065,0.03347354754805565,0.03325724974274635
2024-06-11,0.03325396403670311,0.03325396403670311,0.033639997243881226,0.03325396403670311,0.033579032868146896,0.03325396403670311,0.03325396403670311,0.03325396403670311,0.03325396403670311,0.03325396403670311,0.033444806933403015,0.03325396403670311,0.033321987837553024,0.03337163105607033,0.033465851098299026,0.03325396403670311,0.033939242362976074,0.0333133190870285,0.033264078199863434,0.03325396403670311,0.033392563462257385,0.03325396403670311,0.03325396403670311,0.03325396403670311,0.03325396403670311,0.03325396403670311,0.03325396403670311,0.03331126272678375,0.03338485583662987,0.03325396403670311
2024-06-12,0.033249277621507645,0.033249277621507645,0.03372417390346527,0.033249277621507645,0.033414311707019806,0.033249277621507645,0.033249277621507645,0.033249277621507645,0.033249277621507645,0.033249277621507645,0.03350839018821716,0.033249277621507645,0.033254873007535934,0.033421751111745834,0.0334840752184391,0.033249277621507645,0.03400065004825592,0.033282697200775146,0.033249277621507645,0.033249277621507645,0.033343758434057236,0.033249277621507645,0.033249277621507645,0.03333940729498863,0.033249277621507645,0.033249277621507645,0.033249277621507645,0.033249277621507645,0.03340217471122742,0.033336739987134933
2024-06-13,0.03325679898262024,0.033314596861600876,0.033754728734493256,0.03325679898262024,0.03349591791629791,0.03325679898262024,0.03325679898262024,0.03325679898262024,0.03325679898262024,0.03325679898262024,0.03351768106222153,0.03325679898262024,0.03325679898262024,0.033358242362737656,0.03346961364150047,0.03325679898262024,0.03390355780720711,0.03325679898262024,0.03325679898262024,0.03325679898262024,0.033276088535785675,0.03325679898262024,0.03325679898262024,0.03339357301592827,0.03325679898262024,0.03325679898262024,0.03325679898262024,0.03328797221183777,0.03334471583366394,0.03326095640659332
2024-06-14,0.0332530215382576,0.03331497311592102,0.03368528187274933,0.0332530215382576,0.03350093215703964,0.0332530215382576,0.0332530215382576,0.0332530215382576,0.0332530215382576,0.0332530215382576,0.03362882882356644,0.0332530215382576,0.03326810896396637,0.03327368572354317,0.033466268330812454,0.0332530215382576,0.0338699072599411,0.0332530215382576,0.0332530215382576,0.0332530215382576,0.033434756100177765,0.0332530215382576,0.0332530215382576,0.03344928100705147,0.0332530215382576,0.033263396471738815,0.0332530215382576,0.033276285976171494,0.03326693922281265,0.0332530215382576
2024-06-15,0.0332501083612442,0.03334924206137657,0.033706650137901306,0.0332501083612442,0.033522360026836395,0.0332501083612442,0.0332501083612442,0.0332501083612442,0.0332501083612442,0.0332501083612442,0.03360724449157715,0.0332501083612442,0.033309079706668854,0.033274486660957336,0.033516086637973785,0.0332501083612442,0.03379223123192787,0.0332501083612442,0.0332501083612442,0.03325587138533592,0.03333844244480133,0.0332501083612442,0.0332501083612442,0.0334530733525753,0.0332501083612442,0.0332501083612442,0.0332501083612442,0.033324819058179855,0.033298593014478683,0.0332501083612442
2024-06-16,0.03325297310948372,0.033314887434244156,0.03368518128991127,0.03325297310948372,0.03350140526890755,0.03325297310948372,0.03325297310948372,0.03325297310948372,0.03325297310948372,0.03325297310948372,0.033628933131694794,0.03325297310948372,0.03326821327209473,0.03327406942844391,0.03346608951687813,0.03325297310948372,0.03386980667710304,0.03325297310948372,0.03325297310948372,0.03325297310948372,0.03343486040830612,0.03325297310948372,0.03325297310948372,0.033449240028858185,0.03325297310948372,0.03326341137290001,0.03325297310948372,0.03327641263604164,0.033266834914684296,0.03325297310948372
2024-06-17,0.03325297310948372,0.033314887434244156,0.03368518128991127,0.03325297310948372,0.03350140526890755,0.03325297310948372,0.03325297310948372,0.03325297310948372,0.03325297310948372,0.03325297310948372,0.033628933131694794,0.03325297310948372,0.03326821327209473,0.03327406942844391,0.03346608951687813,0.03325297310948372,0.03386981040239334,0.03325297310948372,0.03325297310948372,0.03325297310948372,0.03343486040830612,0.03325297310948372,0.03325297310948372,0.033449240028858185,0.03325297310948372,0.03326341137290001,0.03325297310948372,0.03327641263604164,0.033266834914684296,0.03325297310948372
2024-06-18,0.03324352204799652,0.033261045813560486,0.03369487076997757,0.03324352204799652,0.03352339193224907,0.03324352204799652,0.03324352204799652,0.03324352204799652,0.03324352204799652,0.03324352204799652,0.033634401857852936,0.033254168927669525,0.03324352204799652,0.03331657499074936,0.0334080345928669,0.03324352204799652,0.03391529247164726,0.03324352204799652,0.03324352204799652,0.03327339515089989,0.033497896045446396,0.03324352204799652,0.03324352204799652,0.0334700345993042,0.03324352204799652,0.03328434005379677,0.03324352204799652,0.033265370875597,0.0332924984395504,0.03325584530830383
2024-06-19,0.03324352204799652,0.033261045813560486,0.03369487076997757,0.03324352204799652,0.03352339193224907,0.03324352204799652,0.03324352204799652,0.03324352204799652,0.03324352204799652,0.03324352204799652,0.033634401857852936,0.033254168927669525,0.03324352204799652,0.03331657499074936,0.0334080345928669,0.03324352204799652,0.03391529247164726,0.03324352204799652,0.03324352204799652,0.03327339515089989,0.033497896045446396,0.03324352204799652,0.03324352204799652,0.0334700345993042,0.03324352204799652,0.03328434005379677,0.03324352204799652,0.033265370875597,0.0332924984395504,0.03325584530830383
2024-06-20,0.03324413672089577,0.03325727581977844,0.03369644284248352,0.03324413672089577,0.03352120518684387,0.03324413672089577,0.03324413672089577,0.03324413672089577,0.03324413672089577,0.03324413672089577,0.033632904291152954,0.03325247764587402,0.03324413672089577,0.033322397619485855,0.033414095640182495,0.03324413672089577,0.0339224599301815,0.03324413672089577,0.03324413672089577,0.033267535269260406,0.033495042473077774,0.03324413672089577,0.03324413672089577,0.03346797451376915,0.03324413672089577,0.033280134201049805,0.03324413672089577,0.03326215222477913,0.03328855335712433,0.03325725719332695
2024-06-21,0.03324388340115547,0.03324388340115547,0.03373042866587639,0.03324388340115547,0.03345458209514618,0.03324388340115547,0.03324388340115547,0.03324388340115547,0.03324388340115547,0.03324388340115547,0.0335162915289402,0.03324388340115547,0.03327919542789459,0.03346320241689682,0.033472295850515366,0.03324388340115547,0.033993709832429886,0.033307965844869614,0.03324388340115547,0.03324388340115547,0.033358752727508545,0.03324388340115547,0.03324388340115547,0.03333210572600365,0.03324388340115547,0.03324388340115547,0.03324388340115547,0.03326662257313728,0.033365700393915176,0.03331315144896507
2024-06-22,0.03326191380620003,0.03326191380620003,0.03364851325750351,0.03326191380620003,0.03327391669154167,0.03326191380620003,0.03326191380620003,0.03326191380620003,0.03326191380620003,0.03326191380620003,0.03350042179226875,0.03326191380620003,0.03331814706325531,0.03347766399383545,0.03354727849364281,0.03326191380620003,0.033787801861763,0.033324021846055984,0.03326191380620003,0.03326191380620003,0.033471085131168365,0.03326191380620003,0.03326191380620003,0.03326404094696045,0.03326191380620003,0.0332743301987648,0.03326191380620003,0.03326191380620003,0.033398281782865524,0.03326191380620003
2024-06-23,0.03325165435671806,0.03325165435671806,0.03370603546500206,0.03325165435671806,0.03328945115208626,0.03325165435671806,0.03325165435671806,0.03325165435671806,0.03325165435671806,0.03325165435671806,0.03348862752318382,0.03325165435671806,0.03333299234509468,0.03346533328294754,0.033548470586538315,0.03325165435671806,0.0338679775595665,0.03334500268101692,0.03325165435671806,0.03325165435671806,0.03344360738992691,0.03325165435671806,0.03325165435671806,0.03326202183961868,0.03325165435671806,0.033273838460445404,0.03325165435671806,0.03325165435671806,0.033372703939676285,0.03332575410604477
2024-06-24,0.033242031931877136,0.033242031931877136,0.03375425189733505,0.033242031931877136,0.03330555558204651,0.033242031931877136,0.033242031931877136,0.033242031931877136,0.033242031931877136,0.033242031931877136,0.033474039286375046,0.033242031931877136,0.033350951969623566,0.03345188498497009,0.033524319529533386,0.033242031931877136,0.03394642099738121,0.033377502113580704,0.033242031931877136,0.033242031931877136,0.03341352939605713,0.033242031931877136,0.033242031931877136,0.03326860070228577,0.033242031931877136,0.03327568992972374,0.033242031931877136,0.03324352949857712,0.033344563096761703,0.033396605402231216
2024-06-25,0.033257175236940384,0.03326147422194481,0.033600643277168274,0.033257175236940384,0.0333876758813858,0.033257175236940384,0.033257175236940384,0.033257175236940384,0.033257175236940384,0.033257175236940384,0.03354072943329811,0.033257175236940384,0.033257175236940384,0.033440567553043365,0.03346281871199608,0.033257175236940384,0.03371025249361992,0.03340204432606697,0.033257175236940384,0.033257175236940384,0.033548638224601746,0.033257175236940384,0.033257175236940384,0.03332262858748436,0.03331022337079048,0.03338277339935303,0.033257175236940384,0.033257175236940384,0.033257175236940384,0.0332576222717762
2024-06-26,0.033256545662879944,0.0332576259970665,0.033498913049697876,0.033256545662879944,0.033509694039821625,0.033256545662879944,0.033256545662879944,0.033256545662879944,0.033256545662879944,0.033256545662879944,0.03349723666906357,0.033256545662879944,0.033256545662879944,0.03332323208451271,0.033605288714170456,0.033256545662879944,0.03365924581885338,0.033293209969997406,0.033256545662879944,0.033256545662879944,0.03356214240193367,0.033256545662879944,0.033256545662879944,0.03338456526398659,0.033256545662879944,0.03343002125620842,0.03326209634542465,0.033256545662879944,0.03335535526275635,0.033256545662879944
2024-06-27,0.033265817910432816,0.033265817910432816,0.03354227542877197,0.033265817910432816,0.03337324783205986,0.033265817910432816,0.033265817910432816,0.033265817910432816,0.033265817910432816,0.033265817910432816,0.03343505784869194,0.033265817910432816,0.03334196284413338,0.03336240351200104,0.033552512526512146,0.033265817910432816,0.033772438764572144,0.033330079168081284,0.033265817910432816,0.033265817910432816,0.03352174907922745,0.033265817910432816,0.033265817910432816,0.033265817910432816,0.033265817910432816,0.03327571973204613,0.033265817910432816,0.033265817910432816,0.0334419310092926,0.033265817910432816
2024-06-28,0.033260684460401535,0.03329528123140335,0.03353495895862579,0.033260684460401535,0.033467065542936325,0.033260684460401535,0.033260684460401535,0.033260684460401535,0.033260684460401535,0.033260684460401535,0.033452585339546204,0.033260684460401535,0.03326407074928284,0.033260684460401535,0.03364354744553566,0.033260684460401535,0.03358070179820061,0.033260684460401535,0.033260684460401535,0.033260684460401535,0.0335054025053978,0.033260684460401535,0.033260684460401535,0.0333867222070694,0.033260684460401535,0.03340792655944824,0.033260684460401535,0.033260684460401535,0.03350874036550522,0.033260684460401535
2024-06-29,0.03323623538017273,0.03323667496442795,0.03352821618318558,0.03323623538017273,0.03354021534323692,0.03323623538017273,0.03323623538017273,0.03323623538017273,0.03323623538017273,0.03323623538017273,0.03323623538017273,0.033479005098342896,0.03348549082875252,0.03345002979040146,0.03348812088370323,0.033245448023080826,0.03370172902941704,0.03346816450357437,0.03323623538017273,0.03323623538017273,0.033816635608673096,0.03323623538017273,0.03323623538017273,0.033268872648477554,0.03323623538017273,0.03323623538017273,0.03323623538017273,0.03327544033527374,0.03323623538017273,0.03323623538017273
2024-06-30,0.03324516490101814,0.033296823501586914,0.03350783884525299,0.03324516490101814,0.03351828083395958,0.03324516490101814,0.03324516490101814,0.03324516490101814,0.03324516490101814,0.03324516490101814,0.03344905003905296,0.033384423702955246,0.03347564488649368,0.033344730734825134,0.03354930132627487,0.03325681388378143,0.033609893172979355,0.03343990072607994,0.03324516490101814,0.03324516490101814,0.03368310257792473,0.03324516490101814,0.03324516490101814,0.03324516490101814,0.03324516490101814,0.03324516490101814,0.03324516490101814,0.03331634774804115,0.03324516490101814,0.03324516490101814
2024-07-01,0.03323914483189583,0.03327278420329094,0.03360531106591225,0.03323914483189583,0.03343704715371132,0.03323914483189583,0.03323914483189583,0.03323914483189583,0.03323914483189583,0.03323914483189583,0.033471859991550446,0.033411864191293716,0.03343883156776428,0.033252596855163574,0.03342695161700249,0.03331037983298302,0.03375716507434845,0.033478058874607086,0.03323914483189583,0.03323914483189583,0.03369773551821709,0.03323914483189583,0.03323914483189583,0.03329212963581085,0.03323914483189583,0.033320989459753036,0.03323914483189583,0.03323914483189583,0.03323914483189583,0.03323914483189583
2024-07-02,0.033237118273973465,0.03325840085744858,0.03360762447118759,0.033237118273973465,0.033438295125961304,0.033237118273973465,0.033237118273973465,0.033237118273973465,0.033237118273973465,0.033237118273973465,0.03346985578536987,0.03340701386332512,0.03343218192458153,0.03326569125056267,0.03342475742101669,0.03332347050309181,0.033756040036678314,0.03347325325012207,0.033237118273973465,0.033237118273973465,0.03372322767972946,0.033237118273973465,0.033237118273973465,0.03328908234834671,0.033237118273973465,0.033337220549583435,0.033237118273973465,0.033237118273973465,0.033237118273973465,0.033237118273973465
2024-07-03,0.03323712199926376,0.03325829654932022,0.033607590943574905,0.03323712199926376,0.033438343554735184,0.03323712199926376,0.03323712199926376,0.03323712199926376,0.03323712199926376,0.03323712199926376,0.03346987068653107,0.033406928181648254,0.03343212231993675,0.03326568752527237,0.03342479094862938,0.0333235003054142,0.033756088465452194,0.033473264425992966,0.03323712199926376,0.03323712199926376,0.033723242580890656,0.03323712199926376,0.03323712199926376,0.033289141952991486,0.03323712199926376,0.03333723172545433,0.03323712199926376,0.03323712199926376,0.03323712199926376,0.03323712199926376
2024-07-04,0.03323712199926376,0.03325829654932022,0.033607590943574905,0.03323712199926376,0.033438343554735184,0.03323712199926376,0.03323712199926376,0.03323712199926376,0.03323712199926376,0.03323712199926376,0.03346987068653107,0.033406928181648254,0.03343212231993675,0.03326568752527237,0.03342479094862938,0.0333235003054142,0.033756088465452194,0.033473264425992966,0.03323712199926376,0.03323712199926376,0.033723242580890656,0.03323712199926376,0.03323712199926376,0.033289141952991486,0.03323712199926376,0.03333723172545433,0.03323712199926376,0.03323712199926376,0.03323712199926376,0.03323712199926376
2024-07-05,0.03324180096387863,0.03324180096387863,0.03358033671975136,0.03324180096387863,0.03344055637717247,0.03324180096387863,0.03324180096387863,0.03324180096387863,0.03324180096387863,0.03324180096387863,0.033458542078733444,0.0334550105035305,0.03342118486762047,0.03325397148728371,0.03349405154585838,0.03324180096387863,0.03380081430077553,0.03326733037829399,0.03324180096387863,0.03324180096387863,0.03367536887526512,0.03324180096387863,0.03324180096387863,0.03329044580459595,0.03324180096387863,0.033381979912519455,0.03324180096387863,0.03326920047402382,0.0333305299282074,0.03325369581580162
2024-07-06,0.03323712199926376,0.033258285373449326,0.033607590943574905,0.03323712199926376,0.033438343554735184,0.03323712199926376,0.03323712199926376,0.03323712199926376,0.03323712199926376,0.03323712199926376,0.03346987068653107,0.03340693190693855,0.033432118594646454,0.03326568379998207,0.03342479467391968,0.0333234965801239,0.033756088465452194,0.03347324952483177,0.03323712199926376,0.03323712199926376,0.033723242580890656,0.03323712199926376,0.03323712199926376,0.033289141952991486,0.03323712199926376,0.03333723172545433,0.03323712199926376,0.03323712199926376,0.03323712199926376,0.03323712199926376
2024-07-07,0.03324179723858833,0.03324179723858833,0.033580366522073746,0.03324179723858833,0.033440567553043365,0.03324179723858833,0.03324179723858833,0.03324179723858833,0.03324179723858833,0.03324179723858833,0.03345855325460434,0.03345497325062752,0.03342118114233017,0.033253978937864304,0.03349403664469719,0.03324179723858833,0.033800795674324036,0.03326745331287384,0.03324179723858833,0.03324179723858833,0.033675432205200195,0.03324179723858833,0.03324179723858833,0.03329045698046684,0.03324179723858833,0.03338196501135826,0.03324179723858833,0.033269163221120834,0.03333044797182083,0.033253658562898636
2024-07-08,0.03323917090892792,0.03323917090892792,0.033582981675863266,0.03323917090892792,0.03344231843948364,0.03323917090892792,0.03323917090892792,0.03323917090892792,0.03323917090892792,0.03323917090892792,0.03346748277544975,0.033449333161115646,0.03341664373874664,0.033247046172618866,0.033513881266117096,0.03323917090892792,0.03379831463098526,0.03325192257761955,0.03323917090892792,0.03324590623378754,0.033666860312223434,0.03323917090892792,0.03323917090892792,0.03330432251095772,0.03323917090892792,0.03339347615838051,0.03323917090892792,0.03328539803624153,0.03333480283617973,0.03325095772743225
2024-07-09,0.0332271084189415,0.033293403685092926,0.03373408690094948,0.0332271084189415,0.03335290774703026,0.0332271084189415,0.0332271084189415,0.0332271084189415,0.0332271084189415,0.0332271084189415,0.033525895327329636,0.03330677002668381,0.03333529084920883,0.033306777477264404,0.033529624342918396,0.033289726823568344,0.03382441774010658,0.03336402401328087,0.0332271084189415,0.033297549933195114,0.0335838682949543,0.0332271084189415,0.0332271084189415,0.033457912504673004,0.0332271084189415,0.033389024436473846,0.0332271084189415,0.03322920575737953,0.0332271084189415,0.0332271084189415
2024-07-10,0.03321756795048714,0.03329696133732796,0.03363215550780296,0.03321756795048714,0.03336113691329956,0.03321756795048714,0.03321756795048714,0.03321756795048714,0.03321756795048714,0.03321756795048714,0.033557821065187454,0.033261869102716446,0.03337765485048294,0.03339061886072159,0.03353205323219299,0.03335880860686302,0.033771734684705734,0.03340325132012367,0.03321756795048714,0.03322111442685127,0.03354760631918907,0.03321756795048714,0.03321756795048714,0.033550892025232315,0.03323408216238022,0.03336501866579056,0.03323768824338913,0.033288683742284775,0.03321756795048714,0.03321756795048714
2024-07-11,0.0332384929060936,0.033347032964229584,0.033785074949264526,0.0332384929060936,0.033407021313905716,0.0332384929060936,0.0332384929060936,0.0332384929060936,0.0332384929060936,0.0332384929060936,0.033390868455171585,0.0332384929060936,0.033339083194732666,0.03335854411125183,0.03349972888827324,0.03328092396259308,0.0338304378092289,0.033442359417676926,0.0332384929060936,0.0332384929060936,0.0335366353392601,0.0332384929060936,0.0332384929060936,0.03335956856608391,0.0332384929060936,0.0333234965801239,0.0332384929060936,0.03328331932425499,0.0332384929060936,0.0332384929060936
2024-07-12,0.0332452766597271,0.03334973379969597,0.033829715102910995,0.0332452766597271,0.033351726830005646,0.0332452766597271,0.0332452766597271,0.0332452766597271,0.0332452766597271,0.0332452766597271,0.03342694789171219,0.0332452766597271,0.03339400514960289,0.03335150331258774,0.03354587405920029,0.0332452766597271,0.03385229408740997,0.03347720205783844,0.0332452766597271,0.0332452766597271,0.03335253894329071,0.0332452766597271,0.0332452766597271,0.03331726789474487,0.033298756927251816,0.0332452766597271,0.0332452766597271,0.0332452766597271,0.0332452766597271,0.03328273445367813
2024-07-13,0.033244289457798004,0.0333494171500206,0.03376409783959389,0.033244289457798004,0.03342404216527939,0.033244289457798004,0.033244289457798004,0.033244289457798004,0.033244289457798004,0.033244289457798004,0.033479079604148865,0.033244289457798004,0.03348401188850403,0.033406227827072144,0.03341486677527428,0.033244289457798004,0.0337701141834259,0.033299483358860016,0.033244289457798004,0.033244289457798004,0.03333622217178345,0.033244289457798004,0.033244289457798004,0.03327658399939537,0.033354341983795166,0.03329479694366455,0.03328259661793709,0.033244289457798004,0.03326548635959625,0.033378615975379944
2024-07-14,0.03325273469090462,0.033286165446043015,0.03376614302396774,0.03325273469090462,0.03333231061697006,0.03325273469090462,0.03325273469090462,0.03325273469090462,0.03325273469090462,0.03325273469090462,0.03344659134745598,0.03325273469090462,0.033431731164455414,0.03339700773358345,0.033547647297382355,0.03325273469090462,0.03389021381735802,0.033288873732089996,0.03325273469090462,0.03325273469090462,0.03330880403518677,0.03325273469090462,0.03325273469090462,0.03329102322459221,0.03325273469090462,0.03327740728855133,0.03325273469090462,0.03325273469090462,0.03333676978945732,0.03335562348365784
2024-07-15,0.033253490924835205,0.03328137844800949,0.03376489132642746,0.033253490924835205,0.03332196921110153,0.033253490924835205,0.033253490924835205,0.033253490924835205,0.033253490924835205,0.033253490924835205,0.033440202474594116,0.033253490924835205,0.033423371613025665,0.03339756652712822,0.0335586778819561,0.033253490924835205,0.03390231728553772,0.0332881323993206,0.033253490924835205,0.033253490924835205,0.033305417746305466,0.033253490924835205,0.033253490924835205,0.03329290822148323,0.033253490924835205,0.03327154368162155,0.033253490924835205,0.033253490924835205,0.03334328532218933,0.033352360129356384
2024-07-16,0.03322802484035492,0.03354693949222565,0.033726368099451065,0.03322802484035492,0.03343688324093819,0.03322802484035492,0.03322802484035492,0.03322802484035492,0.03322802484035492,0.03322802484035492,0.033574238419532776,0.0335349440574646,0.03355570510029793,0.033365048468112946,0.03339220955967903,0.03322802484035492,0.033696409314870834,0.03323402255773544,0.03322802484035492,0.033257514238357544,0.03337234631180763,0.03322802484035492,0.03322802484035492,0.03322802484035492,0.03337539732456207,0.033237263560295105,0.03327440842986107,0.03322802484035492,0.03322802484035492,0.03322802484035492
2024-07-17,0.03321004658937454,0.03369326516985893,0.03371982276439667,0.03321004658937454,0.03342980518937111,0.03321004658937454,0.03321004658937454,0.03321004658937454,0.03321004658937454,0.03321004658937454,0.03359867259860039,0.03350101038813591,0.03345998376607895,0.0333557091653347,0.03330616280436516,0.03321004658937454,0.033669307827949524,0.03341337665915489,0.03321004658937454,0.03321004658937454,0.03348855674266815,0.03321004658937454,0.03321004658937454,0.03321004658937454,0.0334973968565464,0.033296212553977966,0.03321004658937454,0.03321004658937454,0.03321004658937454,0.03321004658937454
2024-07-18,0.0332207977771759,0.03360246866941452,0.03368174657225609,0.0332207977771759,0.03345050662755966,0.0332207977771759,0.0332207977771759,0.0332207977771759,0.0332207977771759,0.0332207977771759,0.033586129546165466,0.033560942858457565,0.03350474685430527,0.03335830941796303,0.033312804996967316,0.0332207977771759,0.03365375101566315,0.033258356153964996,0.0332207977771759,0.0332207977771759,0.033432528376579285,0.0332207977771759,0.0332207977771759,0.0332207977771759,0.03343673050403595,0.03332014009356499,0.03330802172422409,0.0332207977771759,0.0332207977771759,0.0332207977771759
2024-07-19,0.03321636840701103,0.03356337919831276,0.03369595482945442,0.03321636840701103,0.03341107815504074,0.03321636840701103,0.03321636840701103,0.03321636840701103,0.03321636840701103,0.0332263708114624,0.03361882269382477,0.03360828757286072,0.03342770040035248,0.03339868783950806,0.03326813876628876,0.03321636840701103,0.03363547474145889,0.03334540128707886,0.03321636840701103,0.03322983905673027,0.033504851162433624,0.03321636840701103,0.03321636840701103,0.03321636840701103,0.03338818624615669,0.03334852308034897,0.033300142735242844,0.03321636840701103,0.03321636840701103,0.03321636840701103
2024-07-20,0.03323983773589134,0.033580027520656586,0.03356629237532616,0.03323983773589134,0.03346417844295502,0.03323983773589134,0.03323983773589134,0.03323983773589134,0.03323983773589134,0.03323983773589134,0.033639248460531235,0.0334257073700428,0.03342553973197937,0.03340063616633415,0.033290207386016846,0.03323983773589134,0.03345983847975731,0.03323983773589134,0.03323983773589134,0.03323983773589134,0.03348618373274803,0.03323983773589134,0.03323983773589134,0.03326299786567688,0.03346560522913933,0.033308375626802444,0.03338766098022461,0.03323983773589134,0.03323983773589134,0.03323983773589134
2024-07-21,0.03323983773589134,0.03358001261949539,0.03356630355119705,0.03323983773589134,0.03346419334411621,0.03323983773589134,0.03323983773589134,0.03323983773589134,0.03323983773589134,0.03323983773589134,0.033639296889305115,0.033425770699977875,0.0334254689514637,0.03340069577097893,0.033290158957242966,0.03323983773589134,0.03345983102917671,0.03323983773589134,0.03323983773589134,0.03323983773589134,0.03348627686500549,0.03323983773589134,0.03323983773589134,0.03326300531625748,0.03346557170152664,0.033308397978544235,0.03338765725493431,0.03323983773589134,0.03323983773589134,0.03323983773589134
2024-07-22,0.033239804208278656,0.03357986360788345,0.033566419035196304,0.033239804208278656,0.0334642194211483,0.033239804208278656,0.033239804208278656,0.033239804208278656,0.033239804208278656,0.033239804208278656,0.033639583736658096,0.03342614322900772,0.03342500329017639,0.03340105339884758,0.033289842307567596,0.033239804208278656,0.03345979377627373,0.033239804208278656,0.033239804208278656,0.033239804208278656,0.033486850559711456,0.033239804208278656,0.033239804208278656,0.033263031393289566,0.03346532955765724,0.033308498561382294,0.03338760882616043,0.033239804208278656,0.033239804208278656,0.033239804208278656
2024-07-23,0.03326305374503136,0.03326305374503136,0.03361230716109276,0.03326305374503136,0.03326667472720146,0.03326305374503136,0.03326305374503136,0.03326305374503136,0.03326305374503136,0.03326305374503136,0.03360668197274208,0.03326305374503136,0.033352818340063095,0.033425286412239075,0.03353431820869446,0.03326305374503136,0.03377259895205498,0.03326305374503136,0.03326305374503136,0.03326305374503136,0.033588167279958725,0.03326305374503136,0.03326305374503136,0.0333104208111763,0.03326305374503136,0.033269669860601425,0.03326305374503136,0.03326305374503136,0.03326305374503136,0.03326305374503136
2024-07-24,0.033245474100112915,0.033245474100112915,0.03368908911943436,0.033245474100112915,0.033466193825006485,0.033245474100112915,0.033245474100112915,0.033245474100112915,0.033245474100112915,0.033245474100112915,0.033593058586120605,0.033245474100112915,0.03332062438130379,0.033398743718862534,0.03346912935376167,0.033245474100112915,0.03401676565408707,0.033245474100112915,0.033245474100112915,0.033245474100112915,0.033445268869400024,0.033245474100112915,0.033245474100112915,0.03342628851532936,0.033245474100112915,0.033245474100112915,0.033245474100112915,0.033245474100112915,0.03324764594435692,0.0332631878554821
2024-07-25,0.03323129564523697,0.03338255733251572,0.033660780638456345,0.03323129564523697,0.03345504403114319,0.03323129564523697,0.03323129564523697,0.03323129564523697,0.03323129564523697,0.03323129564523697,0.03364000841975212,0.033463966101408005,0.03328394517302513,0.0334554947912693,0.03329221159219742,0.03323129564523697,0.033789388835430145,0.03325336426496506,0.03323129564523697,0.033359259366989136,0.033441267907619476,0.03323129564523697,0.03323129564523697,0.033396683633327484,0.03323129564523697,0.03325508162379265,0.03324273228645325,0.033240824937820435,0.03338057920336723,0.03323129564523697
2024-07-26,0.03323332592844963,0.03351875767111778,0.03348277881741524,0.03323332592844963,0.0335540808737278,0.03323332592844963,0.03323332592844963,0.03323332592844963,0.03323332592844963,0.03323332592844963,0.03372150659561157,0.033320631831884384,0.03325832635164261,0.033579450100660324,0.03327310085296631,0.03323332592844963,0.033303678035736084,0.03323332592844963,0.03323332592844963,0.033491697162389755,0.03330981358885765,0.03323332592844963,0.03323332592844963,0.03355570137500763,0.03333551809191704,0.03325249254703522,0.03348241001367569,0.03323332592844963,0.033293530344963074,0.03323332592844963
2024-07-27,0.033247802406549454,0.0334351547062397,0.03347387909889221,0.033247802406549454,0.03340047597885132,0.033247802406549454,0.033247802406549454,0.033247802406549454,0.033247802406549454,0.033247802406549454,0.03363097086548805,0.033380500972270966,0.033345311880111694,0.03363559767603874,0.03338097780942917,0.033247802406549454,0.03346918895840645,0.033304791897535324,0.033247802406549454,0.033247802406549454,0.033446911722421646,0.033247802406549454,0.033247802406549454,0.033279553055763245,0.033447857946157455,0.033247802406549454,0.03331848606467247,0.033247802406549454,0.033333197236061096,0.033247802406549454
2024-07-28,0.033260371536016464,0.033441074192523956,0.03355912119150162,0.033260371536016464,0.033307578414678574,0.033260371536016464,0.033260371536016464,0.033260371536016464,0.033260371536016464,0.033260371536016464,0.03356897085905075,0.03331800550222397,0.03341327980160713,0.033559732139110565,0.033402834087610245,0.033260371536016464,0.03354312852025032,0.03330445662140846,0.033260371536016464,0.033260371536016464,0.033438894897699356,0.033260371536016464,0.033260371536016464,0.03332946449518204,0.03333422541618347,0.033260371536016464,0.033283986151218414,0.033260371536016464,0.03328968584537506,0.033260371536016464
2024-07-29,0.033257197588682175,0.03340385854244232,0.033655937761068344,0.033257197588682175,0.03328758850693703,0.033257197588682175,0.033257197588682175,0.033257197588682175,0.033257197588682175,0.033257197588682175,0.033598098903894424,0.033420380204916,0.03338082879781723,0.0334622897207737,0.03342706337571144,0.033257197588682175,0.03364694118499756,0.03326331079006195,0.033257197588682175,0.033257197588682175,0.03352796658873558,0.033257197588682175,0.033257197588682175,0.033257197588682175,0.0332961305975914,0.033257197588682175,0.033257197588682175,0.033257197588682175,0.033257197588682175,0.033257197588682175
2024-07-30,0.03325962647795677,0.03339744731783867,0.033615972846746445,0.03325962647795677,0.03344794735312462,0.03325962647795677,0.03325962647795677,0.03325962647795677,0.03325962647795677,0.03325962647795677,0.03367890417575836,0.03333031013607979,0.03329598531126976,0.033499665558338165,0.03335699439048767,0.03325962647795677,0.03367188945412636,0.03325962647795677,0.03325962647795677,0.03325962647795677,0.033436089754104614,0.03325962647795677,0.03325962647795677,0.03330560401082039,0.03328067436814308,0.03325962647795677,0.03325962647795677,0.03325962647795677,0.033268895000219345,0.03325962647795677
2024-07-31,0.03324976935982704,0.03324976935982704,0.03353895619511604,0.03324976935982704,0.03339095786213875,0.03324976935982704,0.03324976935982704,0.03324976935982704,0.03324976935982704,0.03324976935982704,0.033499665558338165,0.033437203615903854,0.03346782550215721,0.03336440026760101,0.03348565846681595,0.03324976935982704,0.03390232101082802,0.033269986510276794,0.03324976935982704,0.03324976935982704,0.033586759120225906,0.03324976935982704,0.03324976935982704,0.03324976935982704,0.03324976935982704,0.03324976935982704,0.03324976935982704,0.03324976935982704,0.03324976935982704,0.0333106629550457
2024-08-01,0.03324976935982704,0.03324976935982704,0.03353895619511604,0.03324976935982704,0.03339095786213875,0.03324976935982704,0.03324976935982704,0.03324976935982704,0.03324976935982704,0.03324976935982704,0.033499665558338165,0.033437203615903854,0.03346782550215721,0.03336440026760101,0.03348565846681595,0.03324976935982704,0.03390232101082802,0.033269986510276794,0.03324976935982704,0.03324976935982704,0.033586759120225906,0.03324976935982704,0.03324976935982704,0.03324976935982704,0.03324976935982704,0.03324976935982704,0.03324976935982704,0.03324976935982704,0.03324976935982704,0.0333106629550457
2024-08-02,0.03325773775577545,0.03327973932027817,0.033592384308576584,0.03325773775577545,0.0334247462451458,0.03325773775577545,0.03325773775577545,0.03325773775577545,0.03325773775577545,0.03325773775577545,0.03347284346818924,0.033324290066957474,0.03354912996292114,0.03325773775577545,0.033610597252845764,0.03325773775577545,0.033882126212120056,0.03325773775577545,0.03325773775577545,0.03325773775577545,0.03345167636871338,0.03325773775577545,0.03325773775577545,0.03325773775577545,0.03325773775577545,0.03325773775577545,0.03325773775577545,0.03325773775577545,0.03325773775577545,0.03325773775577545
2024-08-03,0.033263277262449265,0.033263277262449265,0.03358558937907219,0.033263277262449265,0.0334516204893589,0.033263277262449265,0.033263277262449265,0.033263277262449265,0.033263277262449265,0.033263277262449265,0.03365825116634369,0.033263277262449265,0.0332927331328392,0.033386509865522385,0.03347257897257805,0.033263277262449265,0.03374256566166878,0.033263277262449265,0.033263277262449265,0.033263277262449265,0.033411383628845215,0.033263277262449265,0.033263277262449265,0.03346991539001465,0.033263277262449265,0.033263277262449265,0.033263277262449265,0.033263277262449265,0.033263277262449265,0.033263277262449265
2024-08-04,0.03326328098773956,0.03326328098773956,0.03358560800552368,0.03326328098773956,0.033451590687036514,0.03326328098773956,0.03326328098773956,0.03326328098773956,0.03326328098773956,0.03326328098773956,0.033658217638731,0.03326328098773956,0.03329276293516159,0.03338651359081268,0.033472608774900436,0.03326328098773956,0.03374258801341057,0.03326328098773956,0.03326328098773956,0.03326328098773956,0.033411335200071335,0.03326328098773956,0.03326328098773956,0.03346990793943405,0.03326328098773956,0.03326328098773956,0.03326328098773956,0.03326328098773956,0.03326328098773956,0.03326328098773956
2024-08-05,0.03326328098773956,0.03326328098773956,0.03358560800552368,0.03326328098773956,0.033451590687036514,0.03326328098773956,0.03326328098773956,0.03326328098773956,0.03326328098773956,0.03326328098773956,0.033658217638731,0.03326328098773956,0.03329276293516159,0.03338651359081268,0.033472608774900436,0.03326328098773956,0.03374258801341057,0.03326328098773956,0.03326328098773956,0.03326328098773956,0.033411335200071335,0.03326328098773956,0.03326328098773956,0.03346990793943405,0.03326328098773956,0.03326328098773956,0.03326328098773956,0.03326328098773956,0.03326328098773956,0.03326328098773956
2024-08-06,0.03326001018285751,0.03326001018285751,0.033589717000722885,0.03326001018285751,0.033452101051807404,0.03326001018285751,0.03326001018285751,0.03326001018285751,0.03326001018285751,0.03326001018285751,0.03364638611674309,0.03326001018285751,0.0332602858543396,0.03344124183058739,0.03343809396028519,0.03326001018285751,0.03379758819937706,0.03326001018285751,0.03326001018285751,0.03326001018285751,0.03349776566028595,0.03326001018285751,0.03326001018285751,0.03341307491064072,0.03326001018285751,0.03326001018285751,0.03326001018285751,0.03326001018285751,0.03326352313160896,0.03326001018285751
2024-08-07,0.033259857445955276,0.033259857445955276,0.03359081223607063,0.033259857445955276,0.03345237299799919,0.033259857445955276,0.033259857445955276,0.033259857445955276,0.033259857445955276,0.033259857445955276,0.03364601731300354,0.033259857445955276,0.03326066583395004,0.03344094753265381,0.03343857824802399,0.033259857445955276,0.03379959613084793,0.033259857445955276,0.033259857445955276,0.033259857445955276,0.03349732235074043,0.033259857445955276,0.033259857445955276,0.0334131196141243,0.033259857445955276,0.033259857445955276,0.033259857445955276,0.033259857445955276,0.03326338157057762,0.033259857445955276
2024-08-08,0.033245474100112915,0.033245474100112915,0.03368908911943436,0.033245474100112915,0.033466193825006485,0.033245474100112915,0.033245474100112915,0.033245474100112915,0.033245474100112915,0.033245474100112915,0.033593058586120605,0.033245474100112915,0.03332062438130379,0.033398743718862534,0.03346912935376167,0.033245474100112915,0.03401676565408707,0.033245474100112915,0.033245474100112915,0.033245474100112915,0.033445268869400024,0.033245474100112915,0.033245474100112915,0.03342628851532936,0.033245474100112915,0.033245474100112915,0.033245474100112915,0.033245474100112915,0.03324764594435692,0.0332631878554821
2024-08-09,0.03326001018285751,0.03326001018285751,0.033589717000722885,0.03326001018285751,0.033452101051807404,0.03326001018285751,0.03326001018285751,0.03326001018285751,0.03326001018285751,0.03326001018285751,0.03364638611674309,0.03326001018285751,0.0332602858543396,0.03344124183058739,0.03343809396028519,0.03326001018285751,0.03379758819937706,0.03326001018285751,0.03326001018285751,0.03326001018285751,0.03349776566028595,0.03326001018285751,0.03326001018285751,0.03341307491064072,0.03326001018285751,0.03326001018285751,0.03326001018285751,0.03326001018285751,0.03326352313160896,0.03326001018285751
2024-08-10,0.0332590788602829,0.0332590788602829,0.033596470952034,0.0332590788602829,0.03345373645424843,0.0332590788602829,0.0332590788602829,0.0332590788602829,0.0332590788602829,0.0332590788602829,0.03364405408501625,0.0332590788602829,0.03326267749071121,0.033439427614212036,0.03344106674194336,0.0332590788602829,0.03380998224020004,0.0332590788602829,0.0332590788602829,0.0332590788602829,0.03349503129720688,0.0332590788602829,0.0332590788602829,0.033413372933864594,0.0332590788602829,0.0332590788602829,0.0332590788602829,0.0332590788602829,0.03326266258955002,0.0332590788602829
2024-08-11,0.03325174003839493,0.03325174003839493,0.03364913538098335,0.03325174003839493,0.03346416726708412,0.03325174003839493,0.03325174003839493,0.03325174003839493,0.03325174003839493,0.03325174003839493,0.03362042084336281,0.03325174003839493,0.033287741243839264,0.03342153877019882,0.033461347222328186,0.03325174003839493,0.033915817737579346,0.03325174003839493,0.03325174003839493,0.03325174003839493,0.0334707573056221,0.03325174003839493,0.03325174003839493,0.03341764584183693,0.03325174003839493,0.03325174003839493,0.03325174003839493,0.03325174003839493,0.03325662761926651,0.03325174003839493
2024-08-12,0.033259011805057526,0.033259011805057526,0.03359682485461235,0.033259011805057526,0.033454012125730515,0.033259011805057526,0.033259011805057526,0.033259011805057526,0.033259011805057526,0.033259011805057526,0.033643804490566254,0.033259011805057526,0.033262915909290314,0.03343915939331055,0.033441267907619476,0.033259011805057526,0.033810921013355255,0.033259011805057526,0.033259011805057526,0.033259011805057526,0.03349495679140091,0.033259011805057526,0.033259011805057526,0.03341326117515564,0.033259011805057526,0.033259011805057526,0.033259011805057526,0.033259011805057526,0.033262696117162704,0.033259011805057526
2024-08-13,0.03325154632329941,0.03325154632329941,0.03360481560230255,0.03325154632329941,0.033574026077985764,0.03325154632329941,0.03325154632329941,0.03325154632329941,0.03325154632329941,0.03325154632329941,0.033533405512571335,0.03325154632329941,0.033384162932634354,0.03333015739917755,0.033472925424575806,0.03325154632329941,0.03397701308131218,0.03325154632329941,0.03325154632329941,0.03325154632329941,0.03349025920033455,0.03325154632329941,0.03325154632329941,0.03331565484404564,0.03325154632329941,0.03325154632329941,0.03325154632329941,0.03325154632329941,0.0332866795361042,0.03325154632329941
2024-08-14,0.03325339034199715,0.03325339034199715,0.033552784472703934,0.03325339034199715,0.033564627170562744,0.03325339034199715,0.03325339034199715,0.03325339034199715,0.03325339034199715,0.03325339034199715,0.03358402103185654,0.03327128291130066,0.033382169902324677,0.033345285803079605,0.03341160714626312,0.03325339034199715,0.033943455666303635,0.03325339034199715,0.03325339034199715,0.03327347710728645,0.033547721803188324,0.03325339034199715,0.03325339034199715,0.03325339034199715,0.03325339034199715,0.03325339034199715,0.03325339034199715,0.03325339034199715,0.03330906480550766,0.03325339034199715
2024-08-15,0.033252619206905365,0.033252619206905365,0.033601585775613785,0.033252619206905365,0.03356890752911568,0.033252619206905365,0.033252619206905365,0.033252619206905365,0.033252619206905365,0.033252619206905365,0.03353163227438927,0.033252619206905365,0.0333828330039978,0.03333118557929993,0.03346569836139679,0.033252619206905365,0.03397861123085022,0.033252619206905365,0.033252619206905365,0.033252619206905365,0.03349459543824196,0.033252619206905365,0.033252619206905365,0.03330809995532036,0.033252619206905365,0.033252619206905365,0.033252619206905365,0.033252619206905365,0.033284470438957214,0.033252619206905365
2024-08-16,0.03326234966516495,0.03326234966516495,0.033442623913288116,0.03326234966516495,0.03354785218834877,0.03326234966516495,0.03326234966516495,0.03326234966516495,0.03326234966516495,0.03326234966516495,0.033645302057266235,0.03326234966516495,0.033311210572719574,0.03335002437233925,0.03338388353586197,0.03326234966516495,0.033813346177339554,0.03326234966516495,0.03326234966516495,0.03329014405608177,0.033590056002140045,0.03326234966516495,0.03326234966516495,0.03326234966516495,0.03326234966516495,0.033291514962911606,0.03326234966516495,0.03326234966516495,0.03334933891892433,0.03326234966516495
2024-08-17,0.033252619206905365,0.033252619206905365,0.033601585775613785,0.033252619206905365,0.03356890752911568,0.033252619206905365,0.033252619206905365,0.033252619206905365,0.033252619206905365,0.033252619206905365,0.03353163227438927,0.033252619206905365,0.033382829278707504,0.03333118557929993,0.03346569836139679,0.033252619206905365,0.03397861123085022,0.033252619206905365,0.033252619206905365,0.033252619206905365,0.03349459543824196,0.033252619206905365,0.033252619206905365,0.03330809995532036,0.033252619206905365,0.033252619206905365,0.033252619206905365,0.033252619206905365,0.03328447416424751,0.033252619206905365
2024-08-18,0.033252619206905365,0.033252619206905365,0.033601585775613785,0.033252619206905365,0.03356890752911568,0.033252619206905365,0.033252619206905365,0.033252619206905365,0.033252619206905365,0.033252619206905365,0.03353163227438927,0.033252619206905365,0.033382829278707504,0.03333118557929993,0.03346569836139679,0.033252619206905365,0.03397861123085022,0.033252619206905365,0.033252619206905365,0.033252619206905365,0.03349459543824196,0.033252619206905365,0.033252619206905365,0.03330809995532036,0.033252619206905365,0.033252619206905365,0.033252619206905365,0.033252619206905365,0.03328447416424751,0.033252619206905365
2024-08-19,0.033252619206905365,0.033252619206905365,0.033601585775613785,0.033252619206905365,0.03356890752911568,0.033252619206905365,0.033252619206905365,0.033252619206905365,0.033252619206905365,0.033252619206905365,0.03353163227438927,0.033252619206905365,0.033382829278707504,0.03333118557929993,0.03346569836139679,0.033252619206905365,0.03397861123085022,0.033252619206905365,0.033252619206905365,0.033252619206905365,0.03349459543824196,0.033252619206905365,0.033252619206905365,0.03330809995532036,0.033252619206905365,0.033252619206905365,0.033252619206905365,0.033252619206905365,0.03328447416424751,0.033252619206905365
2024-08-20,0.033252619206905365,0.033252619206905365,0.033601585775613785,0.033252619206905365,0.033568911254405975,0.033252619206905365,0.033252619206905365,0.033252619206905365,0.033252619206905365,0.033252619206905365,0.03353163227438927,0.033252619206905365,0.033382829278707504,0.03333118557929993,0.03346569463610649,0.033252619206905365,0.03397861123085022,0.033252619206905365,0.033252619206905365,0.033252619206905365,0.03349459916353226,0.033252619206905365,0.033252619206905365,0.03330809995532036,0.033252619206905365,0.033252619206905365,0.033252619206905365,0.033252619206905365,0.033284466713666916,0.033252619206905365
2024-08-21,0.03325262293219566,0.03325262293219566,0.0336015485227108,0.03325262293219566,0.033568836748600006,0.03325262293219566,0.03325262293219566,0.03325262293219566,0.03325262293219566,0.03325262293219566,0.033531658351421356,0.03325262293219566,0.03338281810283661,0.033331211656332016,0.033465731889009476,0.03325262293219566,0.033978525549173355,0.03325262293219566,0.03325262293219566,0.03325262293219566,0.03349465876817703,0.03325262293219566,0.03325262293219566,0.033308058977127075,0.03325262293219566,0.03325262293219566,0.03325262293219566,0.03325262293219566,0.03328448534011841,0.03325262293219566
2024-08-22,0.03324135020375252,0.033246997743844986,0.03353211283683777,0.03324135020375252,0.03345401585102081,0.03324135020375252,0.03324135020375252,0.03324135020375252,0.03324135020375252,0.03324135020375252,0.03356475010514259,0.03340253233909607,0.03336796909570694,0.03328816592693329,0.03346008434891701,0.03324135020375252,0.03385688364505768,0.03337914124131203,0.03324135020375252,0.03324135020375252,0.033648885786533356,0.03324135020375252,0.03324135020375252,0.03330375626683235,0.03324135020375252,0.03335961699485779,0.03325534984469414,0.03324135020375252,0.03324135020375252,0.03325945883989334
2024-08-23,0.03323424607515335,0.033248160034418106,0.033561572432518005,0.03323424607515335,0.03344873711466789,0.03323424607515335,0.03323424607515335,0.03323424607515335,0.03323424607515335,0.03323424607515335,0.033537667244672775,0.033427897840738297,0.033388424664735794,0.03327952325344086,0.03345152363181114,0.033257510513067245,0.03389015793800354,0.03339428827166557,0.03323424607515335,0.03323424607515335,0.033622171729803085,0.03323424607515335,0.03323424607515335,0.03330555185675621,0.03323424607515335,0.03336218744516373,0.03324907645583153,0.03323424607515335,0.03323424607515335,0.0332961268723011
2024-08-24,0.03323424607515335,0.033248160034418106,0.033561572432518005,0.03323424607515335,0.03344873711466789,0.03323424607515335,0.03323424607515335,0.03323424607515335,0.03323424607515335,0.03323424607515335,0.033537667244672775,0.033427897840738297,0.033388424664735794,0.03327952325344086,0.03345152363181114,0.033257510513067245,0.03389015793800354,0.03339428827166557,0.03323424607515335,0.03323424607515335,0.033622171729803085,0.03323424607515335,0.03323424607515335,0.03330555185675621,0.03323424607515335,0.03336218744516373,0.03324907645583153,0.03323424607515335,0.03323424607515335,0.0332961268723011
2024-08-25,0.03323424607515335,0.033248160034418106,0.033561572432518005,0.03323424607515335,0.03344873711466789,0.03323424607515335,0.03323424607515335,0.03323424607515335,0.03323424607515335,0.03323424607515335,0.033537667244672775,0.033427897840738297,0.033388424664735794,0.03327952325344086,0.03345152363181114,0.033257510513067245,0.03389015793800354,0.03339428827166557,0.03323424607515335,0.03323424607515335,0.033622171729803085,0.03323424607515335,0.03323424607515335,0.03330555185675621,0.03323424607515335,0.03336218744516373,0.03324907645583153,0.03323424607515335,0.03323424607515335,0.0332961268723011
2024-08-26,0.03323424607515335,0.033248160034418106,0.033561572432518005,0.03323424607515335,0.03344873711466789,0.03323424607515335,0.03323424607515335,0.03323424607515335,0.03323424607515335,0.03323424607515335,0.033537667244672775,0.033427897840738297,0.033388424664735794,0.03327952325344086,0.03345152363181114,0.033257510513067245,0.03389015793800354,0.03339428827166557,0.03323424607515335,0.03323424607515335,0.033622171729803085,0.03323424607515335,0.03323424607515335,0.03330555185675621,0.03323424607515335,0.03336218744516373,0.03324907645583153,0.03323424607515335,0.03323424607515335,0.0332961268723011
2024-08-27,0.03323424607515335,0.033248160034418106,0.033561572432518005,0.03323424607515335,0.03344873711466789,0.03323424607515335,0.03323424607515335,0.03323424607515335,0.03323424607515335,0.03323424607515335,0.033537667244672775,0.033427897840738297,0.033388424664735794,0.03327952325344086,0.03345152363181114,0.033257510513067245,0.03389015793800354,0.03339428827166557,0.03323424607515335,0.03323424607515335,0.033622171729803085,0.03323424607515335,0.03323424607515335,0.03330555185675621,0.03323424607515335,0.03336218744516373,0.03324907645583153,0.03323424607515335,0.03323424607515335,0.0332961268723011
2024-08-28,0.03325871005654335,0.03325871005654335,0.033417392522096634,0.03325871005654335,0.03344416245818138,0.03325871005654335,0.03325871005654335,0.03325871005654335,0.03325871005654335,0.03325871005654335,0.03363392502069473,0.03331989422440529,0.03331267088651657,0.03330570086836815,0.033451031893491745,0.03325871005654335,0.03373285010457039,0.03334060311317444,0.03325871005654335,0.03325871005654335,0.033703915774822235,0.03325871005654335,0.03325871005654335,0.033306971192359924,0.03325871005654335,0.03334210440516472,0.03329059109091759,0.03325871005654335,0.03325871005654335,0.03325871005654335
2024-08-29,0.03325682505965233,0.033463530242443085,0.03345884382724762,0.03325682505965233,0.033387333154678345,0.03325682505965233,0.03325682505965233,0.03325682505965233,0.03325682505965233,0.03325682505965233,0.03357328847050667,0.033490415662527084,0.033370859920978546,0.03330512344837189,0.03337252512574196,0.03325682505965233,0.03366708755493164,0.03334083780646324,0.03325682505965233,0.03325682505965233,0.033633507788181305,0.03325682505965233,0.03325682505965233,0.03325682505965233,0.03325682505965233,0.033303894102573395,0.03326676785945892,0.03325682505965233,0.03325682505965233,0.03325682505965233
2024-08-30,0.033257074654102325,0.03346271067857742,0.03345831483602524,0.033257074654102325,0.033385198563337326,0.033257074654102325,0.033257074654102325,0.033257074654102325,0.033257074654102325,0.033257074654102325,0.033572956919670105,0.03348951414227486,0.033369213342666626,0.033305343240499496,0.033374372869729996,0.033257074654102325,0.03367003798484802,0.03334120661020279,0.033257074654102325,0.033257074654102325,0.03363353759050369,0.033257074654102325,0.033257074654102325,0.033257074654102325,0.033257074654102325,0.03330234810709953,0.033264849334955215,0.033257074654102325,0.033257074654102325,0.033257074654102325
2024-08-31,0.03325871005654335,0.03325871005654335,0.033417392522096634,0.03325871005654335,0.03344416245818138,0.03325871005654335,0.03325871005654335,0.03325871005654335,0.03325871005654335,0.03325871005654335,0.03363392502069473,0.03331989422440529,0.03331267088651657,0.03330570086836815,0.033451031893491745,0.03325871005654335,0.03373285010457039,0.03334060311317444,0.03325871005654335,0.03325871005654335,0.033703915774822235,0.03325871005654335,0.03325871005654335,0.033306971192359924,0.03325871005654335,0.03334210440516472,0.03329059109091759,0.03325871005654335,0.03325871005654335,0.03325871005654335
2024-09-01,0.03325871005654335,0.03325871005654335,0.03341739624738693,0.03325871005654335,0.03344416990876198,0.03325871005654335,0.03325871005654335,0.03325871005654335,0.03325871005654335,0.03325871005654335,0.03363391384482384,0.03331988677382469,0.03331266716122627,0.03330570086836815,0.033451031893491745,0.03325871005654335,0.03373285010457039,0.033340610563755035,0.03325871005654335,0.03325871005654335,0.03370390832424164,0.03325871005654335,0.03325871005654335,0.033306967467069626,0.03325871005654335,0.03334210440516472,0.03329059109091759,0.03325871005654335,0.03325871005654335,0.03325871005654335
2024-09-02,0.03325889632105827,0.03325889632105827,0.03341929614543915,0.03325889632105827,0.03344547376036644,0.03325889632105827,0.03325889632105827,0.03325889632105827,0.03325889632105827,0.03325889632105827,0.033630989491939545,0.033316101878881454,0.03331172838807106,0.03330661728978157,0.03345251455903053,0.03325889632105827,0.03373286873102188,0.03334292396903038,0.03325889632105827,0.03325889632105827,0.03370139002799988,0.03325889632105827,0.03325889632105827,0.03330555930733681,0.03325889632105827,0.03334272652864456,0.0332905575633049,0.03325889632105827,0.03325889632105827,0.03325889632105827
2024-09-03,0.033260948956012726,0.033260948956012726,0.03343769162893295,0.033260948956012726,0.033459268510341644,0.033260948956012726,0.033260948956012726,0.033260948956012726,0.033260948956012726,0.033260948956012726,0.033600639551877975,0.03327710181474686,0.03330247849225998,0.03331710770726204,0.03346632421016693,0.033260948956012726,0.03373277187347412,0.033366356045007706,0.033260948956012726,0.033260948956012726,0.033675964921712875,0.033260948956012726,0.033260948956012726,0.03329019248485565,0.033260948956012726,0.033350080251693726,0.03328781947493553,0.033260948956012726,0.033260948956012726,0.033260948956012726
2024-09-04,0.03325022757053375,0.03335557132959366,0.03358801081776619,0.03325022757053375,0.033484458923339844,0.03325022757053375,0.03325022757053375,0.03325022757053375,0.03325022757053375,0.03325022757053375,0.033546335995197296,0.03325022757053375,0.03335133567452431,0.033386461436748505,0.0333486832678318,0.03325022757053375,0.03352584317326546,0.03332074359059334,0.03325022757053375,0.03325022757053375,0.033481910824775696,0.03325022757053375,0.03325022757053375,0.03333120420575142,0.03346521407365799,0.033421605825424194,0.03338902071118355,0.03325022757053375,0.03325022757053375,0.03325022757053375
2024-09-05,0.033248767256736755,0.033312976360321045,0.0335356704890728,0.033248767256736755,0.03356945514678955,0.033248767256736755,0.033248767256736755,0.033248767256736755,0.033248767256736755,0.033248767256736755,0.03360489383339882,0.033248767256736755,0.033248767256736755,0.03346743807196617,0.033309657126665115,0.033248767256736755,0.03357892110943794,0.03334488347172737,0.033248767256736755,0.033248767256736755,0.033529896289110184,0.033248767256736755,0.033248767256736755,0.03331673890352249,0.03339609131217003,0.03341446444392204,0.03338984027504921,0.033248767256736755,0.033248767256736755,0.033248767256736755
2024-09-06,0.03324992209672928,0.03324992209672928,0.03371509537100792,0.03324992209672928,0.03342939168214798,0.03324992209672928,0.03324992209672928,0.03324992209672928,0.03324992209672928,0.03324992209672928,0.03360293433070183,0.03324992209672928,0.03324992209672928,0.03338008001446724,0.033403899520635605,0.03324992209672928,0.033811651170253754,0.03340374305844307,0.03324992209672928,0.03324992209672928,0.03337426111102104,0.03324992209672928,0.03324992209672928,0.033300042152404785,0.03324992209672928,0.03339296206831932,0.03324992209672928,0.03324992209672928,0.033437468111515045,0.03324992209672928
2024-09-07,0.03325297683477402,0.03325297683477402,0.03370281308889389,0.03325297683477402,0.03340864181518555,0.03325297683477402,0.03325297683477402,0.03325297683477402,0.03325297683477402,0.03325297683477402,0.03369281440973282,0.03325297683477402,0.03325297683477402,0.03337399661540985,0.033359985798597336,0.03325297683477402,0.03379494324326515,0.03332473710179329,0.03325297683477402,0.03325297683477402,0.033505238592624664,0.03325297683477402,0.03325297683477402,0.033330097794532776,0.03325297683477402,0.03339958190917969,0.03325699269771576,0.03325297683477402,0.0332966223359108,0.03325297683477402
2024-09-08,0.03325297683477402,0.03325297683477402,0.03370281308889389,0.03325297683477402,0.03340864181518555,0.03325297683477402,0.03325297683477402,0.03325297683477402,0.03325297683477402,0.03325297683477402,0.03369281440973282,0.03325297683477402,0.03325297683477402,0.03337399661540985,0.033359985798597336,0.03325297683477402,0.03379494324326515,0.03332473710179329,0.03325297683477402,0.03325297683477402,0.033505238592624664,0.03325297683477402,0.03325297683477402,0.033330097794532776,0.03325297683477402,0.03339958190917969,0.03325699269771576,0.03325297683477402,0.0332966223359108,0.03325297683477402
2024-09-09,0.03325297683477402,0.03325297683477402,0.03370281308889389,0.03325297683477402,0.03340864181518555,0.03325297683477402,0.03325297683477402,0.03325297683477402,0.03325297683477402,0.03325297683477402,0.03369281440973282,0.03325297683477402,0.03325297683477402,0.03337399661540985,0.033359985798597336,0.03325297683477402,0.03379494324326515,0.03332473710179329,0.03325297683477402,0.03325297683477402,0.033505238592624664,0.03325297683477402,0.03325297683477402,0.033330097794532776,0.03325297683477402,0.03339958190917969,0.03325699269771576,0.03325297683477402,0.0332966223359108,0.03325297683477402
2024-09-10,0.03322756290435791,0.03325052559375763,0.03381954878568649,0.03322756290435791,0.033489927649497986,0.03322756290435791,0.03322756290435791,0.03322756290435791,0.03322756290435791,0.03322756290435791,0.03358926996588707,0.03322756290435791,0.03328074514865875,0.0332927405834198,0.0334964357316494,0.03323858603835106,0.03394234552979469,0.03331402316689491,0.03322756290435791,0.03330216929316521,0.03335436433553696,0.03322756290435791,0.03322756290435791,0.033464282751083374,0.03322756290435791,0.033422164618968964,0.033252887427806854,0.03322756290435791,0.03330397233366966,0.03322756290435791
2024-09-11,0.033225685358047485,0.03327292948961258,0.03384914621710777,0.033225685358047485,0.033515043556690216,0.033225685358047485,0.033225685358047485,0.033225685358047485,0.033225685358047485,0.033225685358047485,0.03354354202747345,0.033225685358047485,0.033225685358047485,0.03335105627775192,0.03352942690253258,0.033225685358047485,0.033935002982616425,0.033389415591955185,0.033225685358047485,0.033234406262636185,0.03324985131621361,0.033225685358047485,0.033225685358047485,0.03341953083872795,0.033225685358047485,0.0334111787378788,0.03326830267906189,0.03323756530880928,0.033408328890800476,0.033225685358047485
2024-09-12,0.0332324244081974,0.033284954726696014,0.03377370908856392,0.0332324244081974,0.03359532728791237,0.0332324244081974,0.0332324244081974,0.0332324244081974,0.0332324244081974,0.0332324244081974,0.03346527740359306,0.0332324244081974,0.03327386826276779,0.033284589648246765,0.03353686258196831,0.0332324244081974,0.033890288323163986,0.033427342772483826,0.0332324244081974,0.0332324244081974,0.03329137712717056,0.0332324244081974,0.0332324244081974,0.033261243253946304,0.0332324244081974,0.033404640853405,0.033318448811769485,0.03329145163297653,0.03341422230005264,0.0332324244081974
2024-09-13,0.0332324281334877,0.03328496590256691,0.03377370536327362,0.0332324281334877,0.03359534218907356,0.0332324281334877,0.0332324281334877,0.0332324281334877,0.0332324281334877,0.0332324281334877,0.03346527740359306,0.0332324281334877,0.03327387571334839,0.03328458592295647,0.033536866307258606,0.0332324281334877,0.03389028459787369,0.033427346497774124,0.0332324281334877,0.0332324281334877,0.03329138085246086,0.0332324281334877,0.0332324281334877,0.033261239528656006,0.0332324281334877,0.0334046445786953,0.033318452537059784,0.03329145908355713,0.03341422975063324,0.0332324281334877
2024-09-14,0.03323202207684517,0.03335747495293617,0.033870793879032135,0.03323202207684517,0.033465608954429626,0.03323202207684517,0.03323202207684517,0.03323202207684517,0.03323202207684517,0.03323202207684517,0.033519502729177475,0.03323202207684517,0.033262595534324646,0.0333033986389637,0.03360041230916977,0.03323202207684517,0.033857375383377075,0.033319104462862015,0.03323202207684517,0.03323202207684517,0.03323202207684517,0.03323202207684517,0.03323202207684517,0.03343063220381737,0.03323202207684517,0.03342399746179581,0.03326299786567688,0.033237360417842865,0.03337641805410385,0.03323202207684517
2024-09-15,0.033239297568798065,0.03337636962532997,0.03378577530384064,0.033239297568798065,0.03356599435210228,0.033239297568798065,0.033239297568798065,0.033239297568798065,0.033239297568798065,0.033239297568798065,0.03344680741429329,0.033239297568798065,0.03332435339689255,0.033239297568798065,0.03359884023666382,0.033239297568798065,0.033815592527389526,0.033314287662506104,0.033239297568798065,0.033239297568798065,0.033239297568798065,0.033239297568798065,0.033239297568798065,0.03327874094247818,0.033239297568798065,0.03343823179602623,0.03330548480153084,0.033290233463048935,0.03339121490716934,0.033239297568798065
2024-09-16,0.03325497731566429,0.03329455479979515,0.03366503864526749,0.03325497731566429,0.03358054533600807,0.03325497731566429,0.03325497731566429,0.03325497731566429,0.03325497731566429,0.03325497731566429,0.033447835594415665,0.03325497731566429,0.03334927558898926,0.03331482410430908,0.033616840839385986,0.03325497731566429,0.03378754481673241,0.03325497731566429,0.03325497731566429,0.03325497731566429,0.03325497731566429,0.03325497731566429,0.03325497731566429,0.033381879329681396,0.03325497731566429,0.033299751579761505,0.03325497731566429,0.03328705579042435,0.033385250717401505,0.03325497731566429
2024-09-17,0.03326303884387016,0.033330582082271576,0.033476103097200394,0.03326303884387016,0.03366083279252052,0.03326303884387016,0.03326303884387016,0.03326303884387016,0.03326303884387016,0.03326303884387016,0.0335640013217926,0.03326303884387016,0.03326303884387016,0.03330516070127487,0.03352554142475128,0.03326303884387016,0.033617399632930756,0.03326303884387016,0.03326303884387016,0.03326303884387016,0.033361975103616714,0.03326303884387016,0.03326303884387016,0.0334409661591053,0.03326303884387016,0.0334102064371109,0.03326303884387016,0.03326303884387016,0.033309467136859894,0.03326303884387016
2024-09-18,0.03325709328055382,0.03325709328055382,0.033557210117578506,0.03325709328055382,0.03358880430459976,0.03325709328055382,0.03325709328055382,0.03325709328055382,0.03325709328055382,0.03325709328055382,0.03348853066563606,0.03325709328055382,0.03325725719332695,0.03338439390063286,0.033579498529434204,0.03325709328055382,0.03373882174491882,0.03325709328055382,0.033258985728025436,0.03325709328055382,0.03338736295700073,0.03325709328055382,0.03325709328055382,0.03337697684764862,0.03325709328055382,0.033299583941698074,0.03325709328055382,0.03325709328055382,0.033454857766628265,0.03325709328055382
2024-09-19,0.03325709328055382,0.03325709328055382,0.03355728089809418,0.03325709328055382,0.033588703721761703,0.03325709328055382,0.03325709328055382,0.03325709328055382,0.03325709328055382,0.03325709328055382,0.033488478511571884,0.03325709328055382,0.03325735032558441,0.03338439762592316,0.03357955440878868,0.03325709328055382,0.03373884782195091,0.03325709328055382,0.03325905650854111,0.03325709328055382,0.03338728845119476,0.03325709328055382,0.03325709328055382,0.033376943320035934,0.03325709328055382,0.033299483358860016,0.03325709328055382,0.03325709328055382,0.03345491737127304,0.03325709328055382
2024-09-20,0.0332585908472538,0.0332585908472538,0.03352824226021767,0.0332585908472538,0.033561792224645615,0.0332585908472538,0.0332585908472538,0.0332585908472538,0.0332585908472538,0.0332585908472538,0.033613014966249466,0.0332585908472538,0.03336464241147041,0.03328163921833038,0.0335790179669857,0.0332585908472538,0.033705029636621475,0.0332585908472538,0.0332585908472538,0.0332585908472538,0.03336566314101219,0.0332585908472538,0.0332585908472538,0.033491555601358414,0.0332585908472538,0.03328489139676094,0.03328920528292656,0.0332585908472538,0.033280570060014725,0.0332585908472538
2024-09-21,0.0332585908472538,0.0332585908472538,0.03352824226021767,0.0332585908472538,0.033561792224645615,0.0332585908472538,0.0332585908472538,0.0332585908472538,0.0332585908472538,0.0332585908472538,0.033613014966249466,0.0332585908472538,0.03336464241147041,0.03328163921833038,0.0335790179669857,0.0332585908472538,0.033705029636621475,0.0332585908472538,0.0332585908472538,0.0332585908472538,0.03336566314101219,0.0332585908472538,0.0332585908472538,0.033491555601358414,0.0332585908472538,0.03328489139676094,0.03328920528292656,0.0332585908472538,0.033280570060014725,0.0332585908472538
2024-09-22,0.0332585908472538,0.0332585908472538,0.03352824226021767,0.0332585908472538,0.033561792224645615,0.0332585908472538,0.0332585908472538,0.0332585908472538,0.0332585908472538,0.0332585908472538,0.033613014966249466,0.0332585908472538,0.03336464241147041,0.03328163921833038,0.0335790179669857,0.0332585908472538,0.033705029636621475,0.0332585908472538,0.0332585908472538,0.0332585908472538,0.03336566314101219,0.0332585908472538,0.0332585908472538,0.033491555601358414,0.0332585908472538,0.03328489139676094,0.03328920528292656,0.0332585908472538,0.033280570060014725,0.0332585908472538
2024-09-23,0.0332585908472538,0.0332585908472538,0.03352824226021767,0.0332585908472538,0.033561792224645615,0.0332585908472538,0.0332585908472538,0.0332585908472538,0.0332585908472538,0.0332585908472538,0.033613014966249466,0.0332585908472538,0.03336464241147041,0.03328163921833038,0.0335790179669857,0.0332585908472538,0.033705029636621475,0.0332585908472538,0.0332585908472538,0.0332585908472538,0.03336566314101219,0.0332585908472538,0.0332585908472538,0.033491555601358414,0.0332585908472538,0.03328489139676094,0.03328920528292656,0.0332585908472538,0.033280570060014725,0.0332585908472538
2024-09-24,0.03324903920292854,0.03324903920292854,0.03346015140414238,0.03324903920292854,0.03351946547627449,0.03324903920292854,0.03324903920292854,0.03324903920292854,0.03324903920292854,0.03324903920292854,0.03342869505286217,0.03324903920292854,0.03339353948831558,0.03337898850440979,0.033680565655231476,0.03324903920292854,0.03373415768146515,0.03324903920292854,0.03324903920292854,0.03324903920292854,0.033457376062870026,0.03324903920292854,0.03324903920292854,0.033431123942136765,0.03324903920292854,0.03324903920292854,0.033463478088378906,0.03324903920292854,0.033320777118206024,0.03324903920292854
2024-09-25,0.03325814753770828,0.03325814753770828,0.03351571038365364,0.03325814753770828,0.03339984640479088,0.03325814753770828,0.03325814753770828,0.03325814753770828,0.03325814753770828,0.03325814753770828,0.03355610743165016,0.03329712897539139,0.03339725732803345,0.033299606293439865,0.03358422592282295,0.03325814753770828,0.03376877307891846,0.03325814753770828,0.03325814753770828,0.03325814753770828,0.033593375235795975,0.03325814753770828,0.03325814753770828,0.03331780061125755,0.03325814753770828,0.03330032899975777,0.03325814753770828,0.03325814753770828,0.03332323580980301,0.03325814753770828
2024-09-26,0.033253591507673264,0.033253591507673264,0.03358981013298035,0.033253591507673264,0.03357059881091118,0.033253591507673264,0.033253591507673264,0.033253591507673264,0.033253591507673264,0.033253591507673264,0.033542826771736145,0.033253591507673264,0.0333680659532547,0.03333424776792526,0.03346380218863487,0.033253591507673264,0.03395681455731392,0.033253591507673264,0.033253591507673264,0.033253591507673264,0.033502399921417236,0.033253591507673264,0.033253591507673264,0.033307842910289764,0.033253591507673264,0.033253591507673264,0.033253591507673264,0.033253591507673264,0.033291757106781006,0.033253591507673264
2024-09-27,0.033259883522987366,0.03326457366347313,0.033600419759750366,0.033259883522987366,0.033571112900972366,0.033259883522987366,0.033259883522987366,0.033259883522987366,0.033259883522987366,0.033259883522987366,0.033540818840265274,0.033259883522987366,0.033432625234127045,0.033274874091148376,0.03351447731256485,0.033259883522987366,0.03391442075371742,0.033259883522987366,0.033259883522987366,0.033259883522987366,0.03339177742600441,0.033259883522987366,0.033259883522987366,0.03329724445939064,0.033259883522987366,0.033259883522987366,0.033259883522987366,0.033259883522987366,0.033259883522987366,0.033259883522987366
2024-09-28,0.033271435648202896,0.033271435648202896,0.03347614035010338,0.033271435648202896,0.03338856250047684,0.033271435648202896,0.033271435648202896,0.033271435648202896,0.033271435648202896,0.033271435648202896,0.03357229009270668,0.033271435648202896,0.03346644714474678,0.033271435648202896,0.03355507552623749,0.033271435648202896,0.033744264394044876,0.033271435648202896,0.033271435648202896,0.033271435648202896,0.03352253511548042,0.033271435648202896,0.033271435648202896,0.03327397629618645,0.033271435648202896,0.033271435648202896,0.033271435648202896,0.033271435648202896,0.03330059349536896,0.033271435648202896
2024-09-29,0.0332714319229126,0.0332714319229126,0.033476147800683975,0.0332714319229126,0.03338851407170296,0.0332714319229126,0.0332714319229126,0.0332714319229126,0.0332714319229126,0.0332714319229126,0.0335722491145134,0.0332714319229126,0.03346649184823036,0.0332714319229126,0.03355512022972107,0.0332714319229126,0.03374425321817398,0.0332714319229126,0.0332714319229126,0.0332714319229126,0.033522557467222214,0.0332714319229126,0.0332714319229126,0.03327394276857376,0.0332714319229126,0.0332714319229126,0.0332714319229126,0.0332714319229126,0.03330060467123985,0.0332714319229126
2024-09-30,0.03326477110385895,0.03326744586229324,0.03353725001215935,0.03326477110385895,0.03341177478432655,0.03326477110385895,0.03326477110385895,0.03326477110385895,0.03326477110385895,0.03326477110385895,0.03352820873260498,0.03328351676464081,0.03350408747792244,0.03326477110385895,0.033592626452445984,0.03326477110385895,0.03381330892443657,0.03326477110385895,0.03326477110385895,0.03326477110385895,0.033492136746644974,0.03326477110385895,0.03326477110385895,0.03326477110385895,0.03326477110385895,0.03326477110385895,0.03326477110385895,0.03326477110385895,0.03327421098947525,0.03326477110385895
2024-10-01,0.03327135369181633,0.03327135369181633,0.033474963158369064,0.03327135369181633,0.033388253301382065,0.03327135369181633,0.03327135369181633,0.03327135369181633,0.03327135369181633,0.03327135369181633,0.03356890752911568,0.03327135369181633,0.03346822410821915,0.03327135369181633,0.03355693817138672,0.03327135369181633,0.03374560922384262,0.03327135369181633,0.03327135369181633,0.03327135369181633,0.03352434188127518,0.03327135369181633,0.03327135369181633,0.033272720873355865,0.03327135369181633,0.03327135369181633,0.03327135369181633,0.03327135369181633,0.033301595598459244,0.03327135369181633
2024-10-02,0.03325774148106575,0.03325774148106575,0.0334072969853878,0.03325774148106575,0.03336498513817787,0.03325774148106575,0.03325774148106575,0.03325774148106575,0.03325774148106575,0.03325774148106575,0.0333717055618763,0.03338151052594185,0.03352932259440422,0.03335544839501381,0.03361688181757927,0.03325774148106575,0.03379346430301666,0.03325774148106575,0.03325774148106575,0.03325774148106575,0.03358254209160805,0.03325774148106575,0.03325774148106575,0.03325774148106575,0.03325774148106575,0.03325774148106575,0.03337886929512024,0.03325774148106575,0.033320892602205276,0.03325774148106575
2024-10-03,0.03323214128613472,0.03329573944211006,0.03362272307276726,0.03323214128613472,0.0334189347922802,0.03323214128613472,0.03323214128613472,0.03323214128613472,0.03323214128613472,0.03323214128613472,0.033270448446273804,0.03328146040439606,0.03356260061264038,0.03330110386013985,0.03355761617422104,0.03323214128613472,0.03396422043442726,0.03345268592238426,0.03323214128613472,0.03323214128613472,0.033541396260261536,0.03323214128613472,0.03323214128613472,0.03323214128613472,0.03323214128613472,0.03331500664353371,0.033343613147735596,0.03323214128613472,0.03333939239382744,0.03325097635388374
2024-10-04,0.033237274736166,0.033295638859272,0.033635351806879044,0.033237274736166,0.03358607739210129,0.033237274736166,0.033237274736166,0.033237274736166,0.033237274736166,0.033237274736166,0.033366210758686066,0.033237274736166,0.033444758504629135,0.03329680487513542,0.03347538039088249,0.033237274736166,0.03399571403861046,0.03338455781340599,0.033237274736166,0.033237274736166,0.03348354995250702,0.033237274736166,0.033237274736166,0.033237274736166,0.033237274736166,0.03326515108346939,0.03338835760951042,0.033237274736166,0.03334878012537956,0.033237274736166
2024-10-05,0.033227141946554184,0.033304329961538315,0.03368045389652252,0.033227141946554184,0.03357897698879242,0.033227141946554184,0.033227141946554184,0.033227141946554184,0.033227141946554184,0.033227141946554184,0.03336977958679199,0.033227141946554184,0.033447932451963425,0.03330032154917717,0.03364518657326698,0.033227141946554184,0.03392880782485008,0.03328658640384674,0.033227141946554184,0.033227141946554184,0.03340522199869156,0.033227141946554184,0.033227141946554184,0.03328873962163925,0.033227141946554184,0.03335657715797424,0.03341943770647049,0.033227141946554184,0.03335339576005936,0.033227141946554184
2024-10-06,0.033228129148483276,0.03330531343817711,0.03367356210947037,0.033228129148483276,0.033580392599105835,0.033228129148483276,0.033228129148483276,0.033228129148483276,0.033228129148483276,0.033228129148483276,0.033372439444065094,0.033228129148483276,0.0334484837949276,0.033299148082733154,0.033625632524490356,0.033228129148483276,0.03393999859690666,0.033299580216407776,0.033228129148483276,0.033228129148483276,0.03341343253850937,0.033228129148483276,0.033228129148483276,0.03327618166804314,0.033228129148483276,0.033345676958560944,0.0334167554974556,0.033228129148483276,0.033353377133607864,0.033228129148483276
2024-10-07,0.03322942554950714,0.03330548480153084,0.03366616740822792,0.03322942554950714,0.03358198702335358,0.03322942554950714,0.03322942554950714,0.03322942554950714,0.03322942554950714,0.03322942554950714,0.03337440267205238,0.03322942554950714,0.033448755741119385,0.0332980640232563,0.033602628856897354,0.03322942554950714,0.03395168483257294,0.03331408277153969,0.03322942554950714,0.03322942554950714,0.033423591405153275,0.03322942554950714,0.03322942554950714,0.03326255455613136,0.03322942554950714,0.033333104103803635,0.03341340273618698,0.03322942554950714,0.03335326910018921,0.03322942554950714
2024-10-08,0.03323303908109665,0.03323303908109665,0.03363397344946861,0.03323303908109665,0.03340927138924599,0.03323303908109665,0.03323303908109665,0.03323303908109665,0.03323303908109665,0.03323303908109665,0.03330668434500694,0.03330104053020477,0.03345928341150284,0.03331690654158592,0.03346152976155281,0.03323303908109665,0.03399236127734184,0.033503975719213486,0.03323303908109665,0.03323303908109665,0.033613208681344986,0.03323303908109665,0.03323303908109665,0.03323303908109665,0.03323303908109665,0.03330223634839058,0.03337739780545235,0.03323303908109665,0.033350422978401184,0.03324310854077339
2024-10-09,0.03323672339320183,0.033255401998758316,0.03363897651433945,0.03323672339320183,0.0335969515144825,0.03323672339320183,0.03323672339320183,0.03323672339320183,0.03323672339320183,0.03323672339320183,0.03337680920958519,0.03323672339320183,0.0334206223487854,0.033300548791885376,0.033439602702856064,0.03323672339320183,0.03401107341051102,0.033406566828489304,0.03323672339320183,0.03323672339320183,0.03351932018995285,0.03323672339320183,0.03323672339320183,0.03323672339320183,0.03323672339320183,0.03325361758470535,0.033395491540431976,0.03323672339320183,0.0333608016371727,0.03323672339320183
2024-10-10,0.03324800729751587,0.03324800729751587,0.033552758395671844,0.03324800729751587,0.033535223454236984,0.03324800729751587,0.03324800729751587,0.03324800729751587,0.03324800729751587,0.03324800729751587,0.03338000550866127,0.03331939876079559,0.03350501507520676,0.033362727612257004,0.0335531011223793,0.03324800729751587,0.03396027162671089,0.03324800729751587,0.03324800729751587,0.03324800729751587,0.03349924087524414,0.03324800729751587,0.03324800729751587,0.03324800729751587,0.03324800729751587,0.03324800729751587,0.03333291411399841,0.03324800729751587,0.033287227153778076,0.03324800729751587
2024-10-11,0.03324228525161743,0.033283013850450516,0.03361525759100914,0.03324228525161743,0.033563777804374695,0.03324228525161743,0.03324228525161743,0.03324228525161743,0.03324228525161743,0.03324228525161743,0.03341697156429291,0.03330184891819954,0.033466894179582596,0.03339143469929695,0.033531639724969864,0.03324228525161743,0.033900558948516846,0.033381715416908264,0.03324228525161743,0.03324228525161743,0.03352966904640198,0.03324228525161743,0.03324228525161743,0.03324228525161743,0.03324228525161743,0.03324228525161743,0.03325607627630234,0.03324228525161743,0.03324228525161743,0.03324228525161743
2024-10-12,0.03323672339320183,0.03324538841843605,0.033591244369745255,0.03323672339320183,0.03338243439793587,0.03323672339320183,0.03323672339320183,0.03323672339320183,0.03323672339320183,0.03323672339320183,0.0333617627620697,0.033417172729969025,0.03351997584104538,0.03338313475251198,0.03350226581096649,0.03325890749692917,0.03391914814710617,0.03349137306213379,0.03323672339320183,0.03323672339320183,0.033631566911935806,0.03323672339320183,0.03323672339320183,0.03323672339320183,0.03323672339320183,0.03323672339320183,0.03323672339320183,0.03323672339320183,0.03323672339320183,0.03327136114239693
2024-10-13,0.03324735164642334,0.03324735164642334,0.03362998366355896,0.03324735164642334,0.033543866127729416,0.03324735164642334,0.03324735164642334,0.03324735164642334,0.03324735164642334,0.03324735164642334,0.03347289189696312,0.03326811268925667,0.03341937065124512,0.033383097499608994,0.0334334671497345,0.03324735164642334,0.033932022750377655,0.03341277688741684,0.03324735164642334,0.03324735164642334,0.03354893997311592,0.03324735164642334,0.03324735164642334,0.03325577452778816,0.03324735164642334,0.03324735164642334,0.03324735164642334,0.03324735164642334,0.03324735164642334,0.03324735164642334
2024-10-14,0.03324923664331436,0.03325072303414345,0.033645424991846085,0.03324923664331436,0.033541686832904816,0.03324923664331436,0.03324923664331436,0.03324923664331436,0.03324923664331436,0.03324923664331436,0.033507902175188065,0.03324923664331436,0.033406615257263184,0.033356353640556335,0.03342471644282341,0.03324923664331436,0.033914100378751755,0.03342442959547043,0.03324923664331436,0.03324923664331436,0.033522021025419235,0.03324923664331436,0.03324923664331436,0.033270496875047684,0.03324923664331436,0.03324923664331436,0.03324923664331436,0.03324923664331436,0.03324923664331436,0.03324923664331436
2024-10-15,0.03323637694120407,0.03334765508770943,0.033500269055366516,0.03323637694120407,0.033641766756772995,0.03323637694120407,0.03323637694120407,0.03323637694120407,0.03323637694120407,0.03323637694120407,0.03346138820052147,0.03334127366542816,0.03338819369673729,0.03336070477962494,0.033451031893491745,0.03329385444521904,0.033858876675367355,0.033459026366472244,0.03323637694120407,0.03323637694120407,0.03359532728791237,0.03323637694120407,0.03323637694120407,0.033248722553253174,0.03323637694120407,0.03323637694120407,0.03326988220214844,0.03323637694120407,0.03323637694120407,0.03323637694120407
2024-10-16,0.03324718400835991,0.03324718400835991,0.03352689370512962,0.03324718400835991,0.033634766936302185,0.03324718400835991,0.03324718400835991,0.03324718400835991,0.03324718400835991,0.03324718400835991,0.03360398858785629,0.033279046416282654,0.03329763561487198,0.03330342471599579,0.03336750715970993,0.03324718400835991,0.03393453732132912,0.03330119699239731,0.03324718400835991,0.03324718400835991,0.03358026221394539,0.03324718400835991,0.03324718400835991,0.03337259218096733,0.03324718400835991,0.0333162359893322,0.03327971696853638,0.03324718400835991,0.03324718400835991,0.03324718400835991
2024-10-17,0.03323553502559662,0.03327193483710289,0.033554986119270325,0.03323553502559662,0.03367561101913452,0.03323553502559662,0.03323553502559662,0.03323553502559662,0.03323553502559662,0.03323553502559662,0.03357693552970886,0.03324480727314949,0.033314306288957596,0.03328240290284157,0.03345353528857231,0.03323553502559662,0.0338914580643177,0.03323553502559662,0.03323553502559662,0.03323553502559662,0.03349798545241356,0.03323553502559662,0.03323553502559662,0.03349415212869644,0.03323553502559662,0.03338903188705444,0.03331694006919861,0.03325929120182991,0.03324361518025398,0.03323553502559662
2024-10-18,0.033236730843782425,0.03334229439496994,0.03353864699602127,0.033236730843782425,0.03349987789988518,0.033236730843782425,0.033236730843782425,0.033236730843782425,0.033236730843782425,0.033236730843782425,0.03359612077474594,0.03332308679819107,0.03332672640681267,0.03334030881524086,0.03342851251363754,0.033236730843782425,0.03376128152012825,0.033236730843782425,0.033236730843782425,0.03330240398645401,0.03354402631521225,0.033236730843782425,0.033236730843782425,0.0334324948489666,0.033236730843782425,0.03344980999827385,0.03332666680216789,0.033236730843782425,0.033236730843782425,0.033236730843782425
2024-10-19,0.03323673456907272,0.033342331647872925,0.033538639545440674,0.03323673456907272,0.033499762415885925,0.03323673456907272,0.03323673456907272,0.03323673456907272,0.03323673456907272,0.03323673456907272,0.03359613195061684,0.03332313895225525,0.03332672640681267,0.03334035351872444,0.03342849016189575,0.03323673456907272,0.03376121073961258,0.03323673456907272,0.03323673456907272,0.03330247476696968,0.033544059842824936,0.03323673456907272,0.03323673456907272,0.03343244642019272,0.03323673456907272,0.03344985470175743,0.033326659351587296,0.03323673456907272,0.03323673456907272,0.03323673456907272
2024-10-20,0.03323552757501602,0.033271946012973785,0.03355498984456062,0.03323552757501602,0.033675625920295715,0.03323552757501602,0.03323552757501602,0.03323552757501602,0.03323552757501602,0.03323552757501602,0.03357691317796707,0.033244788646698,0.03331431746482849,0.033282384276390076,0.0334535613656044,0.03323552757501602,0.033891428261995316,0.03323552757501602,0.03323552757501602,0.03323552757501602,0.033497948199510574,0.03323552757501602,0.03323552757501602,0.03349419683218002,0.03323552757501602,0.033389054238796234,0.0333169586956501,0.033259280025959015,0.033243630081415176,0.03323552757501602
2024-10-21,0.03323552757501602,0.033271946012973785,0.03355498984456062,0.03323552757501602,0.033675625920295715,0.03323552757501602,0.03323552757501602,0.03323552757501602,0.03323552757501602,0.03323552757501602,0.03357691317796707,0.033244788646698,0.03331431746482849,0.033282384276390076,0.0334535613656044,0.03323552757501602,0.033891428261995316,0.03323552757501602,0.03323552757501602,0.03323552757501602,0.033497948199510574,0.03323552757501602,0.03323552757501602,0.03349419683218002,0.03323552757501602,0.033389054238796234,0.0333169586956501,0.033259280025959015,0.033243630081415176,0.03323552757501602
2024-10-22,0.03323893994092941,0.03323893994092941,0.03363589942455292,0.03323893994092941,0.033627334982156754,0.03323893994092941,0.03323893994092941,0.03323893994092941,0.03323893994092941,0.03323893994092941,0.03350994363427162,0.03323893994092941,0.03341016545891762,0.03330643102526665,0.033543653786182404,0.03323893994092941,0.033930785953998566,0.03323893994092941,0.03323893994092941,0.03323893994092941,0.03342869505286217,0.03323893994092941,0.03323893994092941,0.03342333436012268,0.03323893994092941,0.033274780958890915,0.03329670429229736,0.03324484825134277,0.033305514603853226,0.03323893994092941
2024-10-23,0.03323691338300705,0.033251505345106125,0.033689625561237335,0.03323691338300705,0.03365214169025421,0.03323691338300705,0.03323691338300705,0.03323691338300705,0.03323691338300705,0.03323691338300705,0.03360165283083916,0.03327223286032677,0.03323691338300705,0.033273737877607346,0.03353540971875191,0.03323691338300705,0.03390113264322281,0.03323691338300705,0.03323691338300705,0.03323691338300705,0.03347461670637131,0.03323691338300705,0.03323691338300705,0.033429425209760666,0.03323691338300705,0.0333496630191803,0.033242903649806976,0.033237751573324203,0.033297497779130936,0.03323691338300705
2024-10-24,0.033238399773836136,0.03324685990810394,0.03361229971051216,0.033238399773836136,0.033605948090553284,0.033238399773836136,0.033238399773836136,0.033238399773836136,0.033238399773836136,0.033238399773836136,0.033545468002557755,0.03328990191221237,0.033238399773836136,0.033238399773836136,0.03347007930278778,0.033238399773836136,0.03398321568965912,0.033238399773836136,0.033238399773836136,0.033292848616838455,0.03341265767812729,0.033238399773836136,0.033238399773836136,0.033483535051345825,0.033238399773836136,0.0334293432533741,0.033238399773836136,0.033238399773836136,0.03333667293190956,0.033238399773836136
2024-10-25,0.03323083370923996,0.03323923423886299,0.033563800156116486,0.03323083370923996,0.03362638130784035,0.03323083370923996,0.03323083370923996,0.03323083370923996,0.03323083370923996,0.03323083370923996,0.03358910232782364,0.033316776156425476,0.03324486315250397,0.03323083370923996,0.033405471593141556,0.03323083370923996,0.03385978192090988,0.03323083370923996,0.03323083370923996,0.03346209600567818,0.033460505306720734,0.03323083370923996,0.03323083370923996,0.033451780676841736,0.03323083370923996,0.03345794975757599,0.03323083370923996,0.03323083370923996,0.03339807316660881,0.03323083370923996
2024-10-26,0.03323083370923996,0.03323923423886299,0.033563800156116486,0.03323083370923996,0.03362638130784035,0.03323083370923996,0.03323083370923996,0.03323083370923996,0.03323083370923996,0.03323083370923996,0.03358910232782364,0.033316776156425476,0.03324486315250397,0.03323083370923996,0.033405471593141556,0.03323083370923996,0.03385978192090988,0.03323083370923996,0.03323083370923996,0.03346209600567818,0.033460505306720734,0.03323083370923996,0.03323083370923996,0.033451780676841736,0.03323083370923996,0.03345794975757599,0.03323083370923996,0.03323083370923996,0.03339807316660881,0.03323083370923996
2024-10-27,0.03323083370923996,0.03323924168944359,0.033563803881406784,0.03323083370923996,0.03362637758255005,0.03323083370923996,0.03323083370923996,0.03323083370923996,0.03323083370923996,0.03323083370923996,0.03358909860253334,0.033316776156425476,0.03324485942721367,0.03323083370923996,0.03340548276901245,0.03323083370923996,0.03385978937149048,0.03323083370923996,0.03323083370923996,0.03346208482980728,0.033460501581430435,0.03323083370923996,0.03323083370923996,0.03345179557800293,0.03323083370923996,0.03345794230699539,0.03323083370923996,0.03323083370923996,0.03339806944131851,0.03323083370923996
2024-10-28,0.033234648406505585,0.03328067064285278,0.033585578203201294,0.033234648406505585,0.033606551587581635,0.033234648406505585,0.033234648406505585,0.033234648406505585,0.033234648406505585,0.033234648406505585,0.03355097770690918,0.03331969678401947,0.033234648406505585,0.033234648406505585,0.0334341935813427,0.033234648406505585,0.03392424434423447,0.033234648406505585,0.033234648406505585,0.033333681523799896,0.033420857042074203,0.033234648406505585,0.033234648406505585,0.033506665378808975,0.033234648406505585,0.033455878496170044,0.033234648406505585,0.0332377552986145,0.03335420414805412,0.033234648406505585
2024-10-29,0.03323419764637947,0.03327784314751625,0.033586375415325165,0.03323419764637947,0.03361072391271591,0.03323419764637947,0.03323419764637947,0.03323419764637947,0.03323419764637947,0.03323419764637947,0.0335547998547554,0.03332148864865303,0.03323419764637947,0.03323419764637947,0.03343240171670914,0.03323419764637947,0.033915258944034576,0.03323419764637947,0.03323419764637947,0.03334465250372887,0.03342602029442787,0.03323419764637947,0.03323419764637947,0.03350231796503067,0.03323419764637947,0.033453457057476044,0.03323419764637947,0.0332360565662384,0.03335728123784065,0.03323419764637947
2024-10-30,0.03322712704539299,0.033280838280916214,0.033602871000766754,0.03322712704539299,0.033699870109558105,0.03322712704539299,0.03322712704539299,0.03322712704539299,0.03326156362891197,0.03322712704539299,0.03362469747662544,0.03335343673825264,0.03322712704539299,0.03322712704539299,0.033408813178539276,0.03322712704539299,0.03374941647052765,0.03322712704539299,0.03322712704539299,0.033439457416534424,0.033513590693473816,0.03322712704539299,0.03322712704539299,0.033420827239751816,0.03322712704539299,0.03339087590575218,0.03322712704539299,0.03323814272880554,0.03338148817420006,0.03322712704539299
2024-10-31,0.03322712704539299,0.033280838280916214,0.033602871000766754,0.03322712704539299,0.033699870109558105,0.03322712704539299,0.03322712704539299,0.03322712704539299,0.03326156362891197,0.03322712704539299,0.03362469747662544,0.03335343673825264,0.03322712704539299,0.03322712704539299,0.033408813178539276,0.03322712704539299,0.03374941647052765,0.03322712704539299,0.03322712704539299,0.033439457416534424,0.033513590693473816,0.03322712704539299,0.03322712704539299,0.033420827239751816,0.03322712704539299,0.03339087590575218,0.03322712704539299,0.03323814272880554,0.03338148817420006,0.03322712704539299
2024-11-01,0.03322276100516319,0.03331109881401062,0.033676985651254654,0.03322276100516319,0.03371566906571388,0.03322276100516319,0.03322276100516319,0.03322276100516319,0.03322276100516319,0.03322276100516319,0.033603914082050323,0.03322276100516319,0.03330739960074425,0.03322276100516319,0.03341080620884895,0.033306073397397995,0.03371207043528557,0.0332396924495697,0.03322276100516319,0.03353574126958847,0.033510711044073105,0.03322276100516319,0.03322276100516319,0.033311665058135986,0.03322276100516319,0.03339289128780365,0.03322276100516319,0.03322276100516319,0.03340107202529907,0.03322276100516319
2024-11-02,0.033220019191503525,0.03329287841916084,0.0336831733584404,0.033220019191503525,0.03362344577908516,0.033220019191503525,0.033220019191503525,0.033220019191503525,0.03324838727712631,0.033220019191503525,0.03360339254140854,0.033220019191503525,0.033220019191503525,0.033220019191503525,0.03336894139647484,0.03323213756084442,0.03385990858078003,0.033220019191503525,0.033220019191503525,0.03352315351366997,0.03343798965215683,0.033220019191503525,0.033220019191503525,0.03341663256287575,0.033220019191503525,0.03354911878705025,0.033220019191503525,0.033220019191503525,0.03342052549123764,0.033220019191503525
2024-11-03,0.03322233632206917,0.033271268010139465,0.033641211688518524,0.03322233632206917,0.03363070636987686,0.03322233632206917,0.03322233632206917,0.03322233632206917,0.03322233632206917,0.03322233632206917,0.03361019492149353,0.03322233632206917,0.03331371396780014,0.03322233632206917,0.03338887169957161,0.033298589289188385,0.03374999761581421,0.033268123865127563,0.03322233632206917,0.03351900354027748,0.03345849737524986,0.03322233632206917,0.03322233632206917,0.033356644213199615,0.03322233632206917,0.03346773609519005,0.03322233632206917,0.03322233632206917,0.03346802294254303,0.03322233632206917
2024-11-04,0.03322233632206917,0.033271268010139465,0.033641211688518524,0.03322233632206917,0.03363070636987686,0.03322233632206917,0.03322233632206917,0.03322233632206917,0.03322233632206917,0.03322233632206917,0.03361019492149353,0.03322233632206917,0.03331371396780014,0.03322233632206917,0.03338887169957161,0.033298589289188385,0.03374999761581421,0.033268123865127563,0.03322233632206917,0.03351900354027748,0.03345849737524986,0.03322233632206917,0.03322233632206917,0.033356644213199615,0.03322233632206917,0.03346773609519005,0.03322233632206917,0.03322233632206917,0.03346802294254303,0.03322233632206917
2024-11-05,0.03322615846991539,0.033301062881946564,0.033703457564115524,0.03322615846991539,0.03366537392139435,0.03322615846991539,0.03322615846991539,0.03322615846991539,0.03322615846991539,0.03322615846991539,0.033587612211704254,0.03322615846991539,0.03327559679746628,0.03322615846991539,0.03343364596366882,0.03322615846991539,0.03379667177796364,0.03332984074950218,0.03322615846991539,0.03336023539304733,0.033441804349422455,0.03322615846991539,0.03322615846991539,0.033396266400814056,0.03322615846991539,0.03347145393490791,0.03323928639292717,0.03322615846991539,0.033379167318344116,0.03322615846991539
2024-11-06,0.03322615846991539,0.033301062881946564,0.033703457564115524,0.03322615846991539,0.03366537392139435,0.03322615846991539,0.03322615846991539,0.03322615846991539,0.03322615846991539,0.03322615846991539,0.033587612211704254,0.03322615846991539,0.03327559679746628,0.03322615846991539,0.03343364596366882,0.03322615846991539,0.03379667177796364,0.03332984074950218,0.03322615846991539,0.03336023539304733,0.033441804349422455,0.03322615846991539,0.03322615846991539,0.033396266400814056,0.03322615846991539,0.03347145393490791,0.03323928639292717,0.03322615846991539,0.033379167318344116,0.03322615846991539
2024-11-07,0.03321560099720955,0.03328171744942665,0.03368688002228737,0.03321560099720955,0.033560238778591156,0.03321560099720955,0.03321560099720955,0.03321560099720955,0.03321560099720955,0.03321560099720955,0.03338087350130081,0.03339087963104248,0.03333459049463272,0.033357538282871246,0.033305637538433075,0.03343680873513222,0.03387884795665741,0.033364422619342804,0.03321560099720955,0.03321560099720955,0.033787935972213745,0.03321560099720955,0.03321560099720955,0.03321560099720955,0.03321560099720955,0.033465344458818436,0.033318597823381424,0.03321560099720955,0.03321560099720955,0.03321560099720955
2024-11-08,0.033234111964702606,0.03333090618252754,0.03358663246035576,0.033234111964702606,0.03352125361561775,0.033234111964702606,0.033234111964702606,0.033234111964702606,0.033234111964702606,0.033234111964702606,0.03357984498143196,0.03345099464058876,0.033234111964702606,0.033283498138189316,0.03342222422361374,0.03331303223967552,0.033854782581329346,0.03327226638793945,0.033234111964702606,0.033234111964702606,0.03363925218582153,0.033234111964702606,0.033234111964702606,0.03333471342921257,0.033234111964702606,0.033405523747205734,0.03325926885008812,0.033234111964702606,0.033234111964702606,0.033234111964702606
2024-11-09,0.03323511406779289,0.033387601375579834,0.03361727297306061,0.03323511406779289,0.033634524792432785,0.03323511406779289,0.03323511406779289,0.03323511406779289,0.03323511406779289,0.03323511406779289,0.03365367650985718,0.03325524926185608,0.03323511406779289,0.03327618166804314,0.03331262245774269,0.033395178616046906,0.03382152318954468,0.03333258628845215,0.03323511406779289,0.03323511406779289,0.033641669899225235,0.03323511406779289,0.03323511406779289,0.033359866589307785,0.03323511406779289,0.03331512212753296,0.03323511406779289,0.03323511406779289,0.03323511406779289,0.03323511406779289
2024-11-10,0.033240485936403275,0.03330232948064804,0.033576902002096176,0.033240485936403275,0.0336759053170681,0.033240485936403275,0.033240485936403275,0.033240485936403275,0.033240485936403275,0.033240485936403275,0.03358570858836174,0.03330221027135849,0.03327033668756485,0.03335539624094963,0.03342049941420555,0.033246349543333054,0.0337739922106266,0.033324260264635086,0.033240485936403275,0.033240485936403275,0.033626314252614975,0.033240485936403275,0.033240485936403275,0.03337451443076134,0.033240485936403275,0.03325085714459419,0.033307142555713654,0.033240485936403275,0.033240485936403275,0.033240485936403275
2024-11-11,0.03324774280190468,0.03325434774160385,0.03363284096121788,0.03324774280190468,0.03362790495157242,0.03324774280190468,0.03324774280190468,0.03324774280190468,0.03324774280190468,0.03324774280190468,0.03356238827109337,0.033254388719797134,0.03335576131939888,0.03336353227496147,0.03350537642836571,0.03324774280190468,0.033840008080005646,0.03327326104044914,0.03324774280190468,0.03324774280190468,0.0335240513086319,0.03324774280190468,0.03324774280190468,0.033314332365989685,0.03324774280190468,0.03324774280190468,0.03326312080025673,0.03324774280190468,0.033264853060245514,0.03324774280190468
2024-11-12,0.03324048966169357,0.03330232948064804,0.03357692062854767,0.03324048966169357,0.0336758978664875,0.03324048966169357,0.03324048966169357,0.03324048966169357,0.03324048966169357,0.03324048966169357,0.03358571231365204,0.03330220282077789,0.033270347863435745,0.03335539996623993,0.03342051804065704,0.03324633836746216,0.033774007111787796,0.03332425281405449,0.03324048966169357,0.03324048966169357,0.033626310527324677,0.03324048966169357,0.03324048966169357,0.03337451070547104,0.03324048966169357,0.0332508459687233,0.03330713510513306,0.03324048966169357,0.03324048966169357,0.03324048966169357
2024-11-13,0.03324775770306587,0.03325426205992699,0.03363286331295967,0.03324775770306587,0.033627815544605255,0.03324775770306587,0.03324775770306587,0.03324775770306587,0.03324775770306587,0.03324775770306587,0.03356232866644859,0.03325432911515236,0.033355921506881714,0.03336351737380028,0.033505506813526154,0.03324775770306587,0.03384008631110191,0.03327316418290138,0.03324775770306587,0.03324775770306587,0.03352382406592369,0.03324775770306587,0.03324775770306587,0.03331419825553894,0.03324775770306587,0.03324775770306587,0.03326305001974106,0.03324775770306587,0.03326502442359924,0.03324775770306587
2024-11-14,0.033248696476221085,0.0332663357257843,0.03363502025604248,0.033248696476221085,0.0336325578391552,0.033248696476221085,0.033248696476221085,0.033248696476221085,0.033248696476221085,0.033248696476221085,0.03356502577662468,0.033248696476221085,0.03336314484477043,0.03335575386881828,0.03351152315735817,0.033248696476221085,0.03383619710803032,0.033262547105550766,0.033248696476221085,0.033248696476221085,0.03351151943206787,0.033248696476221085,0.033248696476221085,0.03331312909722328,0.033248696476221085,0.033248696476221085,0.03326131030917168,0.033248696476221085,0.03325798735022545,0.033248696476221085
2024-11-15,0.0332532562315464,0.03333397954702377,0.03363478556275368,0.0332532562315464,0.03362269699573517,0.0332532562315464,0.0332532562315464,0.0332532562315464,0.0332532562315464,0.0332532562315464,0.03356552869081497,0.0332532562315464,0.03340909257531166,0.03331131488084793,0.03355180099606514,0.0332532562315464,0.033799752593040466,0.0332532562315464,0.0332532562315464,0.0332532562315464,0.03342735022306442,0.0332532562315464,0.0332532562315464,0.03327859193086624,0.0332532562315464,0.0332532562315464,0.0332532562315464,0.0332532562315464,0.0332532562315464,0.0332532562315464
2024-11-16,0.03323652222752571,0.033324360847473145,0.033722009509801865,0.03323652222752571,0.03363531455397606,0.03323652222752571,0.03323652222752571,0.03323652222752571,0.03323652222752571,0.03323652222752571,0.033577028661966324,0.03323652222752571,0.033334407955408096,0.033267319202423096,0.033425044268369675,0.033244382590055466,0.03382718563079834,0.033476389944553375,0.033282842487096786,0.03323652222752571,0.03347329795360565,0.03323652222752571,0.03323652222752571,0.03323652222752571,0.03323652222752571,0.03329594060778618,0.03332098573446274,0.03323652222752571,0.033245738595724106,0.03323652222752571
2024-11-17,0.03324779495596886,0.03324779495596886,0.03363913670182228,0.03324779495596886,0.03362436220049858,0.03324779495596886,0.03324779495596886,0.03324779495596886,0.03324779495596886,0.03324779495596886,0.033562496304512024,0.03324779495596886,0.033359888941049576,0.0333499051630497,0.033497679978609085,0.03324779495596886,0.03386189043521881,0.033286333084106445,0.03324779495596886,0.03324779495596886,0.03351527824997902,0.03324779495596886,0.03324779495596886,0.03330738842487335,0.03324779495596886,0.03324779495596886,0.03326967731118202,0.03324779495596886,0.03326565399765968,0.03324779495596886
2024-11-18,0.033252619206905365,0.033252619206905365,0.033601585775613785,0.033252619206905365,0.03356890752911568,0.033252619206905365,0.033252619206905365,0.033252619206905365,0.033252619206905365,0.033252619206905365,0.03353163227438927,0.033252619206905365,0.033382829278707504,0.03333118557929993,0.03346569836139679,0.033252619206905365,0.03397861123085022,0.033252619206905365,0.033252619206905365,0.033252619206905365,0.03349459543824196,0.033252619206905365,0.033252619206905365,0.03330809995532036,0.033252619206905365,0.033252619206905365,0.033252619206905365,0.033252619206905365,0.03328447416424751,0.033252619206905365
2024-11-19,0.03325219452381134,0.03325219452381134,0.033593837171792984,0.03325219452381134,0.03360088914632797,0.03325219452381134,0.03325219452381134,0.03325219452381134,0.03325219452381134,0.03325219452381134,0.03355266526341438,0.03329150378704071,0.03334074467420578,0.03328748792409897,0.033440638333559036,0.03325219452381134,0.03391331806778908,0.03325219452381134,0.03325219452381134,0.03325219452381134,0.033520884811878204,0.03325219452381134,0.03325219452381134,0.0333494208753109,0.03325219452381134,0.03325219452381134,0.03325219452381134,0.03325547277927399,0.03331362083554268,0.03325219452381134
2024-11-20,0.033238280564546585,0.03339412435889244,0.033705707639455795,0.033238280564546585,0.033704500645399094,0.033238280564546585,0.033238280564546585,0.033238280564546585,0.033238280564546585,0.033238280564546585,0.03358526900410652,0.033238280564546585,0.033268291503190994,0.033238280564546585,0.033348776400089264,0.0332498662173748,0.033724792301654816,0.033420249819755554,0.033238280564546585,0.033328574150800705,0.03354942426085472,0.033238280564546585,0.033238280564546585,0.03327953815460205,0.033238280564546585,0.033323127776384354,0.033238280564546585,0.033238280564546585,0.033305272459983826,0.033238280564546585
2024-11-21,0.03322555869817734,0.03336465731263161,0.033718664199113846,0.03322555869817734,0.03371947258710861,0.03322555869817734,0.03322555869817734,0.03322555869817734,0.03322555869817734,0.03322555869817734,0.03356232866644859,0.03322555869817734,0.033255964517593384,0.03322555869817734,0.03345295786857605,0.03325736150145531,0.03370276093482971,0.03331795707345009,0.03322555869817734,0.03338956460356712,0.0335100032389164,0.03322555869817734,0.03322555869817734,0.033349256962537766,0.03322555869817734,0.03339768573641777,0.03324727341532707,0.033270493149757385,0.03332582116127014,0.03322555869817734
2024-11-22,0.033218659460544586,0.033294375985860825,0.033787280321121216,0.033218659460544586,0.03355557471513748,0.033218659460544586,0.033218659460544586,0.033218659460544586,0.033218659460544586,0.033218659460544586,0.0336388535797596,0.033218659460544586,0.033218659460544586,0.033218659460544586,0.03345206007361412,0.033218659460544586,0.03388122841715813,0.03328699991106987,0.033218659460544586,0.03340727835893631,0.03341135010123253,0.033218659460544586,0.033218659460544586,0.033505674451589584,0.033218659460544586,0.03348752111196518,0.033218659460544586,0.033218659460544586,0.033355962485075,0.033218659460544586
2024-11-23,0.0332411453127861,0.0332411453127861,0.033710185438394547,0.0332411453127861,0.033282119780778885,0.0332411453127861,0.0332411453127861,0.0332411453127861,0.0332411453127861,0.0332411453127861,0.03354533016681671,0.0333046056330204,0.03339902311563492,0.03336954489350319,0.03354577347636223,0.0332411453127861,0.033972714096307755,0.03330104053020477,0.0332411453127861,0.0332411453127861,0.03350706771016121,0.0332411453127861,0.0332411453127861,0.03333408385515213,0.0332411453127861,0.033270493149757385,0.0332411453127861,0.0332411453127861,0.0332411453127861,0.03335852548480034
2024-11-24,0.03323585167527199,0.03326021134853363,0.033720508217811584,0.03323585167527199,0.033318161964416504,0.03323585167527199,0.03323585167527199,0.03323585167527199,0.03323585167527199,0.03323585167527199,0.03352292254567146,0.03326886147260666,0.03343937173485756,0.03331685811281204,0.03364410623908043,0.03323585167527199,0.03394199162721634,0.03323585167527199,0.03323585167527199,0.03323585167527199,0.03342457860708237,0.03323585167527199,0.03323585167527199,0.03345569223165512,0.03323585167527199,0.03335793316364288,0.03323585167527199,0.03323585167527199,0.03323585167527199,0.03331935405731201
2024-11-25,0.03323643282055855,0.033268485218286514,0.03371787071228027,0.03323643282055855,0.033327020704746246,0.03323643282055855,0.03323643282055855,0.03323643282055855,0.03323643282055855,0.03323643282055855,0.03352469950914383,0.033251430839300156,0.03346237167716026,0.03331068530678749,0.03367214277386665,0.03323643282055855,0.03392350301146507,0.03323643282055855,0.03323643282055855,0.03323643282055855,0.03339318186044693,0.03323643282055855,0.03323643282055855,0.03347066417336464,0.03323643282055855,0.033354006707668304,0.03323643282055855,0.03323643282055855,0.03323643282055855,0.033304549753665924
2024-11-26,0.033257726579904556,0.033279795199632645,0.033592481166124344,0.033257726579904556,0.03342469036579132,0.033257726579904556,0.033257726579904556,0.033257726579904556,0.033257726579904556,0.033257726579904556,0.033472899347543716,0.0333242230117321,0.03354913741350174,0.033257726579904556,0.03361079841852188,0.033257726579904556,0.03388208895921707,0.033257726579904556,0.033257726579904556,0.033257726579904556,0.03345157578587532,0.033257726579904556,0.033257726579904556,0.033257726579904556,0.033257726579904556,0.033257726579904556,0.033257726579904556,0.033257726579904556,0.033257726579904556,0.033257726579904556
2024-11-27,0.03324899822473526,0.033261071890592575,0.033701423555612564,0.03324899822473526,0.033340226858854294,0.03324899822473526,0.03324899822473526,0.03324899822473526,0.03324899822473526,0.03324899822473526,0.033536024391651154,0.03325400874018669,0.03347734361886978,0.03333321213722229,0.033608973026275635,0.03324899822473526,0.03393048420548439,0.03324899822473526,0.03324899822473526,0.03324899822473526,0.03341745585203171,0.03324899822473526,0.03324899822473526,0.0333569273352623,0.03324899822473526,0.03325094282627106,0.03324899822473526,0.03324899822473526,0.03324899822473526,0.033298932015895844
2024-11-28,0.03326220437884331,0.03326220437884331,0.03358644247055054,0.03326220437884331,0.03332524374127388,0.03326220437884331,0.03326220437884331,0.03326220437884331,0.03326220437884331,0.03326220437884331,0.03361988812685013,0.03326220437884331,0.033397331833839417,0.03337272256612778,0.03355025127530098,0.03326220437884331,0.03371866047382355,0.03326220437884331,0.03326220437884331,0.03326220437884331,0.03352080658078194,0.03326220437884331,0.03326220437884331,0.03338001295924187,0.03326220437884331,0.03328453376889229,0.03326220437884331,0.03326220437884331,0.03326220437884331,0.03326220437884331
2024-11-29,0.033258162438869476,0.033258162438869476,0.03360992297530174,0.033258162438869476,0.03330438584089279,0.033258162438869476,0.033258162438869476,0.033258162438869476,0.033258162438869476,0.033258162438869476,0.033600062131881714,0.033258162438869476,0.033421240746974945,0.03336557745933533,0.03362427279353142,0.033258162438869476,0.03371115401387215,0.033258162438869476,0.033258162438869476,0.033258162438869476,0.033460136502981186,0.033258162438869476,0.033258162438869476,0.03342556953430176,0.033258162438869476,0.03331444039940834,0.033258162438869476,0.033258162438869476,0.033258162438869476,0.033258162438869476
2024-11-30,0.03325822204351425,0.03328411281108856,0.0335182286798954,0.03325822204351425,0.033398400992155075,0.03325822204351425,0.03325822204351425,0.03325822204351425,0.03325822204351425,0.03325822204351425,0.03354434669017792,0.03325822204351425,0.033481620252132416,0.03325822204351425,0.03367649018764496,0.03325822204351425,0.03370087966322899,0.03325822204351425,0.03325822204351425,0.03325822204351425,0.033433254808187485,0.03325822204351425,0.03325822204351425,0.03341442346572876,0.03325822204351425,0.03334125503897667,0.03325822204351425,0.03325822204351425,0.03330078721046448,0.03325822204351425
2024-12-01,0.03325869143009186,0.0332840234041214,0.03351378068327904,0.03325869143009186,0.03339654952287674,0.03325869143009186,0.03325869143009186,0.03325869143009186,0.03325869143009186,0.03325869143009186,0.033547233790159225,0.03325869143009186,0.0334780290722847,0.03325869143009186,0.03367409110069275,0.03325869143009186,0.033694636076688766,0.03325869143009186,0.03325869143009186,0.03325869143009186,0.03343554958701134,0.03325869143009186,0.03325869143009186,0.03341686353087425,0.03325869143009186,0.03334137797355652,0.03325869143009186,0.03325869143009186,0.03330270200967789,0.03325869143009186
2024-12-02,0.03325869143009186,0.0332840196788311,0.03351378068327904,0.03325869143009186,0.03339654952287674,0.03325869143009186,0.03325869143009186,0.03325869143009186,0.03325869143009186,0.03325869143009186,0.033547237515449524,0.03325869143009186,0.0334780290722847,0.03325869143009186,0.03367409110069275,0.03325869143009186,0.033694636076688766,0.03325869143009186,0.03325869143009186,0.03325869143009186,0.03343554958701134,0.03325869143009186,0.03325869143009186,0.03341686353087425,0.03325869143009186,0.03334137797355652,0.03325869143009186,0.03325869143009186,0.03330270200967789,0.03325869143009186
2024-12-03,0.033249273896217346,0.0332903228700161,0.033612631261348724,0.033249273896217346,0.033422380685806274,0.033249273896217346,0.033249273896217346,0.033249273896217346,0.033249273896217346,0.033249273896217346,0.03346962481737137,0.03328973427414894,0.03356920927762985,0.033249273896217346,0.03370806202292442,0.033249273896217346,0.03384118899703026,0.033249273896217346,0.033249273896217346,0.033249273896217346,0.033381666988134384,0.033249273896217346,0.033249273896217346,0.03334049507975578,0.033249273896217346,0.0333312526345253,0.033249273896217346,0.033249273896217346,0.03325648233294487,0.033249273896217346
2024-12-04,0.03325869143009186,0.0332840196788311,0.03351378068327904,0.03325869143009186,0.03339654952287674,0.03325869143009186,0.03325869143009186,0.03325869143009186,0.03325869143009186,0.03325869143009186,0.033547237515449524,0.03325869143009186,0.0334780290722847,0.03325869143009186,0.03367409110069275,0.03325869143009186,0.033694636076688766,0.03325869143009186,0.03325869143009186,0.03325869143009186,0.03343554958701134,0.03325869143009186,0.03325869143009186,0.03341686353087425,0.03325869143009186,0.03334137797355652,0.03325869143009186,0.03325869143009186,0.03330270200967789,0.03325869143009186
2024-12-05,0.033247996121644974,0.033271197229623795,0.03364372253417969,0.033247996121644974,0.033598802983760834,0.033247996121644974,0.033247996121644974,0.033247996121644974,0.033247996121644974,0.033247996121644974,0.033519189804792404,0.033247996121644974,0.03345741704106331,0.03327181562781334,0.03361261263489723,0.033247996121644974,0.03384406119585037,0.033247996121644974,0.033247996121644974,0.033247996121644974,0.03331247344613075,0.033247996121644974,0.033247996121644974,0.03341688960790634,0.033247996121644974,0.03328092396259308,0.03327927365899086,0.03325871378183365,0.033265016973018646,0.033247996121644974
2024-12-06,0.0332585908472538,0.0332585908472538,0.03352824226021767,0.0332585908472538,0.033561792224645615,0.0332585908472538,0.0332585908472538,0.0332585908472538,0.0332585908472538,0.0332585908472538,0.033613014966249466,0.0332585908472538,0.03336464241147041,0.03328163921833038,0.0335790179669857,0.0332585908472538,0.033705029636621475,0.0332585908472538,0.0332585908472538,0.0332585908472538,0.03336566314101219,0.0332585908472538,0.0332585908472538,0.033491555601358414,0.0332585908472538,0.03328489139676094,0.03328920528292656,0.0332585908472538,0.033280570060014725,0.0332585908472538
2024-12-07,0.0332585908472538,0.0332585908472538,0.03352824226021767,0.0332585908472538,0.033561792224645615,0.0332585908472538,0.0332585908472538,0.0332585908472538,0.0332585908472538,0.0332585908472538,0.033613014966249466,0.0332585908472538,0.03336464241147041,0.03328163921833038,0.0335790179669857,0.0332585908472538,0.033705029636621475,0.0332585908472538,0.0332585908472538,0.0332585908472538,0.03336566314101219,0.0332585908472538,0.0332585908472538,0.033491555601358414,0.0332585908472538,0.03328489139676094,0.03328920528292656,0.0332585908472538,0.033280570060014725,0.0332585908472538
2024-12-08,0.0332585908472538,0.0332585908472538,0.03352824226021767,0.0332585908472538,0.033561792224645615,0.0332585908472538,0.0332585908472538,0.0332585908472538,0.0332585908472538,0.0332585908472538,0.033613014966249466,0.0332585908472538,0.03336464241147041,0.03328163921833038,0.0335790179669857,0.0332585908472538,0.033705029636621475,0.0332585908472538,0.0332585908472538,0.0332585908472538,0.03336566314101219,0.0332585908472538,0.0332585908472538,0.033491555601358414,0.0332585908472538,0.03328489139676094,0.03328920528292656,0.0332585908472538,0.033280570060014725,0.0332585908472538
2024-12-09,0.0332585908472538,0.0332585908472538,0.03352824226021767,0.0332585908472538,0.033561792224645615,0.0332585908472538,0.0332585908472538,0.0332585908472538,0.0332585908472538,0.0332585908472538,0.033613014966249466,0.0332585908472538,0.03336464241147041,0.03328163921833038,0.0335790179669857,0.0332585908472538,0.033705029636621475,0.0332585908472538,0.0332585908472538,0.0332585908472538,0.03336566314101219,0.0332585908472538,0.0332585908472538,0.033491555601358414,0.0332585908472538,0.03328489139676094,0.03328920528292656,0.0332585908472538,0.033280570060014725,0.0332585908472538
2024-12-10,0.0332585908472538,0.0332585908472538,0.03352824226021767,0.0332585908472538,0.033561792224645615,0.0332585908472538,0.0332585908472538,0.0332585908472538,0.0332585908472538,0.0332585908472538,0.033613014966249466,0.0332585908472538,0.03336464241147041,0.03328163921833038,0.0335790179669857,0.0332585908472538,0.033705029636621475,0.0332585908472538,0.0332585908472538,0.0332585908472538,0.03336566314101219,0.0332585908472538,0.0332585908472538,0.033491555601358414,0.0332585908472538,0.03328489139676094,0.03328920528292656,0.0332585908472538,0.033280570060014725,0.0332585908472538
2024-12-11,0.03326347842812538,0.03328584134578705,0.033583421260118484,0.03326347842812538,0.03354224935173988,0.03326347842812538,0.03326347842812538,0.03326347842812538,0.03326347842812538,0.03326347842812538,0.03349671512842178,0.03326347842812538,0.03328936547040939,0.03333354368805885,0.033605121076107025,0.03326347842812538,0.03369767963886261,0.03326347842812538,0.03326347842812538,0.03326347842812538,0.033277831971645355,0.03326347842812538,0.03326347842812538,0.033423230051994324,0.03326347842812538,0.03330937400460243,0.03326347842812538,0.03326347842812538,0.033413078635931015,0.03326347842812538
2024-12-12,0.03326347842812538,0.03328584134578705,0.033583421260118484,0.03326347842812538,0.03354224935173988,0.03326347842812538,0.03326347842812538,0.03326347842812538,0.03326347842812538,0.03326347842812538,0.03349671512842178,0.03326347842812538,0.03328936547040939,0.03333354368805885,0.033605121076107025,0.03326347842812538,0.03369767963886261,0.03326347842812538,0.03326347842812538,0.03326347842812538,0.033277831971645355,0.03326347842812538,0.03326347842812538,0.033423230051994324,0.03326347842812538,0.03330937400460243,0.03326347842812538,0.03326347842812538,0.033413078635931015,0.03326347842812538
2024-12-13,0.03325869143009186,0.03325869143009186,0.03352941945195198,0.03325869143009186,0.03356138989329338,0.03325869143009186,0.03325869143009186,0.03325869143009186,0.03325869143009186,0.03325869143009186,0.03361073136329651,0.03325869143009186,0.033363211899995804,0.03328206017613411,0.033579953014850616,0.03325869143009186,0.033704984933137894,0.03325869143009186,0.03325869143009186,0.03325869143009186,0.03336384519934654,0.03325869143009186,0.03325869143009186,0.033490728586912155,0.03325869143009186,0.033285196870565414,0.03328905627131462,0.03325869143009186,0.033282991498708725,0.03325869143009186
2024-12-14,0.033262163400650024,0.033281199634075165,0.03357378765940666,0.033262163400650024,0.033545706421136856,0.033262163400650024,0.033262163400650024,0.033262163400650024,0.033262163400650024,0.033262163400650024,0.03352188318967819,0.033262163400650024,0.03330598771572113,0.033318858593702316,0.033601775765419006,0.033262163400650024,0.033700745552778244,0.033262163400650024,0.033262163400650024,0.033262163400650024,0.03329626843333244,0.033262163400650024,0.033262163400650024,0.033440299332141876,0.033262163400650024,0.03330129384994507,0.033271919935941696,0.033262163400650024,0.03338347747921944,0.033262163400650024
2024-12-15,0.033261582255363464,0.033278290182352066,0.03356800600886345,0.033261582255363464,0.033547721803188324,0.033261582255363464,0.033261582255363464,0.033261582255363464,0.033261582255363464,0.033261582255363464,0.033534593880176544,0.033261582255363464,0.033314336091279984,0.033311694860458374,0.0335998572409153,0.033261582255363464,0.0337018147110939,0.033261582255363464,0.033261582255363464,0.033261582255363464,0.03330564126372337,0.033261582255363464,0.033261582255363464,0.03344891220331192,0.033261582255363464,0.03329802677035332,0.03327563777565956,0.033261582255363464,0.033368516713380814,0.033261582255363464
2024-12-16,0.03326291963458061,0.03328414633870125,0.03357987478375435,0.03326291963458061,0.033543556928634644,0.03326291963458061,0.03326291963458061,0.03326291963458061,0.03326291963458061,0.03326291963458061,0.033506911247968674,0.03326291963458061,0.033296119421720505,0.03332757577300072,0.03360382094979286,0.03326291963458061,0.03369910642504692,0.03326291963458061,0.03326291963458061,0.03326291963458061,0.033285293728113174,0.03326291963458061,0.03326291963458061,0.03343009576201439,0.03326291963458061,0.0333058200776577,0.03326692432165146,0.03326291963458061,0.03340112417936325,0.03326291963458061
2024-12-17,0.03326311334967613,0.03328476846218109,0.033581171184778214,0.03326311334967613,0.033543091267347336,0.03326311334967613,0.03326311334967613,0.03326311334967613,0.03326311334967613,0.03326311334967613,0.03350337594747543,0.03326311334967613,0.03329377621412277,0.03332964703440666,0.033604275435209274,0.03326311334967613,0.03369864821434021,0.03326311334967613,0.03326311334967613,0.03326311334967613,0.03328270465135574,0.03326311334967613,0.03326311334967613,0.033427707850933075,0.03326311334967613,0.03330701217055321,0.03326564282178879,0.03326311334967613,0.033405281603336334,0.03326311334967613
2024-12-18,0.033256977796554565,0.033256977796554565,0.033557236194610596,0.033256977796554565,0.03358910605311394,0.033256977796554565,0.033256977796554565,0.033256977796554565,0.033256977796554565,0.033256977796554565,0.03349067643284798,0.033256977796554565,0.03325886279344559,0.033383261412382126,0.033578839153051376,0.033256977796554565,0.033739835023880005,0.033256977796554565,0.03325796127319336,0.033256977796554565,0.03338948264718056,0.033256977796554565,0.033256977796554565,0.03337826952338219,0.033256977796554565,0.03329876810312271,0.033256977796554565,0.033256977796554565,0.033452171832323074,0.033256977796554565
2024-12-19,0.03324213624000549,0.03324213624000549,0.033673036843538284,0.03324213624000549,0.033612336963415146,0.03324213624000549,0.03324213624000549,0.03324213624000549,0.03324213624000549,0.03324213624000549,0.033444199711084366,0.03324213624000549,0.03333602473139763,0.03336425870656967,0.0335722342133522,0.03324213624000549,0.03389224037528038,0.03324213624000549,0.03324213624000549,0.03324213624000549,0.03334558755159378,0.03324213624000549,0.03324213624000549,0.033359672874212265,0.03324213624000549,0.03328685089945793,0.033258337527513504,0.03332897648215294,0.03340994194149971,0.03324213624000549
2024-12-20,0.033242132514715195,0.033242132514715195,0.033673036843538284,0.033242132514715195,0.03361233323812485,0.033242132514715195,0.033242132514715195,0.033242132514715195,0.033242132514715195,0.033242132514715195,0.033444199711084366,0.033242132514715195,0.03333602100610733,0.03336425870656967,0.033572230488061905,0.033242132514715195,0.03389223664999008,0.033242132514715195,0.033242132514715195,0.033242132514715195,0.03334558755159378,0.033242132514715195,0.033242132514715195,0.033359676599502563,0.033242132514715195,0.03328684717416763,0.033258337527513504,0.03332897275686264,0.03340993449091911,0.033242132514715195
2024-12-21,0.0332428403198719,0.03332803398370743,0.03369562327861786,0.0332428403198719,0.03362558037042618,0.0332428403198719,0.0332428403198719,0.0332428403198719,0.0332428403198719,0.0332428403198719,0.03354458138346672,0.0332428403198719,0.03341224417090416,0.033328719437122345,0.03366276994347572,0.0332428403198719,0.033735696226358414,0.0332428403198719,0.0332428403198719,0.0332428403198719,0.033363938331604004,0.0332428403198719,0.0332428403198719,0.033371903002262115,0.0332428403198719,0.0332428403198719,0.033289793878793716,0.0332699716091156,0.0332428403198719,0.0332428403198719
2024-12-22,0.033242322504520416,0.033326514065265656,0.03369218111038208,0.033242322504520416,0.03362494707107544,0.033242322504520416,0.033242322504520416,0.033242322504520416,0.033242322504520416,0.033242322504520416,0.033549390733242035,0.033242322504520416,0.03341662138700485,0.033328570425510406,0.03366262465715408,0.033242322504520416,0.03373806178569794,0.033242322504520416,0.033242322504520416,0.033242322504520416,0.0333687886595726,0.033242322504520416,0.033242322504520416,0.03337226063013077,0.033242322504520416,0.033242322504520416,0.03329165279865265,0.03326663747429848,0.033242322504520416,0.033242322504520416
2024-12-23,0.033242326229810715,0.03332655131816864,0.033692147582769394,0.033242326229810715,0.033624887466430664,0.033242326229810715,0.033242326229810715,0.033242326229810715,0.033242326229810715,0.033242326229810715,0.03354942053556442,0.033242326229810715,0.03341669216752052,0.033328548073768616,0.03366268426179886,0.033242326229810715,0.03373803198337555,0.033242326229810715,0.033242326229810715,0.033242326229810715,0.03336872160434723,0.033242326229810715,0.033242326229810715,0.03337220847606659,0.033242326229810715,0.033242326229810715,0.03329166769981384,0.03326662257313728,0.033242326229810715,0.033242326229810715
2024-12-24,0.03324675187468529,0.03332418575882912,0.033601682633161545,0.03324675187468529,0.03361291438341141,0.03324675187468529,0.03324675187468529,0.03324675187468529,0.03324675187468529,0.03324675187468529,0.03353950008749962,0.03325812518596649,0.033384229987859726,0.03324675187468529,0.03356494382023811,0.03324675187468529,0.03372013568878174,0.03324675187468529,0.03324675187468529,0.033264826983213425,0.033343538641929626,0.03324675187468529,0.03324675187468529,0.03345697373151779,0.03324675187468529,0.03336043283343315,0.03324675187468529,0.03330174833536148,0.033318713307380676,0.03324675187468529
2024-12-25,0.03324232995510101,0.03332655876874924,0.033692143857479095,0.03324232995510101,0.03362487629055977,0.03324232995510101,0.03324232995510101,0.03324232995510101,0.03324232995510101,0.03324232995510101,0.03354942053556442,0.03324232995510101,0.03341670706868172,0.033328548073768616,0.033662695437669754,0.03324232995510101,0.033738020807504654,0.03324232995510101,0.03324232995510101,0.03324232995510101,0.03336869925260544,0.03324232995510101,0.03324232995510101,0.033372197300195694,0.03324232995510101,0.03324232995510101,0.03329166769981384,0.03326662629842758,0.03324232995510101,0.03324232995510101
2024-12-26,0.03324232995510101,0.03332655876874924,0.033692143857479095,0.03324232995510101,0.03362487629055977,0.03324232995510101,0.03324232995510101,0.03324232995510101,0.03324232995510101,0.03324232995510101,0.03354942053556442,0.03324232995510101,0.03341670706868172,0.033328548073768616,0.033662695437669754,0.03324232995510101,0.033738020807504654,0.03324232995510101,0.03324232995510101,0.03324232995510101,0.03336869925260544,0.03324232995510101,0.03324232995510101,0.033372197300195694,0.03324232995510101,0.03324232995510101,0.03329166769981384,0.03326662629842758,0.03324232995510101,0.03324232995510101
2024-12-27,0.03324320912361145,0.03331546112895012,0.03368636593222618,0.03324320912361145,0.03362220525741577,0.03324320912361145,0.03324320912361145,0.03324320912361145,0.03324320912361145,0.03324320912361145,0.03354440629482269,0.03324320912361145,0.03342517837882042,0.033315788954496384,0.03365422785282135,0.03324320912361145,0.03376096859574318,0.03324320912361145,0.03324320912361145,0.03324320912361145,0.03335733339190483,0.03324320912361145,0.03324320912361145,0.03338215500116348,0.03324320912361145,0.03324320912361145,0.03329040855169296,0.03326772153377533,0.03324320912361145,0.03324320912361145
2024-12-28,0.033243123441934586,0.03331653028726578,0.03368695080280304,0.033243123441934586,0.03362251818180084,0.033243123441934586,0.033243123441934586,0.033243123441934586,0.033243123441934586,0.033243123441934586,0.03354487195611,0.033243123441934586,0.03342432528734207,0.03331688791513443,0.03365502506494522,0.033243123441934586,0.033758796751499176,0.033243123441934586,0.033243123441934586,0.033243123441934586,0.03335842862725258,0.033243123441934586,0.033243123441934586,0.03338128700852394,0.033243123441934586,0.033243123441934586,0.033290475606918335,0.03326767310500145,0.033243123441934586,0.033243123441934586
2024-12-29,0.033247992396354675,0.033271223306655884,0.03364375978708267,0.033247992396354675,0.033598825335502625,0.033247992396354675,0.033247992396354675,0.033247992396354675,0.033247992396354675,0.033247992396354675,0.033519212156534195,0.033247992396354675,0.033457398414611816,0.03327183425426483,0.03361264243721962,0.033247992396354675,0.033844009041786194,0.033247992396354675,0.033247992396354675,0.033247992396354675,0.03331249579787254,0.033247992396354675,0.033247992396354675,0.03341687098145485,0.033247992396354675,0.033280905336141586,0.033279284834861755,0.03325872868299484,0.033264994621276855,0.033247992396354675
2024-12-30,0.033247996121644974,0.033271197229623795,0.03364371880888939,0.033247996121644974,0.033598802983760834,0.033247996121644974,0.033247996121644974,0.033247996121644974,0.033247996121644974,0.033247996121644974,0.033519189804792404,0.033247996121644974,0.03345741704106331,0.03327181562781334,0.03361261263489723,0.033247996121644974,0.033844057470560074,0.033247996121644974,0.033247996121644974,0.033247996121644974,0.03331247344613075,0.033247996121644974,0.033247996121644974,0.03341688960790634,0.033247996121644974,0.03328092396259308,0.03327927365899086,0.03325871378183365,0.033265016973018646,0.033247996121644974
2024-12-31,0.0332382470369339,0.03331419453024864,0.03359752893447876,0.0332382470369339,0.033646441996097565,0.0332382470369339,0.0332382470369339,0.0332382470369339,0.0332382470369339,0.0332382470369339,0.033528536558151245,0.03330904245376587,0.03339087590575218,0.0332382470369339,0.033539578318595886,0.0332382470369339,0.033741794526576996,0.0332382470369339,0.0332382470369339,0.03326213359832764,0.03336991369724274,0.0332382470369339,0.0332382470369339,0.03348616138100624,0.0332382470369339,0.03334861993789673,0.0332382470369339,0.033310603350400925,0.03334275633096695,0.0332382470369339
2025-01-01,0.033236052840948105,0.033266831189394,0.03359482064843178,0.033236052840948105,0.033658336848020554,0.033236052840948105,0.033236052840948105,0.033236052840948105,0.033236052840948105,0.033236052840948105,0.03354516625404358,0.033309780061244965,0.033346179872751236,0.033236052840948105,0.033495381474494934,0.033236052840948105,0.03380599617958069,0.033236052840948105,0.033236052840948105,0.03326433151960373,0.03344304859638214,0.033236052840948105,0.033236052840948105,0.033490534871816635,0.033236052840948105,0.03336317464709282,0.03323967382311821,0.03326992690563202,0.03336605057120323,0.033236052840948105
2025-01-02,0.0332360565662384,0.03326685354113579,0.033594828099012375,0.0332360565662384,0.03365834057331085,0.0332360565662384,0.0332360565662384,0.0332360565662384,0.0332360565662384,0.0332360565662384,0.03354516252875328,0.033309753984212875,0.03334618732333183,0.0332360565662384,0.03349540755152702,0.0332360565662384,0.033805962651968,0.0332360565662384,0.0332360565662384,0.03326432406902313,0.033443015068769455,0.0332360565662384,0.0332360565662384,0.033490538597106934,0.0332360565662384,0.03336317464709282,0.03323965519666672,0.033269938081502914,0.03336603194475174,0.0332360565662384
2025-01-03,0.03324613347649574,0.033342793583869934,0.033616017550230026,0.03324613347649574,0.033625490963459015,0.03324613347649574,0.03324613347649574,0.03324613347649574,0.03324613347649574,0.03324613347649574,0.0335376113653183,0.033272042870521545,0.03336473926901817,0.03324613347649574,0.0335790254175663,0.03324613347649574,0.0336955226957798,0.03324613347649574,0.03324613347649574,0.03327722102403641,0.033369991928339005,0.03324613347649574,0.03324613347649574,0.03343167155981064,0.03324613347649574,0.03333764150738716,0.03324613347649574,0.033308207988739014,0.03330382704734802,0.03324613347649574
2025-01-04,0.03323863446712494,0.03348425030708313,0.033776938915252686,0.03323863446712494,0.03365563601255417,0.03323863446712494,0.03323863446712494,0.03323863446712494,0.03323863446712494,0.03323863446712494,0.03346748277544975,0.03323863446712494,0.03324514627456665,0.03323863446712494,0.0335773304104805,0.03323863446712494,0.03360310569405556,0.033334314823150635,0.03323863446712494,0.03330879658460617,0.03330390900373459,0.03323863446712494,0.03323863446712494,0.03323989361524582,0.03323863446712494,0.033437084406614304,0.03323929011821747,0.03336358442902565,0.03338370844721794,0.03323863446712494
2025-01-05,0.03324127942323685,0.033494722098112106,0.03377280384302139,0.03324127942323685,0.033659741282463074,0.03324127942323685,0.03324127942323685,0.03324127942323685,0.03324127942323685,0.03324127942323685,0.03348037227988243,0.03324127942323685,0.03324127942323685,0.03324127942323685,0.03355805575847626,0.03324127942323685,0.03360958769917488,0.03333413228392601,0.03324127942323685,0.03329942747950554,0.033282320946455,0.03324127942323685,0.03324127942323685,0.03325105831027031,0.03324127942323685,0.03343893587589264,0.03324127942323685,0.03334438428282738,0.03337273374199867,0.03324127942323685
2025-01-06,0.033241916447877884,0.033492401242256165,0.03377019986510277,0.033241916447877884,0.03365972638130188,0.033241916447877884,0.033241916447877884,0.033241916447877884,0.033241916447877884,0.033241916447877884,0.03347961604595184,0.033241916447877884,0.033241916447877884,0.033241916447877884,0.03355961665511131,0.033241916447877884,0.033609043806791306,0.03332860395312309,0.033241916447877884,0.033297546207904816,0.03328290954232216,0.033241916447877884,0.033241916447877884,0.03325529024004936,0.033241916447877884,0.03343470022082329,0.033241916447877884,0.03334491327404976,0.03337283805012703,0.033241916447877884
2025-01-07,0.033238399773836136,0.03349608927965164,0.03375522792339325,0.033238399773836136,0.03364512696862221,0.033238399773836136,0.033238399773836136,0.033238399773836136,0.033238399773836136,0.033238399773836136,0.03331700712442398,0.033238399773836136,0.03327565640211105,0.033238399773836136,0.033506982028484344,0.03326408937573433,0.03366729989647865,0.033415257930755615,0.033238399773836136,0.033238399773836136,0.03330870717763901,0.033238399773836136,0.033238399773836136,0.03331110626459122,0.033238399773836136,0.03342151269316673,0.03326353058218956,0.03337560594081879,0.03340088576078415,0.033238399773836136
2025-01-08,0.03324131295084953,0.033494871109724045,0.033772725611925125,0.03324131295084953,0.03365978226065636,0.03324131295084953,0.03324131295084953,0.03324131295084953,0.03324131295084953,0.03324131295084953,0.033480577170848846,0.03324131295084953,0.03324131295084953,0.03324131295084953,0.03355773538351059,0.03324131295084953,0.03360966965556145,0.03333412483334541,0.03324131295084953,0.0332992821931839,0.033282000571489334,0.03324131295084953,0.03324131295084953,0.03325122222304344,0.03324131295084953,0.03343898057937622,0.03324131295084953,0.0333440937101841,0.03337256610393524,0.03324131295084953
2025-01-09,0.03325990214943886,0.03341519087553024,0.03356138989329338,0.03325990214943886,0.03356827050447464,0.03325990214943886,0.03325990214943886,0.03325990214943886,0.03325990214943886,0.03325990214943886,0.03347901627421379,0.03325990214943886,0.033264730125665665,0.03325990214943886,0.033458687365055084,0.03325990214943886,0.033567123115062714,0.03325990214943886,0.03325990214943886,0.03327476233243942,0.033506300300359726,0.03325990214943886,0.03325990214943886,0.033433739095926285,0.03325990214943886,0.0334203839302063,0.03325990214943886,0.03325990214943886,0.033372215926647186,0.03325990214943886
2025-01-10,0.03326483070850372,0.03339025378227234,0.03346823528409004,0.03326483070850372,0.03359295800328255,0.03326483070850372,0.03326483070850372,0.03326483070850372,0.03326483070850372,0.03326483070850372,0.03359884023666382,0.03326483070850372,0.03326483070850372,0.03326483070850372,0.033560581505298615,0.03326483070850372,0.03347322717308998,0.03326483070850372,0.03326483070850372,0.03329608961939812,0.033503685146570206,0.03326483070850372,0.03326483070850372,0.033495403826236725,0.03326483070850372,0.03326483070850372,0.03326483070850372,0.03326483070850372,0.03332407772541046,0.03326483070850372
2025-01-11,0.03326091170310974,0.03326671943068504,0.03350948542356491,0.03326091170310974,0.03361457586288452,0.03326091170310974,0.03326091170310974,0.03326091170310974,0.03326091170310974,0.03326091170310974,0.03362532705068588,0.03326091170310974,0.03333233669400215,0.03330405056476593,0.03353198990225792,0.03326091170310974,0.03359663113951683,0.03326091170310974,0.03326091170310974,0.03326091170310974,0.03351078927516937,0.03326091170310974,0.03327728807926178,0.03333253413438797,0.03326091170310974,0.03329863026738167,0.03326091170310974,0.033277664333581924,0.033347345888614655,0.03326091170310974
2025-01-12,0.03326842561364174,0.03332699090242386,0.03349829837679863,0.03326842561364174,0.03360681235790253,0.03326842561364174,0.03326842561364174,0.03326842561364174,0.03326842561364174,0.03326842561364174,0.03366690129041672,0.03326842561364174,0.03330497816205025,0.03326842561364174,0.03348884359002113,0.03326842561364174,0.03358391672372818,0.03326842561364174,0.03326842561364174,0.03326842561364174,0.033433038741350174,0.03326842561364174,0.03327598795294762,0.033410441130399704,0.03326842561364174,0.03326842561364174,0.03326842561364174,0.03326842561364174,0.033303678035736084,0.03326842561364174
2025-01-13,0.03326847776770592,0.03332749754190445,0.033498119562864304,0.03326847776770592,0.03360670059919357,0.03326847776770592,0.03326847776770592,0.03326847776770592,0.03326847776770592,0.03326847776770592,0.033667102456092834,0.03326847776770592,0.033304665237665176,0.03326847776770592,0.033488281071186066,0.03326847776770592,0.03358381241559982,0.03326847776770592,0.03326847776770592,0.03326847776770592,0.03343231976032257,0.03326847776770592,0.0332760363817215,0.033411018550395966,0.03326847776770592,0.03326847776770592,0.03326847776770592,0.03326847776770592,0.03330335021018982,0.03326847776770592
2025-01-14,0.033251821994781494,0.033506665378808975,0.03357279673218727,0.033251821994781494,0.03343919664621353,0.033251821994781494,0.033251821994781494,0.033251821994781494,0.033251821994781494,0.033251821994781494,0.03347749263048172,0.03350462391972542,0.03353292867541313,0.03333083540201187,0.03352862223982811,0.033251821994781494,0.033461786806583405,0.033251821994781494,0.033251821994781494,0.033251821994781494,0.03348061069846153,0.033251821994781494,0.033272139728069305,0.033251821994781494,0.033251821994781494,0.03330647945404053,0.033251821994781494,0.033251821994781494,0.0333048552274704,0.033251821994781494
2025-01-15,0.033251818269491196,0.03350701928138733,0.03357289731502533,0.033251818269491196,0.03343905508518219,0.033251818269491196,0.033251818269491196,0.033251818269491196,0.033251818269491196,0.033251818269491196,0.03347739204764366,0.033504847437143326,0.033533062785863876,0.03333090990781784,0.03352846950292587,0.033251818269491196,0.03346163406968117,0.033251818269491196,0.033251818269491196,0.033251818269491196,0.03348047658801079,0.033251818269491196,0.03327216953039169,0.033251818269491196,0.033251818269491196,0.03330638259649277,0.033251818269491196,0.033251818269491196,0.03330474719405174,0.033251818269491196
2025-01-16,0.03326483443379402,0.03333710879087448,0.033414993435144424,0.03326483443379402,0.03348435088992119,0.03326483443379402,0.03326483443379402,0.03326483443379402,0.03326483443379402,0.03326483443379402,0.03363567218184471,0.03333989158272743,0.033339373767375946,0.03326483443379402,0.03346981108188629,0.03326483443379402,0.03360280767083168,0.03326483443379402,0.03326483443379402,0.03326483443379402,0.03362293541431427,0.03326483443379402,0.03326483443379402,0.033351052552461624,0.03326483443379402,0.033370133489370346,0.03326483443379402,0.03326483443379402,0.03326483443379402,0.03326483443379402
2025-01-17,0.03326379135251045,0.033336907625198364,0.03340132534503937,0.03326379135251045,0.033499982208013535,0.03326379135251045,0.03326379135251045,0.03326379135251045,0.03326379135251045,0.03326379135251045,0.03364352136850357,0.033343687653541565,0.03333012014627457,0.03326379135251045,0.03345806896686554,0.03326379135251045,0.033598922193050385,0.03326379135251045,0.03326379135251045,0.03326379135251045,0.0336337611079216,0.03326379135251045,0.03326379135251045,0.03335593640804291,0.03326379135251045,0.0333857387304306,0.03326379135251045,0.03326379135251045,0.03326379135251045,0.03326379135251045
2025-01-18,0.03326401486992836,0.03326401486992836,0.03349427133798599,0.03326401486992836,0.03336196020245552,0.03326401486992836,0.03326401486992836,0.03326401486992836,0.03326401486992836,0.03326401486992836,0.03356361389160156,0.03331565111875534,0.0333949439227581,0.033322837203741074,0.03352949395775795,0.03326401486992836,0.033789198845624924,0.03326401486992836,0.03326401486992836,0.03326401486992836,0.033635031431913376,0.03326401486992836,0.03326401486992836,0.03326401486992836,0.03326401486992836,0.03326401486992836,0.03326401486992836,0.03326401486992836,0.033312730491161346,0.03326401486992836
2025-01-19,0.0332639142870903,0.0332639142870903,0.03349505364894867,0.0332639142870903,0.03336215391755104,0.0332639142870903,0.0332639142870903,0.0332639142870903,0.0332639142870903,0.0332639142870903,0.033563170582056046,0.03331609442830086,0.033395323902368546,0.033322736620903015,0.03352988883852959,0.0332639142870903,0.033790189772844315,0.0332639142870903,0.0332639142870903,0.0332639142870903,0.03363466262817383,0.0332639142870903,0.0332639142870903,0.0332639142870903,0.0332639142870903,0.0332639142870903,0.0332639142870903,0.0332639142870903,0.03331243619322777,0.0332639142870903
2025-01-20,0.033254627138376236,0.033254627138376236,0.03356419876217842,0.033254627138376236,0.033375151455402374,0.033254627138376236,0.033254627138376236,0.033254627138376236,0.033254627138376236,0.033254627138376236,0.03351309150457382,0.03336033225059509,0.03343657776713371,0.03331627696752548,0.03355417773127556,0.033254627138376236,0.033885128796100616,0.033277783542871475,0.033254627138376236,0.033254627138376236,0.03359465301036835,0.033254627138376236,0.033254627138376236,0.033254627138376236,0.033254627138376236,0.03325646370649338,0.033254627138376236,0.033254627138376236,0.03328258916735649,0.03325491398572922
2025-01-21,0.03324684873223305,0.03324684873223305,0.03359910473227501,0.03324684873223305,0.03337810933589935,0.03324684873223305,0.03324684873223305,0.03324684873223305,0.03324684873223305,0.03324684873223305,0.03348054736852646,0.03337979316711426,0.033466581255197525,0.033305708318948746,0.03356287628412247,0.03324684873223305,0.03393413498997688,0.0332939475774765,0.03324684873223305,0.03324684873223305,0.03355691209435463,0.03324684873223305,0.03324684873223305,0.03324684873223305,0.03324684873223305,0.033270105719566345,0.03324684873223305,0.03324684873223305,0.033264633268117905,0.03331109508872032
2025-01-22,0.03324233740568161,0.03327719122171402,0.03361217677593231,0.03324233740568161,0.033455755561590195,0.03324233740568161,0.03324233740568161,0.03324233740568161,0.03324233740568161,0.03324233740568161,0.033492133021354675,0.03338680416345596,0.03343978896737099,0.033344727009534836,0.033582158386707306,0.03324233740568161,0.03379363194108009,0.033342622220516205,0.03324233740568161,0.03324233740568161,0.0335930697619915,0.03324233740568161,0.03324233740568161,0.03324233740568161,0.03324233740568161,0.03324233740568161,0.03324233740568161,0.03324233740568161,0.03324233740568161,0.033317867666482925
2025-01-23,0.03324856609106064,0.033289819955825806,0.033602871000766754,0.03324856609106064,0.03347480297088623,0.03324856609106064,0.03324856609106064,0.03324856609106064,0.03324856609106064,0.03324856609106064,0.033561740070581436,0.03339869901537895,0.033286117017269135,0.03329530358314514,0.0335131511092186,0.03324856609106064,0.03390876576304436,0.03324856609106064,0.03324856609106064,0.03324856609106064,0.03357294946908951,0.03324856609106064,0.03324856609106064,0.03326299414038658,0.03324856609106064,0.03334371745586395,0.03324856609106064,0.03324856609106064,0.03326354920864105,0.03324856609106064
2025-01-24,0.03324611857533455,0.033269722014665604,0.033650390803813934,0.03324611857533455,0.03346342220902443,0.03324611857533455,0.03324611857533455,0.03324611857533455,0.03324611857533455,0.03324611857533455,0.03339335694909096,0.03325850889086723,0.033369604498147964,0.03341810032725334,0.033560290932655334,0.03324611857533455,0.0337405763566494,0.03342745453119278,0.03324611857533455,0.03324611857533455,0.033515043556690216,0.03324611857533455,0.03324611857533455,0.03324611857533455,0.03324611857533455,0.03324627876281738,0.03324611857533455,0.03328487277030945,0.03333054855465889,0.03338008001446724
2025-01-25,0.033243998885154724,0.033277712762355804,0.033657316118478775,0.033243998885154724,0.033477067947387695,0.033243998885154724,0.033243998885154724,0.033243998885154724,0.033243998885154724,0.033243998885154724,0.03338899463415146,0.03325891122221947,0.033351652324199677,0.033425621688365936,0.03354599326848984,0.033243998885154724,0.03372888267040253,0.03344602882862091,0.033243998885154724,0.033243998885154724,0.03352663293480873,0.033243998885154724,0.033243998885154724,0.033243998885154724,0.033243998885154724,0.03326620161533356,0.033243998885154724,0.03328615799546242,0.03331904485821724,0.03338376805186272
2025-01-26,0.0332370400428772,0.03326873853802681,0.033694956451654434,0.0332370400428772,0.03348836302757263,0.0332370400428772,0.0332370400428772,0.0332370400428772,0.0332370400428772,0.0332370400428772,0.03341316059231758,0.0332370400428772,0.03334350511431694,0.03339797630906105,0.033678971230983734,0.0332370400428772,0.033718276768922806,0.03331296145915985,0.0332370400428772,0.0332370400428772,0.03348880633711815,0.0332370400428772,0.0332370400428772,0.0333000048995018,0.0332370400428772,0.033302221447229385,0.033237703144550323,0.033356960862874985,0.03334667161107063,0.033332280814647675
2025-01-27,0.03323712199926376,0.0332644023001194,0.033694587647914886,0.03323712199926376,0.03348271921277046,0.03323712199926376,0.03323712199926376,0.03323712199926376,0.03323712199926376,0.03323712199926376,0.033411964774131775,0.03323712199926376,0.033348653465509415,0.03339188173413277,0.03367885574698448,0.03323712199926376,0.033733732998371124,0.03330777958035469,0.03323712199926376,0.03323712199926376,0.03348345309495926,0.03323712199926376,0.03323712199926376,0.03330181911587715,0.03323712199926376,0.03330693393945694,0.033239904791116714,0.03335539251565933,0.033348873257637024,0.03332924842834473
2025-01-28,0.03323714807629585,0.03324292227625847,0.03366434946656227,0.03323714807629585,0.0333770290017128,0.03323714807629585,0.03323714807629585,0.03323714807629585,0.03323714807629585,0.03323714807629585,0.03348410874605179,0.03331468254327774,0.03346730023622513,0.03328540176153183,0.03363940492272377,0.03323714807629585,0.03392953425645828,0.03323714807629585,0.03323714807629585,0.03323714807629585,0.03347456455230713,0.03323714807629585,0.03323714807629585,0.03340456262230873,0.03323714807629585,0.03335411101579666,0.03325067088007927,0.03323714807629585,0.03325079008936882,0.03330338001251221
2025-01-29,0.03324197605252266,0.03324197605252266,0.03366752713918686,0.03324197605252266,0.03341919928789139,0.03324197605252266,0.03324197605252266,0.03324197605252266,0.03324197605252266,0.03324197605252266,0.03339478373527527,0.03324197605252266,0.033404648303985596,0.03333541750907898,0.0336485356092453,0.03324197605252266,0.033866140991449356,0.03328220173716545,0.03324197605252266,0.03324197605252266,0.033426251262426376,0.03324197605252266,0.03324197605252266,0.033313240855932236,0.03324197605252266,0.033347588032484055,0.03324692323803902,0.03333448991179466,0.03337520360946655,0.03330816328525543
2025-01-30,0.03325251117348671,0.03325251117348671,0.03367764875292778,0.03325251117348671,0.03330663591623306,0.03325251117348671,0.03325251117348671,0.03325251117348671,0.03325251117348671,0.03325251117348671,0.033475592732429504,0.03325251117348671,0.03332630917429924,0.03343527019023895,0.033676646649837494,0.03325251117348671,0.033737458288669586,0.03325251117348671,0.03325251117348671,0.03325251117348671,0.03339754790067673,0.03325251117348671,0.03325251117348671,0.03340718150138855,0.03326835855841637,0.033354490995407104,0.03325251117348671,0.03325251117348671,0.03339166194200516,0.03325251117348671
2025-01-31,0.033237382769584656,0.033357828855514526,0.03358657658100128,0.033237382769584656,0.033492445945739746,0.033237382769584656,0.033237382769584656,0.033237382769584656,0.033237382769584656,0.033237382769584656,0.03354988247156143,0.033237382769584656,0.033237382769584656,0.03342842310667038,0.03347773477435112,0.033237382769584656,0.033488865941762924,0.03328321874141693,0.033237382769584656,0.033237382769584656,0.033517736941576004,0.03328501805663109,0.033237382769584656,0.03341483324766159,0.03344099968671799,0.033486414700746536,0.03337512165307999,0.033237382769584656,0.033237382769584656,0.03325411304831505
2025-02-01,0.03324767202138901,0.0332888662815094,0.03362007811665535,0.03324767202138901,0.03339730575680733,0.03324767202138901,0.03324767202138901,0.03324767202138901,0.03324767202138901,0.03324767202138901,0.03352866321802139,0.03324767202138901,0.03324767202138901,0.03340570256114006,0.03357967734336853,0.03324767202138901,0.03365565836429596,0.03328161686658859,0.03324767202138901,0.03324767202138901,0.03350208327174187,0.03324767202138901,0.03324767202138901,0.03345339372754097,0.03332986310124397,0.03344116732478142,0.033288516104221344,0.03324767202138901,0.033264704048633575,0.03324767202138901
2025-02-02,0.03325250372290611,0.03325250372290611,0.0336776077747345,0.03325250372290611,0.03330681473016739,0.03325250372290611,0.03325250372290611,0.03325250372290611,0.03325250372290611,0.03325250372290611,0.033475711941719055,0.03325250372290611,0.03332609310746193,0.033435214310884476,0.033676497638225555,0.03325250372290611,0.03373732417821884,0.03325250372290611,0.03325250372290611,0.03325250372290611,0.03339781239628792,0.03325250372290611,0.03325250372290611,0.03340733423829079,0.033268511295318604,0.033354707062244415,0.03325250372290611,0.03325250372290611,0.03339139744639397,0.03325250372290611
2025-02-03,0.03325251117348671,0.03325251117348671,0.03367764875292778,0.03325251117348671,0.03330663591623306,0.03325251117348671,0.03325251117348671,0.03325251117348671,0.03325251117348671,0.03325251117348671,0.0334755964577198,0.03325251117348671,0.03332631662487984,0.033435262739658356,0.033676646649837494,0.03325251117348671,0.03373744338750839,0.03325251117348671,0.03325251117348671,0.03325251117348671,0.03339754045009613,0.03325251117348671,0.03325251117348671,0.03340720012784004,0.033268366008996964,0.0333544984459877,0.03325251117348671,0.03325251117348671,0.03339165449142456,0.03325251117348671
2025-02-04,0.033248063176870346,0.0332828126847744,0.03362889960408211,0.033248063176870346,0.0333876758813858,0.033248063176870346,0.033248063176870346,0.033248063176870346,0.033248063176870346,0.033248063176870346,0.03352430462837219,0.033248063176870346,0.033248063176870346,0.03340855613350868,0.033590760082006454,0.033248063176870346,0.03366406634449959,0.033277370035648346,0.033248063176870346,0.033248063176870346,0.03349458426237106,0.033248063176870346,0.033248063176870346,0.03345174714922905,0.033325351774692535,0.0334341786801815,0.033284422010183334,0.033248063176870346,0.033276282250881195,0.033248063176870346
2025-02-05,0.03324197605252266,0.03324197605252266,0.03366753086447716,0.03324197605252266,0.03341919928789139,0.03324197605252266,0.03324197605252266,0.03324197605252266,0.03324197605252266,0.03324197605252266,0.03339478373527527,0.03324197605252266,0.033404648303985596,0.03333542123436928,0.0336485356092453,0.03324197605252266,0.033866144716739655,0.03328220173716545,0.03324197605252266,0.03324197605252266,0.033426251262426376,0.03324197605252266,0.03324197605252266,0.033313240855932236,0.03324197605252266,0.033347588032484055,0.03324692323803902,0.03333448991179466,0.03337520360946655,0.03330816328525543
2025-02-06,0.03324197605252266,0.03324197605252266,0.03366752713918686,0.03324197605252266,0.03341919928789139,0.03324197605252266,0.03324197605252266,0.03324197605252266,0.03324197605252266,0.03324197605252266,0.03339478373527527,0.03324197605252266,0.033404648303985596,0.03333541750907898,0.0336485356092453,0.03324197605252266,0.033866140991449356,0.03328220173716545,0.03324197605252266,0.03324197605252266,0.033426251262426376,0.03324197605252266,0.03324197605252266,0.033313240855932236,0.03324197605252266,0.033347588032484055,0.03324692323803902,0.03333448991179466,0.03337520360946655,0.03330816328525543
2025-02-07,0.03325445204973221,0.03330463916063309,0.033674225211143494,0.03325445204973221,0.03340182825922966,0.03325445204973221,0.03325445204973221,0.03325445204973221,0.03325445204973221,0.03325445204973221,0.03338015452027321,0.03325445204973221,0.03347768634557724,0.033285390585660934,0.03369475528597832,0.03325445204973221,0.033797867596149445,0.03325445204973221,0.03325445204973221,0.03325445204973221,0.03331008553504944,0.03325445204973221,0.03325445204973221,0.03328816965222359,0.03325445204973221,0.0333557203412056,0.03325445204973221,0.03332705795764923,0.03336256369948387,0.03326858580112457
2025-02-08,0.03326433151960373,0.033335357904434204,0.033515650779008865,0.03326433151960373,0.03347555175423622,0.03326433151960373,0.03326433151960373,0.03326433151960373,0.03326433151960373,0.03326433151960373,0.0335005484521389,0.03326433151960373,0.03329348564147949,0.033295437693595886,0.033636175096035004,0.03326433151960373,0.0335758812725544,0.03326433151960373,0.03326433151960373,0.03326433151960373,0.0334811769425869,0.03326433151960373,0.03326433151960373,0.033391792327165604,0.03328584134578705,0.033405859023332596,0.03326433151960373,0.03326433151960373,0.03331353887915611,0.03326433151960373
2025-02-09,0.033264655619859695,0.03332020714879036,0.033510662615299225,0.033264655619859695,0.03346630558371544,0.033264655619859695,0.033264655619859695,0.033264655619859695,0.033264655619859695,0.033264655619859695,0.033505577594041824,0.033264655619859695,0.033301614224910736,0.0332757867872715,0.033627111464738846,0.033264655619859695,0.03360731527209282,0.033264655619859695,0.033264655619859695,0.033264655619859695,0.03346305340528488,0.033264655619859695,0.033264655619859695,0.03339510038495064,0.03327304124832153,0.03342509642243385,0.033264655619859695,0.033264655619859695,0.03332991898059845,0.033264655619859695
2025-02-10,0.033264726400375366,0.03332090377807617,0.03351026773452759,0.033264726400375366,0.033476341515779495,0.033264726400375366,0.033264726400375366,0.033264726400375366,0.033264726400375366,0.033264726400375366,0.0335080511868,0.033264726400375366,0.03329551964998245,0.03327769413590431,0.03362245112657547,0.033264726400375366,0.033608075231313705,0.033264726400375366,0.033264726400375366,0.033264726400375366,0.033458221703767776,0.033264726400375366,0.033264726400375366,0.033398695290088654,0.03326968476176262,0.03342505916953087,0.033264726400375366,0.033264726400375366,0.03332870826125145,0.033264726400375366
2025-02-11,0.03326466307044029,0.03332023695111275,0.03351066634058952,0.03326466307044029,0.03346628695726395,0.03326466307044029,0.03326466307044029,0.03326466307044029,0.03326466307044029,0.03326466307044029,0.03350557014346123,0.03326466307044029,0.033301644027233124,0.03327576816082001,0.03362712636590004,0.03326466307044029,0.033607300370931625,0.03326466307044029,0.03326466307044029,0.03326466307044029,0.0334630012512207,0.03326466307044029,0.03326466307044029,0.03339508920907974,0.03327304869890213,0.03342510387301445,0.03326466307044029,0.03326466307044029,0.03332991525530815,0.03326466307044029
2025-02-12,0.03325563296675682,0.03329253941774368,0.03343932703137398,0.03325563296675682,0.03345382958650589,0.03325563296675682,0.03325563296675682,0.03325563296675682,0.03325563296675682,0.03325563296675682,0.033641934394836426,0.03325563296675682,0.03337561711668968,0.03325563296675682,0.03361039236187935,0.03325563296675682,0.033647309988737106,0.03325563296675682,0.03325563296675682,0.03325563296675682,0.033550769090652466,0.03325563296675682,0.03325563296675682,0.033461544662714005,0.03325563296675682,0.033387672156095505,0.03328198194503784,0.03325563296675682,0.03325563296675682,0.03325563296675682
2025-02-13,0.03326466307044029,0.03332023695111275,0.03351066634058952,0.03326466307044029,0.03346628695726395,0.03326466307044029,0.03326466307044029,0.03326466307044029,0.03326466307044029,0.03326466307044029,0.03350557014346123,0.03326466307044029,0.033301644027233124,0.03327576816082001,0.03362712636590004,0.03326466307044029,0.033607300370931625,0.03326466307044029,0.03326466307044029,0.03326466307044029,0.0334630012512207,0.03326466307044029,0.03326466307044029,0.03339508920907974,0.03327304869890213,0.03342510387301445,0.03326466307044029,0.03326466307044029,0.03332991525530815,0.03326466307044029
2025-02-14,0.03326466307044029,0.03332023695111275,0.033510662615299225,0.03326466307044029,0.03346628695726395,0.03326466307044029,0.03326466307044029,0.03326466307044029,0.03326466307044029,0.03326466307044029,0.03350557014346123,0.03326466307044029,0.033301644027233124,0.03327576816082001,0.03362712636590004,0.03326466307044029,0.033607300370931625,0.03326466307044029,0.03326466307044029,0.03326466307044029,0.0334630012512207,0.03326466307044029,0.03326466307044029,0.03339508920907974,0.03327304869890213,0.03342510387301445,0.03326466307044029,0.03326466307044029,0.03332991525530815,0.03326466307044029
2025-02-15,0.033264655619859695,0.03332022204995155,0.03351064398884773,0.033264655619859695,0.03346627578139305,0.033264655619859695,0.033264655619859695,0.033264655619859695,0.033264655619859695,0.033264655619859695,0.03350566700100899,0.033264655619859695,0.033301688730716705,0.03327574580907822,0.03362712264060974,0.033264655619859695,0.03360733017325401,0.033264655619859695,0.033264655619859695,0.033264655619859695,0.03346305713057518,0.033264655619859695,0.033264655619859695,0.03339514136314392,0.03327302262187004,0.033425066620111465,0.033264655619859695,0.033264655619859695,0.03332981839776039,0.033264655619859695
2025-02-16,0.03326466307044029,0.03332023695111275,0.03351066634058952,0.03326466307044029,0.03346628695726395,0.03326466307044029,0.03326466307044029,0.03326466307044029,0.03326466307044029,0.03326466307044029,0.03350557014346123,0.03326466307044029,0.033301644027233124,0.03327576816082001,0.03362712636590004,0.03326466307044029,0.033607300370931625,0.03326466307044029,0.03326466307044029,0.03326466307044029,0.0334630012512207,0.03326466307044029,0.03326466307044029,0.03339508920907974,0.03327304869890213,0.03342510387301445,0.03326466307044029,0.03326466307044029,0.03332991525530815,0.03326466307044029
2025-02-17,0.03326466307044029,0.03332023695111275,0.03351066634058952,0.03326466307044029,0.03346628695726395,0.03326466307044029,0.03326466307044029,0.03326466307044029,0.03326466307044029,0.03326466307044029,0.03350557014346123,0.03326466307044029,0.033301644027233124,0.03327576816082001,0.03362712636590004,0.03326466307044029,0.033607300370931625,0.03326466307044029,0.03326466307044029,0.03326466307044029,0.0334630012512207,0.03326466307044029,0.03326466307044029,0.03339508920907974,0.03327304869890213,0.03342510387301445,0.03326466307044029,0.03326466307044029,0.03332991525530815,0.03326466307044029
2025-02-18,0.03326466307044029,0.03332023695111275,0.03351066634058952,0.03326466307044029,0.03346628695726395,0.03326466307044029,0.03326466307044029,0.03326466307044029,0.03326466307044029,0.03326466307044029,0.03350557014346123,0.03326466307044029,0.033301644027233124,0.03327576816082001,0.03362712636590004,0.03326466307044029,0.033607300370931625,0.03326466307044029,0.03326466307044029,0.03326466307044029,0.0334630012512207,0.03326466307044029,0.03326466307044029,0.03339508920907974,0.03327304869890213,0.03342510387301445,0.03326466307044029,0.03326466307044029,0.03332991525530815,0.03326466307044029
2025-02-19,0.03327403962612152,0.033292144536972046,0.03353027254343033,0.03327403962612152,0.03341709077358246,0.03327403962612152,0.03327403962612152,0.03327403962612152,0.03327403962612152,0.03327403962612152,0.03345106169581413,0.03327403962612152,0.03334805369377136,0.03327745571732521,0.0335807129740715,0.03327403962612152,0.03358227759599686,0.03327403962612152,0.03327403962612152,0.03327403962612152,0.033452004194259644,0.03327403962612152,0.03327403962612152,0.03335140645503998,0.03327403962612152,0.03340354189276695,0.03327403962612152,0.03327403962612152,0.03338130563497543,0.03327403962612152
2025-02-20,0.03328410163521767,0.03331286087632179,0.033483248203992844,0.03328410163521767,0.03328410163521767,0.03328410163521767,0.03328410163521767,0.03328410163521767,0.03328410163521767,0.03328410163521767,0.033495355397462845,0.03328410163521767,0.0334293469786644,0.03332946449518204,0.033509060740470886,0.03328410163521767,0.03344080597162247,0.0332903191447258,0.03328410163521767,0.03328410163521767,0.03336082398891449,0.03328410163521767,0.03328410163521767,0.033393461257219315,0.033341240137815475,0.03328410163521767,0.03328410163521767,0.03328410163521767,0.03350013494491577,0.03328410163521767
2025-02-21,0.03327016159892082,0.03327016159892082,0.033448781818151474,0.03327016159892082,0.03332141414284706,0.03327016159892082,0.03327016159892082,0.03327016159892082,0.03327016159892082,0.03327016159892082,0.03334455564618111,0.03327016159892082,0.03327016159892082,0.03327016159892082,0.03368370607495308,0.03327016159892082,0.033593207597732544,0.03327016159892082,0.03327016159892082,0.03327016159892082,0.03342197462916374,0.03327016159892082,0.03327016159892082,0.03327016159892082,0.03341703116893768,0.03351999446749687,0.03327016159892082,0.03327016159892082,0.03351447731256485,0.03333168104290962
2025-02-22,0.0332815945148468,0.0332815945148468,0.033433426171541214,0.0332815945148468,0.033403586596250534,0.0332815945148468,0.0332815945148468,0.0332815945148468,0.0332815945148468,0.0332815945148468,0.0332815945148468,0.0332815945148468,0.03334841504693031,0.033382613211870193,0.03349866345524788,0.0332815945148468,0.03362473472952843,0.0332815945148468,0.0332815945148468,0.0332815945148468,0.03332923352718353,0.0332815945148468,0.0332815945148468,0.03335300087928772,0.0332815945148468,0.033307719975709915,0.0332815945148468,0.0332815945148468,0.033686719834804535,0.0332815945148468
2025-02-23,0.03326806798577309,0.03326806798577309,0.033478520810604095,0.03326806798577309,0.033483993262052536,0.03326806798577309,0.03326806798577309,0.03326806798577309,0.03326806798577309,0.03326806798577309,0.03331524133682251,0.03326806798577309,0.03326806798577309,0.0333036407828331,0.03360834717750549,0.03326806798577309,0.03371487185359001,0.03326806798577309,0.03326806798577309,0.03326806798577309,0.03339269757270813,0.03326806798577309,0.03326806798577309,0.03332580253481865,0.03326806798577309,0.03340190649032593,0.03326806798577309,0.03326806798577309,0.0336136519908905,0.03326806798577309
2025-02-24,0.03326886519789696,0.03326886519789696,0.033539120107889175,0.03326886519789696,0.0335417240858078,0.03326886519789696,0.03326886519789696,0.03326886519789696,0.03326886519789696,0.03326886519789696,0.03336245194077492,0.03326886519789696,0.03326886519789696,0.03328438848257065,0.0336308479309082,0.03326886519789696,0.03370359539985657,0.03326886519789696,0.03328069671988487,0.03326886519789696,0.03329041227698326,0.03326886519789696,0.03326886519789696,0.03337133303284645,0.03326886519789696,0.033370085060596466,0.03326886519789696,0.03326886519789696,0.03351693972945213,0.03326886519789696
2025-02-25,0.03326476737856865,0.03326476737856865,0.03351277485489845,0.03326476737856865,0.03370451182126999,0.03326476737856865,0.03326476737856865,0.03326476737856865,0.03326476737856865,0.03326476737856865,0.033361490815877914,0.03326476737856865,0.03327171131968498,0.0332951657474041,0.033507876098155975,0.03326476737856865,0.033624570816755295,0.03326476737856865,0.03327478468418121,0.03329059109091759,0.033430058509111404,0.03326476737856865,0.03326476737856865,0.03334059938788414,0.03326476737856865,0.03342545032501221,0.03329261764883995,0.03326476737856865,0.03343158960342407,0.03326476737856865
2025-02-26,0.033252887427806854,0.03328278288245201,0.033553510904312134,0.033252887427806854,0.03369564935564995,0.033252887427806854,0.033252887427806854,0.033252887427806854,0.033252887427806854,0.033252887427806854,0.033506203442811966,0.033252887427806854,0.03334222733974457,0.03339468687772751,0.03347588703036308,0.033252887427806854,0.03359037637710571,0.033252887427806854,0.033252887427806854,0.033252887427806854,0.033451858907938004,0.033252887427806854,0.033252887427806854,0.03334673494100571,0.033252887427806854,0.03334929794073105,0.033363886177539825,0.033252887427806854,0.03334781527519226,0.033252887427806854
2025-02-27,0.033252887427806854,0.03328278288245201,0.033553510904312134,0.033252887427806854,0.03369564935564995,0.033252887427806854,0.033252887427806854,0.033252887427806854,0.033252887427806854,0.033252887427806854,0.033506203442811966,0.033252887427806854,0.03334222733974457,0.03339468687772751,0.03347589075565338,0.033252887427806854,0.03359037637710571,0.033252887427806854,0.033252887427806854,0.033252887427806854,0.033451855182647705,0.033252887427806854,0.033252887427806854,0.03334673494100571,0.033252887427806854,0.03334929794073105,0.03336387872695923,0.033252887427806854,0.03334781900048256,0.033252887427806854
2025-02-28,0.033257097005844116,0.033257097005844116,0.03355719894170761,0.033257097005844116,0.033588819205760956,0.033257097005844116,0.033257097005844116,0.033257097005844116,0.033257097005844116,0.033257097005844116,0.03348854184150696,0.033257097005844116,0.033257242292165756,0.03338439762592316,0.033579494804143906,0.033257097005844116,0.03373882547020912,0.033257097005844116,0.03325897455215454,0.033257097005844116,0.033387377858161926,0.033257097005844116,0.033257097005844116,0.03337698429822922,0.033257097005844116,0.03329959884285927,0.033257097005844116,0.033257097005844116,0.03345484659075737,0.033257097005844116
2025-03-01,0.03325425833463669,0.03327760845422745,0.03345252946019173,0.03325425833463669,0.03369941934943199,0.03325425833463669,0.03325425833463669,0.03325425833463669,0.03325425833463669,0.03325425833463669,0.03355715051293373,0.03325425833463669,0.03325425833463669,0.03336281701922417,0.03350219130516052,0.03325425833463669,0.033669911324977875,0.03325425833463669,0.03325425833463669,0.03325425833463669,0.033454813063144684,0.03325425833463669,0.03325425833463669,0.03340017795562744,0.03325425833463669,0.03341386839747429,0.03327903896570206,0.03325425833463669,0.03335383161902428,0.03325425833463669
2025-03-02,0.03325425833463669,0.03327760845422745,0.03345252946019173,0.03325425833463669,0.03369941934943199,0.03325425833463669,0.03325425833463669,0.03325425833463669,0.03325425833463669,0.03325425833463669,0.03355714678764343,0.03325425833463669,0.03325425833463669,0.03336281701922417,0.03350219130516052,0.03325425833463669,0.033669911324977875,0.03325425833463669,0.03325425833463669,0.03325425833463669,0.033454813063144684,0.03325425833463669,0.03325425833463669,0.03340017795562744,0.03325425833463669,0.03341386839747429,0.03327903896570206,0.03325425833463669,0.03335383161902428,0.03325425833463669
2025-03-03,0.03325425833463669,0.03327760100364685,0.03345254063606262,0.03325425833463669,0.033699411898851395,0.03325425833463669,0.03325425833463669,0.03325425833463669,0.03325425833463669,0.03325425833463669,0.033557143062353134,0.03325425833463669,0.03325425833463669,0.03336281701922417,0.03350219503045082,0.03325425833463669,0.03366991877555847,0.03325425833463669,0.03325425833463669,0.03325425833463669,0.03345480561256409,0.03325425833463669,0.03325425833463669,0.03340017795562744,0.03325425833463669,0.03341386094689369,0.03327903151512146,0.03325425833463669,0.03335384279489517,0.03325425833463669
2025-03-04,0.03324674442410469,0.03329956531524658,0.03357267007231712,0.03324674442410469,0.033611591905355453,0.03324674442410469,0.03324674442410469,0.03324674442410469,0.03324674442410469,0.03324674442410469,0.03358951583504677,0.03324674442410469,0.03324674442410469,0.033446140587329865,0.03348316252231598,0.03324674442410469,0.03366253525018692,0.03324674442410469,0.03324674442410469,0.03324674442410469,0.033397264778614044,0.03324674442410469,0.03324674442410469,0.03348659351468086,0.0332968607544899,0.033405620604753494,0.033290259540081024,0.03324674442410469,0.03326363489031792,0.03324674442410469
2025-03-05,0.033256787806749344,0.03333122655749321,0.03368918225169182,0.033256787806749344,0.03344780206680298,0.033256787806749344,0.033256787806749344,0.033256787806749344,0.033256787806749344,0.033256787806749344,0.03350003436207771,0.033256787806749344,0.033283673226833344,0.03344878554344177,0.03370732441544533,0.033256787806749344,0.03357895463705063,0.033256787806749344,0.033256787806749344,0.033256787806749344,0.033256787806749344,0.033256787806749344,0.033256787806749344,0.03347238898277283,0.033256787806749344,0.03326733782887459,0.03328835964202881,0.033256787806749344,0.0333627425134182,0.033256787806749344
2025-03-06,0.033256787806749344,0.03333122655749321,0.03368917480111122,0.033256787806749344,0.033447809517383575,0.033256787806749344,0.033256787806749344,0.033256787806749344,0.033256787806749344,0.033256787806749344,0.033500026911497116,0.033256787806749344,0.03328368067741394,0.03344877436757088,0.03370732441544533,0.033256787806749344,0.033578962087631226,0.033256787806749344,0.033256787806749344,0.033256787806749344,0.033256787806749344,0.033256787806749344,0.033256787806749344,0.03347238898277283,0.033256787806749344,0.033267341554164886,0.03328836336731911,0.033256787806749344,0.033362749963998795,0.033256787806749344
2025-03-07,0.03324863687157631,0.033351268619298935,0.03365899249911308,0.03324863687157631,0.03348125144839287,0.03324863687157631,0.03324863687157631,0.03324863687157631,0.03324863687157631,0.03324863687157631,0.033507153391838074,0.03324863687157631,0.03324863687157631,0.03342045843601227,0.03367704153060913,0.03324863687157631,0.03350649029016495,0.03324863687157631,0.03324863687157631,0.033265892416238785,0.03329399228096008,0.03324863687157631,0.03324863687157631,0.033446185290813446,0.03324863687157631,0.033358845859766006,0.03325130045413971,0.03336330130696297,0.03343966230750084,0.03324863687157631
2025-03-08,0.03325180336833,0.03325180336833,0.03359894081950188,0.03325180336833,0.03356803581118584,0.03325180336833,0.03325180336833,0.03325180336833,0.03329568728804588,0.03325180336833,0.03342488780617714,0.03325180336833,0.03325180336833,0.03349480405449867,0.03361661359667778,0.03325180336833,0.03348435461521149,0.03325180336833,0.03325180336833,0.03332363814115524,0.033278413116931915,0.03325180336833,0.03325180336833,0.03335564211010933,0.033373236656188965,0.03338627144694328,0.03335818275809288,0.03325180336833,0.033412445336580276,0.03325180336833
2025-03-09,0.0332597941160202,0.0332597941160202,0.03354287147521973,0.0332597941160202,0.03362821415066719,0.0332597941160202,0.0332597941160202,0.0332597941160202,0.033345140516757965,0.0332597941160202,0.033372145146131516,0.0332597941160202,0.03331054374575615,0.03337063640356064,0.033609453588724136,0.0332597941160202,0.03347952663898468,0.0332597941160202,0.03332449868321419,0.0332597941160202,0.03337527811527252,0.0332597941160202,0.0332597941160202,0.033267561346292496,0.0332597941160202,0.03346395492553711,0.03331420570611954,0.0332597941160202,0.03343929350376129,0.0332597941160202
2025-03-10,0.03326105326414108,0.03326105326414108,0.03352472558617592,0.03326105326414108,0.033615339547395706,0.03326105326414108,0.03326105326414108,0.03326105326414108,0.03326105326414108,0.03326105326414108,0.03337491303682327,0.03326105326414108,0.03328710049390793,0.03331673517823219,0.033492907881736755,0.03326105326414108,0.03359309211373329,0.03326105326414108,0.03327750042080879,0.03326105326414108,0.03344567492604256,0.03326105326414108,0.03326105326414108,0.033337775617837906,0.03326105326414108,0.0334651842713356,0.03335196524858475,0.03326105326414108,0.033479176461696625,0.03326105326414108
2025-03-11,0.03326103836297989,0.03326103836297989,0.03352366387844086,0.03326103836297989,0.0336143858730793,0.03326103836297989,0.03326103836297989,0.03326103836297989,0.03326103836297989,0.03326103836297989,0.03337524086236954,0.03326103836297989,0.03328688442707062,0.03331539407372475,0.033489830791950226,0.03326103836297989,0.033595796674489975,0.03326103836297989,0.03327509015798569,0.03326103836297989,0.033447541296482086,0.03326103836297989,0.03326103836297989,0.033339280635118484,0.03326103836297989,0.03346520662307739,0.03335410729050636,0.03326103836297989,0.03347989544272423,0.03326103836297989
2025-03-12,0.03325236961245537,0.03325236961245537,0.03342506289482117,0.03325236961245537,0.03360569104552269,0.03325236961245537,0.03325236961245537,0.03325236961245537,0.03325236961245537,0.03325236961245537,0.033385712653398514,0.03325236961245537,0.03325236961245537,0.03335088491439819,0.03365738317370415,0.03325236961245537,0.033485833555459976,0.0332690067589283,0.03327658399939537,0.03327920660376549,0.033494982868433,0.03325236961245537,0.03325236961245537,0.03330611810088158,0.03325236961245537,0.033442944288253784,0.03325236961245537,0.0333527997136116,0.033629924058914185,0.03325236961245537
2025-03-13,0.03323403373360634,0.03327416256070137,0.03356366977095604,0.03323403373360634,0.033554088324308395,0.03323403373360634,0.03323403373360634,0.03323403373360634,0.03323403373360634,0.03323403373360634,0.033422358334064484,0.03323403373360634,0.03339678421616554,0.03329988941550255,0.03363918140530586,0.03323403373360634,0.03365723788738251,0.033244986087083817,0.03323403373360634,0.03324177488684654,0.03337443619966507,0.03323403373360634,0.03323403373360634,0.033418796956539154,0.03323403373360634,0.03338224068284035,0.03323403373360634,0.03350488096475601,0.03351498395204544,0.03323403373360634
2025-03-14,0.0332421138882637,0.0332421138882637,0.03351950645446777,0.0332421138882637,0.03357507660984993,0.0332421138882637,0.0332421138882637,0.0332421138882637,0.0332421138882637,0.0332421138882637,0.03331759572029114,0.0332421138882637,0.033350009471178055,0.03331499546766281,0.033640094101428986,0.0332421138882637,0.03363928571343422,0.033294446766376495,0.0332421138882637,0.03328058868646622,0.033361949026584625,0.0332421138882637,0.0332421138882637,0.033300478011369705,0.0332421138882637,0.033439818769693375,0.0332421138882637,0.0334751196205616,0.03360345587134361,0.03325582295656204
2025-03-15,0.0332421138882637,0.0332421138882637,0.03351950645446777,0.0332421138882637,0.03357507660984993,0.0332421138882637,0.0332421138882637,0.0332421138882637,0.0332421138882637,0.0332421138882637,0.03331759572029114,0.0332421138882637,0.033350009471178055,0.03331499546766281,0.033640094101428986,0.0332421138882637,0.03363928571343422,0.033294446766376495,0.0332421138882637,0.03328058868646622,0.033361949026584625,0.0332421138882637,0.0332421138882637,0.033300478011369705,0.0332421138882637,0.033439818769693375,0.0332421138882637,0.0334751196205616,0.03360345587134361,0.03325582295656204
2025-03-16,0.0332421138882637,0.0332421138882637,0.03351950645446777,0.0332421138882637,0.03357507660984993,0.0332421138882637,0.0332421138882637,0.0332421138882637,0.0332421138882637,0.0332421138882637,0.03331759572029114,0.0332421138882637,0.033350009471178055,0.03331499546766281,0.033640094101428986,0.0332421138882637,0.03363928571343422,0.033294446766376495,0.0332421138882637,0.03328058868646622,0.033361949026584625,0.0332421138882637,0.0332421138882637,0.033300478011369705,0.0332421138882637,0.033439818769693375,0.0332421138882637,0.0334751196205616,0.03360345587134361,0.03325582295656204
2025-03-17,0.033242031931877136,0.033242031931877136,0.03352015092968941,0.033242031931877136,0.033574655652046204,0.033242031931877136,0.033242031931877136,0.033242031931877136,0.033242031931877136,0.033242031931877136,0.03331926837563515,0.033242031931877136,0.03335074707865715,0.03331460803747177,0.033640749752521515,0.033242031931877136,0.03363947570323944,0.0332939513027668,0.033242031931877136,0.033280037343502045,0.0333622507750988,0.033242031931877136,0.033242031931877136,0.03330282121896744,0.033242031931877136,0.03343866020441055,0.033242031931877136,0.033476103097200394,0.033601921051740646,0.03325410559773445
2025-03-18,0.0332595556974411,0.0332595556974411,0.03353004902601242,0.0332595556974411,0.03358375281095505,0.0332595556974411,0.0332595556974411,0.0332595556974411,0.0332595556974411,0.0332595556974411,0.0334361270070076,0.0332595556974411,0.03330567479133606,0.03337479755282402,0.03365693241357803,0.0332595556974411,0.03364476189017296,0.0332595556974411,0.033361006528139114,0.0332595556974411,0.03334738686680794,0.0332595556974411,0.0332595556974411,0.03335609287023544,0.0332595556974411,0.033260878175497055,0.03328327462077141,0.033292777836322784,0.0334135964512825,0.0332595556974411
2025-03-19,0.03326594457030296,0.03335588425397873,0.033570002764463425,0.03326594457030296,0.033577919006347656,0.03326594457030296,0.03326594457030296,0.03326594457030296,0.03326594457030296,0.03326594457030296,0.033486802130937576,0.03326594457030296,0.03326689824461937,0.03326687589287758,0.03365436568856239,0.03326594457030296,0.033516187220811844,0.03326594457030296,0.03326594457030296,0.03326594457030296,0.03329026326537132,0.03326594457030296,0.03326594457030296,0.03343245014548302,0.03326594457030296,0.03335602208971977,0.03326594457030296,0.033307261765003204,0.03339797258377075,0.03326594457030296
2025-03-20,0.03326347842812538,0.03328584134578705,0.033583421260118484,0.03326347842812538,0.03354224935173988,0.03326347842812538,0.03326347842812538,0.03326347842812538,0.03326347842812538,0.03326347842812538,0.03349671512842178,0.03326347842812538,0.03328936547040939,0.03333354368805885,0.033605121076107025,0.03326347842812538,0.03369767963886261,0.03326347842812538,0.03326347842812538,0.03326347842812538,0.033277831971645355,0.03326347842812538,0.03326347842812538,0.033423230051994324,0.03326347842812538,0.03330937400460243,0.03326347842812538,0.03326347842812538,0.03341307491064072,0.03326347842812538
2025-03-21,0.03326079994440079,0.03334074467420578,0.03354142978787422,0.03326079994440079,0.03357928991317749,0.03326079994440079,0.03326079994440079,0.03326079994440079,0.03326079994440079,0.03326079994440079,0.033543914556503296,0.03326079994440079,0.03326079994440079,0.03326079994440079,0.03356994315981865,0.03326079994440079,0.033543966710567474,0.03326079994440079,0.03326079994440079,0.03326079994440079,0.03332270309329033,0.03326079994440079,0.03326079994440079,0.03349101543426514,0.03326079994440079,0.033382873982191086,0.03326079994440079,0.03326079994440079,0.03346817567944527,0.03326079994440079
2025-03-22,0.033247292041778564,0.03336872160434723,0.033645663410425186,0.033247292041778564,0.0335904136300087,0.033247292041778564,0.033247292041778564,0.033247292041778564,0.033247292041778564,0.033247292041778564,0.033418208360672,0.033247292041778564,0.033393241465091705,0.033247292041778564,0.03365686908364296,0.033247292041778564,0.03365597501397133,0.033247292041778564,0.033247292041778564,0.033247292041778564,0.033247292041778564,0.033247292041778564,0.033247292041778564,0.03340538218617439,0.033247292041778564,0.03335949406027794,0.033247292041778564,0.033423736691474915,0.03338379040360451,0.033247292041778564
2025-03-23,0.033247292041778564,0.03336871787905693,0.033645663410425186,0.033247292041778564,0.0335904136300087,0.033247292041778564,0.033247292041778564,0.033247292041778564,0.033247292041778564,0.033247292041778564,0.033418208360672,0.033247292041778564,0.03339323773980141,0.033247292041778564,0.03365686163306236,0.033247292041778564,0.03365597501397133,0.033247292041778564,0.033247292041778564,0.033247292041778564,0.033247292041778564,0.033247292041778564,0.033247292041778564,0.03340538218617439,0.033247292041778564,0.03335949778556824,0.033247292041778564,0.03342372924089432,0.03338379040360451,0.033247292041778564
2025-03-24,0.03324848785996437,0.033357173204422,0.03366442024707794,0.03324848785996437,0.033613432198762894,0.03324848785996437,0.03324848785996437,0.03324848785996437,0.03324848785996437,0.03324848785996437,0.03344835713505745,0.03324848785996437,0.03332974761724472,0.03324848785996437,0.033617984503507614,0.03324848785996437,0.033685531467199326,0.03324848785996437,0.03324848785996437,0.03324848785996437,0.03324848785996437,0.03324848785996437,0.03324848785996437,0.033415548503398895,0.03324848785996437,0.03336544334888458,0.03324848785996437,0.033370401710271835,0.03341072052717209,0.03324848785996437
2025-03-25,0.03325175866484642,0.03329694643616676,0.03369024395942688,0.03325175866484642,0.03358340263366699,0.03325175866484642,0.03325175866484642,0.03325175866484642,0.03325175866484642,0.03325175866484642,0.033433154225349426,0.03325175866484642,0.03337214142084122,0.03330754488706589,0.03361355513334274,0.03325175866484642,0.03381729871034622,0.03325175866484642,0.03325175866484642,0.03325175866484642,0.03325175866484642,0.03325175866484642,0.03325175866484642,0.03336190804839134,0.03325175866484642,0.03329718858003616,0.03325175866484642,0.03332088142633438,0.03337410092353821,0.03325175866484642
2025-03-26,0.03325868397951126,0.03336016461253166,0.03370417281985283,0.03325868397951126,0.03361569717526436,0.03325868397951126,0.03325868397951126,0.03325868397951126,0.03325868397951126,0.03325868397951126,0.03346821293234825,0.03325868397951126,0.033349357545375824,0.033356405794620514,0.0335674062371254,0.03325868397951126,0.033749859780073166,0.03325868397951126,0.03325868397951126,0.03325868397951126,0.03331541270017624,0.03325868397951126,0.03325868397951126,0.03325868397951126,0.03325868397951126,0.03325868397951126,0.03325868397951126,0.03328397125005722,0.0333142951130867,0.03325868397951126
2025-03-27,0.033254437148571014,0.03330455720424652,0.033674243837594986,0.033254437148571014,0.03340201452374458,0.033254437148571014,0.033254437148571014,0.033254437148571014,0.033254437148571014,0.033254437148571014,0.03338022157549858,0.033254437148571014,0.03347751498222351,0.0332854725420475,0.033694639801979065,0.033254437148571014,0.0337979719042778,0.033254437148571014,0.033254437148571014,0.033254437148571014,0.03331021964550018,0.033254437148571014,0.033254437148571014,0.033288318663835526,0.033254437148571014,0.03335566073656082,0.033254437148571014,0.03332709148526192,0.033362600952386856,0.033268529921770096
2025-03-28,0.03324035555124283,0.03324035555124283,0.03362888842821121,0.03324035555124283,0.033424630761146545,0.03324035555124283,0.03324035555124283,0.03324035555124283,0.03324035555124283,0.03324035555124283,0.03344838321208954,0.033309366554021835,0.033473894000053406,0.033276766538619995,0.03364447131752968,0.03324035555124283,0.033902473747730255,0.03324035555124283,0.03324035555124283,0.03324035555124283,0.03348254784941673,0.03324035555124283,0.03324035555124283,0.03335008770227432,0.03324035555124283,0.033340878784656525,0.03327082097530365,0.03324922174215317,0.03329897299408913,0.03329324722290039
2025-03-29,0.033236052840948105,0.033266831189394,0.03359482064843178,0.033236052840948105,0.033658336848020554,0.033236052840948105,0.033236052840948105,0.033236052840948105,0.033236052840948105,0.033236052840948105,0.03354516625404358,0.033309780061244965,0.033346179872751236,0.033236052840948105,0.033495381474494934,0.033236052840948105,0.03380599617958069,0.033236052840948105,0.033236052840948105,0.03326433151960373,0.03344304859638214,0.033236052840948105,0.033236052840948105,0.033490534871816635,0.033236052840948105,0.03336317464709282,0.03323967382311821,0.03326992690563202,0.03336605057120323,0.033236052840948105
2025-03-30,0.033236052840948105,0.033266831189394,0.03359482064843178,0.033236052840948105,0.033658336848020554,0.033236052840948105,0.033236052840948105,0.033236052840948105,0.033236052840948105,0.033236052840948105,0.03354516625404358,0.033309780061244965,0.033346179872751236,0.033236052840948105,0.033495381474494934,0.033236052840948105,0.03380599617958069,0.033236052840948105,0.033236052840948105,0.03326433151960373,0.03344304859638214,0.033236052840948105,0.033236052840948105,0.033490534871816635,0.033236052840948105,0.03336317464709282,0.03323967382311821,0.03326992690563202,0.03336605057120323,0.033236052840948105
2025-03-31,0.033236052840948105,0.033266831189394,0.03359482064843178,0.033236052840948105,0.033658336848020554,0.033236052840948105,0.033236052840948105,0.033236052840948105,0.033236052840948105,0.033236052840948105,0.03354516625404358,0.033309780061244965,0.033346179872751236,0.033236052840948105,0.033495381474494934,0.033236052840948105,0.03380599617958069,0.033236052840948105,0.033236052840948105,0.03326433151960373,0.03344304859638214,0.033236052840948105,0.033236052840948105,0.033490534871816635,0.033236052840948105,0.03336317464709282,0.03323967382311821,0.03326992690563202,0.03336605057120323,0.033236052840948105
2025-04-01,0.03323893994092941,0.03323893994092941,0.03363589942455292,0.03323893994092941,0.033627357333898544,0.03323893994092941,0.03323893994092941,0.03323893994092941,0.03323893994092941,0.03323893994092941,0.03350995481014252,0.03323893994092941,0.03341015428304672,0.033306434750556946,0.03354363888502121,0.03323893994092941,0.033930789679288864,0.03323893994092941,0.03323893994092941,0.03323893994092941,0.03342868760228157,0.03323893994092941,0.03323893994092941,0.03342333808541298,0.03323893994092941,0.03327476978302002,0.03329670801758766,0.03324485197663307,0.033305518329143524,0.03323893994092941
2025-04-02,0.03325396031141281,0.03326387703418732,0.03344043344259262,0.03325396031141281,0.03354456648230553,0.03325396031141281,0.03325396031141281,0.03325396031141281,0.03325396031141281,0.03325396031141281,0.033472467213869095,0.03331989049911499,0.03330567479133606,0.033282212913036346,0.03363332897424698,0.03325396031141281,0.03360477834939957,0.03325396031141281,0.03325396031141281,0.03325396031141281,0.033475637435913086,0.03325396031141281,0.03332614153623581,0.03349705785512924,0.03325396031141281,0.0332978330552578,0.03334119915962219,0.03325396031141281,0.03338545933365822,0.03325396031141281
2025-04-03,0.03326142579317093,0.03326142579317093,0.03341960906982422,0.03326142579317093,0.03351137787103653,0.03326142579317093,0.03326142579317093,0.03326142579317093,0.03326142579317093,0.03326142579317093,0.03345929831266403,0.03326142579317093,0.033409226685762405,0.033389609307050705,0.03351105749607086,0.03326142579317093,0.0338016077876091,0.03326142579317093,0.03326142579317093,0.03326142579317093,0.033514950424432755,0.03326142579317093,0.03326142579317093,0.03328824043273926,0.03326142579317093,0.03326142579317093,0.03342055529356003,0.03326142579317093,0.03330741822719574,0.03326142579317093
2025-04-04,0.03326137363910675,0.03326137363910675,0.033498264849185944,0.03326137363910675,0.03361163288354874,0.03326137363910675,0.03326137363910675,0.03326137363910675,0.03326137363910675,0.03326137363910675,0.03363185375928879,0.03326137363910675,0.03329194337129593,0.033270299434661865,0.033456623554229736,0.03326137363910675,0.033656541258096695,0.03326137363910675,0.03326137363910675,0.03326137363910675,0.033566318452358246,0.03326137363910675,0.03326137363910675,0.03336936980485916,0.03326137363910675,0.03329375013709068,0.03326137363910675,0.03326137363910675,0.03338727355003357,0.03326137363910675
2025-04-05,0.03327397257089615,0.03327397257089615,0.033375468105077744,0.03327397257089615,0.033391647040843964,0.03327397257089615,0.03327397257089615,0.03327397257089615,0.03332354128360748,0.03327397257089615,0.033574044704437256,0.03328179940581322,0.03334856033325195,0.03327960893511772,0.033494289964437485,0.03327397257089615,0.03352273255586624,0.03327397257089615,0.03327397257089615,0.03339889273047447,0.03339293226599693,0.03327397257089615,0.033364441245794296,0.0334174819290638,0.03327397257089615,0.033320240676403046,0.03327397257089615,0.033336274325847626,0.033342473208904266,0.03327397257089615
2025-04-06,0.0332651324570179,0.0332651324570179,0.033440012484788895,0.0332651324570179,0.03356361761689186,0.0332651324570179,0.0332651324570179,0.0332651324570179,0.033311549574136734,0.0332651324570179,0.03355680778622627,0.0332651324570179,0.03332953900098801,0.033348601311445236,0.03344215825200081,0.0332651324570179,0.03355244919657707,0.0332651324570179,0.0332651324570179,0.03333551064133644,0.033442191779613495,0.0332651324570179,0.03330810368061066,0.0334121435880661,0.0332651324570179,0.03330063447356224,0.0332651324570179,0.03334340080618858,0.03333628177642822,0.0332651324570179
2025-04-07,0.033264245837926865,0.033264245837926865,0.03344016149640083,0.033264245837926865,0.03356177359819412,0.033264245837926865,0.033264245837926865,0.033264245837926865,0.033313121646642685,0.033264245837926865,0.033556222915649414,0.033264245837926865,0.03332875669002533,0.03334825485944748,0.03344956412911415,0.033264245837926865,0.03354950621724129,0.033264245837926865,0.033264245837926865,0.03333833068609238,0.033440910279750824,0.033264245837926865,0.03330906853079796,0.03341330215334892,0.033264245837926865,0.03330415487289429,0.033264245837926865,0.03334709629416466,0.0333360992372036,0.033264245837926865
2025-04-08,0.03322792798280716,0.03323276713490486,0.03340194746851921,0.03322792798280716,0.03347408026456833,0.03322792798280716,0.03322792798280716,0.03322792798280716,0.033287014812231064,0.03322792798280716,0.033488716930150986,0.03332239389419556,0.033441364765167236,0.03325541317462921,0.033464476466178894,0.03334587812423706,0.03365141153335571,0.03322792798280716,0.03322792798280716,0.03348793089389801,0.03342723846435547,0.03322792798280716,0.03322792798280716,0.03356898948550224,0.03322792798280716,0.033348292112350464,0.03324739634990692,0.03350687399506569,0.03331274166703224,0.03322792798280716
