Date,AAPL,AMGN,AMZN,AXP,BA,CAT,CRM,CSCO,CVX,DIS,GS,HD,HON,IBM,JNJ,JPM,KO,MCD,MMM,MRK,MSFT,NKE,NVDA,PG,SHW,TRV,UNH,V,VZ,WMT
2023-06-01,0.03333333333333333,0.03333333333333333,0.03333333333333333,0.03333333333333333,0.03333333333333333,0.03333333333333333,0.03333333333333333,0.03333333333333333,0.03333333333333333,0.03333333333333333,0.03333333333333333,0.03333333333333333,0.03333333333333333,0.03333333333333333,0.03333333333333333,0.03333333333333333,0.03333333333333333,0.03333333333333333,0.03333333333333333,0.03333333333333333,0.03333333333333333,0.03333333333333333,0.03333333333333333,0.03333333333333333,0.03333333333333333,0.03333333333333333,0.03333333333333333,0.03333333333333333,0.03333333333333333,0.03333333333333333
2023-06-02,0.033235035836696625,0.033235035836696625,0.03328634053468704,0.033246155828237534,0.033235035836696625,0.03331748768687248,0.03363162279129028,0.033235035836696625,0.033235035836696625,0.03331000730395317,0.033235035836696625,0.033235035836696625,0.03328924626111984,0.033235035836696625,0.03351615369319916,0.033574432134628296,0.033235035836696625,0.033235035836696625,0.033286552876234055,0.033235035836696625,0.03380090370774269,0.033451929688453674,0.033235035836696625,0.033355433493852615,0.033235035836696625,0.033240873366594315,0.033469632267951965,0.033235035836696625,0.03326651453971863,0.033666133880615234
2023-06-03,0.03322942182421684,0.03322942182421684,0.03322942182421684,0.03322942182421684,0.03348037973046303,0.03322942182421684,0.03348804637789726,0.03323107585310936,0.03351057320833206,0.03322942182421684,0.03322942182421684,0.03322942182421684,0.033319175243377686,0.03322942182421684,0.03349926695227623,0.033416200429201126,0.03334988281130791,0.03322942182421684,0.03322942182421684,0.03322942182421684,0.03370256721973419,0.03358472138643265,0.03330707177519798,0.033281754702329636,0.03325892239809036,0.03326594829559326,0.03337211161851883,0.03322942182421684,0.03322942182421684,0.03372040018439293
2023-06-04,0.03322898596525192,0.03322898596525192,0.03322898596525192,0.03322898596525192,0.033485520631074905,0.03322898596525192,0.03348204493522644,0.033241260796785355,0.03350101038813591,0.03322898596525192,0.03322898596525192,0.03322898596525192,0.033320605754852295,0.03322898596525192,0.03349204361438751,0.03340405970811844,0.03336445614695549,0.03322898596525192,0.03322898596525192,0.03322979807853699,0.03369917720556259,0.033588554710149765,0.03331165015697479,0.033283770084381104,0.03325774893164635,0.03327126055955887,0.033373184502124786,0.03323162719607353,0.03322898596525192,0.03371435031294823
2023-06-05,0.03327910602092743,0.03321719542145729,0.03321719542145729,0.03321719542145729,0.0335034504532814,0.03326842188835144,0.03342250734567642,0.033300843089818954,0.03341369330883026,0.03321719542145729,0.03321719542145729,0.03321719542145729,0.033316582441329956,0.03321719542145729,0.03344516456127167,0.033314112573862076,0.03346410393714905,0.03321719542145729,0.03321719542145729,0.033265165984630585,0.033653561025857925,0.03360314667224884,0.03332168608903885,0.03329724073410034,0.033252350986003876,0.03330177068710327,0.033374764025211334,0.033383943140506744,0.03321719542145729,0.03364639729261398
2023-06-06,0.03321850672364235,0.03321850672364235,0.03321850672364235,0.03321850672364235,0.03337865322828293,0.03330912068486214,0.03345871344208717,0.03321850672364235,0.03335098922252655,0.03321850672364235,0.03321850672364235,0.03321850672364235,0.03321850672364235,0.03321850672364235,0.03351341933012009,0.03355557098984718,0.03344538435339928,0.03321850672364235,0.03321850672364235,0.03321850672364235,0.033814795315265656,0.03336109220981598,0.03333321213722229,0.03321850672364235,0.03328751400113106,0.03326204791665077,0.033439263701438904,0.03330366313457489,0.033340711146593094,0.03378676623106003
2023-06-07,0.033280469477176666,0.033241741359233856,0.033241741359233856,0.033241741359233856,0.033241741359233856,0.033241741359233856,0.03337815776467323,0.033317405730485916,0.0333697646856308,0.033241741359233856,0.033241741359233856,0.033241741359233856,0.033241741359233856,0.033241741359233856,0.03344060108065605,0.033545032143592834,0.03337212651968002,0.033241741359233856,0.033241741359233856,0.033241741359233856,0.03371906653046608,0.03339027985930443,0.033353932201862335,0.033256858587265015,0.033416662365198135,0.033263351768255234,0.03348636254668236,0.03333881497383118,0.033241741359233856,0.03368675336241722
2023-06-08,0.03333670273423195,0.03323876112699509,0.03323876112699509,0.03323876112699509,0.03323876112699509,0.033269863575696945,0.03333265334367752,0.03333190083503723,0.03346257656812668,0.03323876112699509,0.03323876112699509,0.03323876112699509,0.03323876112699509,0.03323876112699509,0.033390600234270096,0.03350592777132988,0.033327843993902206,0.03323876112699509,0.03323876112699509,0.03323876112699509,0.033687349408864975,0.03353257104754448,0.03338462859392166,0.03323876112699509,0.033349260687828064,0.03323876112699509,0.03353302180767059,0.033323802053928375,0.03323876112699509,0.033649906516075134
2023-06-09,0.03324110805988312,0.03324110805988312,0.03324110805988312,0.03324110805988312,0.033370181918144226,0.03327445685863495,0.033355165272951126,0.03328718990087509,0.03345055505633354,0.03324110805988312,0.03324110805988312,0.03324110805988312,0.03324110805988312,0.03324110805988312,0.03335503116250038,0.033513471484184265,0.033378999680280685,0.03324110805988312,0.03324110805988312,0.03324110805988312,0.033660780638456345,0.033507607877254486,0.03344392776489258,0.03324110805988312,0.03331144526600838,0.033259324729442596,0.03350076079368591,0.033312682062387466,0.03324110805988312,0.0336429588496685
2023-06-10,0.033218495547771454,0.033218495547771454,0.033218495547771454,0.033218495547771454,0.03337855264544487,0.033309243619441986,0.033458612859249115,0.033218495547771454,0.03335105627775192,0.033218495547771454,0.033218495547771454,0.033218495547771454,0.033218495547771454,0.033218495547771454,0.033513471484184265,0.03355555236339569,0.03344537690281868,0.033218495547771454,0.033218495547771454,0.033218495547771454,0.03381488099694252,0.03336095064878464,0.033333126455545425,0.033218495547771454,0.03328752890229225,0.03326212242245674,0.033439356833696365,0.033303745090961456,0.03334065526723862,0.033786747604608536
2023-06-11,0.033218495547771454,0.033218495547771454,0.033218495547771454,0.033218495547771454,0.03337855264544487,0.033309243619441986,0.033458612859249115,0.033218495547771454,0.03335105627775192,0.033218495547771454,0.033218495547771454,0.033218495547771454,0.033218495547771454,0.033218495547771454,0.033513471484184265,0.03355555236339569,0.03344537690281868,0.033218495547771454,0.033218495547771454,0.033218495547771454,0.03381488099694252,0.03336095064878464,0.033333126455545425,0.033218495547771454,0.03328752890229225,0.03326212242245674,0.033439356833696365,0.033303745090961456,0.03334065526723862,0.033786747604608536
2023-06-12,0.033218495547771454,0.033218495547771454,0.033218495547771454,0.033218495547771454,0.03337855264544487,0.033309243619441986,0.033458612859249115,0.033218495547771454,0.03335105627775192,0.033218495547771454,0.033218495547771454,0.033218495547771454,0.033218495547771454,0.033218495547771454,0.033513471484184265,0.03355555236339569,0.03344537690281868,0.033218495547771454,0.033218495547771454,0.033218495547771454,0.03381488099694252,0.03336095064878464,0.033333126455545425,0.033218495547771454,0.03328752890229225,0.03326212242245674,0.033439356833696365,0.033303745090961456,0.03334065526723862,0.033786747604608536
2023-06-13,0.033218495547771454,0.033218495547771454,0.033218495547771454,0.033218495547771454,0.03337854892015457,0.033309243619441986,0.033458612859249115,0.033218495547771454,0.03335105627775192,0.033218495547771454,0.033218495547771454,0.033218495547771454,0.033218495547771454,0.033218495547771454,0.033513475209474564,0.03355555236339569,0.03344537317752838,0.033218495547771454,0.033218495547771454,0.033218495547771454,0.03381487727165222,0.03336094692349434,0.033333130180835724,0.033218495547771454,0.03328753262758255,0.03326212614774704,0.033439360558986664,0.033303745090961456,0.03334065526723862,0.033786747604608536
2023-06-14,0.033248476684093475,0.033248476684093475,0.03325376659631729,0.033248476684093475,0.0332808718085289,0.033248476684093475,0.033393051475286484,0.03325887769460678,0.033307865262031555,0.033248476684093475,0.033248476684093475,0.033248476684093475,0.033248476684093475,0.033248476684093475,0.033421166241168976,0.033571239560842514,0.03344942629337311,0.033248476684093475,0.033248476684093475,0.033248476684093475,0.033673450350761414,0.03333082050085068,0.03345731645822525,0.033248476684093475,0.03339310735464096,0.03328940272331238,0.033432044088840485,0.03333594650030136,0.033248476684093475,0.03367292135953903
2023-06-15,0.03324609994888306,0.033230870962142944,0.033230870962142944,0.03324313089251518,0.033230870962142944,0.033230870962142944,0.033258289098739624,0.03340722247958183,0.03339799493551254,0.033230870962142944,0.033230870962142944,0.033230870962142944,0.03334850072860718,0.033230870962142944,0.03341761976480484,0.03352709114551544,0.03325888141989708,0.033230870962142944,0.033230870962142944,0.0333157479763031,0.03374268487095833,0.03343844786286354,0.033521223813295364,0.03326055780053139,0.03347281739115715,0.033230870962142944,0.03351946920156479,0.03335835039615631,0.033230870962142944,0.033495403826236725
2023-06-16,0.03324059024453163,0.03324059024453163,0.03328721597790718,0.03324059024453163,0.03338867798447609,0.03324059024453163,0.03324059024453163,0.03332309424877167,0.03332707658410072,0.03324059024453163,0.03324059024453163,0.03324059024453163,0.03324059024453163,0.03324059024453163,0.03361671045422554,0.03355039656162262,0.03324059024453163,0.03324059024453163,0.03324059024453163,0.03324059024453163,0.03380458056926727,0.03324059024453163,0.03338446468114853,0.03324059024453163,0.033604033291339874,0.033360064029693604,0.03339439257979393,0.03338441997766495,0.03324059024453163,0.033484846353530884
2023-06-17,0.03323598578572273,0.03323598578572273,0.033282119780778885,0.03323598578572273,0.03335845470428467,0.03323598578572273,0.033274076879024506,0.03329707682132721,0.03335714340209961,0.03323598578572273,0.03323598578572273,0.03323598578572273,0.03323598578572273,0.03323598578572273,0.03371958062052727,0.033517055213451385,0.03323598578572273,0.03323598578572273,0.03329000249505043,0.03323598578572273,0.0337648019194603,0.03323598578572273,0.033446889370679855,0.03323598578572273,0.03358840197324753,0.03323998674750328,0.03333834931254387,0.03347604349255562,0.03323598578572273,0.03351016715168953
2023-06-18,0.03323594108223915,0.03323594108223915,0.03328293189406395,0.03323594108223915,0.033361319452524185,0.03323594108223915,0.03326645866036415,0.03329459950327873,0.03335380554199219,0.03323594108223915,0.03323594108223915,0.03323594108223915,0.03323594108223915,0.03323594108223915,0.03370996192097664,0.033522214740514755,0.03323594108223915,0.03323594108223915,0.033276382833719254,0.03323594108223915,0.033771686255931854,0.03323594108223915,0.033448636531829834,0.03323594108223915,0.033592090010643005,0.033255208283662796,0.03334406018257141,0.03347265347838402,0.03323594108223915,0.03350883349776268
2023-06-19,0.033239997923374176,0.033239997923374176,0.03330221027135849,0.033239997923374176,0.03333110362291336,0.033239997923374176,0.03332486003637314,0.03326696157455444,0.03332853689789772,0.033239997923374176,0.033239997923374176,0.033239997923374176,0.033239997923374176,0.033239997923374176,0.03358995541930199,0.033500075340270996,0.033239997923374176,0.033239997923374176,0.033239997923374176,0.033239997923374176,0.033831432461738586,0.03327377885580063,0.0334259457886219,0.033239997923374176,0.03357855975627899,0.03329674154520035,0.03344312310218811,0.03338310867547989,0.03326397389173508,0.033499643206596375
2023-06-20,0.03324012830853462,0.03324012830853462,0.03330089896917343,0.03324012830853462,0.033308617770671844,0.03324012830853462,0.03335561603307724,0.0332506000995636,0.03332958742976189,0.03324012830853462,0.03324012830853462,0.03324012830853462,0.03324012830853462,0.03324012830853462,0.033573396503925323,0.03348080441355705,0.03324012830853462,0.03324012830853462,0.03324012830853462,0.03324012830853462,0.03383206948637962,0.03329910710453987,0.03343413025140762,0.03324012830853462,0.033563077449798584,0.03327244892716408,0.033468808978796005,0.03337864950299263,0.033285144716501236,0.03350522741675377
2023-06-21,0.033238280564546585,0.033238280564546585,0.0333196185529232,0.033238280564546585,0.03324015811085701,0.033238280564546585,0.03333446383476257,0.03325493261218071,0.033355556428432465,0.033238280564546585,0.033238280564546585,0.033238280564546585,0.033238280564546585,0.033238280564546585,0.033475540578365326,0.03351899981498718,0.033238280564546585,0.033238280564546585,0.033238280564546585,0.033238280564546585,0.03380971774458885,0.03333212062716484,0.03349599614739418,0.033238280564546585,0.03352195769548416,0.033238280564546585,0.033515069633722305,0.03347458690404892,0.033238280564546585,0.03353876993060112
2023-06-22,0.033238328993320465,0.033238328993320465,0.0333201102912426,0.033238328993320465,0.03324088454246521,0.033238328993320465,0.03333376720547676,0.03325488418340683,0.03335600718855858,0.033238328993320465,0.033238328993320465,0.033238328993320465,0.033238328993320465,0.033238328993320465,0.033474281430244446,0.033519212156534195,0.033238328993320465,0.033238328993320465,0.033238328993320465,0.033238328993320465,0.033808786422014236,0.03333178535103798,0.03349566459655762,0.033238328993320465,0.033522024750709534,0.033238328993320465,0.03351622819900513,0.033475372940301895,0.033238328993320465,0.03353782743215561
2023-06-23,0.03324009105563164,0.03324009105563164,0.03339830040931702,0.03324009105563164,0.03327912837266922,0.03324009105563164,0.033342450857162476,0.03328524902462959,0.033321358263492584,0.03324009105563164,0.03324009105563164,0.03324009105563164,0.03324009105563164,0.03324009105563164,0.03334621712565422,0.033524539321660995,0.03324009105563164,0.03324009105563164,0.033254168927669525,0.03324009105563164,0.03376036137342453,0.033406127244234085,0.033391132950782776,0.033287566155195236,0.03340005874633789,0.03324009105563164,0.033645015209913254,0.0335044339299202,0.03324009105563164,0.033492617309093475
2023-06-24,0.03324908763170242,0.03325638547539711,0.03338238224387169,0.03324908763170242,0.033285778015851974,0.03324908763170242,0.033324234187603,0.03325797617435455,0.03326159343123436,0.03324908763170242,0.03324908763170242,0.03324908763170242,0.03324908763170242,0.03324908763170242,0.03333130106329918,0.03346151486039162,0.03324908763170242,0.03324908763170242,0.033297520130872726,0.03324908763170242,0.03368242084980011,0.033434852957725525,0.033472321927547455,0.033393494784832,0.03339477628469467,0.03324908763170242,0.03358728438615799,0.033443696796894073,0.03327927365899086,0.033464137464761734
2023-06-25,0.033248208463191986,0.03325321152806282,0.0333881638944149,0.033248208463191986,0.03327367082238197,0.033248208463191986,0.033307064324617386,0.03328653797507286,0.03328902646899223,0.033248208463191986,0.033248208463191986,0.033248208463191986,0.033248208463191986,0.033248208463191986,0.03334205970168114,0.03347044065594673,0.033248208463191986,0.033248208463191986,0.03328458592295647,0.033248208463191986,0.033705100417137146,0.03340579941868782,0.0334412157535553,0.03337610140442848,0.033405277878046036,0.033248208463191986,0.0336160808801651,0.033451471477746964,0.033273179084062576,0.033452555537223816
2023-06-26,0.03324442729353905,0.03324442729353905,0.03339437022805214,0.03324442729353905,0.033263932913541794,0.03324442729353905,0.03330710902810097,0.033311545848846436,0.03331049904227257,0.03324442729353905,0.03324442729353905,0.03324442729353905,0.03324442729353905,0.03324442729353905,0.03334450721740723,0.03349205479025841,0.03324442729353905,0.03324442729353905,0.033266372978687286,0.03324442729353905,0.03374061360955238,0.03339288383722305,0.03340265899896622,0.03333656117320061,0.03342008963227272,0.03324442729353905,0.03364934027194977,0.03348744660615921,0.03324442729353905,0.03345799073576927
2023-06-27,0.03324732929468155,0.03324732929468155,0.0334327295422554,0.03324732929468155,0.03324732929468155,0.03324732929468155,0.03325115889310837,0.033304017037153244,0.03324732929468155,0.03324732929468155,0.03324732929468155,0.03324732929468155,0.03324732929468155,0.03324732929468155,0.033413421362638474,0.033490199595689774,0.03324732929468155,0.03324732929468155,0.03325539454817772,0.033268582075834274,0.0336555652320385,0.03327473625540733,0.033443208783864975,0.03334584832191467,0.033486489206552505,0.03324732929468155,0.03374398499727249,0.033529747277498245,0.03324732929468155,0.03339493274688721
2023-06-28,0.03323744237422943,0.03323744237422943,0.03335927054286003,0.03324348106980324,0.0333499014377594,0.03323744237422943,0.03323744237422943,0.033241186290979385,0.033324889838695526,0.03323744237422943,0.03323744237422943,0.03323744237422943,0.033260222524404526,0.03323744237422943,0.03336631879210472,0.03348417580127716,0.03323744237422943,0.03323744237422943,0.03323744237422943,0.03332798555493355,0.03363198786973953,0.0334390327334404,0.033497679978609085,0.033354975283145905,0.03339749202132225,0.03323744237422943,0.03375747427344322,0.03349285200238228,0.03323744237422943,0.03338431939482689
2023-06-29,0.03322609141469002,0.033217765390872955,0.03333478793501854,0.033275503665208817,0.033363718539476395,0.033217765390872955,0.033217765390872955,0.033217765390872955,0.033362068235874176,0.033217765390872955,0.033217765390872955,0.033217765390872955,0.03346007689833641,0.033217765390872955,0.03353429213166237,0.03354611620306969,0.033217765390872955,0.03322208672761917,0.033217765390872955,0.033375389873981476,0.033771347254514694,0.033354252576828,0.03351486846804619,0.033217765390872955,0.03351449966430664,0.033217765390872955,0.033575188368558884,0.0333336740732193,0.033217765390872955,0.03340519592165947
2023-06-30,0.03322950750589371,0.033211931586265564,0.03321753442287445,0.033211931586265564,0.03331936523318291,0.033211931586265564,0.033275261521339417,0.03322508558630943,0.0334160178899765,0.033211931586265564,0.033211931586265564,0.033211931586265564,0.033401042222976685,0.033211931586265564,0.033534787595272064,0.033505771309137344,0.033211931586265564,0.033211931586265564,0.033211931586265564,0.033424243330955505,0.03386490046977997,0.03344188258051872,0.03352033346891403,0.033211931586265564,0.03349243476986885,0.03325922414660454,0.033619195222854614,0.033227790147066116,0.033211931586265564,0.03348246216773987
2023-07-01,0.03343237191438675,0.03321722522377968,0.03321722522377968,0.03321722522377968,0.03321722522377968,0.03321722522377968,0.03330862522125244,0.03354601934552193,0.03321722522377968,0.03321722522377968,0.0333048552274704,0.03321722522377968,0.03323820233345032,0.03321722522377968,0.033299077302217484,0.03358214348554611,0.03323908522725105,0.033221933990716934,0.03321722522377968,0.03326928988099098,0.03388368338346481,0.03352145850658417,0.033441200852394104,0.03321722522377968,0.03348629176616669,0.03321722522377968,0.03344559296965599,0.03336867317557335,0.033375613391399384,0.03342919424176216
2023-07-02,0.033404722809791565,0.033219996839761734,0.033219996839761734,0.033219996839761734,0.033219996839761734,0.033219996839761734,0.03333142399787903,0.03352877125144005,0.033219996839761734,0.033219996839761734,0.03328815847635269,0.033219996839761734,0.03324855491518974,0.033219996839761734,0.03332444280385971,0.033601004630327225,0.03323564678430557,0.03322048857808113,0.033219996839761734,0.033271949738264084,0.03389349579811096,0.033519718796014786,0.03343833610415459,0.033219996839761734,0.03347752243280411,0.033219996839761734,0.0334341824054718,0.03332038223743439,0.033362969756126404,0.03345832973718643
2023-07-03,0.033266689628362656,0.033230140805244446,0.03330933302640915,0.033230140805244446,0.033230140805244446,0.033230140805244446,0.03338133171200752,0.03338003158569336,0.03328276053071022,0.033230140805244446,0.033230140805244446,0.033230140805244446,0.03326645493507385,0.033230140805244446,0.033398304134607315,0.0335986390709877,0.03325020149350166,0.033230140805244446,0.033230140805244446,0.03327818959951401,0.03399723023176193,0.03351040929555893,0.0333944708108902,0.03325530141592026,0.0334559828042984,0.033230140805244446,0.03345886990427971,0.033230140805244446,0.033233754336833954,0.03352031484246254
2023-07-04,0.03323647007346153,0.03323647007346153,0.03330179303884506,0.03323647007346153,0.03326449170708656,0.03323647007346153,0.03333696350455284,0.03328477218747139,0.03334386646747589,0.03323647007346153,0.03323647007346153,0.03323647007346153,0.03323647007346153,0.03323647007346153,0.03348878026008606,0.033611197024583817,0.033263202756643295,0.03323647007346153,0.03323647007346153,0.03326340392231941,0.033921610563993454,0.03333878517150879,0.03353079780936241,0.03323647007346153,0.03351730853319168,0.03323647007346153,0.03341288864612579,0.03326145559549332,0.033279016613960266,0.033505599945783615
2023-07-05,0.03323647007346153,0.03323647007346153,0.03330179303884506,0.03323647007346153,0.03326449170708656,0.03323647007346153,0.03333696350455284,0.03328477218747139,0.03334386646747589,0.03323647007346153,0.03323647007346153,0.03323647007346153,0.03323647007346153,0.03323647007346153,0.03348878026008606,0.033611197024583817,0.033263202756643295,0.03323647007346153,0.03323647007346153,0.03326340392231941,0.033921610563993454,0.03333878517150879,0.03353079780936241,0.03323647007346153,0.03351730853319168,0.03323647007346153,0.03341288864612579,0.03326145559549332,0.033279016613960266,0.033505599945783615
2023-07-06,0.03321893885731697,0.03321893885731697,0.03325570374727249,0.03321893885731697,0.033354561775922775,0.03321893885731697,0.03340194374322891,0.03321893885731697,0.033384401351213455,0.03321893885731697,0.03321893885731697,0.03321893885731697,0.03321893885731697,0.03321893885731697,0.03359591215848923,0.03351956978440285,0.03321893885731697,0.03321893885731697,0.03321893885731697,0.03325861319899559,0.03397146612405777,0.03333544731140137,0.03335435688495636,0.03321893885731697,0.033489786088466644,0.033243827521800995,0.03350162133574486,0.0333080030977726,0.03338025137782097,0.03357935696840286
2023-07-07,0.03323989734053612,0.03323989734053612,0.03323989734053612,0.03330104425549507,0.03345834091305733,0.03323989734053612,0.03324275091290474,0.03323989734053612,0.03323989734053612,0.03323989734053612,0.03323989734053612,0.03323989734053612,0.03323989734053612,0.03323989734053612,0.03372407332062721,0.033739201724529266,0.03323989734053612,0.03323989734053612,0.03323989734053612,0.03344469517469406,0.033540353178977966,0.03323989734053612,0.03346996009349823,0.03323989734053612,0.03323989734053612,0.03323989734053612,0.03337491676211357,0.033439818769693375,0.033482592552900314,0.033463988453149796
2023-07-08,0.03323718160390854,0.03324475139379501,0.033281225711107254,0.033297475427389145,0.03323718160390854,0.03323718160390854,0.03329657018184662,0.03323718160390854,0.03323718160390854,0.03323718160390854,0.03323718160390854,0.03323718160390854,0.033389072865247726,0.03323718160390854,0.03371826931834221,0.033768944442272186,0.03323718160390854,0.03323718160390854,0.03329852595925331,0.033371977508068085,0.03370530903339386,0.03323718160390854,0.03345653787255287,0.03323718160390854,0.033356405794620514,0.03323718160390854,0.03345364332199097,0.03335411101579666,0.03333846479654312,0.033348165452480316
2023-07-09,0.03323785588145256,0.03323785588145256,0.03327317535877228,0.03329182416200638,0.03323785588145256,0.03323785588145256,0.033310435712337494,0.03323785588145256,0.03323785588145256,0.03323785588145256,0.03323785588145256,0.03323785588145256,0.03338269144296646,0.03323785588145256,0.0336763896048069,0.03377549350261688,0.03323785588145256,0.03323785588145256,0.03331425040960312,0.03333595395088196,0.03372988477349281,0.03326532989740372,0.033462315797805786,0.03323785588145256,0.03334013745188713,0.03323785588145256,0.033452242612838745,0.03333256021142006,0.03334188461303711,0.033385470509529114
2023-07-10,0.033240072429180145,0.033240072429180145,0.033241596072912216,0.03326138108968735,0.033240072429180145,0.033240072429180145,0.0333251878619194,0.033240072429180145,0.033248089253902435,0.033240072429180145,0.033240072429180145,0.033240072429180145,0.03336695581674576,0.033240072429180145,0.03362854942679405,0.033774483948946,0.033240072429180145,0.03327116742730141,0.033329371362924576,0.0332515649497509,0.03376276046037674,0.03333001956343651,0.033475350588560104,0.033240072429180145,0.03331964835524559,0.033240072429180145,0.03342876210808754,0.03332015872001648,0.03333170339465141,0.03345244377851486
2023-07-11,0.03323023393750191,0.03323023393750191,0.033314041793346405,0.033247243613004684,0.03323023393750191,0.03323023393750191,0.03323023393750191,0.03323023393750191,0.03323023393750191,0.03323023393750191,0.03323023393750191,0.03323023393750191,0.03340554237365723,0.03323023393750191,0.03372558206319809,0.03375665843486786,0.03323023393750191,0.033256400376558304,0.03327874466776848,0.03340534493327141,0.03378286957740784,0.03323023393750191,0.033403441309928894,0.03323023393750191,0.033343397080898285,0.03323023393750191,0.03354217857122421,0.03341243788599968,0.033283982425928116,0.033388618379831314
2023-07-12,0.03324910253286362,0.03324910253286362,0.03324910253286362,0.03324910253286362,0.03324910253286362,0.03324910253286362,0.033564966171979904,0.03324910253286362,0.03324910253286362,0.03324910253286362,0.03324910253286362,0.03324910253286362,0.03324910253286362,0.03324910253286362,0.03358745947480202,0.033465735614299774,0.03324910253286362,0.03324910253286362,0.03324910253286362,0.03324910253286362,0.03360354155302048,0.033382635563611984,0.03338867053389549,0.03325410187244415,0.03349241614341736,0.03324910253286362,0.033537786453962326,0.03334401920437813,0.03324910253286362,0.033645667135715485
2023-07-13,0.033245258033275604,0.033245258033275604,0.033245258033275604,0.033245258033275604,0.033245258033275604,0.033245258033275604,0.033338017761707306,0.03328617662191391,0.03333257883787155,0.033245258033275604,0.033245258033275604,0.033245258033275604,0.033245258033275604,0.033245258033275604,0.03354332223534584,0.0334097258746624,0.03326434642076492,0.033245258033275604,0.033245258033275604,0.033245258033275604,0.03367563709616661,0.033332593739032745,0.03326559066772461,0.033245258033275604,0.03346030041575432,0.03333527222275734,0.03360644727945328,0.03351561352610588,0.033245258033275604,0.03371019288897514
2023-07-14,0.03324337676167488,0.03324337676167488,0.03324337676167488,0.03324337676167488,0.03324337676167488,0.03324337676167488,0.033268239349126816,0.03329947218298912,0.033356793224811554,0.03324337676167488,0.03324337676167488,0.03324337676167488,0.03324337676167488,0.03324337676167488,0.033537857234478,0.033407073467969894,0.033252086490392685,0.03324337676167488,0.03324337676167488,0.03324337676167488,0.033674612641334534,0.03339200094342232,0.033268336206674576,0.03324337676167488,0.033455051481723785,0.03329702839255333,0.033604711294174194,0.03356792405247688,0.03324337676167488,0.03372473269701004
2023-07-15,0.03331055864691734,0.033228542655706406,0.03325527906417847,0.033228542655706406,0.033228542655706406,0.033228542655706406,0.03348207846283913,0.03352963179349899,0.03325912356376648,0.033228542655706406,0.03331403434276581,0.033228542655706406,0.033228542655706406,0.033228542655706406,0.033432044088840485,0.03339233994483948,0.033391889184713364,0.033228542655706406,0.033228542655706406,0.033242739737033844,0.03380195051431656,0.033427946269512177,0.033320266753435135,0.03332427889108658,0.03342793136835098,0.03326943889260292,0.033409666270017624,0.033426884561777115,0.033228542655706406,0.03346794471144676
2023-07-16,0.03331230953335762,0.03322852402925491,0.03325500711798668,0.03322852402925491,0.03322852402925491,0.03322852402925491,0.033480264246463776,0.033530402928590775,0.03326006606221199,0.03322852402925491,0.033313218504190445,0.03322852402925491,0.03322852402925491,0.03322852402925491,0.033430974930524826,0.033391136676073074,0.03339184448122978,0.03322852402925491,0.03322852402925491,0.03324334695935249,0.033800773322582245,0.03342978283762932,0.0333208367228508,0.033323511481285095,0.03342752158641815,0.033269304782152176,0.033410437405109406,0.03342806175351143,0.03322852402925491,0.033467452973127365
2023-07-17,0.033420488238334656,0.03323686495423317,0.033326420933008194,0.03323686495423317,0.033337369561195374,0.03323686495423317,0.03329182043671608,0.03351147472858429,0.03330795839428902,0.03323686495423317,0.03323686495423317,0.03323686495423317,0.03323686495423317,0.03323686495423317,0.033368855714797974,0.03336625173687935,0.03344155102968216,0.03323686495423317,0.03323686495423317,0.03326163440942764,0.03368839621543884,0.033546965569257736,0.03331853821873665,0.03323686495423317,0.033432334661483765,0.0332401841878891,0.03344357758760452,0.03350219875574112,0.03323686495423317,0.03335166722536087
2023-07-18,0.03343791514635086,0.03325526788830757,0.03325526788830757,0.03336362913250923,0.03338927403092384,0.03325526788830757,0.03325526788830757,0.03339087963104248,0.03335973620414734,0.03325526788830757,0.03325526788830757,0.03325526788830757,0.03325526788830757,0.03325526788830757,0.03355831652879715,0.03348155319690704,0.03325526788830757,0.03325526788830757,0.03325526788830757,0.03325526788830757,0.03356635197997093,0.03341975808143616,0.0333518348634243,0.03325526788830757,0.03325526788830757,0.03325526788830757,0.03337884321808815,0.0336003303527832,0.03325526788830757,0.03336205333471298
2023-07-19,0.03339768946170807,0.03322884440422058,0.03322884440422058,0.03331030160188675,0.03351721912622452,0.03322884440422058,0.03322884440422058,0.03336533159017563,0.0334097295999527,0.03322884440422058,0.03322884440422058,0.03322884440422058,0.03322884440422058,0.03322884440422058,0.03350197523832321,0.03352699428796768,0.03322884440422058,0.03322884440422058,0.03322884440422058,0.03339969366788864,0.033631499856710434,0.03341573849320412,0.033406034111976624,0.03322884440422058,0.03322884440422058,0.03333554416894913,0.03340400010347366,0.033584803342819214,0.03322884440422058,0.03336075693368912
2023-07-20,0.03333842009305954,0.033245690166950226,0.03327697515487671,0.03324875980615616,0.033376991748809814,0.033245690166950226,0.033245690166950226,0.03327026218175888,0.03326507657766342,0.033245690166950226,0.033245690166950226,0.033245690166950226,0.033245690166950226,0.033245690166950226,0.03355025872588158,0.03363446518778801,0.033245690166950226,0.033245690166950226,0.033245690166950226,0.03333982080221176,0.033684492111206055,0.033245690166950226,0.03344862163066864,0.033245690166950226,0.033245690166950226,0.03335590288043022,0.033352505415678024,0.03362760320305824,0.03337075933814049,0.03341943770647049
2023-07-21,0.033336710184812546,0.03323047608137131,0.033434487879276276,0.03323047608137131,0.03341354802250862,0.03323047608137131,0.03332888334989548,0.03330105543136597,0.03333839774131775,0.03323047608137131,0.03323047608137131,0.03323047608137131,0.03323047608137131,0.03323047608137131,0.03352406993508339,0.03346997871994972,0.03323047608137131,0.03323047608137131,0.03324319049715996,0.033248357474803925,0.033639609813690186,0.03325291723012924,0.03350863605737686,0.03325833007693291,0.03332427889108658,0.033430539071559906,0.03335774689912796,0.033582903444767,0.03323047608137131,0.03347122669219971
2023-07-22,0.03332612290978432,0.033222366124391556,0.03326217830181122,0.033222366124391556,0.03344085440039635,0.033222366124391556,0.03325346112251282,0.0332338772714138,0.03335275873541832,0.033222366124391556,0.033222366124391556,0.033222366124391556,0.033222366124391556,0.033222366124391556,0.03373438119888306,0.033379457890987396,0.033222366124391556,0.033222366124391556,0.033222366124391556,0.033222366124391556,0.033806417137384415,0.033275753259658813,0.033424850553274155,0.033222366124391556,0.033425383269786835,0.03334213048219681,0.033411990851163864,0.03362299129366875,0.03338772803544998,0.03342888131737709
2023-07-23,0.03326627239584923,0.03322150185704231,0.03322150185704231,0.03322150185704231,0.03340694680809975,0.03322150185704231,0.033303890377283096,0.03322848305106163,0.033311765640974045,0.03322150185704231,0.03322150185704231,0.03322150185704231,0.03322150185704231,0.03322150185704231,0.03366862237453461,0.033402781933546066,0.03322150185704231,0.03322150185704231,0.03322150185704231,0.03322150185704231,0.03378262370824814,0.03332417085766792,0.03344596177339554,0.03322150185704231,0.03341842070221901,0.033310260623693466,0.033466581255197525,0.03368697315454483,0.033348459750413895,0.03352672606706619
2023-07-24,0.03322090581059456,0.03322090581059456,0.03322090581059456,0.03322090581059456,0.033413149416446686,0.03322090581059456,0.0333327054977417,0.03323443979024887,0.03330210968852043,0.03322090581059456,0.03322090581059456,0.03322090581059456,0.03322090581059456,0.03322090581059456,0.03365594893693924,0.03342808037996292,0.03322090581059456,0.03322090581059456,0.03322090581059456,0.03322090581059456,0.033760540187358856,0.033329568803310394,0.03341427072882652,0.03322090581059456,0.03340413421392441,0.033337272703647614,0.03345736116170883,0.03373640775680542,0.033299561589956284,0.03358090668916702
2023-07-25,0.033219803124666214,0.033219803124666214,0.033227596431970596,0.03329509124159813,0.03335323929786682,0.033219803124666214,0.033219803124666214,0.03324282169342041,0.033219803124666214,0.033219803124666214,0.033219803124666214,0.033219803124666214,0.033219803124666214,0.033219803124666214,0.03362626954913139,0.03347054123878479,0.033219803124666214,0.033219803124666214,0.033219803124666214,0.03330595791339874,0.033620353788137436,0.03328008949756622,0.03347509726881981,0.033219803124666214,0.03341257572174072,0.033328600227832794,0.033531852066516876,0.0338517390191555,0.03337083011865616,0.03353015333414078
2023-07-26,0.03323845565319061,0.03323845565319061,0.03331166133284569,0.03323845565319061,0.033302631229162216,0.03323845565319061,0.03336741775274277,0.03323845565319061,0.03334713727235794,0.03323845565319061,0.03323845565319061,0.03323845565319061,0.03323845565319061,0.03323845565319061,0.03365784138441086,0.03342478349804878,0.03323845565319061,0.03323845565319061,0.03323845565319061,0.03323845565319061,0.033764179795980453,0.033299174159765244,0.03350001201033592,0.03323845565319061,0.03353750705718994,0.03323845565319061,0.03341655060648918,0.033485930413007736,0.03323845565319061,0.033531345427036285
2023-07-27,0.03323798626661301,0.03323798626661301,0.03323798626661301,0.03323798626661301,0.03334996476769447,0.03323798626661301,0.033620450645685196,0.03323798626661301,0.03323798626661301,0.03323798626661301,0.03323798626661301,0.03323798626661301,0.03323798626661301,0.03323798626661301,0.033763136714696884,0.03335480019450188,0.0332631878554821,0.03323798626661301,0.03329087421298027,0.03323798626661301,0.03341173380613327,0.03323798626661301,0.0333717055618763,0.03323798626661301,0.03339981287717819,0.03335198760032654,0.03362881764769554,0.033519450575113297,0.033276479691267014,0.03358980268239975
2023-07-28,0.033242322504520416,0.033242322504520416,0.033242322504520416,0.033242322504520416,0.03331329673528671,0.033242322504520416,0.033753812313079834,0.033242322504520416,0.033242322504520416,0.033242322504520416,0.033242322504520416,0.033242322504520416,0.033242322504520416,0.033242322504520416,0.03369296342134476,0.033560141921043396,0.033298309892416,0.033242322504520416,0.033376142382621765,0.033242322504520416,0.03343944251537323,0.033309146761894226,0.033506281673908234,0.033263981342315674,0.03346379101276398,0.033242322504520416,0.033450059592723846,0.03325597941875458,0.033263470977544785,0.03341834247112274
2023-07-29,0.03321605175733566,0.03321605175733566,0.03321605175733566,0.033231113106012344,0.033546753227710724,0.03321605175733566,0.03357240930199623,0.03321605175733566,0.03360289707779884,0.03321605175733566,0.03321605175733566,0.03321605175733566,0.03321605175733566,0.03321605175733566,0.0335707925260067,0.033476922661066055,0.03321605175733566,0.033299900591373444,0.0333826020359993,0.03321605175733566,0.03353869915008545,0.033537399023771286,0.033495716750621796,0.033261265605688095,0.03323548287153244,0.03339143097400665,0.03328663855791092,0.03333698958158493,0.03321605175733566,0.03342427685856819
2023-07-30,0.03321927413344383,0.03321927413344383,0.03327343240380287,0.03321927413344383,0.03342226520180702,0.033243197947740555,0.03351364657282829,0.03321927413344383,0.03339766338467598,0.03321927413344383,0.03321927413344383,0.03321927413344383,0.03321927413344383,0.03321927413344383,0.03352022171020508,0.03363420069217682,0.03321927413344383,0.03329551964998245,0.03321927413344383,0.033326685428619385,0.03371775522828102,0.033506281673908234,0.033321499824523926,0.033251479268074036,0.033301595598459244,0.03340034931898117,0.03322054445743561,0.03327566757798195,0.03332093358039856,0.03364505618810654
2023-07-31,0.033219266682863235,0.033219266682863235,0.033273570239543915,0.033219266682863235,0.033421870321035385,0.03324323147535324,0.03351380676031113,0.033219266682863235,0.033397115767002106,0.033219266682863235,0.033219266682863235,0.033219266682863235,0.033219266682863235,0.033219266682863235,0.03352048620581627,0.033634480088949203,0.033219266682863235,0.033295638859272,0.033219266682863235,0.03332659229636192,0.033717792481184006,0.03350590541958809,0.03332110866904259,0.03325149416923523,0.0333017073571682,0.03340031951665878,0.03322037681937218,0.03327568620443344,0.03332165256142616,0.03364519029855728
2023-08-01,0.03324965387582779,0.03324965387582779,0.03336397930979729,0.03324965387582779,0.033375225961208344,0.03324965387582779,0.033260446041822433,0.03324965387582779,0.03333774581551552,0.03324965387582779,0.03324965387582779,0.03324965387582779,0.03324965387582779,0.03324965387582779,0.03339903801679611,0.033662475645542145,0.033255044370889664,0.03324965387582779,0.03324965387582779,0.03324965387582779,0.033682454377412796,0.03324965387582779,0.03358042240142822,0.03324965387582779,0.03346353396773338,0.03324965387582779,0.033452242612838745,0.033389899879693985,0.03324965387582779,0.03353344649076462
2023-08-02,0.033254239708185196,0.033254239708185196,0.033386461436748505,0.033254239708185196,0.03351718559861183,0.033254239708185196,0.03345555067062378,0.033254239708185196,0.03331933543086052,0.033254239708185196,0.033254239708185196,0.033254239708185196,0.033254239708185196,0.033254239708185196,0.03342705965042114,0.03360883891582489,0.033254239708185196,0.03326544538140297,0.03329659625887871,0.03331049904227257,0.033625517040491104,0.033257827162742615,0.03343694284558296,0.033254239708185196,0.03339776396751404,0.033283427357673645,0.03330838307738304,0.03327883780002594,0.033254239708185196,0.033519208431243896
2023-08-03,0.03323632851243019,0.03323632851243019,0.03338310867547989,0.03323632851243019,0.03351292014122009,0.033263787627220154,0.03346043825149536,0.03323632851243019,0.03332376852631569,0.03323632851243019,0.03323632851243019,0.03323632851243019,0.03323632851243019,0.03323632851243019,0.03356686234474182,0.033561717718839645,0.03323632851243019,0.033399466425180435,0.03331219404935837,0.03337552398443222,0.03375888243317604,0.03323955833911896,0.03330321982502937,0.03323632851243019,0.03340623155236244,0.03331539407372475,0.033284347504377365,0.03323632851243019,0.033247217535972595,0.03344930708408356
2023-08-04,0.033236872404813766,0.033236872404813766,0.03343712538480759,0.033236872404813766,0.03346796706318855,0.033236872404813766,0.03342222049832344,0.033236872404813766,0.033236872404813766,0.033236872404813766,0.033236872404813766,0.033236872404813766,0.0333053357899189,0.033236872404813766,0.033642806112766266,0.03356389328837395,0.033236872404813766,0.0333675853908062,0.03330051898956299,0.0334901437163353,0.033696915954351425,0.033236872404813766,0.03330427408218384,0.033236872404813766,0.03342296928167343,0.03334416449069977,0.03332269936800003,0.03324561566114426,0.03325397148728371,0.03333239629864693
2023-08-05,0.03331346809864044,0.03323880955576897,0.033352602273225784,0.03323880955576897,0.03323880955576897,0.03323880955576897,0.03323880955576897,0.033384647220373154,0.03323880955576897,0.03323880955576897,0.03323880955576897,0.03323880955576897,0.03337117284536362,0.03323880955576897,0.03350423648953438,0.03358187898993492,0.03323880955576897,0.03323880955576897,0.03323880955576897,0.03327780216932297,0.033751942217350006,0.033340588212013245,0.03348277881741524,0.0333862341940403,0.03363790363073349,0.03325352072715759,0.03323880955576897,0.03349881246685982,0.03323880955576897,0.033280324190855026
2023-08-06,0.03335341066122055,0.0332321934401989,0.03339722752571106,0.0332321934401989,0.0332321934401989,0.0332321934401989,0.0332321934401989,0.033403199166059494,0.0332321934401989,0.0332321934401989,0.0332321934401989,0.0332321934401989,0.033336345106363297,0.0332321934401989,0.033480819314718246,0.033539749681949615,0.0332321934401989,0.033265627920627594,0.0332321934401989,0.03339862450957298,0.03378540650010109,0.0332321934401989,0.033438555896282196,0.033272817730903625,0.03362502530217171,0.033299967646598816,0.03335114195942879,0.03349782153964043,0.0332321934401989,0.03330344706773758
2023-08-07,0.03333665803074837,0.033233895897865295,0.03343562036752701,0.033233895897865295,0.033233895897865295,0.033233895897865295,0.033233895897865295,0.03340324014425278,0.033235933631658554,0.033233895897865295,0.033233895897865295,0.033233895897865295,0.03332196921110153,0.033233895897865295,0.03347396105527878,0.033530205488204956,0.033233895897865295,0.03329472988843918,0.033233895897865295,0.03342928737401962,0.033737946301698685,0.03323516622185707,0.03340202942490578,0.033233895897865295,0.03361009061336517,0.033274486660957336,0.033477235585451126,0.03345943242311478,0.033233895897865295,0.033301353454589844
2023-08-08,0.03329861909151077,0.03323549032211304,0.03340740129351616,0.03323549032211304,0.03330715745687485,0.03323549032211304,0.03323549032211304,0.03335659205913544,0.03323549032211304,0.03323549032211304,0.03323549032211304,0.03323549032211304,0.03323549032211304,0.03323549032211304,0.033443935215473175,0.03352879732847214,0.03323549032211304,0.033342231065034866,0.03323549032211304,0.03347461298108101,0.033700019121170044,0.03323549032211304,0.03344244137406349,0.03324223309755325,0.0335233099758625,0.033371470868587494,0.03346068039536476,0.033508673310279846,0.03325750306248665,0.033273112028837204
2023-08-09,0.033237677067518234,0.033237677067518234,0.033413905650377274,0.033237677067518234,0.033357586711645126,0.033237677067518234,0.03339420631527901,0.033286985009908676,0.033403828740119934,0.033237677067518234,0.033237677067518234,0.033237677067518234,0.033237677067518234,0.033237677067518234,0.03354422003030777,0.033584725111722946,0.033237677067518234,0.03331265226006508,0.033237677067518234,0.03332919254899025,0.03386343643069267,0.033237677067518234,0.033349037170410156,0.033237677067518234,0.033510297536849976,0.033237677067518234,0.03334233909845352,0.03323916718363762,0.033280760049819946,0.03346017375588417
2023-08-10,0.03322499990463257,0.03322499990463257,0.03339693322777748,0.03322499990463257,0.03345407173037529,0.03324826806783676,0.033379796892404556,0.03322499990463257,0.033415332436561584,0.03322499990463257,0.03322499990463257,0.03322499990463257,0.03322499990463257,0.03322499990463257,0.03359316289424896,0.0335596464574337,0.03322499990463257,0.03336913511157036,0.03322499990463257,0.033355336636304855,0.03392135351896286,0.03323837369680405,0.03324497491121292,0.03322499990463257,0.03345595672726631,0.03322499990463257,0.03334232047200203,0.03324726223945618,0.03335133567452431,0.0335017591714859
2023-08-11,0.03326861932873726,0.03326861932873726,0.033297229558229446,0.03326861932873726,0.03327642008662224,0.03326861932873726,0.03337477147579193,0.033296264708042145,0.0333283394575119,0.03326861932873726,0.03326861932873726,0.03326861932873726,0.03326861932873726,0.03326861932873726,0.03341827914118767,0.03360747545957565,0.03326861932873726,0.03326861932873726,0.03326861932873726,0.033303793519735336,0.033977776765823364,0.03326861932873726,0.033452097326517105,0.0333118736743927,0.03332275152206421,0.03326861932873726,0.03326861932873726,0.033293187618255615,0.03326861932873726,0.03344185650348663
2023-08-12,0.03323020786046982,0.03323020786046982,0.03342396393418312,0.03323020786046982,0.03336275741457939,0.03323020786046982,0.0334714837372303,0.03323020786046982,0.03323020786046982,0.03323020786046982,0.03323020786046982,0.03323020786046982,0.03323020786046982,0.03323020786046982,0.0334881991147995,0.03360193595290184,0.03323020786046982,0.03334230184555054,0.033255450427532196,0.03323020786046982,0.033868059515953064,0.033405717462301254,0.033411525189876556,0.03323020786046982,0.03354579210281372,0.03323020786046982,0.03337724879384041,0.03323020786046982,0.03327833488583565,0.03348392993211746
2023-08-13,0.03323020040988922,0.03323020040988922,0.03342398256063461,0.03323020040988922,0.033362776041030884,0.03323020040988922,0.033471494913101196,0.03323020040988922,0.03323020040988922,0.03323020040988922,0.03323020040988922,0.03323020040988922,0.03323020040988922,0.03323020040988922,0.03348822891712189,0.03360193222761154,0.03323020040988922,0.03334232419729233,0.033255428075790405,0.03323020040988922,0.033868011087179184,0.03340569883584976,0.03341152146458626,0.03323020040988922,0.03354581445455551,0.03323020040988922,0.0333772711455822,0.03323020040988922,0.03327835351228714,0.03348391875624657
2023-08-14,0.03323020040988922,0.03323020040988922,0.03342398256063461,0.03323020040988922,0.033362776041030884,0.03323020040988922,0.033471494913101196,0.03323020040988922,0.03323020040988922,0.03323020040988922,0.03323020040988922,0.03323020040988922,0.03323020040988922,0.03323020040988922,0.03348822891712189,0.03360193222761154,0.03323020040988922,0.03334232419729233,0.033255428075790405,0.03323020040988922,0.033868011087179184,0.03340569883584976,0.03341152146458626,0.03323020040988922,0.03354581445455551,0.03323020040988922,0.0333772711455822,0.03323020040988922,0.03327835351228714,0.03348391875624657
2023-08-15,0.03322345390915871,0.03322345390915871,0.03335319459438324,0.03322345390915871,0.03327815234661102,0.03322345390915871,0.03358759731054306,0.03322345390915871,0.03322598710656166,0.03322345390915871,0.03322345390915871,0.03322345390915871,0.03322345390915871,0.03322345390915871,0.03348648175597191,0.03357214108109474,0.03322345390915871,0.033270251005887985,0.03322345390915871,0.03322345390915871,0.03397626802325249,0.033512625843286514,0.03343043476343155,0.03322345390915871,0.03347098082304001,0.03322345390915871,0.03343721479177475,0.03322345390915871,0.033259067684412,0.03356439620256424
2023-08-16,0.033227305859327316,0.033227305859327316,0.033380765467882156,0.033227305859327316,0.033282291144132614,0.03322999179363251,0.03364640846848488,0.033260613679885864,0.033227305859327316,0.033227305859327316,0.033227305859327316,0.033227305859327316,0.033227305859327316,0.033227305859327316,0.033490706235170364,0.033530961722135544,0.0332866832613945,0.033227305859327316,0.033227305859327316,0.03325790539383888,0.03380429372191429,0.03347078338265419,0.0334286205470562,0.033227305859327316,0.03349081054329872,0.033227305859327316,0.033404383808374405,0.033227305859327316,0.033262647688388824,0.03358973562717438
2023-08-17,0.03324000909924507,0.03324000909924507,0.033416733145713806,0.03324000909924507,0.03328018635511398,0.03334914147853851,0.033561527729034424,0.03324000909924507,0.03324000909924507,0.03324000909924507,0.03324000909924507,0.03324000909924507,0.03324000909924507,0.03324000909924507,0.033455267548561096,0.03360976651310921,0.03324000909924507,0.03324049711227417,0.03324000909924507,0.03324000909924507,0.03367765620350838,0.03346363082528114,0.03340237960219383,0.03324000909924507,0.03352116420865059,0.03324000909924507,0.03334355354309082,0.03331519663333893,0.03324000909924507,0.0335230827331543
2023-08-18,0.03321601450443268,0.03321601450443268,0.03343171626329422,0.03323887288570404,0.03327472507953644,0.03322482481598854,0.03370366245508194,0.03328115865588188,0.03321601450443268,0.03321601450443268,0.03321601450443268,0.03321601450443268,0.03321601450443268,0.03321601450443268,0.03341269493103027,0.033546917140483856,0.03321601450443268,0.03321601450443268,0.03321601450443268,0.03324934467673302,0.0338141992688179,0.03350357711315155,0.03337081894278526,0.03323977813124657,0.03345044329762459,0.03321601450443268,0.03353268280625343,0.03321601450443268,0.03334803134202957,0.03356834501028061
2023-08-19,0.033214107155799866,0.033214107155799866,0.033368069678545,0.033239103853702545,0.033214107155799866,0.033354759216308594,0.03369923681020737,0.03329785540699959,0.033214107155799866,0.033214107155799866,0.033214107155799866,0.033214107155799866,0.033214107155799866,0.033214107155799866,0.03341808542609215,0.033593710511922836,0.033214107155799866,0.033214107155799866,0.033214107155799866,0.033214107155799866,0.03378302603960037,0.03356018662452698,0.03337356075644493,0.03323090448975563,0.033410608768463135,0.033214107155799866,0.03350289538502693,0.03324199095368385,0.03332776948809624,0.03360070660710335
2023-08-20,0.03322171792387962,0.03322171792387962,0.033264387398958206,0.033338338136672974,0.03322171792387962,0.033327341079711914,0.033634256571531296,0.03327436372637749,0.03322171792387962,0.03322171792387962,0.03322171792387962,0.03322171792387962,0.03322171792387962,0.03322171792387962,0.033594075590372086,0.03369051218032837,0.03322171792387962,0.03322171792387962,0.03322171792387962,0.03322171792387962,0.033734701573848724,0.03351756930351257,0.03342816233634949,0.03322171792387962,0.03322171792387962,0.03322171792387962,0.03342433273792267,0.033358246088027954,0.03334977850317955,0.03351639583706856
2023-08-21,0.03322173282504082,0.03322173282504082,0.033264316618442535,0.03333844989538193,0.03322173282504082,0.033327315002679825,0.03363414108753204,0.0332743264734745,0.03322173282504082,0.03322173282504082,0.03322173282504082,0.03322173282504082,0.03322173282504082,0.03322173282504082,0.03359426558017731,0.03369063511490822,0.03322173282504082,0.03322173282504082,0.03322173282504082,0.03322173282504082,0.033734582364559174,0.033517442643642426,0.03342819586396217,0.03322173282504082,0.03322173282504082,0.03322173282504082,0.03342422842979431,0.03335841745138168,0.03334975615143776,0.03351625055074692
2023-08-22,0.03324665501713753,0.03324665501713753,0.03324665501713753,0.03333743289113045,0.03324665501713753,0.03324665501713753,0.033399179577827454,0.03324665501713753,0.03324665501713753,0.03324665501713753,0.03324665501713753,0.03324665501713753,0.03335810452699661,0.03324665501713753,0.03362327814102173,0.0337446853518486,0.03324665501713753,0.03324665501713753,0.03324665501713753,0.033276356756687164,0.03369656950235367,0.03329935669898987,0.03341183066368103,0.03324665501713753,0.033331286162137985,0.03324665501713753,0.033391665667295456,0.033324234187603,0.033461716026067734,0.033397845923900604
2023-08-23,0.03324171528220177,0.03324171528220177,0.03324171528220177,0.03327236697077751,0.03333623334765434,0.03345169499516487,0.03328543156385422,0.03324171528220177,0.03324171528220177,0.03324171528220177,0.03324171528220177,0.03324171528220177,0.033329807221889496,0.03324171528220177,0.03367297723889351,0.03370395302772522,0.03324171528220177,0.03324171528220177,0.033248357474803925,0.03334128111600876,0.033647991716861725,0.03324171528220177,0.03355827182531357,0.03324171528220177,0.03326728940010071,0.033262111246585846,0.03324867784976959,0.03332068398594856,0.033370211720466614,0.03354039043188095
2023-08-24,0.03323835879564285,0.03323835879564285,0.033302146941423416,0.03333362191915512,0.03331805020570755,0.03323835879564285,0.03326328098773956,0.03323835879564285,0.03323835879564285,0.03323835879564285,0.03323835879564285,0.03323835879564285,0.03329218178987503,0.03323835879564285,0.03368459641933441,0.03377305716276169,0.03323835879564285,0.03323835879564285,0.03327417001128197,0.0334402397274971,0.03364822268486023,0.03323835879564285,0.03343847021460533,0.03323835879564285,0.033280741423368454,0.03323835879564285,0.03344075009226799,0.033369772136211395,0.03345074877142906,0.03335290029644966
2023-08-25,0.033245258033275604,0.033245258033275604,0.033250194042921066,0.033360496163368225,0.033245258033275604,0.033245258033275604,0.0333222858607769,0.033245258033275604,0.033245258033275604,0.033245258033275604,0.033245258033275604,0.033245258033275604,0.03331737220287323,0.033245258033275604,0.03364529460668564,0.03379647806286812,0.033245258033275604,0.033245258033275604,0.03328024223446846,0.03327009454369545,0.03365221992135048,0.033361565321683884,0.0334453359246254,0.033245258033275604,0.0332721546292305,0.033245258033275604,0.03345836326479912,0.03351816534996033,0.033245258033275604,0.03337087482213974
2023-08-26,0.03324687108397484,0.03324687108397484,0.03325891122221947,0.03341164439916611,0.03329228237271309,0.03324687108397484,0.033296212553977966,0.03324687108397484,0.03324687108397484,0.03324687108397484,0.03324687108397484,0.03324687108397484,0.03324687108397484,0.03324687108397484,0.03364182636141777,0.03381051868200302,0.03324687108397484,0.03324687108397484,0.03324687108397484,0.033324673771858215,0.033597152680158615,0.03333814814686775,0.03343238681554794,0.03324687108397484,0.03324687108397484,0.03324687108397484,0.03343046084046364,0.033517878502607346,0.03333059698343277,0.033367421478033066
2023-08-27,0.03324687108397484,0.03324687108397484,0.03325891122221947,0.03341164439916611,0.03329228237271309,0.03324687108397484,0.033296212553977966,0.03324687108397484,0.03324687108397484,0.03324687108397484,0.03324687108397484,0.03324687108397484,0.03324687108397484,0.03324687108397484,0.03364182636141777,0.03381051868200302,0.03324687108397484,0.03324687108397484,0.03324687108397484,0.033324673771858215,0.033597152680158615,0.03333814814686775,0.03343238681554794,0.03324687108397484,0.03324687108397484,0.03324687108397484,0.03343046084046364,0.033517878502607346,0.03333060070872307,0.033367421478033066
2023-08-28,0.03324686735868454,0.03324686735868454,0.03325891122221947,0.03341163322329521,0.03329228609800339,0.03324686735868454,0.03329620882868767,0.03324686735868454,0.03324686735868454,0.03324686735868454,0.03324686735868454,0.03324686735868454,0.03324686735868454,0.03324686735868454,0.03364183381199837,0.03381051495671272,0.03324686735868454,0.03324686735868454,0.03324686735868454,0.033324673771858215,0.033597152680158615,0.03333813697099686,0.03343239054083824,0.03324686735868454,0.03324686735868454,0.03324686735868454,0.03343044966459274,0.03351787477731705,0.03333059698343277,0.03336741775274277
2023-08-29,0.03323801979422569,0.03323801979422569,0.03324755281209946,0.03323801979422569,0.033300790935754776,0.03323801979422569,0.03323801979422569,0.03323801979422569,0.03323801979422569,0.03323801979422569,0.03323801979422569,0.03323801979422569,0.03328705579042435,0.03323801979422569,0.03378577530384064,0.03378896042704582,0.03323801979422569,0.03331383690237999,0.03324060142040253,0.03344156593084335,0.033694393932819366,0.03323801979422569,0.03343519568443298,0.03323801979422569,0.03327277675271034,0.03323801979422569,0.03344738855957985,0.033409617841243744,0.0333741120994091,0.03338995948433876
2023-08-30,0.0332355760037899,0.0332355760037899,0.033247191458940506,0.0332355760037899,0.0332355760037899,0.0332355760037899,0.0332355760037899,0.0332355760037899,0.0332355760037899,0.0332355760037899,0.0332355760037899,0.0332355760037899,0.03331732377409935,0.0332355760037899,0.03379139304161072,0.03377029299736023,0.0332355760037899,0.033367350697517395,0.0332355760037899,0.033358391374349594,0.033834733068943024,0.0332355760037899,0.03343063220381737,0.0332355760037899,0.03337327018380165,0.0332355760037899,0.03341580182313919,0.033360179513692856,0.03340013325214386,0.033328596502542496
2023-08-31,0.033249299973249435,0.033249299973249435,0.033249299973249435,0.033249299973249435,0.033249299973249435,0.033249299973249435,0.033275771886110306,0.033249299973249435,0.033249299973249435,0.033249299973249435,0.033249299973249435,0.033249299973249435,0.033249299973249435,0.033249299973249435,0.033709559589624405,0.033756330609321594,0.033249299973249435,0.033249299973249435,0.033249299973249435,0.03337499871850014,0.03382812440395355,0.033249299973249435,0.03360255807638168,0.033249299973249435,0.033417247235774994,0.033249299973249435,0.03342026472091675,0.03325928375124931,0.033311329782009125,0.03330790624022484
2023-09-01,0.033249709755182266,0.033249709755182266,0.033249709755182266,0.033249709755182266,0.033249709755182266,0.033249709755182266,0.03328271955251694,0.033249709755182266,0.033249709755182266,0.033249709755182266,0.033249709755182266,0.033249709755182266,0.033249709755182266,0.033249709755182266,0.0337294340133667,0.03372297063469887,0.033249709755182266,0.033249709755182266,0.033249709755182266,0.033355701714754105,0.03380797803401947,0.033249709755182266,0.03358057141304016,0.033249709755182266,0.033418938517570496,0.033249709755182266,0.033453185111284256,0.03328322619199753,0.033314939588308334,0.033305950462818146
2023-09-02,0.03325303643941879,0.03325303643941879,0.03325303643941879,0.03325303643941879,0.03325303643941879,0.03325303643941879,0.03333111107349396,0.03325700759887695,0.03325303643941879,0.03325303643941879,0.03325303643941879,0.03325303643941879,0.03333166614174843,0.03325303643941879,0.0338069386780262,0.033718034625053406,0.03325303643941879,0.03325303643941879,0.03325303643941879,0.03333248198032379,0.03372110053896904,0.03325303643941879,0.03348805755376816,0.03325303643941879,0.03333641216158867,0.03325303643941879,0.03339505195617676,0.03325303643941879,0.03341320902109146,0.0333142913877964
2023-09-03,0.033249299973249435,0.033249299973249435,0.033249299973249435,0.033249299973249435,0.033249299973249435,0.033249299973249435,0.033275771886110306,0.033249299973249435,0.033249299973249435,0.033249299973249435,0.033249299973249435,0.033249299973249435,0.033249299973249435,0.033249299973249435,0.033709559589624405,0.033756330609321594,0.033249299973249435,0.033249299973249435,0.033249299973249435,0.03337499871850014,0.03382812440395355,0.033249299973249435,0.03360255807638168,0.033249299973249435,0.033417247235774994,0.033249299973249435,0.03342026472091675,0.03325928375124931,0.033311329782009125,0.03330790624022484
2023-09-04,0.033249299973249435,0.033249299973249435,0.033249299973249435,0.033249299973249435,0.033249299973249435,0.033249299973249435,0.033275771886110306,0.033249299973249435,0.033249299973249435,0.033249299973249435,0.033249299973249435,0.033249299973249435,0.033249299973249435,0.033249299973249435,0.033709559589624405,0.033756330609321594,0.033249299973249435,0.033249299973249435,0.033249299973249435,0.03337499871850014,0.03382812440395355,0.033249299973249435,0.03360255807638168,0.033249299973249435,0.033417247235774994,0.033249299973249435,0.03342026472091675,0.03325928375124931,0.033311329782009125,0.03330790624022484
2023-09-05,0.033249299973249435,0.033249299973249435,0.033249299973249435,0.033249299973249435,0.033249299973249435,0.033249299973249435,0.033275771886110306,0.033249299973249435,0.033249299973249435,0.033249299973249435,0.033249299973249435,0.033249299973249435,0.033249299973249435,0.033249299973249435,0.033709559589624405,0.033756330609321594,0.033249299973249435,0.033249299973249435,0.033249299973249435,0.03337499871850014,0.03382812440395355,0.033249299973249435,0.03360255807638168,0.033249299973249435,0.033417247235774994,0.033249299973249435,0.03342026472091675,0.03325928375124931,0.033311329782009125,0.03330790624022484
2023-09-06,0.03325383737683296,0.03325383737683296,0.03325383737683296,0.03325383737683296,0.03325383737683296,0.03325383737683296,0.0333310067653656,0.03325383737683296,0.033281393349170685,0.03325383737683296,0.03325383737683296,0.03325383737683296,0.03325383737683296,0.03325383737683296,0.03367310017347336,0.03378479182720184,0.03325383737683296,0.03325383737683296,0.03325383737683296,0.03325383737683296,0.033909544348716736,0.0332697331905365,0.03355761617422104,0.03325383737683296,0.033337753266096115,0.03325383737683296,0.03334634751081467,0.033282529562711716,0.0332878977060318,0.033369213342666626
2023-09-07,0.033244747668504715,0.033244747668504715,0.033244747668504715,0.033244747668504715,0.03326034918427467,0.033244747668504715,0.03325987234711647,0.033244747668504715,0.033305246382951736,0.033244747668504715,0.033244747668504715,0.033244747668504715,0.033244747668504715,0.033244747668504715,0.03372339904308319,0.03380826860666275,0.033244747668504715,0.03342636302113533,0.033244747668504715,0.033244747668504715,0.03386327624320984,0.033244747668504715,0.03352772071957588,0.033244747668504715,0.03326800465583801,0.033244747668504715,0.03340568020939827,0.033244747668504715,0.03338306397199631,0.03336333483457565
2023-09-08,0.03324408829212189,0.03324408829212189,0.03324408829212189,0.03324408829212189,0.03326019272208214,0.03324408829212189,0.033262282609939575,0.03324408829212189,0.033314626663923264,0.03324408829212189,0.03324408829212189,0.03324408829212189,0.03324408829212189,0.03324408829212189,0.033716414123773575,0.03380613029003143,0.03324408829212189,0.0334305614233017,0.03324408829212189,0.03324408829212189,0.033872704952955246,0.03324408829212189,0.033528074622154236,0.03324408829212189,0.033263128250837326,0.03324408829212189,0.03339994326233864,0.03324408829212189,0.03337998688220978,0.033372409641742706
2023-09-09,0.033236660063266754,0.033236660063266754,0.033236660063266754,0.033236660063266754,0.03324444219470024,0.033236660063266754,0.033347222954034805,0.033236660063266754,0.03332265838980675,0.033236660063266754,0.033236660063266754,0.033236660063266754,0.033236660063266754,0.033236660063266754,0.03365539386868477,0.03378229960799217,0.033236660063266754,0.03334268927574158,0.033236660063266754,0.03324570506811142,0.03392525762319565,0.033354487270116806,0.03357018902897835,0.033236660063266754,0.03327833488583565,0.033236660063266754,0.03343422710895538,0.033236660063266754,0.0332975834608078,0.03341296687722206
2023-09-10,0.03323391452431679,0.03323391452431679,0.03323391452431679,0.03323391452431679,0.03323391452431679,0.03323391452431679,0.033327724784612656,0.03323391452431679,0.033342763781547546,0.03323391452431679,0.03323391452431679,0.03323391452431679,0.03323391452431679,0.03323391452431679,0.033709585666656494,0.03381551057100296,0.03323391452431679,0.03336566314101219,0.03323391452431679,0.03324756771326065,0.03391970694065094,0.03336019814014435,0.03354950249195099,0.03323391452431679,0.03323391452431679,0.03323391452431679,0.033420663326978683,0.03323391452431679,0.033330243080854416,0.03340038284659386
2023-09-11,0.03324367478489876,0.03324367478489876,0.03324367478489876,0.03324367478489876,0.03325643762946129,0.03324367478489876,0.03327086195349693,0.03324367478489876,0.033319417387247086,0.03324367478489876,0.03324367478489876,0.03324367478489876,0.03324367478489876,0.03324367478489876,0.03371642902493477,0.03380894660949707,0.03324367478489876,0.033423855900764465,0.03324367478489876,0.03324367478489876,0.03387850522994995,0.03324367478489876,0.03352855518460274,0.03324367478489876,0.03325744345784187,0.03324367478489876,0.03340277075767517,0.03324367478489876,0.03337380662560463,0.033376920968294144
2023-09-12,0.03333546221256256,0.033234380185604095,0.03327062726020813,0.033234380185604095,0.03335079550743103,0.033234380185604095,0.033234380185604095,0.033248309046030045,0.033234380185604095,0.033234380185604095,0.033234380185604095,0.033234380185604095,0.033234380185604095,0.033234380185604095,0.03334314003586769,0.03351447731256485,0.03328236937522888,0.033234380185604095,0.033234380185604095,0.033234380185604095,0.033862099051475525,0.03347736969590187,0.03367256373167038,0.03334498405456543,0.0334102064371109,0.033234380185604095,0.03334306180477142,0.03333711251616478,0.0335666760802269,0.033359378576278687
2023-09-13,0.03338651359081268,0.033230047672986984,0.03330591320991516,0.033230047672986984,0.033275045454502106,0.033230047672986984,0.033230047672986984,0.0333385095000267,0.033251453191041946,0.033230047672986984,0.033230047672986984,0.033230047672986984,0.033230047672986984,0.033230047672986984,0.03342818468809128,0.033509790897369385,0.03324854373931885,0.033230047672986984,0.033230047672986984,0.0332331508398056,0.033936355262994766,0.033370137214660645,0.03356417268514633,0.03323381766676903,0.033469270914793015,0.033230047672986984,0.03346674516797066,0.03339141234755516,0.03349372744560242,0.033336713910102844
2023-09-14,0.03321252018213272,0.03321252018213272,0.03324286639690399,0.03321252018213272,0.03346525877714157,0.03322559967637062,0.03321252018213272,0.03335587680339813,0.03326644375920296,0.03321252018213272,0.03321252018213272,0.03321252018213272,0.03321252018213272,0.03321252018213272,0.03352346271276474,0.03356076404452324,0.033335618674755096,0.033269576728343964,0.03321252018213272,0.033243488520383835,0.03402819111943245,0.0332891047000885,0.03329181298613548,0.03321252018213272,0.0334717221558094,0.03331967070698738,0.03342874348163605,0.033467669039964676,0.033385928720235825,0.03349053114652634
2023-09-15,0.03332848101854324,0.033227674663066864,0.03322994336485863,0.033227674663066864,0.03342979773879051,0.033227674663066864,0.033227674663066864,0.03333235904574394,0.03324437886476517,0.033227674663066864,0.033227674663066864,0.033227674663066864,0.033227674663066864,0.033227674663066864,0.03341274708509445,0.033664312213659286,0.03337651118636131,0.033227674663066864,0.033227674663066864,0.033227674663066864,0.033777862787246704,0.03326883539557457,0.03345813602209091,0.033227674663066864,0.03344190865755081,0.033436838537454605,0.03340389207005501,0.033517174422740936,0.0332467220723629,0.03347038850188255
2023-09-16,0.0332367941737175,0.0332367941737175,0.03346788138151169,0.0332367941737175,0.0333690270781517,0.0332367941737175,0.0332367941737175,0.0333038792014122,0.0332367941737175,0.0332367941737175,0.0332367941737175,0.0332367941737175,0.0332367941737175,0.0332367941737175,0.0332367941737175,0.03375750407576561,0.03324713185429573,0.0332367941737175,0.033494703471660614,0.0332367941737175,0.033700987696647644,0.03330651670694351,0.033389657735824585,0.033266134560108185,0.03341125696897507,0.03326898813247681,0.03361382707953453,0.03334488719701767,0.0332367941737175,0.03350568190217018
2023-09-17,0.0332367941737175,0.0332367941737175,0.03346788138151169,0.0332367941737175,0.0333690270781517,0.0332367941737175,0.0332367941737175,0.0333038792014122,0.0332367941737175,0.0332367941737175,0.0332367941737175,0.0332367941737175,0.0332367941737175,0.0332367941737175,0.0332367941737175,0.03375750407576561,0.03324713185429573,0.0332367941737175,0.033494703471660614,0.0332367941737175,0.033700987696647644,0.03330651670694351,0.033389657735824585,0.033266134560108185,0.03341125696897507,0.03326898813247681,0.03361382707953453,0.03334488719701767,0.0332367941737175,0.03350568190217018
2023-09-18,0.0332367941737175,0.0332367941737175,0.0334678553044796,0.0332367941737175,0.03336910903453827,0.0332367941737175,0.0332367941737175,0.03330382704734802,0.0332367941737175,0.0332367941737175,0.0332367941737175,0.0332367941737175,0.0332367941737175,0.0332367941737175,0.0332367941737175,0.033757515251636505,0.033247120678424835,0.0332367941737175,0.03349468857049942,0.0332367941737175,0.033701092004776,0.0333065390586853,0.03338957950472832,0.03326606750488281,0.03341124579310417,0.0332689993083477,0.03361379727721214,0.03334490954875946,0.0332367941737175,0.03350575640797615
2023-09-19,0.033229630440473557,0.033229630440473557,0.03336363658308983,0.033229630440473557,0.03350302204489708,0.033229630440473557,0.033229630440473557,0.033229630440473557,0.033229630440473557,0.033229630440473557,0.033229630440473557,0.033229630440473557,0.033229630440473557,0.033229630440473557,0.03345099464058876,0.03365509212017059,0.033229630440473557,0.033229630440473557,0.033472321927547455,0.033229630440473557,0.03378087282180786,0.03324287757277489,0.033229630440473557,0.033229630440473557,0.0333709716796875,0.03328321874141693,0.03363383933901787,0.03341510519385338,0.0332576259970665,0.03366671875119209
2023-09-20,0.033229630440473557,0.033229630440473557,0.03336362540721893,0.033229630440473557,0.03350302577018738,0.033229630440473557,0.033229630440473557,0.033229630440473557,0.033229630440473557,0.033229630440473557,0.033229630440473557,0.033229630440473557,0.033229630440473557,0.033229630440473557,0.03345102444291115,0.03365504369139671,0.033229630440473557,0.033229630440473557,0.03347231075167656,0.033229630440473557,0.033780843019485474,0.0332428477704525,0.033229630440473557,0.033229630440473557,0.0333709754049778,0.03328322619199753,0.03363386169075966,0.033415116369724274,0.03325759246945381,0.03366673365235329
2023-09-21,0.033204205334186554,0.033204205334186554,0.033294640481472015,0.033204205334186554,0.033331867307424545,0.03338250517845154,0.033425722271203995,0.0333419144153595,0.033204205334186554,0.033204205334186554,0.033204205334186554,0.033204205334186554,0.033204205334186554,0.033204205334186554,0.03335968405008316,0.03357209265232086,0.033300548791885376,0.033204205334186554,0.03328816592693329,0.033204205334186554,0.03374674171209335,0.03334673494100571,0.033204205334186554,0.033298030495643616,0.03325279802083969,0.033309269696474075,0.03372800350189209,0.03349893167614937,0.033204205334186554,0.03386768698692322
2023-09-22,0.033227503299713135,0.033227503299713135,0.0333649143576622,0.033227503299713135,0.0333382710814476,0.03341270610690117,0.03347644954919815,0.033227503299713135,0.033227503299713135,0.033227503299713135,0.033227503299713135,0.033227503299713135,0.033227503299713135,0.033227503299713135,0.033301692456007004,0.03353716805577278,0.033227503299713135,0.033227503299713135,0.033227503299713135,0.033227503299713135,0.03359739109873772,0.033411700278520584,0.0332275852560997,0.03326510637998581,0.033227503299713135,0.03322964906692505,0.03383047133684158,0.03357072174549103,0.033227503299713135,0.033796146512031555
2023-09-23,0.03322642296552658,0.03322642296552658,0.0332927480340004,0.03325992450118065,0.033282943069934845,0.033374637365341187,0.03337875381112099,0.03322642296552658,0.03322642296552658,0.03322642296552658,0.03322642296552658,0.03322642296552658,0.03322642296552658,0.03322642296552658,0.03335015848278999,0.03370320051908493,0.03322642296552658,0.03322642296552658,0.033235881477594376,0.03322642296552658,0.033585235476493835,0.033441219478845596,0.03335949778556824,0.03325251489877701,0.03322642296552658,0.03322642296552658,0.03366013616323471,0.03363390266895294,0.03330260515213013,0.03371662646532059
2023-09-24,0.03322642296552658,0.03322642296552658,0.0332927480340004,0.03325992450118065,0.033282943069934845,0.033374637365341187,0.03337875381112099,0.03322642296552658,0.03322642296552658,0.03322642296552658,0.03322642296552658,0.03322642296552658,0.03322642296552658,0.03322642296552658,0.03335015848278999,0.03370320051908493,0.03322642296552658,0.03322642296552658,0.033235881477594376,0.03322642296552658,0.033585235476493835,0.033441219478845596,0.03335949778556824,0.03325251489877701,0.03322642296552658,0.03322642296552658,0.03366013616323471,0.03363390266895294,0.03330260515213013,0.03371662646532059
2023-09-25,0.03322642296552658,0.03322642296552658,0.0332927480340004,0.03325992450118065,0.033282943069934845,0.033374637365341187,0.03337875381112099,0.03322642296552658,0.03322642296552658,0.03322642296552658,0.03322642296552658,0.03322642296552658,0.03322642296552658,0.03322642296552658,0.03335015848278999,0.03370320051908493,0.03322642296552658,0.03322642296552658,0.033235881477594376,0.03322642296552658,0.033585235476493835,0.033441219478845596,0.03335949778556824,0.03325251489877701,0.03322642296552658,0.03322642296552658,0.03366013616323471,0.03363390266895294,0.03330260515213013,0.03371662646532059
2023-09-26,0.03324161097407341,0.03324161097407341,0.03324161097407341,0.03343453258275986,0.03324161097407341,0.03324161097407341,0.03324161097407341,0.03324161097407341,0.03324161097407341,0.03324161097407341,0.03324161097407341,0.03324161097407341,0.03329649940133095,0.03324161097407341,0.03356239199638367,0.03379656374454498,0.03324161097407341,0.03324161097407341,0.03324161097407341,0.03328324854373932,0.033559367060661316,0.03324161097407341,0.033345721662044525,0.03324161097407341,0.03324161097407341,0.03324161097407341,0.033690545707941055,0.03360653296113014,0.03324161097407341,0.033592283725738525
2023-09-27,0.03324297443032265,0.03324297443032265,0.03324297443032265,0.033303357660770416,0.03324297443032265,0.033299755305051804,0.03336575627326965,0.03324297443032265,0.03324297443032265,0.03324297443032265,0.03324297443032265,0.03324297443032265,0.03324297443032265,0.03324297443032265,0.03349073976278305,0.03375427797436714,0.03324297443032265,0.03324297443032265,0.03324297443032265,0.03324297443032265,0.03368585184216499,0.03334260359406471,0.033387817442417145,0.03324297443032265,0.03324297443032265,0.03324297443032265,0.03360733762383461,0.033526696264743805,0.03324297443032265,0.03361931070685387
2023-09-28,0.03324297070503235,0.03324297070503235,0.03324297070503235,0.033303216099739075,0.03324297070503235,0.03329986333847046,0.033365871757268906,0.03324297070503235,0.03324297070503235,0.03324297070503235,0.03324297070503235,0.03324297070503235,0.03324297070503235,0.03324297070503235,0.03349057212471962,0.03375416621565819,0.03324297070503235,0.03324297070503235,0.03324297070503235,0.03324297070503235,0.03368588536977768,0.033342886716127396,0.033387910574674606,0.03324297070503235,0.03324297070503235,0.03324297070503235,0.03360714018344879,0.03352660313248634,0.03324297070503235,0.03361950442194939
2023-09-29,0.03324297070503235,0.03324297070503235,0.03324297070503235,0.033303216099739075,0.03324297070503235,0.03329986333847046,0.033365871757268906,0.03324297070503235,0.03324297070503235,0.03324297070503235,0.03324297070503235,0.03324297070503235,0.03324297070503235,0.03324297070503235,0.03349057212471962,0.03375416621565819,0.03324297070503235,0.03324297070503235,0.03324297070503235,0.03324297070503235,0.03368588536977768,0.033342886716127396,0.033387910574674606,0.03324297070503235,0.03324297070503235,0.03324297070503235,0.03360714018344879,0.03352660313248634,0.03324297070503235,0.03361950442194939
2023-09-30,0.03324216231703758,0.03324216231703758,0.03325793519616127,0.03330482915043831,0.03324216231703758,0.03324216231703758,0.03327922150492668,0.03324216231703758,0.0332845039665699,0.03324216231703758,0.03324216231703758,0.03324216231703758,0.03327213227748871,0.03324216231703758,0.03354600816965103,0.033778879791498184,0.03324216231703758,0.033264562487602234,0.03328889608383179,0.03324216231703758,0.03376637399196625,0.0333637073636055,0.03341589495539665,0.03324216231703758,0.03324216231703758,0.03324216231703758,0.0335255041718483,0.033509138971567154,0.03324216231703758,0.0335100032389164
2023-10-01,0.03324216231703758,0.03324216231703758,0.03325791656970978,0.033304836601018906,0.03324216231703758,0.03324216231703758,0.033279236406087875,0.03324216231703758,0.033284492790699005,0.03324216231703758,0.03324216231703758,0.03324216231703758,0.03327210992574692,0.03324216231703758,0.03354598954319954,0.033778879791498184,0.03324216231703758,0.03326454758644104,0.0332888662815094,0.03324216231703758,0.033766355365514755,0.03336372226476669,0.03341589495539665,0.03324216231703758,0.03324216231703758,0.03324216231703758,0.03352551907300949,0.03350915387272835,0.03324216231703758,0.03351002186536789
2023-10-02,0.03324219211935997,0.03324219211935997,0.033257823437452316,0.0333048515021801,0.03324219211935997,0.03324219211935997,0.0332794152200222,0.03324219211935997,0.03328433632850647,0.03324219211935997,0.03324219211935997,0.03324219211935997,0.03327176347374916,0.03324219211935997,0.03354594111442566,0.033779025077819824,0.03324219211935997,0.033264465630054474,0.03328859433531761,0.03324219211935997,0.03376618027687073,0.0333637036383152,0.03341590613126755,0.03324219211935997,0.03324219211935997,0.03324219211935997,0.033525608479976654,0.033509232103824615,0.03324219211935997,0.03351019322872162
2023-10-03,0.03325086459517479,0.03325086459517479,0.03325086459517479,0.03325464949011803,0.03325086459517479,0.03327925503253937,0.033414002507925034,0.03325086459517479,0.03325086459517479,0.03325086459517479,0.03325086459517479,0.03325086459517479,0.033261124044656754,0.03325086459517479,0.033554334193468094,0.03373469039797783,0.03325086459517479,0.03325086459517479,0.03325086459517479,0.03325086459517479,0.033631399273872375,0.033349089324474335,0.03345818817615509,0.03325086459517479,0.03327372297644615,0.03325086459517479,0.03343583643436432,0.033350493758916855,0.03340692073106766,0.03358246013522148
2023-10-04,0.03325135260820389,0.03325135260820389,0.03329482674598694,0.03340977057814598,0.03331901505589485,0.03335819020867348,0.03343107923865318,0.03325135260820389,0.03325135260820389,0.033277131617069244,0.03325135260820389,0.03325135260820389,0.03325135260820389,0.03325135260820389,0.03365900367498398,0.03372477740049362,0.03325135260820389,0.03325135260820389,0.03325135260820389,0.033277347683906555,0.03355929255485535,0.03328387439250946,0.03327266126871109,0.033292874693870544,0.03325135260820389,0.03328557312488556,0.03337918221950531,0.03347693756222725,0.03325135260820389,0.0334308035671711
2023-10-05,0.03324822336435318,0.03324822336435318,0.033309243619441986,0.03334140032529831,0.03324822336435318,0.03330766782164574,0.0333070270717144,0.03324822336435318,0.03324822336435318,0.03330059349536896,0.03324822336435318,0.03324822336435318,0.033345747739076614,0.03324822336435318,0.03353247791528702,0.03374401107430458,0.03324822336435318,0.03324822336435318,0.033325035125017166,0.03324822336435318,0.03356553614139557,0.0332832895219326,0.03324822336435318,0.033311452716588974,0.03324822336435318,0.03324822336435318,0.033672675490379333,0.03341447934508324,0.03324822336435318,0.03351610526442528
2023-10-06,0.03325340151786804,0.03325340151786804,0.03338010236620903,0.03336356207728386,0.03325340151786804,0.03325340151786804,0.03329141438007355,0.03325340151786804,0.03325340151786804,0.03325340151786804,0.03325340151786804,0.03325340151786804,0.03332464024424553,0.03325340151786804,0.03353864327073097,0.03376293182373047,0.03325340151786804,0.03325771912932396,0.03340773284435272,0.03331628069281578,0.033651482313871384,0.03328559920191765,0.03325340151786804,0.03327431529760361,0.03325340151786804,0.03325340151786804,0.03360237926244736,0.03339850902557373,0.03325340151786804,0.033343661576509476
2023-10-07,0.03324216604232788,0.03324531391263008,0.033368710428476334,0.03333783522248268,0.03324216604232788,0.033305030316114426,0.0333954319357872,0.03324216604232788,0.03324216604232788,0.033274129033088684,0.03324216604232788,0.03324216604232788,0.033446382731199265,0.03324216604232788,0.03359225019812584,0.03364020213484764,0.03324216604232788,0.03324216604232788,0.03341589868068695,0.033284272998571396,0.03364689648151398,0.03324216604232788,0.03324216604232788,0.03329067677259445,0.03324216604232788,0.03324216604232788,0.03354153037071228,0.03334255516529083,0.03324782848358154,0.03347687050700188
2023-10-08,0.03323693946003914,0.03323693946003914,0.033336397260427475,0.0333247147500515,0.03323693946003914,0.03332190215587616,0.03341834992170334,0.03323693946003914,0.03323693946003914,0.03324227035045624,0.03323693946003914,0.03323693946003914,0.03340281546115875,0.03323693946003914,0.03356457129120827,0.03365204110741615,0.03323693946003914,0.03323693946003914,0.03342327103018761,0.03323693946003914,0.03361572325229645,0.033321283757686615,0.03323693946003914,0.033383842557668686,0.03323693946003914,0.03323693946003914,0.033534884452819824,0.03346605971455574,0.03323693946003914,0.03343776613473892
2023-10-09,0.033240556716918945,0.033240556716918945,0.03337301313877106,0.033320605754852295,0.033240556716918945,0.033249180763959885,0.03339393809437752,0.033240556716918945,0.033240556716918945,0.033240556716918945,0.033240556716918945,0.033240556716918945,0.033401645720005035,0.033240556716918945,0.03357600420713425,0.03366944566369057,0.033240556716918945,0.033240556716918945,0.0334601029753685,0.03329525887966156,0.03365537151694298,0.03332372009754181,0.033240556716918945,0.03337666764855385,0.033240556716918945,0.033240556716918945,0.03349095955491066,0.03344886004924774,0.033240556716918945,0.033356890082359314
2023-10-10,0.033231500536203384,0.033231500536203384,0.03332638368010521,0.03323670104146004,0.033231500536203384,0.033363305032253265,0.0334116667509079,0.033231500536203384,0.033231500536203384,0.033231500536203384,0.033231500536203384,0.033231500536203384,0.033231500536203384,0.033231500536203384,0.033417921513319016,0.033721547573804855,0.033231500536203384,0.033231500536203384,0.033300261944532394,0.033231500536203384,0.033632028847932816,0.03337034955620766,0.033332377672195435,0.03329303488135338,0.033231500536203384,0.033231500536203384,0.03364555910229683,0.033574335277080536,0.03324638307094574,0.03365561366081238
2023-10-11,0.03322314843535423,0.03322314843535423,0.033483099192380905,0.03327520191669464,0.03333974629640579,0.03329404070973396,0.0332917794585228,0.03322314843535423,0.03326432406902313,0.03322314843535423,0.03322314843535423,0.03322314843535423,0.03322314843535423,0.03322314843535423,0.033490005880594254,0.033683981746435165,0.03322314843535423,0.03331901505589485,0.0335368849337101,0.03340483829379082,0.03376712277531624,0.03322314843535423,0.03323095291852951,0.03322314843535423,0.03322314843535423,0.03332621976733208,0.03349623084068298,0.03336836025118828,0.03332848846912384,0.03342191502451897
2023-10-12,0.03322025388479233,0.03322025388479233,0.0334203727543354,0.03325904160737991,0.033445198088884354,0.033302366733551025,0.033313293009996414,0.03322025388479233,0.03330496326088905,0.03322025388479233,0.03322025388479233,0.03322025388479233,0.03322025388479233,0.03322025388479233,0.03341852128505707,0.033677637577056885,0.03322025388479233,0.03327815979719162,0.033473603427410126,0.0333893746137619,0.03376774862408638,0.03322025388479233,0.03323955833911896,0.03322025388479233,0.03322025388479233,0.0332658477127552,0.0334930345416069,0.03341196849942207,0.033366668969392776,0.033529505133628845
2023-10-13,0.033221978694200516,0.033221978694200516,0.03339999541640282,0.03328839689493179,0.03342020884156227,0.03332981467247009,0.03332708775997162,0.033221978694200516,0.03330444544553757,0.033221978694200516,0.033221978694200516,0.033221978694200516,0.033221978694200516,0.033221978694200516,0.033382996916770935,0.03368706628680229,0.033221978694200516,0.03326321765780449,0.03346347063779831,0.033348966389894485,0.03372970223426819,0.033271245658397675,0.033226799219846725,0.033221978694200516,0.033221978694200516,0.033235833048820496,0.033528685569763184,0.0334814228117466,0.033316902816295624,0.03355199471116066
2023-10-14,0.033227093517780304,0.033227093517780304,0.03340638056397438,0.03327842429280281,0.033285267651081085,0.0333181731402874,0.03336338326334953,0.033227093517780304,0.033234648406505585,0.03325509652495384,0.033227093517780304,0.033227093517780304,0.033227093517780304,0.033227093517780304,0.03347843512892723,0.0336747020483017,0.033227093517780304,0.033303651958703995,0.03349125385284424,0.033333003520965576,0.033735282719135284,0.03327673301100731,0.033227093517780304,0.033323515206575394,0.033227093517780304,0.03330531716346741,0.03351232782006264,0.03348059207201004,0.033227093517780304,0.033445805311203
2023-10-15,0.033227093517780304,0.033227093517780304,0.03340638056397438,0.03327842429280281,0.03328527510166168,0.0333181731402874,0.033363379538059235,0.033227093517780304,0.033234648406505585,0.03325508534908295,0.033227093517780304,0.033227093517780304,0.033227093517780304,0.033227093517780304,0.033478427678346634,0.033674705773591995,0.033227093517780304,0.033303648233413696,0.03349125385284424,0.033333003520965576,0.033735278993844986,0.03327673301100731,0.033227093517780304,0.033323515206575394,0.033227093517780304,0.03330531343817711,0.033512331545352936,0.03348059207201004,0.033227093517780304,0.0334458090364933
2023-10-16,0.0332270972430706,0.0332270972430706,0.0334063284099102,0.03327849134802818,0.03328563645482063,0.03331828862428665,0.03336332365870476,0.0332270972430706,0.03323487564921379,0.03325444832444191,0.0332270972430706,0.0332270972430706,0.0332270972430706,0.0332270972430706,0.033478133380413055,0.033674824982881546,0.0332270972430706,0.03330352157354355,0.03349117189645767,0.033333029597997665,0.033735182136297226,0.03327682614326477,0.0332270972430706,0.033323418349027634,0.0332270972430706,0.03330507129430771,0.03351245075464249,0.03348072990775108,0.0332270972430706,0.03344627842307091
2023-10-17,0.033244580030441284,0.033244580030441284,0.033396102488040924,0.033244580030441284,0.03334902971982956,0.033244580030441284,0.033364567905664444,0.033244580030441284,0.033321574330329895,0.033244580030441284,0.033244580030441284,0.033244580030441284,0.033244580030441284,0.033244580030441284,0.03345436230301857,0.033681273460388184,0.033244580030441284,0.03327406197786331,0.03343193605542183,0.033366378396749496,0.033674973994493484,0.033244580030441284,0.03340916335582733,0.033244580030441284,0.033244580030441284,0.033244580030441284,0.03342219814658165,0.033431269228458405,0.033244580030441284,0.03350987657904625
2023-10-18,0.0333833321928978,0.03324519842863083,0.033370211720466614,0.03324519842863083,0.03334034979343414,0.033249203115701675,0.03324519842863083,0.03325001895427704,0.03324519842863083,0.03324519842863083,0.03324519842863083,0.03324519842863083,0.03324519842863083,0.03324519842863083,0.033379364758729935,0.03365091606974602,0.03324519842863083,0.033320024609565735,0.03336230292916298,0.03335307538509369,0.03365764394402504,0.03324519842863083,0.03340492025017738,0.03324519842863083,0.03324519842863083,0.03324519842863083,0.03345886245369911,0.03366052359342575,0.03329657390713692,0.03342992067337036
2023-10-19,0.03323664888739586,0.0332617349922657,0.03330231457948685,0.03334195539355278,0.033385954797267914,0.03323664888739586,0.03323664888739586,0.03323664888739586,0.03323664888739586,0.03323664888739586,0.03323664888739586,0.03323664888739586,0.03323664888739586,0.03323664888739586,0.03345551714301109,0.03360814228653908,0.03323664888739586,0.03323664888739586,0.03327924385666847,0.03323664888739586,0.033696819096803665,0.03325480595231056,0.03328755870461464,0.03323664888739586,0.03323664888739586,0.033309172838926315,0.03363160789012909,0.03367157652974129,0.03343470022082329,0.033529166132211685
2023-10-20,0.03322909027338028,0.033325713127851486,0.03325770050287247,0.03328977897763252,0.033279627561569214,0.0334155336022377,0.03322909027338028,0.03322909027338028,0.03322909027338028,0.03322909027338028,0.03322909027338028,0.03322909027338028,0.03322909027338028,0.03322909027338028,0.03348557651042938,0.03362414613366127,0.03322909027338028,0.03322909027338028,0.03322909027338028,0.03322909027338028,0.033748410642147064,0.033338144421577454,0.033303339034318924,0.033267904072999954,0.03322909027338028,0.03322909027338028,0.03354380652308464,0.03369986638426781,0.03348138555884361,0.03350263833999634
2023-10-21,0.03325531259179115,0.03327421844005585,0.033333711326122284,0.03325691819190979,0.03325531259179115,0.03325531259179115,0.03325531259179115,0.03325531259179115,0.03328638896346092,0.03325531259179115,0.03325531259179115,0.03325531259179115,0.03325531259179115,0.03325531259179115,0.033541928976774216,0.03367195278406143,0.03325531259179115,0.03325531259179115,0.03325531259179115,0.03325531259179115,0.03368675708770752,0.03327684476971626,0.03332977741956711,0.03325531259179115,0.03325531259179115,0.03325531259179115,0.033843327313661575,0.03342622518539429,0.03325531259179115,0.03347638249397278
2023-10-22,0.033254463225603104,0.033367447555065155,0.033254463225603104,0.033254463225603104,0.033254463225603104,0.033254463225603104,0.033254463225603104,0.033254463225603104,0.0332828126847744,0.033254463225603104,0.033254463225603104,0.033254463225603104,0.033254463225603104,0.033254463225603104,0.033634815365076065,0.03365324065089226,0.033254463225603104,0.033254463225603104,0.033254463225603104,0.033254463225603104,0.03379252925515175,0.033254463225603104,0.03339853510260582,0.033254463225603104,0.033254463225603104,0.033254463225603104,0.03360540792346001,0.03350318595767021,0.03327060490846634,0.033402252942323685
2023-10-23,0.033254463225603104,0.033367447555065155,0.033254463225603104,0.033254463225603104,0.033254463225603104,0.033254463225603104,0.033254463225603104,0.033254463225603104,0.0332828164100647,0.033254463225603104,0.033254463225603104,0.033254463225603104,0.033254463225603104,0.033254463225603104,0.033634815365076065,0.03365323692560196,0.033254463225603104,0.033254463225603104,0.033254463225603104,0.033254463225603104,0.03379253298044205,0.033254463225603104,0.03339852765202522,0.033254463225603104,0.033254463225603104,0.033254463225603104,0.03360540792346001,0.03350318595767021,0.03327060118317604,0.03340224549174309
2023-10-24,0.03323158621788025,0.03323158621788025,0.0334121398627758,0.03326639160513878,0.033385343849658966,0.033343590795993805,0.03323158621788025,0.03323158621788025,0.033292949199676514,0.03323158621788025,0.03323158621788025,0.03323158621788025,0.03323158621788025,0.03323158621788025,0.03331482410430908,0.03368140012025833,0.03323158621788025,0.03323158621788025,0.03349890932440758,0.03335145115852356,0.03362372890114784,0.033262915909290314,0.03323158621788025,0.03330044820904732,0.03323158621788025,0.03323158621788025,0.03346257656812668,0.03353114426136017,0.033378325402736664,0.033651746809482574
2023-10-25,0.033248621970415115,0.03330402448773384,0.03337423875927925,0.033248621970415115,0.03332631289958954,0.033313117921352386,0.033248621970415115,0.03327198326587677,0.03345285728573799,0.033248621970415115,0.033248621970415115,0.033248621970415115,0.033248621970415115,0.033248621970415115,0.03342223912477493,0.03363779932260513,0.033248621970415115,0.033248621970415115,0.03328712284564972,0.033248621970415115,0.03379229083657265,0.033248621970415115,0.033248621970415115,0.03330548480153084,0.033248621970415115,0.033248621970415115,0.03364335373044014,0.03330438956618309,0.0333893820643425,0.03344609588384628
2023-10-26,0.03324483707547188,0.03324483707547188,0.03333195298910141,0.03337155655026436,0.03337489068508148,0.03324483707547188,0.033352080732584,0.033247824758291245,0.03328915312886238,0.03324483707547188,0.03324483707547188,0.03324483707547188,0.03324483707547188,0.03324483707547188,0.033432308584451675,0.033637989312410355,0.03324483707547188,0.033300839364528656,0.03330192714929581,0.03324483707547188,0.03378189727663994,0.033374715596437454,0.033283740282058716,0.033300455659627914,0.03324483707547188,0.03324483707547188,0.03356480225920677,0.0333060659468174,0.033257097005844116,0.033552609384059906
2023-10-27,0.03324282914400101,0.03324282914400101,0.033465564250946045,0.03341594710946083,0.03345504403114319,0.03324282914400101,0.03331931680440903,0.03324282914400101,0.03329601138830185,0.03324282914400101,0.03324282914400101,0.03324282914400101,0.03324282914400101,0.03324282914400101,0.033400703221559525,0.033602964133024216,0.03324282914400101,0.03324282914400101,0.03333742544054985,0.03324282914400101,0.03369859978556633,0.033317092806100845,0.03327744081616402,0.03324282914400101,0.03324282914400101,0.033324893563985825,0.033640310168266296,0.03329293802380562,0.03324282914400101,0.0335133895277977
2023-10-28,0.033247701823711395,0.03326134756207466,0.033247701823711395,0.033421896398067474,0.03346516564488411,0.033247701823711395,0.033247701823711395,0.033247701823711395,0.033247701823711395,0.033247701823711395,0.033247701823711395,0.033247701823711395,0.033247701823711395,0.033247701823711395,0.033471595495939255,0.03362956643104553,0.033247701823711395,0.033247701823711395,0.033247701823711395,0.03334309160709381,0.03343784809112549,0.033247701823711395,0.03349490463733673,0.033247701823711395,0.033247701823711395,0.033247701823711395,0.03357929363846779,0.03366817161440849,0.03349361568689346,0.03327491879463196
2023-10-29,0.03324460610747337,0.033396054059267044,0.03324460610747337,0.03330039605498314,0.03341811150312424,0.03324460610747337,0.03324460610747337,0.03324460610747337,0.03324460610747337,0.03324460610747337,0.03324460610747337,0.03324460610747337,0.03324460610747337,0.03324460610747337,0.03339081630110741,0.03362378105521202,0.03324460610747337,0.03324460610747337,0.03324460610747337,0.03324460610747337,0.03353642299771309,0.03326345980167389,0.03343115374445915,0.033370427787303925,0.03324460610747337,0.03324460610747337,0.033368177711963654,0.03368418291211128,0.03368976339697838,0.03336901590228081
2023-10-30,0.03325376659631729,0.03339825198054314,0.03325376659631729,0.03327760472893715,0.03342767059803009,0.03325376659631729,0.03325376659631729,0.03325376659631729,0.03325376659631729,0.03325376659631729,0.03325376659631729,0.03325376659631729,0.03325376659631729,0.03325376659631729,0.03341588377952576,0.03362859785556793,0.03325376659631729,0.03325376659631729,0.03325376659631729,0.03325376659631729,0.03353250026702881,0.03327632322907448,0.033422403037548065,0.03333165869116783,0.03325376659631729,0.03325376659631729,0.03341474011540413,0.0335036963224411,0.033594388514757156,0.033462267369031906
2023-10-31,0.033240675926208496,0.03333744406700134,0.033240675926208496,0.033240675926208496,0.03332768380641937,0.033240675926208496,0.033240675926208496,0.033240675926208496,0.033240675926208496,0.033240675926208496,0.033240675926208496,0.033240675926208496,0.033240675926208496,0.033240675926208496,0.033499378710985184,0.033592525869607925,0.033240675926208496,0.033240675926208496,0.033240675926208496,0.033240675926208496,0.03359576687216759,0.033453281968832016,0.033433038741350174,0.03326047956943512,0.033240675926208496,0.033240675926208496,0.033456239849328995,0.03370407596230507,0.033554449677467346,0.033453475683927536
2023-11-01,0.03322979807853699,0.03322979807853699,0.03322979807853699,0.03326205909252167,0.03335264325141907,0.033362578600645065,0.03322979807853699,0.03322979807853699,0.03322979807853699,0.03322979807853699,0.03322979807853699,0.03322979807853699,0.03322979807853699,0.03322979807853699,0.03358112648129463,0.033642735332250595,0.03322979807853699,0.03322979807853699,0.03322979807853699,0.03322979807853699,0.033668726682662964,0.03346065431833267,0.03344717249274254,0.03322979807853699,0.03322979807853699,0.03322979807853699,0.03326508030295372,0.033768195658922195,0.033453866839408875,0.03359881043434143
2023-11-02,0.033230509608983994,0.0332590751349926,0.0332307331264019,0.033230509608983994,0.033230509608983994,0.033382248133420944,0.033230509608983994,0.033230509608983994,0.033230509608983994,0.033230509608983994,0.033230509608983994,0.033230509608983994,0.033230509608983994,0.033230509608983994,0.03359576687216759,0.03360997512936592,0.033230509608983994,0.033230509608983994,0.033230509608983994,0.033230509608983994,0.03394234552979469,0.03342551738023758,0.033337049186229706,0.033230509608983994,0.033230509608983994,0.033230509608983994,0.0333826057612896,0.0337558314204216,0.033410146832466125,0.033519502729177475
2023-11-03,0.033251963555812836,0.033251963555812836,0.03330770879983902,0.033251963555812836,0.03331025689840317,0.033251963555812836,0.033251963555812836,0.03340195119380951,0.033251963555812836,0.033251963555812836,0.033251963555812836,0.033251963555812836,0.033251963555812836,0.033251963555812836,0.033560991287231445,0.033609963953495026,0.033251963555812836,0.033251963555812836,0.03330554440617561,0.033251963555812836,0.03379160165786743,0.033251963555812836,0.03334036096930504,0.033251963555812836,0.033251963555812836,0.033251963555812836,0.03350074589252472,0.033636778593063354,0.0332975834608078,0.03340115398168564
2023-11-04,0.03324724733829498,0.03324724733829498,0.03324724733829498,0.03324724733829498,0.03338318318128586,0.03329372778534889,0.03324724733829498,0.033321499824523926,0.03324724733829498,0.03324724733829498,0.03324724733829498,0.03324724733829498,0.03324724733829498,0.03324724733829498,0.03352145105600357,0.03351251780986786,0.03324724733829498,0.03324724733829498,0.03324724733829498,0.03324724733829498,0.03389205038547516,0.03324724733829498,0.03339313343167305,0.03324724733829498,0.03361435607075691,0.0333770215511322,0.033281732350587845,0.03356936573982239,0.03324933722615242,0.03338741883635521
2023-11-05,0.03324413672089577,0.03324413672089577,0.03331594914197922,0.03324413672089577,0.033382803201675415,0.03324413672089577,0.03324413672089577,0.03336679935455322,0.033295340836048126,0.03324413672089577,0.03324413672089577,0.03324413672089577,0.03324413672089577,0.03324413672089577,0.03349253907799721,0.033494189381599426,0.03324413672089577,0.03324413672089577,0.03324413672089577,0.03324413672089577,0.03377330303192139,0.03324413672089577,0.033364761620759964,0.03324413672089577,0.03363049775362015,0.03331376612186432,0.03345301374793053,0.033603914082050323,0.03324413672089577,0.03336285054683685
2023-11-06,0.03324413672089577,0.03324413672089577,0.03331596031785011,0.03324413672089577,0.03338279575109482,0.03324413672089577,0.03324413672089577,0.033366814255714417,0.033295322209596634,0.03324413672089577,0.03324413672089577,0.03324413672089577,0.03324413672089577,0.03324413672089577,0.033492520451545715,0.03349420055747032,0.03324413672089577,0.03324413672089577,0.03324413672089577,0.03324413672089577,0.03377332538366318,0.03324413672089577,0.03336475044488907,0.03324413672089577,0.03363047167658806,0.033313728868961334,0.03345303609967232,0.03360389918088913,0.03324413672089577,0.03336286172270775
2023-11-07,0.03331080824136734,0.03324252739548683,0.03336426243185997,0.03324252739548683,0.0333026684820652,0.03324252739548683,0.03324730694293976,0.033333294093608856,0.03324252739548683,0.03324252739548683,0.03324252739548683,0.03324252739548683,0.03324252739548683,0.03324252739548683,0.03336341306567192,0.03347962349653244,0.03324252739548683,0.03324252739548683,0.03324252739548683,0.03324252739548683,0.03378923609852791,0.03342580422759056,0.03338690102100372,0.03324252739548683,0.033451106399297714,0.03324252739548683,0.03360859304666519,0.03357670083642006,0.03332094848155975,0.033401425927877426
2023-11-08,0.03328182175755501,0.033242367208004,0.03335961699485779,0.033242367208004,0.033368032425642014,0.033242367208004,0.033242367208004,0.03340849280357361,0.033242367208004,0.033242367208004,0.033242367208004,0.033242367208004,0.033242367208004,0.033242367208004,0.03342321887612343,0.03352830559015274,0.033242367208004,0.033242367208004,0.03327559307217598,0.033242367208004,0.03385094553232193,0.033297888934612274,0.033327262848615646,0.033242367208004,0.033495593816041946,0.033242367208004,0.0335252583026886,0.033533401787281036,0.033255890011787415,0.033433202654123306
2023-11-09,0.03331645205616951,0.03324076160788536,0.03336644545197487,0.03324076160788536,0.03330053761601448,0.03324076160788536,0.033244699239730835,0.0333346426486969,0.03324076160788536,0.03324076160788536,0.03324076160788536,0.03324076160788536,0.03324076160788536,0.03324076160788536,0.03334685415029526,0.03350229933857918,0.03324076160788536,0.03324076160788536,0.03324076160788536,0.03324076160788536,0.03380625694990158,0.03343368321657181,0.03340212628245354,0.03324076160788536,0.03344428539276123,0.03324076160788536,0.03359723836183548,0.03356938064098358,0.03332560881972313,0.0333980992436409
2023-11-10,0.03336522355675697,0.03324272856116295,0.033375661820173264,0.03324272856116295,0.03337113931775093,0.03324272856116295,0.03324272856116295,0.03326117619872093,0.03324272856116295,0.03324272856116295,0.03324272856116295,0.03324272856116295,0.03324272856116295,0.03324272856116295,0.033250052481889725,0.03362927958369255,0.033281248062849045,0.03324272856116295,0.033248186111450195,0.03324830159544945,0.03371278569102287,0.0334097295999527,0.03348333761096001,0.03324272856116295,0.03332481533288956,0.03324272856116295,0.03356805816292763,0.03356226533651352,0.03328990936279297,0.03346329554915428
2023-11-11,0.03332060948014259,0.03324262797832489,0.03324262797832489,0.03324262797832489,0.03336018696427345,0.03324262797832489,0.03324262797832489,0.033341184258461,0.03324262797832489,0.03324262797832489,0.03324262797832489,0.03324262797832489,0.03324262797832489,0.03324262797832489,0.03342693671584129,0.03376509249210358,0.03324262797832489,0.03324262797832489,0.033376000821590424,0.03324262797832489,0.033772967755794525,0.03324262797832489,0.033446550369262695,0.03324262797832489,0.03324262797832489,0.03324262797832489,0.03346262872219086,0.03361084312200546,0.03329669311642647,0.03345295414328575
2023-11-12,0.03330562263727188,0.03323840722441673,0.03323840722441673,0.03323840722441673,0.03338681533932686,0.03323840722441673,0.03323840722441673,0.03332451358437538,0.03323840722441673,0.03323840722441673,0.03323840722441673,0.03323840722441673,0.03323840722441673,0.03323840722441673,0.03344527631998062,0.03375466912984848,0.03323840722441673,0.033265966922044754,0.033384378999471664,0.03323840722441673,0.03379911929368973,0.03323840722441673,0.03340640664100647,0.03323840722441673,0.03323840722441673,0.03323840722441673,0.033459361642599106,0.03361530601978302,0.0333251878619194,0.03347441554069519
2023-11-13,0.03327760845422745,0.03322988003492355,0.03322988003492355,0.03322988003492355,0.033434782177209854,0.033239979296922684,0.03322988003492355,0.03328952193260193,0.033245742321014404,0.03322988003492355,0.03322988003492355,0.03322988003492355,0.03322988003492355,0.03322988003492355,0.033479589968919754,0.0337265282869339,0.03322988003492355,0.0333176888525486,0.03340886905789375,0.03322988003492355,0.03384767100214958,0.03322988003492355,0.03332636132836342,0.03322988003492355,0.03322988003492355,0.03322988003492355,0.033451396971940994,0.03361670300364494,0.033382609486579895,0.03350672498345375
2023-11-14,0.03326946869492531,0.033218853175640106,0.0332576259970665,0.033218853175640106,0.03351334109902382,0.03327551484107971,0.033218853175640106,0.033290695399045944,0.03325946256518364,0.033218853175640106,0.033218853175640106,0.033218853175640106,0.033218853175640106,0.033218853175640106,0.0333501473069191,0.033641744405031204,0.03333485499024391,0.033318210393190384,0.033387862145900726,0.03321986272931099,0.03391004353761673,0.03329572454094887,0.03323521092534065,0.033218853175640106,0.033307984471321106,0.033218853175640106,0.0334642119705677,0.03352733701467514,0.033357080072164536,0.033595018088817596
2023-11-15,0.03328828141093254,0.03323257341980934,0.03323257341980934,0.03323257341980934,0.03347201645374298,0.03323257341980934,0.03323257341980934,0.033338941633701324,0.03323257341980934,0.03323257341980934,0.03323257341980934,0.03323257341980934,0.03323257341980934,0.03323257341980934,0.03353642299771309,0.033550482243299484,0.03328273445367813,0.03323257341980934,0.03323257341980934,0.03323257341980934,0.03370491787791252,0.03323257341980934,0.03335164114832878,0.03323257341980934,0.03350590914487839,0.033477772027254105,0.033457014709711075,0.033590324223041534,0.03323257341980934,0.033489830791950226
2023-11-16,0.0333099327981472,0.03323003277182579,0.03323003277182579,0.03323003277182579,0.03345232084393501,0.03323003277182579,0.03323003277182579,0.03333346173167229,0.03323642164468765,0.03323003277182579,0.03323003277182579,0.03323003277182579,0.03323003277182579,0.03323003277182579,0.033468183130025864,0.03361881896853447,0.03333595022559166,0.03323003277182579,0.03323003277182579,0.03323003277182579,0.033750519156455994,0.03324783965945244,0.03341567888855934,0.03323003277182579,0.033470381051301956,0.03345397114753723,0.033425141125917435,0.03354877233505249,0.03323003277182579,0.0334821417927742
2023-11-17,0.03323369845747948,0.03323369845747948,0.03323369845747948,0.03323369845747948,0.03342803195118904,0.03344393149018288,0.03323369845747948,0.03323369845747948,0.03327668830752373,0.03323369845747948,0.03323369845747948,0.03323369845747948,0.03323369845747948,0.03323369845747948,0.033334262669086456,0.03348547965288162,0.03330503776669502,0.03323369845747948,0.03323369845747948,0.03323369845747948,0.03346747159957886,0.03353189304471016,0.03340708091855049,0.03323369845747948,0.03335205465555191,0.033344753086566925,0.03360198065638542,0.03372536599636078,0.03323369845747948,0.03355683758854866
2023-11-18,0.03323150426149368,0.03323150426149368,0.033245962113142014,0.03323150426149368,0.03340120613574982,0.033447448164224625,0.03323385491967201,0.03323150426149368,0.03325025364756584,0.03323150426149368,0.03323150426149368,0.03323150426149368,0.03323150426149368,0.03323150426149368,0.033245380967855453,0.03363652527332306,0.03339427337050438,0.03323150426149368,0.03323150426149368,0.03323150426149368,0.033555272966623306,0.033565256744623184,0.03350790962576866,0.03323150426149368,0.033304981887340546,0.033324722200632095,0.033476363867521286,0.03360551595687866,0.03323150426149368,0.0335640087723732
2023-11-19,0.03323154151439667,0.03323154151439667,0.03324604034423828,0.03323154151439667,0.03340120241045952,0.033447228372097015,0.033234063535928726,0.03323154151439667,0.0332506038248539,0.03323154151439667,0.03323154151439667,0.03323154151439667,0.03323154151439667,0.03323154151439667,0.03324534744024277,0.033636707812547684,0.03339409828186035,0.03323154151439667,0.03323154151439667,0.03323154151439667,0.03355523198843002,0.033565036952495575,0.033507950603961945,0.03323154151439667,0.03330498933792114,0.033324360847473145,0.033476393669843674,0.03360492363572121,0.03323154151439667,0.0335642546415329
2023-11-20,0.033243026584386826,0.033243026584386826,0.033269837498664856,0.033243026584386826,0.03339563310146332,0.0333673320710659,0.033296532928943634,0.033243026584386826,0.03336150571703911,0.033243026584386826,0.033243026584386826,0.033243026584386826,0.033243026584386826,0.033243026584386826,0.03326442092657089,0.03367828205227852,0.033330414444208145,0.033243026584386826,0.033243026584386826,0.033243026584386826,0.033539779484272,0.033482082188129425,0.03352614492177963,0.033243026584386826,0.0333062969148159,0.033243026584386826,0.03349117189645767,0.03341713920235634,0.033243026584386826,0.03362797573208809
2023-11-21,0.03324243798851967,0.03324243798851967,0.03326890990138054,0.03324243798851967,0.03339629992842674,0.03337307646870613,0.03329331800341606,0.03324243798851967,0.03335496783256531,0.03324243798851967,0.03324243798851967,0.03324243798851967,0.03324243798851967,0.03324243798851967,0.03326140344142914,0.03367629647254944,0.033335018903017044,0.03324243798851967,0.03324243798851967,0.03324243798851967,0.033541008830070496,0.03348793089389801,0.03352480009198189,0.03324243798851967,0.033306341618299484,0.03324243798851967,0.03349016606807709,0.033428825438022614,0.03324243798851967,0.033625051379203796
2023-11-22,0.033241886645555496,0.033241886645555496,0.033241886645555496,0.033241886645555496,0.03339141979813576,0.03343258798122406,0.033241886645555496,0.03325483575463295,0.033241886645555496,0.033241886645555496,0.033241886645555496,0.033241886645555496,0.033241886645555496,0.033241886645555496,0.033382661640644073,0.03369281813502312,0.03326309844851494,0.033241886645555496,0.033241886645555496,0.033241886645555496,0.03353329002857208,0.033531103283166885,0.0334852933883667,0.033241886645555496,0.033241886645555496,0.033241886645555496,0.033437181264162064,0.033711690455675125,0.033241886645555496,0.03352999687194824
2023-11-23,0.03324636071920395,0.03324636071920395,0.0332600362598896,0.03324636071920395,0.03324636071920395,0.03324636071920395,0.03324636071920395,0.03324636071920395,0.03324636071920395,0.03324636071920395,0.03324636071920395,0.03324636071920395,0.03324636071920395,0.03324636071920395,0.033424243330955505,0.033766184002161026,0.03324636071920395,0.03324636071920395,0.03324636071920395,0.03324636071920395,0.03362129628658295,0.03341015428304672,0.03348506614565849,0.03324636071920395,0.03324636071920395,0.03324636071920395,0.033534690737724304,0.03382572531700134,0.0332750529050827,0.033470381051301956
2023-11-24,0.033246081322431564,0.033246081322431564,0.03326526656746864,0.033246081322431564,0.033246081322431564,0.033246081322431564,0.033246081322431564,0.033246081322431564,0.033246081322431564,0.033246081322431564,0.033246081322431564,0.033246081322431564,0.033246081322431564,0.033246081322431564,0.03341806307435036,0.033769600093364716,0.033246081322431564,0.033248912543058395,0.03324761986732483,0.033246081322431564,0.03362514078617096,0.03341861069202423,0.03348023444414139,0.033246081322431564,0.033246081322431564,0.033246081322431564,0.03353096544742584,0.033818867057561874,0.033276915550231934,0.03347030282020569
2023-11-25,0.033246275037527084,0.033246275037527084,0.03333466500043869,0.033246275037527084,0.033304546028375626,0.033246446400880814,0.033267028629779816,0.033246275037527084,0.033246275037527084,0.033246275037527084,0.033246275037527084,0.033246275037527084,0.033246275037527084,0.033246275037527084,0.03329121693968773,0.03369316831231117,0.033246275037527084,0.03327309712767601,0.03326227888464928,0.033246275037527084,0.033658213913440704,0.03348517045378685,0.0334603413939476,0.033246275037527084,0.03325382620096207,0.033246275037527084,0.033562056720256805,0.03368915244936943,0.03326065465807915,0.033510275185108185
2023-11-26,0.033245813101530075,0.03324440121650696,0.03334958851337433,0.03324440121650696,0.03331200033426285,0.033244963735342026,0.033287178725004196,0.03324440121650696,0.03324440121650696,0.03324440121650696,0.03324440121650696,0.03324440121650696,0.03324440121650696,0.03324440121650696,0.033256180584430695,0.033670250326395035,0.03324440121650696,0.033275753259658813,0.03326400741934776,0.03324440121650696,0.03366320580244064,0.03349761664867401,0.03345256298780441,0.03324440121650696,0.03330734372138977,0.03324440121650696,0.03356548398733139,0.03365464136004448,0.03325851634144783,0.033517565578222275
2023-11-27,0.03324585407972336,0.03324439749121666,0.033349599689245224,0.03324439749121666,0.03331197798252106,0.033244889229536057,0.03328718990087509,0.03324439749121666,0.03324439749121666,0.03324439749121666,0.03324439749121666,0.03324439749121666,0.03324439749121666,0.03324439749121666,0.033256106078624725,0.03367040306329727,0.03324439749121666,0.03327591344714165,0.033264026045799255,0.03324439749121666,0.03366323560476303,0.03349771723151207,0.03345265984535217,0.03324439749121666,0.0333072803914547,0.03324439749121666,0.03356523439288139,0.033654481172561646,0.0332585871219635,0.03351755812764168
2023-11-28,0.03324849531054497,0.03324849531054497,0.03324849531054497,0.03324849531054497,0.03324849531054497,0.03325178846716881,0.03324849531054497,0.03324849531054497,0.03324849531054497,0.03324849531054497,0.03324849531054497,0.03324849531054497,0.03324849531054497,0.03324849531054497,0.03347146138548851,0.033677808940410614,0.03324849531054497,0.03324849531054497,0.03324849531054497,0.03324849531054497,0.03359125554561615,0.03336990252137184,0.033404234796762466,0.03324849531054497,0.03324849531054497,0.03324849531054497,0.033662572503089905,0.03387786075472832,0.03324849531054497,0.03347478061914444
2023-11-29,0.03325299173593521,0.03325299173593521,0.03325299173593521,0.03327106684446335,0.03327028453350067,0.03326233848929405,0.03325299173593521,0.03325299173593521,0.03325299173593521,0.03325299173593521,0.03325299173593521,0.03325299173593521,0.03325299173593521,0.03325299173593521,0.03352348878979683,0.0336603969335556,0.03325299173593521,0.03325299173593521,0.03325299173593521,0.03325299173593521,0.033596768975257874,0.03327660635113716,0.03348836675286293,0.03325299173593521,0.03325299173593521,0.03325299173593521,0.03348753973841667,0.03389676660299301,0.033271126449108124,0.03344142436981201
2023-11-30,0.03324344381690025,0.03324344381690025,0.03329247608780861,0.03324344381690025,0.03335252404212952,0.03330240398645401,0.03324344381690025,0.03324344381690025,0.03335418179631233,0.03324344381690025,0.03324344381690025,0.03324344381690025,0.03324344381690025,0.03324344381690025,0.03343162685632706,0.0335550457239151,0.03324344381690025,0.03324344381690025,0.03324344381690025,0.03324344381690025,0.03368544578552246,0.03330870717763901,0.0335325226187706,0.03324344381690025,0.033492643386125565,0.03324344381690025,0.033420175313949585,0.03355574235320091,0.03324344381690025,0.03357795253396034
2023-12-01,0.033242110162973404,0.03323006257414818,0.0332450233399868,0.03323006257414818,0.033299896866083145,0.03339902311563492,0.03323006257414818,0.03325255960226059,0.03323006257414818,0.03323006257414818,0.03323006257414818,0.03323006257414818,0.03323006257414818,0.03323006257414818,0.03337712958455086,0.033560026437044144,0.03323006257414818,0.03323006257414818,0.03323006257414818,0.03323006257414818,0.03384413942694664,0.033504292368888855,0.0334143191576004,0.03323006257414818,0.033248402178287506,0.03338778764009476,0.033453505486249924,0.03361678123474121,0.03328334167599678,0.03365076333284378
2023-12-02,0.03323518857359886,0.03323518857359886,0.03326157107949257,0.03323518857359886,0.03328559175133705,0.033309850841760635,0.033284593373537064,0.033275578171014786,0.03323518857359886,0.03323518857359886,0.03323518857359886,0.03323518857359886,0.03323518857359886,0.03323518857359886,0.033326245844364166,0.033531781286001205,0.03323518857359886,0.03323518857359886,0.03323518857359886,0.03323518857359886,0.03373394161462784,0.03348326310515404,0.03340592607855797,0.03323518857359886,0.03330013528466225,0.03333543241024017,0.033640019595623016,0.03365403413772583,0.03327304124832153,0.033606406301259995
2023-12-03,0.033236756920814514,0.033236756920814514,0.033267103135585785,0.033236756920814514,0.0332832895219326,0.03329547494649887,0.0332898385822773,0.0332779660820961,0.033236756920814514,0.033236756920814514,0.03324074298143387,0.033236756920814514,0.033236756920814514,0.033236756920814514,0.03331676498055458,0.03352884575724602,0.033236756920814514,0.033236756920814514,0.033236756920814514,0.033236756920814514,0.03371375426650047,0.03347855806350708,0.033401794731616974,0.033236756920814514,0.033307936042547226,0.03332440182566643,0.033667437732219696,0.03365964815020561,0.03327139467000961,0.033597204834222794
2023-12-04,0.03324140980839729,0.03324140980839729,0.03330638259649277,0.03324140980839729,0.033280275762081146,0.0332629531621933,0.03333369642496109,0.03326498344540596,0.03324140980839729,0.03324140980839729,0.03324140980839729,0.03324140980839729,0.03324140980839729,0.03324140980839729,0.033345457166433334,0.03350807726383209,0.03324140980839729,0.03324140980839729,0.03324140980839729,0.03324140980839729,0.03371606022119522,0.03347119316458702,0.033404674381017685,0.03324689343571663,0.03330717980861664,0.03326086699962616,0.03367893025279045,0.033579885959625244,0.03324140980839729,0.03365270793437958
2023-12-05,0.03323010355234146,0.03323010355234146,0.03323010355234146,0.03323010355234146,0.033415649086236954,0.03328096121549606,0.033258289098739624,0.03323010355234146,0.03345053270459175,0.03323010355234146,0.03323010355234146,0.03323010355234146,0.03323010355234146,0.03323010355234146,0.0333896204829216,0.03348388895392418,0.03323010355234146,0.03323010355234146,0.03323010355234146,0.03323010355234146,0.03360843285918236,0.033490557223558426,0.03352370485663414,0.03323010355234146,0.03337462246417999,0.03334524855017662,0.03362385183572769,0.03347967565059662,0.03323010355234146,0.0335933081805706
2023-12-06,0.03325430676341057,0.03323536366224289,0.03323536366224289,0.03323536366224289,0.03341204673051834,0.03323536366224289,0.03323536366224289,0.03332412615418434,0.03329797461628914,0.03323536366224289,0.03323536366224289,0.03323536366224289,0.03323536366224289,0.03323536366224289,0.033443842083215714,0.033373843878507614,0.03323536366224289,0.03323536366224289,0.03323536366224289,0.03338240459561348,0.03372182697057724,0.03342030197381973,0.0335191935300827,0.03323536366224289,0.033503275364637375,0.033320263028144836,0.033610668033361435,0.033559780567884445,0.03323536366224289,0.03332577645778656
2023-12-07,0.033234354108572006,0.033234354108572006,0.033234354108572006,0.03326069936156273,0.03341294825077057,0.033234354108572006,0.033234354108572006,0.03331771120429039,0.0332813523709774,0.033234354108572006,0.033234354108572006,0.033234354108572006,0.033234354108572006,0.033234354108572006,0.03344009816646576,0.033396538347005844,0.033234354108572006,0.033234354108572006,0.033234354108572006,0.03340765833854675,0.033689867705106735,0.03341854363679886,0.033518917858600616,0.033234354108572006,0.03351288661360741,0.03334537148475647,0.03359517455101013,0.03356817364692688,0.033234354108572006,0.03331877663731575
2023-12-08,0.0332525372505188,0.033233653753995895,0.033233653753995895,0.03324146941304207,0.033510543406009674,0.033233653753995895,0.033233653753995895,0.03329622745513916,0.03326129540801048,0.033233653753995895,0.033233653753995895,0.033233653753995895,0.033233653753995895,0.033233653753995895,0.03342759981751442,0.033391181379556656,0.033233653753995895,0.033233653753995895,0.033233653753995895,0.0334518663585186,0.03356112167239189,0.03334121033549309,0.033489782363176346,0.033233653753995895,0.03342984616756439,0.03343599662184715,0.03366165608167648,0.033603280782699585,0.033233653753995895,0.033373165875673294
2023-12-09,0.033250611275434494,0.03323271498084068,0.03323271498084068,0.03323271498084068,0.0334911048412323,0.03323271498084068,0.03327687457203865,0.03323271498084068,0.03349100053310394,0.03323271498084068,0.03323271498084068,0.03323271498084068,0.03323271498084068,0.03323271498084068,0.03339158371090889,0.03355834633111954,0.03323271498084068,0.03323271498084068,0.03323271498084068,0.033353447914123535,0.03369971364736557,0.033463627099990845,0.033548105508089066,0.03323271498084068,0.0333409309387207,0.03331786021590233,0.03352085500955582,0.033283982425928116,0.03323271498084068,0.033521201461553574
2023-12-10,0.033250704407691956,0.03323271870613098,0.03323271870613098,0.03323271870613098,0.033491164445877075,0.03323271870613098,0.033276960253715515,0.03323271870613098,0.03349108621478081,0.03323271870613098,0.03323271870613098,0.03323271870613098,0.03323271870613098,0.03323271870613098,0.033391546458005905,0.03355835750699043,0.03323271870613098,0.03323271870613098,0.03323271870613098,0.033353157341480255,0.03369985148310661,0.03346383199095726,0.03354797884821892,0.03323271870613098,0.03334081918001175,0.03331775963306427,0.033520717173814774,0.03328399360179901,0.03323271870613098,0.03352128341794014
2023-12-11,0.033250704407691956,0.03323271870613098,0.03323271870613098,0.03323271870613098,0.033491164445877075,0.03323271870613098,0.033276960253715515,0.03323271870613098,0.03349108621478081,0.03323271870613098,0.03323271870613098,0.03323271870613098,0.03323271870613098,0.03323271870613098,0.033391546458005905,0.03355835750699043,0.03323271870613098,0.03323271870613098,0.03323271870613098,0.033353157341480255,0.03369985148310661,0.03346383199095726,0.03354797884821892,0.03323271870613098,0.03334081918001175,0.03331775963306427,0.033520717173814774,0.03328399360179901,0.03323271870613098,0.03352128341794014
2023-12-12,0.03323660045862198,0.03323660045862198,0.03323660045862198,0.03323660045862198,0.03352779522538185,0.03323660045862198,0.033288031816482544,0.03323660045862198,0.03346654027700424,0.03323660045862198,0.03323660045862198,0.03323660045862198,0.03323660045862198,0.03323660045862198,0.03345765918493271,0.033430591225624084,0.03323660045862198,0.03323660045862198,0.03323660045862198,0.03326212242245674,0.03360666707158089,0.0334332212805748,0.033449988812208176,0.03323660045862198,0.03339000046253204,0.03337360545992851,0.03359546512365341,0.03338457643985748,0.03323660045862198,0.033548105508089066
2023-12-13,0.0332525372505188,0.033233653753995895,0.033233653753995895,0.03324146941304207,0.033510543406009674,0.033233653753995895,0.033233653753995895,0.03329622745513916,0.03326129540801048,0.033233653753995895,0.033233653753995895,0.033233653753995895,0.033233653753995895,0.033233653753995895,0.03342759981751442,0.033391181379556656,0.033233653753995895,0.033233653753995895,0.033233653753995895,0.0334518663585186,0.03356112167239189,0.03334121033549309,0.033489782363176346,0.033233653753995895,0.03342984616756439,0.03343599662184715,0.03366165608167648,0.033603280782699585,0.033233653753995895,0.033373165875673294
2023-12-14,0.03332986682653427,0.033225785940885544,0.033225785940885544,0.033225785940885544,0.033531613647937775,0.03325951099395752,0.033225785940885544,0.03326982259750366,0.03335713595151901,0.033225785940885544,0.033225785940885544,0.033225785940885544,0.033225785940885544,0.033225785940885544,0.033406902104616165,0.033407535403966904,0.033225785940885544,0.033225785940885544,0.033225785940885544,0.033313214778900146,0.033625271171331406,0.033439118415117264,0.03344371169805527,0.033225785940885544,0.03339207544922829,0.033427853137254715,0.033600009977817535,0.0335845947265625,0.033225785940885544,0.03345077857375145
2023-12-15,0.0332406684756279,0.03323431685566902,0.03325996920466423,0.03323431685566902,0.03346284478902817,0.03324797376990318,0.033277466893196106,0.03323431685566902,0.03348875418305397,0.03323431685566902,0.03323431685566902,0.03323431685566902,0.03323431685566902,0.03323431685566902,0.033389244228601456,0.033558811992406845,0.03323431685566902,0.03323431685566902,0.03323431685566902,0.033339593559503555,0.033725250512361526,0.033478669822216034,0.03352067992091179,0.03323431685566902,0.03333620727062225,0.033338513225317,0.033528830856084824,0.03325691446661949,0.03323431685566902,0.03350352123379707
2023-12-16,0.0332835391163826,0.03322634473443031,0.033243242651224136,0.03322634473443031,0.03322634473443031,0.03322634473443031,0.03332323953509331,0.03335581719875336,0.033382076770067215,0.03322634473443031,0.03322634473443031,0.03322634473443031,0.03325087949633598,0.03322634473443031,0.033487338572740555,0.03361037001013756,0.03322634473443031,0.03322634473443031,0.03322634473443031,0.03327364847064018,0.03396060690283775,0.03343462198972702,0.0334714874625206,0.03322634473443031,0.03354756161570549,0.03322634473443031,0.03344673290848732,0.033250439912080765,0.03322634473443031,0.0335095189511776
2023-12-17,0.03323885798454285,0.03323885798454285,0.0332968570291996,0.03323885798454285,0.03327316418290138,0.03323885798454285,0.03332001715898514,0.03324553370475769,0.03335275873541832,0.03323885798454285,0.03323885798454285,0.03323885798454285,0.03323885798454285,0.03323885798454285,0.033480167388916016,0.03361762315034866,0.033261045813560486,0.03323885798454285,0.03323885798454285,0.03327695652842522,0.03386213257908821,0.03334258124232292,0.03353511169552803,0.03323885798454285,0.03350231796503067,0.033240124583244324,0.033441007137298584,0.03328561410307884,0.03325772285461426,0.033542897552251816
2023-12-18,0.03324047848582268,0.03324047848582268,0.03329281881451607,0.03324047848582268,0.03332911431789398,0.03324047848582268,0.03329930827021599,0.03324047848582268,0.0333496518433094,0.03324047848582268,0.03324047848582268,0.03324047848582268,0.03324047848582268,0.03324047848582268,0.0334518700838089,0.03361502289772034,0.03326403722167015,0.03324047848582268,0.03324047848582268,0.033298783004283905,0.03375548496842384,0.03331870585680008,0.03353799507021904,0.03324047848582268,0.033444762229919434,0.03330212086439133,0.03346535190939903,0.03332289680838585,0.03324047848582268,0.03358539193868637
2023-12-19,0.033248767256736755,0.033248767256736755,0.033403921872377396,0.033248767256736755,0.03331003338098526,0.03325418755412102,0.03335711359977722,0.033273499459028244,0.03330206871032715,0.033248767256736755,0.033248767256736755,0.033248767256736755,0.033248767256736755,0.033248767256736755,0.03354526683688164,0.033498261123895645,0.033248767256736755,0.033248767256736755,0.033248767256736755,0.033248767256736755,0.03387083113193512,0.03331392630934715,0.0333731584250927,0.033248767256736755,0.03346578776836395,0.03332836180925369,0.033470362424850464,0.03329424560070038,0.033248767256736755,0.03345631808042526
2023-12-20,0.03324876353144646,0.03324876353144646,0.0334039144217968,0.03324876353144646,0.03331002965569496,0.033254191279411316,0.03335711732506752,0.03327350318431854,0.03330206498503685,0.03324876353144646,0.03324876353144646,0.03324876353144646,0.03324876353144646,0.03324876353144646,0.03354525566101074,0.033498264849185944,0.03324876353144646,0.03324876353144646,0.03324876353144646,0.03324876353144646,0.033870819956064224,0.03331393375992775,0.0333731546998024,0.03324876353144646,0.03346577659249306,0.03332837298512459,0.033470336347818375,0.033294253051280975,0.03324876353144646,0.03345631808042526
2023-12-21,0.033244289457798004,0.033244289457798004,0.033444829285144806,0.033244289457798004,0.033302512019872665,0.03329929709434509,0.03326770290732384,0.033244289457798004,0.03331470489501953,0.033244289457798004,0.033244289457798004,0.033244289457798004,0.033244289457798004,0.033244289457798004,0.033447038382291794,0.03362870216369629,0.03328771889209747,0.033244289457798004,0.033244289457798004,0.033244289457798004,0.03382226079702377,0.03334256261587143,0.0334513895213604,0.033244289457798004,0.03336869180202484,0.03338514268398285,0.0334642194211483,0.033244289457798004,0.033244289457798004,0.033508867025375366
2023-12-22,0.03324427083134651,0.03324427083134651,0.03343415632843971,0.03324427083134651,0.03330424427986145,0.03328675776720047,0.033271193504333496,0.03324427083134651,0.033319562673568726,0.03324427083134651,0.03324427083134651,0.03324427083134651,0.03324427083134651,0.03324427083134651,0.033447571098804474,0.033627044409513474,0.03328530490398407,0.03324427083134651,0.03324427083134651,0.03324427083134651,0.033817749470472336,0.0333404541015625,0.03346036374568939,0.03324427083134651,0.03337891399860382,0.03337767720222473,0.03346696123480797,0.03324427083134651,0.03324427083134651,0.033517953008413315
2023-12-23,0.03324660658836365,0.03324660658836365,0.03346410021185875,0.03324660658836365,0.033320117741823196,0.03329702839255333,0.03338316082954407,0.03324660658836365,0.03324660658836365,0.03324660658836365,0.03324660658836365,0.03324660658836365,0.03324660658836365,0.03324660658836365,0.033497169613838196,0.03342946991324425,0.03324660658836365,0.03324660658836365,0.03324660658836365,0.03324660658836365,0.033716265112161636,0.03338071331381798,0.03332984074950218,0.03324660658836365,0.033410947769880295,0.033270012587308884,0.03355234116315842,0.03337055444717407,0.03324660658836365,0.033632535487413406
2023-12-24,0.03324337303638458,0.03324337303638458,0.03338098153471947,0.03324337303638458,0.03334810957312584,0.03324337303638458,0.03336680307984352,0.03324337303638458,0.033266980201005936,0.03324337303638458,0.03324337303638458,0.03324337303638458,0.03324337303638458,0.03324337303638458,0.033511895686388016,0.033439114689826965,0.03324337303638458,0.03324337303638458,0.03325783088803291,0.03324337303638458,0.03367249667644501,0.03335784748196602,0.033396780490875244,0.03324337303638458,0.03345249965786934,0.03324337303638458,0.03356798365712166,0.03340739756822586,0.03324337303638458,0.0336792953312397
2023-12-25,0.03323686122894287,0.03323686122894287,0.03342251107096672,0.03323686122894287,0.03334556892514229,0.03323686122894287,0.033338043838739395,0.03323686122894287,0.03329319879412651,0.03323686122894287,0.03323686122894287,0.03323686122894287,0.03323686122894287,0.03323686122894287,0.033401016145944595,0.03354723006486893,0.03323686122894287,0.03323686122894287,0.03329283744096756,0.03323686122894287,0.03374310955405235,0.03337216004729271,0.03350383788347244,0.03323686122894287,0.03341163322329521,0.03323686122894287,0.033518292009830475,0.03334476798772812,0.03323686122894287,0.03367607668042183
2023-12-26,0.03323838859796524,0.03323838859796524,0.03339211270213127,0.03323838859796524,0.03334780037403107,0.03323838859796524,0.03332969918847084,0.03323838859796524,0.03331047296524048,0.03323838859796524,0.03323838859796524,0.03323838859796524,0.03323838859796524,0.03323838859796524,0.033408936113119125,0.03357398137450218,0.03324068337678909,0.03323838859796524,0.03325715288519859,0.03324563801288605,0.03375216946005821,0.03336913511157036,0.03351840749382973,0.03323838859796524,0.03342398256063461,0.03323838859796524,0.03350271284580231,0.033333346247673035,0.03323838859796524,0.03365631401538849
2023-12-27,0.03324396163225174,0.03324396163225174,0.03326243534684181,0.03324396163225174,0.033363208174705505,0.03324396163225174,0.03331942483782768,0.03324396163225174,0.03332081809639931,0.03324396163225174,0.03324396163225174,0.03324396163225174,0.03324396163225174,0.03324396163225174,0.03355817124247551,0.033482626080513,0.03324396163225174,0.03324396163225174,0.03324396163225174,0.03324396163225174,0.03368847444653511,0.03328070789575577,0.0334194041788578,0.03324396163225174,0.03348960354924202,0.03336012735962868,0.03353350609540939,0.033412907272577286,0.03324396163225174,0.033605340868234634
2023-12-28,0.03324396163225174,0.03324396163225174,0.03326241299510002,0.03324396163225174,0.033363208174705505,0.03324396163225174,0.03331942856311798,0.03324396163225174,0.03332080692052841,0.03324396163225174,0.03324396163225174,0.03324396163225174,0.03324396163225174,0.03324396163225174,0.03355821222066879,0.03348257392644882,0.03324396163225174,0.03324396163225174,0.03324396163225174,0.03324396163225174,0.033688440918922424,0.03328069671988487,0.03341935575008392,0.03324396163225174,0.033489618450403214,0.03336014598608017,0.03353353217244148,0.03341292589902878,0.03324396163225174,0.03360534831881523
2023-12-29,0.03324910253286362,0.03324910253286362,0.033391036093235016,0.03324910253286362,0.033340416848659515,0.033286698162555695,0.03329261764883995,0.03324910253286362,0.033273328095674515,0.03324910253286362,0.03324910253286362,0.03324910253286362,0.03324910253286362,0.03324910253286362,0.033530957996845245,0.033511485904455185,0.03324910253286362,0.03324910253286362,0.03324910253286362,0.03324910253286362,0.033744074404239655,0.033312488347291946,0.03333495557308197,0.03324910253286362,0.033418696373701096,0.033422209322452545,0.03353428095579147,0.03334088623523712,0.03324910253286362,0.03352935612201691
2023-12-30,0.03324775770306587,0.03324775770306587,0.03336123749613762,0.03324775770306587,0.03334328159689903,0.033251095563173294,0.033300645649433136,0.03324775770306587,0.03329051658511162,0.03324775770306587,0.03324775770306587,0.03324775770306587,0.03324775770306587,0.03324775770306587,0.033537182956933975,0.033500246703624725,0.03324775770306587,0.03324775770306587,0.03324775770306587,0.03324775770306587,0.03373033553361893,0.03330378979444504,0.0333583801984787,0.03324775770306587,0.03344575688242912,0.03340822458267212,0.03353904187679291,0.03335970640182495,0.03324775770306587,0.033554237335920334
2023-12-31,0.03324396163225174,0.03324396163225174,0.03326241299510002,0.03324396163225174,0.033363208174705505,0.03324396163225174,0.03331942856311798,0.03324396163225174,0.03332080692052841,0.03324396163225174,0.03324396163225174,0.03324396163225174,0.03324396163225174,0.03324396163225174,0.03355821222066879,0.03348257392644882,0.03324396163225174,0.03324396163225174,0.03324396163225174,0.03324396163225174,0.033688440918922424,0.03328069671988487,0.03341935575008392,0.03324396163225174,0.033489618450403214,0.03336014598608017,0.03353353217244148,0.03341292589902878,0.03324396163225174,0.03360534831881523
2024-01-01,0.033243946731090546,0.033243946731090546,0.03326252102851868,0.033243946731090546,0.03336319699883461,0.033243946731090546,0.0333193838596344,0.033243946731090546,0.03332085534930229,0.033243946731090546,0.033243946731090546,0.033243946731090546,0.033243946731090546,0.033243946731090546,0.0335579589009285,0.033482883125543594,0.033243946731090546,0.033243946731090546,0.033243946731090546,0.033243946731090546,0.03368860110640526,0.03328076750040054,0.0334196574985981,0.033243946731090546,0.033489517867565155,0.033360015600919724,0.03353337198495865,0.03341277688741684,0.033243946731090546,0.03360529989004135
2024-01-02,0.03324183076620102,0.03324183076620102,0.03328415006399155,0.03324183076620102,0.03335100784897804,0.03324183076620102,0.03330780938267708,0.03324183076620102,0.03333602473139763,0.03324183076620102,0.03324183076620102,0.03324183076620102,0.03324183076620102,0.03324183076620102,0.03349538892507553,0.03356047719717026,0.03324183076620102,0.03324183076620102,0.03324183076620102,0.033263757824897766,0.033729005604982376,0.0333016999065876,0.03349274396896362,0.03324183076620102,0.03346464782953262,0.03332732617855072,0.03349556028842926,0.03336828202009201,0.03324183076620102,0.033594660460948944
2024-01-03,0.033238597214221954,0.033238597214221954,0.0333285927772522,0.033238597214221954,0.03324279561638832,0.03331541642546654,0.03337079659104347,0.033238597214221954,0.03328060358762741,0.033238597214221954,0.033238597214221954,0.033238597214221954,0.033238597214221954,0.033238597214221954,0.03356478735804558,0.03333169221878052,0.033238597214221954,0.033238597214221954,0.03324252739548683,0.033238597214221954,0.03385911136865616,0.033418118953704834,0.03355183079838753,0.033238597214221954,0.03348180279135704,0.033238597214221954,0.03331863880157471,0.033517513424158096,0.033238597214221954,0.03359677270054817
2024-01-04,0.03323068469762802,0.03323068469762802,0.033404670655727386,0.03323068469762802,0.03326619416475296,0.03343436121940613,0.033323734998703,0.03340776264667511,0.033240534365177155,0.03323068469762802,0.03323068469762802,0.03323068469762802,0.03323068469762802,0.03323068469762802,0.03343695029616356,0.033457279205322266,0.03323068469762802,0.03323068469762802,0.03323068469762802,0.03323068469762802,0.03382733091711998,0.033374376595020294,0.03343998268246651,0.033344898372888565,0.03329452872276306,0.03323068469762802,0.03354085236787796,0.03340473398566246,0.03323068469762802,0.033572178333997726
2024-01-05,0.03322960436344147,0.03322960436344147,0.033388443291187286,0.03322960436344147,0.03325193002820015,0.03340548649430275,0.03339114040136337,0.03342011198401451,0.033242203295230865,0.03322960436344147,0.03322960436344147,0.03322960436344147,0.03322960436344147,0.03322960436344147,0.033421628177165985,0.03347041457891464,0.03322960436344147,0.03322960436344147,0.03326693922281265,0.03322960436344147,0.033847685903310776,0.0334191732108593,0.03344156965613365,0.033245645463466644,0.03322960436344147,0.03322960436344147,0.03348694369196892,0.03344627842307091,0.03322960436344147,0.033639922738075256
2024-01-06,0.033238597214221954,0.033238597214221954,0.0333285927772522,0.033238597214221954,0.03324279561638832,0.03331541642546654,0.03337079659104347,0.033238597214221954,0.03328060358762741,0.033238597214221954,0.033238597214221954,0.033238597214221954,0.033238597214221954,0.033238597214221954,0.03356478735804558,0.03333169221878052,0.033238597214221954,0.033238597214221954,0.03324252739548683,0.033238597214221954,0.03385911136865616,0.033418118953704834,0.03355183079838753,0.033238597214221954,0.03348180279135704,0.033238597214221954,0.03331863880157471,0.033517513424158096,0.033238597214221954,0.03359677270054817
2024-01-07,0.033238574862480164,0.033238574862480164,0.03335745632648468,0.033238574862480164,0.033238574862480164,0.033238574862480164,0.033381931483745575,0.03325662389397621,0.0332937128841877,0.033238574862480164,0.033238574862480164,0.033238574862480164,0.033238574862480164,0.033238574862480164,0.03345653787255287,0.03343240171670914,0.033238574862480164,0.033238574862480164,0.033238574862480164,0.033238574862480164,0.03381167724728584,0.03338710591197014,0.03348506614565849,0.033238574862480164,0.03350392356514931,0.033238574862480164,0.0335441417992115,0.033461038023233414,0.033238574862480164,0.03357269614934921
2024-01-08,0.03323512151837349,0.03323512151837349,0.03336796537041664,0.03323512151837349,0.03323512151837349,0.03323512151837349,0.03338600695133209,0.03333199396729469,0.03329195827245712,0.03323512151837349,0.03323512151837349,0.03323512151837349,0.03323512151837349,0.03323512151837349,0.03336820751428604,0.03354321047663689,0.03323512151837349,0.03323512151837349,0.03323512151837349,0.03323512151837349,0.033865787088871,0.03342397138476372,0.03355467692017555,0.03323512151837349,0.033465661108493805,0.03323512151837349,0.0334860160946846,0.03333473950624466,0.03323512151837349,0.03358268737792969
2024-01-09,0.03321998566389084,0.03321998566389084,0.03340128809213638,0.03321998566389084,0.03321998566389084,0.033302225172519684,0.03339967876672745,0.033347491174936295,0.03324386104941368,0.03321998566389084,0.03321998566389084,0.03321998566389084,0.03321998566389084,0.03321998566389084,0.03340895473957062,0.03350304439663887,0.03321998566389084,0.03321998566389084,0.03332763537764549,0.03321998566389084,0.03397122770547867,0.03350582346320152,0.033572833985090256,0.033248964697122574,0.033313196152448654,0.03321998566389084,0.03336565941572189,0.03333756700158119,0.03321998566389084,0.03367074951529503
2024-01-10,0.03322790190577507,0.03322790190577507,0.033465851098299026,0.03322790190577507,0.03324965015053749,0.033321283757686615,0.03349457308650017,0.03332679718732834,0.0333431251347065,0.03322790190577507,0.03322790190577507,0.03322790190577507,0.03322790190577507,0.03322790190577507,0.033434413373470306,0.03350056707859039,0.03322790190577507,0.03323093429207802,0.033518023788928986,0.03322790190577507,0.0338270477950573,0.033359646797180176,0.03349747136235237,0.03327363356947899,0.033256322145462036,0.03322790190577507,0.03330262750387192,0.03331154212355614,0.03322790190577507,0.03355161473155022
2024-01-11,0.03323068469762802,0.03323068469762802,0.03349538519978523,0.03323068469762802,0.03323068469762802,0.03323144093155861,0.033514898270368576,0.03333793953061104,0.03323068469762802,0.03323068469762802,0.03328380733728409,0.03323068469762802,0.03323068469762802,0.03323068469762802,0.03342483192682266,0.03337857499718666,0.03323068469762802,0.03323068469762802,0.033355146646499634,0.03323068469762802,0.03365808725357056,0.033465415239334106,0.03339267149567604,0.033294159919023514,0.033284131437540054,0.03323068469762802,0.03357784077525139,0.033627934753894806,0.03323068469762802,0.033448223024606705
2024-01-12,0.03322891891002655,0.0332285575568676,0.0334557369351387,0.0332285575568676,0.033285532146692276,0.0332285575568676,0.03360351547598839,0.03328312933444977,0.0332285575568676,0.0332285575568676,0.0332285575568676,0.0332285575568676,0.0332285575568676,0.0332285575568676,0.03337620943784714,0.0333687998354435,0.0332285575568676,0.0332285575568676,0.03338832035660744,0.0332285575568676,0.033604249358177185,0.033601630479097366,0.033449459820985794,0.03340230509638786,0.03326789662241936,0.0332285575568676,0.03344707190990448,0.033628910779953,0.0332285575568676,0.03340844064950943
2024-01-13,0.03325976803898811,0.03323597460985184,0.03345583379268646,0.03323597460985184,0.033307842910289764,0.03323597460985184,0.03345267102122307,0.03325512260198593,0.03323597460985184,0.03323597460985184,0.03323597460985184,0.03323597460985184,0.03323597460985184,0.03323597460985184,0.03344308212399483,0.03340110182762146,0.03323597460985184,0.03323597460985184,0.03341313824057579,0.03323597460985184,0.033730365335941315,0.0336214154958725,0.033430300652980804,0.03340889886021614,0.03324189782142639,0.03323597460985184,0.03324950113892555,0.03357807919383049,0.03323597460985184,0.033447399735450745
2024-01-14,0.033272139728069305,0.03322800621390343,0.03347029164433479,0.03322800621390343,0.03332708775997162,0.03322800621390343,0.033554643392562866,0.0332392081618309,0.03322800621390343,0.03322800621390343,0.03322800621390343,0.03322800621390343,0.03322800621390343,0.03322800621390343,0.03338199481368065,0.03339848667383194,0.03322800621390343,0.03322800621390343,0.033418428152799606,0.03322800621390343,0.033577024936676025,0.03359149023890495,0.033464930951595306,0.03335446119308472,0.03322800621390343,0.03322800621390343,0.03340825438499451,0.03365616127848625,0.03322800621390343,0.03346527740359306
2024-01-15,0.03324337676167488,0.03323419392108917,0.033503368496894836,0.0332471989095211,0.033359505236148834,0.03323419392108917,0.03351891040802002,0.033238817006349564,0.03323419392108917,0.03323419392108917,0.03323419392108917,0.03323419392108917,0.03323419392108917,0.03323419392108917,0.03340522199869156,0.03339804708957672,0.03323419392108917,0.03323419392108917,0.033390339463949203,0.03323419392108917,0.03347861394286156,0.03350861743092537,0.03347611799836159,0.03334267437458038,0.03323419392108917,0.03323419392108917,0.033467698842287064,0.03370891883969307,0.03323419392108917,0.03343386575579643
2024-01-16,0.03323976323008537,0.03323976323008537,0.033498797565698624,0.03324655070900917,0.03332097455859184,0.03323976323008537,0.03342120349407196,0.033272549510002136,0.03323976323008537,0.03323976323008537,0.03323976323008537,0.03323976323008537,0.03323976323008537,0.03323976323008537,0.03343228995800018,0.033388253301382065,0.03323976323008537,0.03323976323008537,0.033333536237478256,0.03323976323008537,0.03347104787826538,0.033405352383852005,0.03350812569260597,0.03332482650876045,0.03326430171728134,0.03323976323008537,0.03359692171216011,0.03374132141470909,0.03323976323008537,0.03341728448867798
2024-01-17,0.033272694796323776,0.03322240710258484,0.03352814540266991,0.03328277915716171,0.033312927931547165,0.03322240710258484,0.03337765485048294,0.03328072652220726,0.03322240710258484,0.03322240710258484,0.03322240710258484,0.03322240710258484,0.03322240710258484,0.03322240710258484,0.0333063080906868,0.03358800336718559,0.03322240710258484,0.03324069827795029,0.033419419080019,0.03325454145669937,0.033400919288396835,0.033543676137924194,0.03359263017773628,0.0332411453127861,0.03329978883266449,0.03322240710258484,0.03351425379514694,0.03367413207888603,0.03322240710258484,0.0334230437874794
2024-01-18,0.033240821212530136,0.033240821212530136,0.03343743085861206,0.033366695046424866,0.03327225148677826,0.033240821212530136,0.03327097371220589,0.03327818959951401,0.033240821212530136,0.033240821212530136,0.033240821212530136,0.033240821212530136,0.033240821212530136,0.033240821212530136,0.033420901745557785,0.03372519835829735,0.033240821212530136,0.033240821212530136,0.033293817192316055,0.03324606269598007,0.03340094909071922,0.03344527259469032,0.03356654942035675,0.033240821212530136,0.033240821212530136,0.033240821212530136,0.03350471332669258,0.03372837230563164,0.03327507898211479,0.033396005630493164
2024-01-19,0.03327937424182892,0.03322437405586243,0.0334191732108593,0.03341842070221901,0.033259015530347824,0.03322437405586243,0.03333434835076332,0.033294811844825745,0.03322437405586243,0.03322437405586243,0.03322437405586243,0.03322437405586243,0.03322437405586243,0.03322437405586243,0.03344978019595146,0.033669136464595795,0.03322437405586243,0.03322437405586243,0.03322688862681389,0.03326328471302986,0.03344409912824631,0.03354205563664436,0.033678747713565826,0.033255573362112045,0.03322437405586243,0.03322437405586243,0.03341199830174446,0.033693037927150726,0.03324851021170616,0.0334191732108593
2024-01-20,0.03325878083705902,0.0332258902490139,0.033629756420850754,0.03336556628346443,0.03333815559744835,0.0332258902490139,0.03341928869485855,0.03325420245528221,0.0332258902490139,0.0332258902490139,0.0332258902490139,0.0332258902490139,0.0332258902490139,0.0332258902490139,0.03329871967434883,0.033533185720443726,0.0332258902490139,0.0332258902490139,0.03327423706650734,0.0332258902490139,0.03357825055718422,0.03356908634305,0.03359800577163696,0.03330342844128609,0.03326846659183502,0.0332258902490139,0.03344987705349922,0.03350334241986275,0.0332258902490139,0.033421069383621216
2024-01-21,0.03325878083705902,0.0332258902490139,0.033629756420850754,0.03336556628346443,0.03333815559744835,0.0332258902490139,0.03341928869485855,0.03325420245528221,0.0332258902490139,0.0332258902490139,0.0332258902490139,0.0332258902490139,0.0332258902490139,0.0332258902490139,0.03329871967434883,0.033533185720443726,0.0332258902490139,0.0332258902490139,0.03327423706650734,0.0332258902490139,0.03357825055718422,0.03356908634305,0.03359800577163696,0.03330342844128609,0.03326846659183502,0.0332258902490139,0.03344987705349922,0.03350334241986275,0.0332258902490139,0.033421069383621216
2024-01-22,0.03326055034995079,0.03322562575340271,0.03362454101443291,0.033364422619342804,0.03333837538957596,0.03322562575340271,0.03341837599873543,0.033254723995923996,0.03322562575340271,0.03322562575340271,0.03322562575340271,0.03322562575340271,0.03322562575340271,0.03322562575340271,0.03329825773835182,0.033533696085214615,0.03322562575340271,0.03322562575340271,0.033274147659540176,0.03322562575340271,0.033576756715774536,0.033570125699043274,0.03360069915652275,0.03330427035689354,0.03326844051480293,0.03322562575340271,0.03345122188329697,0.03350568190217018,0.03322562575340271,0.033422574400901794
2024-01-23,0.03323298692703247,0.03323298692703247,0.03347915783524513,0.03323298692703247,0.03329380601644516,0.03323298692703247,0.03348180279135704,0.03323298692703247,0.03323298692703247,0.03323298692703247,0.03323298692703247,0.03323298692703247,0.03323298692703247,0.03323298692703247,0.03355352208018303,0.03353635594248772,0.03323298692703247,0.03323841840028763,0.03332892432808876,0.03335893899202347,0.03355821222066879,0.03340628370642662,0.03366271033883095,0.03323298692703247,0.03346022218465805,0.03323298692703247,0.03341856598854065,0.03330668434500694,0.03323298692703247,0.033421531319618225
2024-01-24,0.0332474410533905,0.0332474410533905,0.03336596488952637,0.0332474410533905,0.0332474410533905,0.0332474410533905,0.03333399072289467,0.033313002437353134,0.0332474410533905,0.0332474410533905,0.0332474410533905,0.0332474410533905,0.0332474410533905,0.0332474410533905,0.03345102444291115,0.03367314487695694,0.0332474410533905,0.033306147903203964,0.03353084251284599,0.03326628357172012,0.03349173069000244,0.03326408565044403,0.033443350344896317,0.033433932811021805,0.0334501713514328,0.0332474410533905,0.03340559080243111,0.0334143228828907,0.0332474410533905,0.033392179757356644
2024-01-25,0.03324407711625099,0.03324407711625099,0.033387135714292526,0.03324407711625099,0.03324407711625099,0.03324407711625099,0.03332625702023506,0.03331572934985161,0.03324407711625099,0.03324407711625099,0.03324407711625099,0.03324407711625099,0.03324407711625099,0.03324407711625099,0.03346638381481171,0.03368213400244713,0.03324407711625099,0.03331087902188301,0.03354647010564804,0.033255450427532196,0.03349662199616432,0.03325057774782181,0.03344281390309334,0.033443354070186615,0.03346232697367668,0.03324407711625099,0.03342282399535179,0.03341829031705856,0.03324407711625099,0.033355627208948135
2024-01-26,0.03323334455490112,0.03323334455490112,0.03334779292345047,0.03323334455490112,0.03323334455490112,0.03323334455490112,0.03328137844800949,0.03329905495047569,0.03323334455490112,0.03323334455490112,0.03323334455490112,0.03323334455490112,0.03323334455490112,0.03323334455490112,0.033530835062265396,0.03362999111413956,0.03323334455490112,0.033234454691410065,0.03352625295519829,0.03336119279265404,0.03368355706334114,0.03323334455490112,0.03353511542081833,0.03339879959821701,0.03345460444688797,0.03323334455490112,0.03347928449511528,0.033301759511232376,0.03323334455490112,0.033435676246881485
2024-01-27,0.033246658742427826,0.03322557732462883,0.03326423838734627,0.03322557732462883,0.03335913270711899,0.03322557732462883,0.03325560316443443,0.03332057595252991,0.03333675488829613,0.03322557732462883,0.03322557732462883,0.03322557732462883,0.03322557732462883,0.03322557732462883,0.033593740314245224,0.03359965980052948,0.03322557732462883,0.03322557732462883,0.033532850444316864,0.03322557732462883,0.03393179178237915,0.03331800922751427,0.0335065983235836,0.033271901309490204,0.033319517970085144,0.03322557732462883,0.033248916268348694,0.033290281891822815,0.03322557732462883,0.03367127105593681
2024-01-28,0.03324974328279495,0.03322524204850197,0.033272016793489456,0.03322524204850197,0.033364780247211456,0.03322524204850197,0.03326360881328583,0.03331958130002022,0.033332254737615585,0.03322524204850197,0.03322524204850197,0.03322524204850197,0.03322524204850197,0.03322524204850197,0.033580631017684937,0.03359832614660263,0.03322524204850197,0.03322524204850197,0.03353303298354149,0.03322524204850197,0.03391271084547043,0.03331667557358742,0.03349768742918968,0.03327062726020813,0.03333006426692009,0.03322524204850197,0.033269498497247696,0.03329683095216751,0.03322524204850197,0.03366386517882347
2024-01-29,0.03324798122048378,0.03322707861661911,0.03331446647644043,0.03322707861661911,0.03337995707988739,0.03322707861661911,0.033282022923231125,0.03331327810883522,0.03330351412296295,0.03322707861661911,0.03322707861661911,0.03322707861661911,0.03322707861661911,0.03322707861661911,0.033502548933029175,0.03359997272491455,0.03327023237943649,0.033240705728530884,0.033548567444086075,0.03322707861661911,0.03380652144551277,0.0333070307970047,0.033445410430431366,0.033264849334955215,0.03336646035313606,0.03322707861661911,0.03336504474282265,0.033323660492897034,0.03322707861661911,0.03362003713846207
2024-01-30,0.03324798122048378,0.03322707861661911,0.03331446647644043,0.03322707861661911,0.03337995707988739,0.03322707861661911,0.033282022923231125,0.03331327810883522,0.03330351412296295,0.03322707861661911,0.03322707861661911,0.03322707861661911,0.03322707861661911,0.03322707861661911,0.033502548933029175,0.03359997272491455,0.03327023237943649,0.033240705728530884,0.033548567444086075,0.03322707861661911,0.03380652144551277,0.0333070307970047,0.033445410430431366,0.033264849334955215,0.03336646035313606,0.03322707861661911,0.03336504474282265,0.033323660492897034,0.03322707861661911,0.03362003713846207
2024-01-31,0.033235203474760056,0.03323124721646309,0.03329702839255333,0.03323124721646309,0.03338932991027832,0.03323124721646309,0.03323124721646309,0.03330390155315399,0.03335309773683548,0.03323124721646309,0.03323124721646309,0.03323124721646309,0.03323124721646309,0.03323124721646309,0.03358852118253708,0.0336335152387619,0.03327050805091858,0.03323124721646309,0.03345797583460808,0.03323124721646309,0.03376728296279907,0.03326401114463806,0.033481333404779434,0.03323124721646309,0.033430784940719604,0.03323124721646309,0.03331777825951576,0.03338422253727913,0.03323124721646309,0.033588167279958725
2024-02-01,0.033231426030397415,0.033231426030397415,0.033289242535829544,0.033231426030397415,0.03339000791311264,0.033231426030397415,0.033231426030397415,0.033298153430223465,0.033372413367033005,0.033231426030397415,0.033231426030397415,0.033231426030397415,0.033231426030397415,0.033231426030397415,0.03361200913786888,0.0336451530456543,0.03326781094074249,0.033231426030397415,0.033417824655771255,0.033231426030397415,0.03374567627906799,0.03324432671070099,0.033489890396595,0.033231426030397415,0.03345087543129921,0.0332692414522171,0.03329860046505928,0.033397968858480453,0.033231426030397415,0.03357081860303879
2024-02-02,0.033243343234062195,0.033243343234062195,0.03340177983045578,0.033243343234062195,0.033254701644182205,0.033243343234062195,0.03334202244877815,0.033243343234062195,0.03325294703245163,0.033243343234062195,0.033243343234062195,0.033243343234062195,0.033243343234062195,0.033243343234062195,0.033497512340545654,0.033654481172561646,0.033243343234062195,0.03332594037055969,0.03340473771095276,0.033243343234062195,0.0336291566491127,0.033243343234062195,0.03361605480313301,0.033243343234062195,0.03348767012357712,0.033243343234062195,0.03339154273271561,0.033405061811208725,0.033243343234062195,0.033442914485931396
2024-02-03,0.03323926031589508,0.03323926031589508,0.03328874707221985,0.03323926031589508,0.03333314135670662,0.03323926031589508,0.03327842429280281,0.03323926031589508,0.033331286162137985,0.03323926031589508,0.03323926031589508,0.03323926031589508,0.03323926031589508,0.03323926031589508,0.03343750536441803,0.033609841018915176,0.0332748219370842,0.03323926031589508,0.03323926031589508,0.03329942375421524,0.033752985298633575,0.03332758694887161,0.03354446962475777,0.03323926031589508,0.03344148024916649,0.03331103175878525,0.0334722176194191,0.03337155655026436,0.033245883882045746,0.033569175750017166
2024-02-04,0.03324279561638832,0.03324279561638832,0.03331650793552399,0.03324279561638832,0.03335680067539215,0.03324279561638832,0.03324279561638832,0.03324279561638832,0.03331802040338516,0.03324279561638832,0.03324279561638832,0.03324279561638832,0.03324279561638832,0.03324279561638832,0.03339410945773125,0.033635351806879044,0.03329246863722801,0.03324279561638832,0.03324279561638832,0.03329472616314888,0.03372284770011902,0.03329974785447121,0.033559344708919525,0.03324279561638832,0.033448051661252975,0.03328516334295273,0.03347772732377052,0.03341376408934593,0.03324279561638832,0.03354345262050629
2024-02-05,0.033249642699956894,0.033249642699956894,0.0333636999130249,0.033249642699956894,0.03337517008185387,0.033249642699956894,0.03325989842414856,0.033249642699956894,0.033337321132421494,0.033249642699956894,0.033249642699956894,0.033249642699956894,0.033249642699956894,0.033249642699956894,0.03339863568544388,0.033662356436252594,0.033255599439144135,0.033249642699956894,0.033249642699956894,0.033249642699956894,0.0336826853454113,0.033249642699956894,0.03358040750026703,0.033249642699956894,0.03346343711018562,0.033249642699956894,0.03345266729593277,0.033391073346138,0.033249642699956894,0.03353320434689522
2024-02-06,0.03324965387582779,0.03324965387582779,0.03336397558450699,0.03324965387582779,0.033375225961208344,0.03324965387582779,0.033260446041822433,0.03324965387582779,0.03333774581551552,0.03324965387582779,0.03324965387582779,0.03324965387582779,0.03324965387582779,0.03324965387582779,0.033399034291505814,0.033662475645542145,0.033255040645599365,0.03324965387582779,0.03324965387582779,0.03324965387582779,0.0336824506521225,0.03324965387582779,0.033580418676137924,0.03324965387582779,0.03346353769302368,0.03324965387582779,0.03345223516225815,0.03338990360498428,0.03324965387582779,0.03353344276547432
2024-02-07,0.033245909959077835,0.033245909959077835,0.03334692865610123,0.033245909959077835,0.03331516310572624,0.033245909959077835,0.033282339572906494,0.033245909959077835,0.03335162252187729,0.033245909959077835,0.033245909959077835,0.033245909959077835,0.033245909959077835,0.033245909959077835,0.033435530960559845,0.033650048077106476,0.033252060413360596,0.033245909959077835,0.033245909959077835,0.033245909959077835,0.03381119668483734,0.03326462209224701,0.03357365354895592,0.033245909959077835,0.03353679180145264,0.033245909959077835,0.033421531319618225,0.033332593739032745,0.03327595070004463,0.033461347222328186
2024-02-08,0.03331721946597099,0.033239345997571945,0.0333302840590477,0.033239345997571945,0.03335120528936386,0.033239345997571945,0.033239345997571945,0.0332510769367218,0.033239345997571945,0.033239345997571945,0.033239345997571945,0.033239345997571945,0.033239345997571945,0.033239345997571945,0.03332765772938728,0.033630356192588806,0.03330491855740547,0.033239345997571945,0.033239345997571945,0.03327445685863495,0.03370083495974541,0.03331361711025238,0.03356475010514259,0.033239345997571945,0.03345941752195358,0.03327026590704918,0.03351235017180443,0.03360435739159584,0.03326212987303734,0.03341369703412056
2024-02-09,0.03324965760111809,0.03324965760111809,0.03336374834179878,0.03324965760111809,0.03337538242340088,0.03324965760111809,0.03325953707098961,0.03324965760111809,0.03333672881126404,0.03324965760111809,0.03324965760111809,0.03324965760111809,0.03324965760111809,0.03324965760111809,0.033398136496543884,0.0336623415350914,0.033255741000175476,0.03324965760111809,0.03324965760111809,0.03324965760111809,0.03368242084980011,0.03324965760111809,0.03358064591884613,0.03324965760111809,0.033463429659605026,0.03324965760111809,0.03345277160406113,0.033392246812582016,0.03324965760111809,0.033532675355672836
2024-02-10,0.03324965387582779,0.03324965387582779,0.03336390480399132,0.03324965387582779,0.03337521851062775,0.03324965387582779,0.033260028809309006,0.03324965387582779,0.03333742544054985,0.03324965387582779,0.03324965387582779,0.03324965387582779,0.03324965387582779,0.03324965387582779,0.03339872136712074,0.03366243466734886,0.033255305141210556,0.03324965387582779,0.03324965387582779,0.03324965387582779,0.033682458102703094,0.03324965387582779,0.0335804745554924,0.03324965387582779,0.0334635004401207,0.03324965387582779,0.03345249593257904,0.03339084982872009,0.03324965387582779,0.03353312239050865
2024-02-11,0.0332631915807724,0.03324582800269127,0.033347904682159424,0.03324582800269127,0.03337079659104347,0.03324582800269127,0.03324582800269127,0.03324582800269127,0.033282071352005005,0.03324582800269127,0.03324582800269127,0.03324582800269127,0.03324582800269127,0.03324582800269127,0.03335334733128548,0.033652547746896744,0.03328698128461838,0.03324582800269127,0.03324582800269127,0.03326873853802681,0.03367701545357704,0.033272914588451385,0.03357677906751633,0.03324582800269127,0.033453065901994705,0.033261775970458984,0.033489473164081573,0.033523112535476685,0.03324582800269127,0.033478688448667526
2024-02-12,0.03329146280884743,0.033243075013160706,0.033340934664011,0.033243075013160706,0.03336900845170021,0.033243075013160706,0.033243075013160706,0.033243075013160706,0.03325875848531723,0.033243075013160706,0.033243075013160706,0.033243075013160706,0.033243075013160706,0.033243075013160706,0.033337969332933426,0.03364675119519234,0.03329504281282425,0.033243075013160706,0.033243075013160706,0.03327645733952522,0.0336732380092144,0.03328671678900719,0.033571407198905945,0.033243075013160706,0.03344646096229553,0.03327273204922676,0.03350161761045456,0.03356676548719406,0.033247750252485275,0.03345687314867973
2024-02-13,0.033243779093027115,0.033243779093027115,0.03339546546339989,0.033243779093027115,0.033310167491436005,0.033243779093027115,0.033243779093027115,0.033243779093027115,0.033243779093027115,0.033243779093027115,0.033243779093027115,0.033243779093027115,0.033243779093027115,0.033243779093027115,0.03345383331179619,0.03364798054099083,0.033243779093027115,0.033243779093027115,0.033243779093027115,0.0334475077688694,0.03353506326675415,0.033243779093027115,0.033634401857852936,0.033243779093027115,0.033519845455884933,0.03328185901045799,0.03352658823132515,0.033384308218955994,0.03325889632105827,0.033459872007369995
2024-02-14,0.03324965387582779,0.03324965387582779,0.03336397558450699,0.03324965387582779,0.033375225961208344,0.03324965387582779,0.033260446041822433,0.03324965387582779,0.03333774581551552,0.03324965387582779,0.03324965387582779,0.03324965387582779,0.03324965387582779,0.03324965387582779,0.033399034291505814,0.033662475645542145,0.033255040645599365,0.03324965387582779,0.03324965387582779,0.03324965387582779,0.0336824506521225,0.03324965387582779,0.033580418676137924,0.03324965387582779,0.033463530242443085,0.03324965387582779,0.03345223516225815,0.03338990360498428,0.03324965387582779,0.03353344276547432
2024-02-15,0.03324965387582779,0.03324965387582779,0.03336397558450699,0.03324965387582779,0.033375225961208344,0.03324965387582779,0.033260446041822433,0.03324965387582779,0.03333774581551552,0.03324965387582779,0.03324965387582779,0.03324965387582779,0.03324965387582779,0.03324965387582779,0.033399034291505814,0.033662475645542145,0.033255040645599365,0.03324965387582779,0.03324965387582779,0.03324965387582779,0.0336824506521225,0.03324965387582779,0.033580418676137924,0.03324965387582779,0.033463530242443085,0.03324965387582779,0.03345223516225815,0.03338990360498428,0.03324965387582779,0.03353344276547432
2024-02-16,0.03332393243908882,0.03323940560221672,0.033332791179418564,0.03323940560221672,0.03336833417415619,0.03323940560221672,0.03323940560221672,0.03324045613408089,0.03323940560221672,0.03323940560221672,0.03323940560221672,0.03323940560221672,0.03323940560221672,0.03323940560221672,0.03332037106156349,0.033637724816799164,0.03330323472619057,0.03323940560221672,0.03323940560221672,0.03328590840101242,0.03366871178150177,0.03330327942967415,0.033563487231731415,0.03323940560221672,0.03343648090958595,0.03328661248087883,0.03351478651165962,0.033616844564676285,0.03325450047850609,0.03343023359775543
2024-02-17,0.03332393243908882,0.03323940560221672,0.033332791179418564,0.03323940560221672,0.03336833417415619,0.03323940560221672,0.03323940560221672,0.03324045613408089,0.03323940560221672,0.03323940560221672,0.03323940560221672,0.03323940560221672,0.03323940560221672,0.03323940560221672,0.03332037106156349,0.033637724816799164,0.03330323472619057,0.03323940560221672,0.03323940560221672,0.03328590840101242,0.03366871178150177,0.03330327942967415,0.033563487231731415,0.03323940560221672,0.03343648090958595,0.03328661248087883,0.03351478651165962,0.033616844564676285,0.03325450047850609,0.03343023359775543
2024-02-18,0.03332393243908882,0.03323940560221672,0.033332791179418564,0.03323940560221672,0.03336833417415619,0.03323940560221672,0.03323940560221672,0.03324045613408089,0.03323940560221672,0.03323940560221672,0.03323940560221672,0.03323940560221672,0.03323940560221672,0.03323940560221672,0.03332037106156349,0.033637724816799164,0.03330323472619057,0.03323940560221672,0.03323940560221672,0.03328590840101242,0.03366871178150177,0.03330327942967415,0.033563487231731415,0.03323940560221672,0.03343648090958595,0.03328661248087883,0.03351478651165962,0.033616844564676285,0.03325450047850609,0.03343023359775543
2024-02-19,0.03332393243908882,0.03323940560221672,0.033332791179418564,0.03323940560221672,0.03336833417415619,0.03323940560221672,0.03323940560221672,0.03324045613408089,0.03323940560221672,0.03323940560221672,0.03323940560221672,0.03323940560221672,0.03323940560221672,0.03323940560221672,0.03332037106156349,0.033637724816799164,0.03330323472619057,0.03323940560221672,0.03323940560221672,0.03328590840101242,0.03366871178150177,0.03330327942967415,0.033563487231731415,0.03323940560221672,0.03343648090958595,0.03328661248087883,0.03351478651165962,0.033616844564676285,0.03325450047850609,0.03343023359775543
2024-02-20,0.03332393243908882,0.03323940560221672,0.033332791179418564,0.03323940560221672,0.03336833417415619,0.03323940560221672,0.03323940560221672,0.03324045613408089,0.03323940560221672,0.03323940560221672,0.03323940560221672,0.03323940560221672,0.03323940560221672,0.03323940560221672,0.03332037106156349,0.033637724816799164,0.03330323472619057,0.03323940560221672,0.03323940560221672,0.03328590840101242,0.03366871178150177,0.03330327942967415,0.033563487231731415,0.03323940560221672,0.03343648090958595,0.03328661248087883,0.03351478651165962,0.033616844564676285,0.03325450047850609,0.03343023359775543
2024-02-21,0.03324851393699646,0.03324366360902786,0.03332742303609848,0.03324366360902786,0.033300720155239105,0.03325610235333443,0.03324366360902786,0.03324366360902786,0.03325499966740608,0.03324366360902786,0.03324366360902786,0.03324366360902786,0.03324366360902786,0.03324366360902786,0.03330259770154953,0.03370797261595726,0.03325634077191353,0.03324366360902786,0.03324366360902786,0.03324366360902786,0.03362218663096428,0.03338281437754631,0.0335419662296772,0.03324366360902786,0.03341298550367355,0.033295076340436935,0.0335056334733963,0.033693455159664154,0.03324366360902786,0.03347991034388542
2024-02-22,0.03324520215392113,0.033243488520383835,0.03332463279366493,0.033243488520383835,0.03330022469162941,0.03325607627630234,0.033243488520383835,0.033243488520383835,0.03325788676738739,0.033243488520383835,0.033243488520383835,0.033243488520383835,0.033243488520383835,0.033243488520383835,0.03330559283494949,0.033710282295942307,0.033257823437452316,0.033243488520383835,0.033243488520383835,0.033243488520383835,0.03361612185835838,0.03337061405181885,0.03354863077402115,0.033243488520383835,0.03342243656516075,0.03330747038125992,0.03349835053086281,0.033695321530103683,0.033243488520383835,0.03347449377179146
2024-02-23,0.033239904791116714,0.033239904791116714,0.03329990431666374,0.033239904791116714,0.033239904791116714,0.033239904791116714,0.033239904791116714,0.03331426903605461,0.03328903019428253,0.033239904791116714,0.033239904791116714,0.033239904791116714,0.033239904791116714,0.033239904791116714,0.03331828862428665,0.033632729202508926,0.03327329829335213,0.033239904791116714,0.033239904791116714,0.033239904791116714,0.03379534184932709,0.03340868279337883,0.03355623036623001,0.033239904791116714,0.033505186438560486,0.033239904791116714,0.03349053114652634,0.033600497990846634,0.033267419785261154,0.03341008722782135
2024-02-24,0.03323102742433548,0.03323102742433548,0.03328423202037811,0.03323102742433548,0.03323102742433548,0.03323102742433548,0.03323102742433548,0.03333896026015282,0.03324327990412712,0.03323102742433548,0.03323102742433548,0.03323102742433548,0.03323102742433548,0.03323102742433548,0.033330705016851425,0.03361359238624573,0.03328453004360199,0.03323102742433548,0.03323102742433548,0.033242471516132355,0.033839840441942215,0.03345460817217827,0.03356980159878731,0.03323102742433548,0.03346426039934158,0.033286042511463165,0.033465273678302765,0.03355652838945389,0.033324696123600006,0.03346680849790573
2024-02-25,0.03323102742433548,0.03323102742433548,0.03328423202037811,0.03323102742433548,0.03323102742433548,0.03323102742433548,0.03323102742433548,0.03333896026015282,0.03324327990412712,0.03323102742433548,0.03323102742433548,0.03323102742433548,0.03323102742433548,0.03323102742433548,0.033330705016851425,0.03361359238624573,0.03328453004360199,0.03323102742433548,0.03323102742433548,0.033242471516132355,0.033839840441942215,0.03345460817217827,0.03356980159878731,0.03323102742433548,0.03346426039934158,0.033286042511463165,0.033465273678302765,0.03355652838945389,0.033324696123600006,0.03346680849790573
2024-02-26,0.03323102742433548,0.03323102742433548,0.03328423202037811,0.03323102742433548,0.03323102742433548,0.03323102742433548,0.03323102742433548,0.03333896026015282,0.03324327990412712,0.03323102742433548,0.03323102742433548,0.03323102742433548,0.03323102742433548,0.03323102742433548,0.033330705016851425,0.03361359238624573,0.03328453004360199,0.03323102742433548,0.03323102742433548,0.033242471516132355,0.033839840441942215,0.03345460817217827,0.03356980159878731,0.03323102742433548,0.03346426039934158,0.033286042511463165,0.033465273678302765,0.03355652838945389,0.033324696123600006,0.03346680849790573
2024-02-27,0.03323102742433548,0.03323102742433548,0.03328423202037811,0.03323102742433548,0.03323102742433548,0.03323102742433548,0.03323102742433548,0.03333896026015282,0.03324327990412712,0.03323102742433548,0.03323102742433548,0.03323102742433548,0.03323102742433548,0.03323102742433548,0.033330705016851425,0.03361359238624573,0.03328453004360199,0.03323102742433548,0.03323102742433548,0.033242471516132355,0.033839840441942215,0.03345460817217827,0.03356980159878731,0.03323102742433548,0.03346426039934158,0.033286042511463165,0.033465273678302765,0.03355652838945389,0.033324696123600006,0.03346680849790573
2024-02-28,0.03335970640182495,0.03323088586330414,0.0333256758749485,0.03326623514294624,0.03323088586330414,0.03323088586330414,0.033252276480197906,0.03335177153348923,0.03323088586330414,0.03323088586330414,0.03323088586330414,0.03323088586330414,0.03323088586330414,0.03323088586330414,0.03335544466972351,0.03352491930127144,0.03323088586330414,0.03323088586330414,0.03323088586330414,0.03343850374221802,0.0336015559732914,0.03331563621759415,0.03349516540765762,0.03332080692052841,0.03349518030881882,0.033412039279937744,0.03345436230301857,0.03354005515575409,0.03323088586330414,0.033489082008600235
2024-02-29,0.03321792185306549,0.03321792185306549,0.033242419362068176,0.03321874514222145,0.03321792185306549,0.03321792185306549,0.03321792185306549,0.03334546089172363,0.033393632620573044,0.03321792185306549,0.03321792185306549,0.03321792185306549,0.033297646790742874,0.03321792185306549,0.033382564783096313,0.033597007393836975,0.03321792185306549,0.03321792185306549,0.03321792185306549,0.03340061008930206,0.033740878105163574,0.033518236130476,0.03362247720360756,0.033292852342128754,0.03352753072977066,0.03321792185306549,0.03357568010687828,0.033360932022333145,0.03321792185306549,0.033432405441999435
2024-03-01,0.03326542302966118,0.03322078660130501,0.03322352468967438,0.03325146064162254,0.03322078660130501,0.03322078660130501,0.03322078660130501,0.033332422375679016,0.03341292217373848,0.03322078660130501,0.03322078660130501,0.03322078660130501,0.03335391357541084,0.03322078660130501,0.03344140201807022,0.033579256385564804,0.03322078660130501,0.03322078660130501,0.03322078660130501,0.03342246636748314,0.03377914056181908,0.033458612859249115,0.03357794135808945,0.03322078660130501,0.033533770591020584,0.033232804387807846,0.03356868773698807,0.03329559415578842,0.03322078660130501,0.03340033069252968
2024-03-02,0.03326542302966118,0.03322078660130501,0.03322352468967438,0.03325146064162254,0.03322078660130501,0.03322078660130501,0.03322078660130501,0.033332422375679016,0.03341292217373848,0.03322078660130501,0.03322078660130501,0.03322078660130501,0.03335391357541084,0.03322078660130501,0.03344140201807022,0.033579256385564804,0.03322078660130501,0.03322078660130501,0.03322078660130501,0.03342246636748314,0.03377914056181908,0.033458612859249115,0.03357794135808945,0.03322078660130501,0.033533770591020584,0.033232804387807846,0.03356868773698807,0.03329559415578842,0.03322078660130501,0.03340033069252968
2024-03-03,0.03326542302966118,0.03322078660130501,0.03322352468967438,0.03325146064162254,0.03322078660130501,0.03322078660130501,0.03322078660130501,0.033332422375679016,0.03341292217373848,0.03322078660130501,0.03322078660130501,0.03322078660130501,0.03335391357541084,0.03322078660130501,0.03344140201807022,0.033579256385564804,0.03322078660130501,0.03322078660130501,0.03322078660130501,0.03342246636748314,0.03377914056181908,0.033458612859249115,0.03357794135808945,0.03322078660130501,0.033533770591020584,0.033232804387807846,0.03356868773698807,0.03329559415578842,0.03322078660130501,0.03340033069252968
2024-03-04,0.03326542302966118,0.03322078660130501,0.03322352468967438,0.03325146064162254,0.03322078660130501,0.03322078660130501,0.03322078660130501,0.033332422375679016,0.03341292217373848,0.03322078660130501,0.03322078660130501,0.03322078660130501,0.03335391357541084,0.03322078660130501,0.03344140201807022,0.033579256385564804,0.03322078660130501,0.03322078660130501,0.03322078660130501,0.03342246636748314,0.03377914056181908,0.033458612859249115,0.03357794135808945,0.03322078660130501,0.033533770591020584,0.033232804387807846,0.03356868773698807,0.03329559415578842,0.03322078660130501,0.03340033069252968
2024-03-05,0.03327353298664093,0.03324059769511223,0.03324059769511223,0.03324059769511223,0.03324059769511223,0.03324059769511223,0.03324891999363899,0.03331783041357994,0.03338364511728287,0.03324059769511223,0.03324059769511223,0.03324059769511223,0.0333360992372036,0.03324059769511223,0.03341591730713844,0.033500127494335175,0.033289600163698196,0.03324059769511223,0.03324059769511223,0.03331330418586731,0.03359748423099518,0.03337978199124336,0.03345191106200218,0.03324059769511223,0.03344293311238289,0.033316947519779205,0.033634450286626816,0.0333634614944458,0.03324059769511223,0.03360636904835701
2024-03-06,0.033273402601480484,0.03324063867330551,0.03324063867330551,0.03324063867330551,0.03324063867330551,0.03324063867330551,0.03324861079454422,0.03331774100661278,0.03338346630334854,0.03324063867330551,0.03324063867330551,0.03324063867330551,0.0333363302052021,0.03324063867330551,0.03341585770249367,0.03350042179226875,0.033289678394794464,0.03324063867330551,0.03324063867330551,0.033313192427158356,0.03359734266996384,0.03337962552905083,0.03345195949077606,0.03324063867330551,0.03344302251935005,0.033316854387521744,0.03363439813256264,0.03336354345083237,0.03324063867330551,0.033606257289648056
2024-03-07,0.03324392810463905,0.03324392810463905,0.03326226770877838,0.03324392810463905,0.03324392810463905,0.03324392810463905,0.033305685967206955,0.03329607844352722,0.03325505182147026,0.03324392810463905,0.03324392810463905,0.03324392810463905,0.03329591453075409,0.03324392810463905,0.03349451348185539,0.0335531160235405,0.03332341089844704,0.03324392810463905,0.03324392810463905,0.03326459601521492,0.03361621871590614,0.03325333446264267,0.033456750214099884,0.03325073421001434,0.03353404626250267,0.03331370651721954,0.033586855977773666,0.03335590660572052,0.03324392810463905,0.033654745668172836
2024-03-08,0.03327353298664093,0.03324059769511223,0.03324059769511223,0.03324059769511223,0.03324059769511223,0.03324059769511223,0.03324891999363899,0.03331783041357994,0.03338364511728287,0.03324059769511223,0.03324059769511223,0.03324059769511223,0.0333360992372036,0.03324059769511223,0.03341591730713844,0.033500127494335175,0.033289600163698196,0.03324059769511223,0.03324059769511223,0.03331330418586731,0.03359748423099518,0.03337978199124336,0.03345191106200218,0.03324059769511223,0.03344293311238289,0.033316947519779205,0.033634450286626816,0.0333634614944458,0.03324059769511223,0.03360636904835701
2024-03-09,0.03324427828192711,0.03323199227452278,0.03328254446387291,0.03323199227452278,0.03323199227452278,0.03323199227452278,0.03323199227452278,0.03328428044915199,0.03330634906888008,0.03323199227452278,0.03323199227452278,0.03323199227452278,0.03329253941774368,0.03323199227452278,0.033491600304841995,0.03360695391893387,0.03323199227452278,0.03323199227452278,0.03323199227452278,0.03341475874185562,0.03370301052927971,0.0332614928483963,0.03354005515575409,0.03323199227452278,0.03357649967074394,0.03331466391682625,0.03355863317847252,0.03331818804144859,0.03323199227452278,0.03355634957551956
2024-03-10,0.033237140625715256,0.033237140625715256,0.033331822603940964,0.033237140625715256,0.033287107944488525,0.033237140625715256,0.03325566276907921,0.033239398151636124,0.03324810788035393,0.033237140625715256,0.033237140625715256,0.033237140625715256,0.033237140625715256,0.033237140625715256,0.03350026160478592,0.033604513853788376,0.033237140625715256,0.033237140625715256,0.033237140625715256,0.033505648374557495,0.03363485634326935,0.033237140625715256,0.03359701484441757,0.033237140625715256,0.03351560980081558,0.033345263451337814,0.03353298082947731,0.033293332904577255,0.033275771886110306,0.03351268172264099
2024-03-11,0.033237140625715256,0.033237140625715256,0.03333184868097305,0.033237140625715256,0.0332871749997139,0.033237140625715256,0.033255647867918015,0.033239372074604034,0.03324807435274124,0.033237140625715256,0.033237140625715256,0.033237140625715256,0.033237140625715256,0.033237140625715256,0.03350023552775383,0.033604517579078674,0.033237140625715256,0.033237140625715256,0.033237140625715256,0.033505648374557495,0.03363480046391487,0.033237140625715256,0.03359704092144966,0.033237140625715256,0.0335155725479126,0.033345263451337814,0.03353297337889671,0.03329334780573845,0.033275797963142395,0.033512648195028305
2024-03-12,0.033248450607061386,0.033248450607061386,0.03336304426193237,0.033248450607061386,0.03335085138678551,0.033248450607061386,0.03326914831995964,0.033248450607061386,0.03334910422563553,0.033248450607061386,0.033248450607061386,0.033248450607061386,0.033248450607061386,0.033248450607061386,0.03336646780371666,0.03367988392710686,0.033248450607061386,0.033248450607061386,0.033248450607061386,0.033248450607061386,0.033660318702459335,0.03326795995235443,0.03358186036348343,0.033248450607061386,0.03345970809459686,0.033248450607061386,0.0334499217569828,0.03343459963798523,0.033248450607061386,0.03354353457689285
2024-03-13,0.03324044123291969,0.03324044123291969,0.03324044123291969,0.03324044123291969,0.03327373042702675,0.03327920287847519,0.033373862504959106,0.03324044123291969,0.03324044123291969,0.03324044123291969,0.03324044123291969,0.03324044123291969,0.03324044123291969,0.03324044123291969,0.03340043127536774,0.033522386103868484,0.03324044123291969,0.03324044123291969,0.03324044123291969,0.03324044123291969,0.03393463417887688,0.03348040208220482,0.03371359407901764,0.03333757445216179,0.03343333676457405,0.03324044123291969,0.03324044123291969,0.03324044123291969,0.03337835147976875,0.033544573932886124
2024-03-14,0.03324500098824501,0.03324500098824501,0.03324500098824501,0.03324500098824501,0.033247210085392,0.03324821963906288,0.033283986151218414,0.03331274911761284,0.033274516463279724,0.03324500098824501,0.03324500098824501,0.03324500098824501,0.03324500098824501,0.03324500098824501,0.03366422280669212,0.033686764538288116,0.03324500098824501,0.03324500098824501,0.03324500098824501,0.03324500098824501,0.03397751599550247,0.03331536054611206,0.03364391252398491,0.03324500098824501,0.03324500098824501,0.03324500098824501,0.03324500098824501,0.033337146043777466,0.03334954008460045,0.03349379077553749
2024-03-15,0.03326302766799927,0.03326302766799927,0.03326302766799927,0.03326302766799927,0.033414702862501144,0.03326302766799927,0.03333916515111923,0.03326956182718277,0.03326302766799927,0.03326302766799927,0.03326302766799927,0.03326302766799927,0.03326302766799927,0.03326302766799927,0.03360448032617569,0.033697038888931274,0.03326302766799927,0.03326302766799927,0.03326302766799927,0.03326302766799927,0.033834658563137054,0.03326302766799927,0.03353198990225792,0.03326302766799927,0.03326302766799927,0.03326302766799927,0.03326302766799927,0.033302612602710724,0.033298060297966,0.033447153866291046
2024-03-16,0.03325199708342552,0.03325199708342552,0.03325199708342552,0.03325199708342552,0.03325199708342552,0.03325199708342552,0.03325199708342552,0.03325199708342552,0.03337230160832405,0.03325199708342552,0.03325199708342552,0.03325199708342552,0.03325199708342552,0.03325199708342552,0.03359784930944443,0.03373027220368385,0.03325199708342552,0.03325199708342552,0.03325199708342552,0.03325199708342552,0.03381955251097679,0.03325199708342552,0.03361227735877037,0.03325199708342552,0.033327825367450714,0.03325199708342552,0.03334510326385498,0.03341706842184067,0.03334250673651695,0.03339528664946556
2024-03-17,0.03325199708342552,0.03325199708342552,0.03325199708342552,0.03325199708342552,0.03325199708342552,0.03325199708342552,0.03325199708342552,0.03325199708342552,0.03337232396006584,0.03325199708342552,0.03325199708342552,0.03325199708342552,0.03325199708342552,0.03325199708342552,0.03359786048531532,0.03373027220368385,0.03325199708342552,0.03325199708342552,0.03325199708342552,0.03325199708342552,0.03381956368684769,0.03325199708342552,0.033612266182899475,0.03325199708342552,0.033327825367450714,0.03325199708342552,0.03334512189030647,0.03341707959771156,0.03334250673651695,0.03339527174830437
2024-03-18,0.03325199708342552,0.03325199708342552,0.03325199708342552,0.03325199708342552,0.03325199708342552,0.03325199708342552,0.03325199708342552,0.03325199708342552,0.03337232023477554,0.03325199708342552,0.03325199708342552,0.03325199708342552,0.03325199708342552,0.03325199708342552,0.033597856760025024,0.03373027592897415,0.03325199708342552,0.03325199708342552,0.03325199708342552,0.03325199708342552,0.03381955996155739,0.03325199708342552,0.03361226245760918,0.03325199708342552,0.033327825367450714,0.03325199708342552,0.03334512561559677,0.03341708332300186,0.033342503011226654,0.03339526802301407
2024-03-19,0.033259086310863495,0.033259086310863495,0.033259086310863495,0.033259086310863495,0.033400826156139374,0.033259086310863495,0.033279869705438614,0.033259086310863495,0.033259086310863495,0.033259086310863495,0.033259086310863495,0.033259086310863495,0.033259086310863495,0.033259086310863495,0.033541347831487656,0.03371601179242134,0.033259086310863495,0.033259086310863495,0.033259086310863495,0.033259086310863495,0.03359294310212135,0.033259086310863495,0.033660758286714554,0.033259086310863495,0.033259086310863495,0.033259086310863495,0.03330457955598831,0.03342045098543167,0.033370647579431534,0.03353080153465271
2024-03-20,0.03325271978974342,0.03325271978974342,0.033262088894844055,0.03325271978974342,0.03333495184779167,0.03325271978974342,0.03325271978974342,0.03325271978974342,0.0333545058965683,0.03325271978974342,0.03325271978974342,0.03325271978974342,0.03325271978974342,0.03325271978974342,0.03355046361684799,0.03373698145151138,0.03325271978974342,0.03325271978974342,0.03325271978974342,0.03325271978974342,0.03366178646683693,0.03325271978974342,0.03360465168952942,0.03325271978974342,0.03325348347425461,0.03325271978974342,0.03340790048241615,0.033481474965810776,0.033308520913124084,0.03349420800805092
2024-03-21,0.0332394614815712,0.0332394614815712,0.03332832083106041,0.0332394614815712,0.03338901326060295,0.0332394614815712,0.0332394614815712,0.033289629966020584,0.03335878998041153,0.0332394614815712,0.0332394614815712,0.0332394614815712,0.0332394614815712,0.0332394614815712,0.03343799337744713,0.03373359143733978,0.033306073397397995,0.0332394614815712,0.03336068615317345,0.0332394614815712,0.03372737392783165,0.0332394614815712,0.033464156091213226,0.0332394614815712,0.0335015170276165,0.0332893505692482,0.03337571397423744,0.033345818519592285,0.0332394614815712,0.03350004553794861
2024-03-22,0.033237263560295105,0.033237263560295105,0.0332823172211647,0.033237263560295105,0.03349722921848297,0.033237263560295105,0.033237263560295105,0.033321645110845566,0.0334031842648983,0.033237263560295105,0.033237263560295105,0.033237263560295105,0.033237263560295105,0.033237263560295105,0.03341180831193924,0.0336688831448555,0.033237263560295105,0.033237263560295105,0.033237263560295105,0.03341676667332649,0.0335676483809948,0.033237263560295105,0.033570513129234314,0.033237263560295105,0.03344738110899925,0.0333479642868042,0.033536456525325775,0.03333031013607979,0.033237263560295105,0.03340160474181175
2024-03-23,0.03322942927479744,0.03322942927479744,0.03322942927479744,0.03322942927479744,0.03349370136857033,0.03322942927479744,0.03322942927479744,0.03331999480724335,0.033427491784095764,0.03322942927479744,0.03322942927479744,0.03322942927479744,0.03322942927479744,0.03322942927479744,0.033463697880506516,0.03362124040722847,0.03324146941304207,0.03322942927479744,0.03322942927479744,0.033455006778240204,0.033606525510549545,0.03322942927479744,0.03356030210852623,0.03325492516160011,0.03343206271529198,0.03343496844172478,0.03352018818259239,0.033293627202510834,0.03322942927479744,0.03343331441283226
2024-03-24,0.033235639333724976,0.0332324393093586,0.0332324393093586,0.0332324393093586,0.03355039283633232,0.0332324393093586,0.0332324393093586,0.03329336270689964,0.0334814190864563,0.0332324393093586,0.0332324393093586,0.0332324393093586,0.0332324393093586,0.0332324393093586,0.033438608050346375,0.03361955285072327,0.033306218683719635,0.0332324393093586,0.0332324393093586,0.033244676887989044,0.03369781747460365,0.03334948047995567,0.03350509703159332,0.0332324393093586,0.033377692103385925,0.033387597650289536,0.0334409736096859,0.033303674310445786,0.0332324393093586,0.033513616770505905
2024-03-25,0.03323698788881302,0.03323698788881302,0.03326239436864853,0.03323698788881302,0.03339178487658501,0.03323698788881302,0.03323698788881302,0.03327883407473564,0.033350132405757904,0.03323698788881302,0.03323698788881302,0.03323698788881302,0.03323698788881302,0.03323698788881302,0.03351298347115517,0.03369796648621559,0.033320359885692596,0.03323698788881302,0.033314209431409836,0.03323698788881302,0.033772796392440796,0.03323698788881302,0.03344918414950371,0.03323698788881302,0.033479273319244385,0.03339425101876259,0.03335956484079361,0.033303987234830856,0.03323698788881302,0.033557385206222534
2024-03-26,0.0332474485039711,0.0332474485039711,0.03332516923546791,0.0332474485039711,0.03334750980138779,0.0332740917801857,0.0332474485039711,0.033262189477682114,0.03331058844923973,0.0332474485039711,0.0332474485039711,0.0332474485039711,0.0332474485039711,0.0332474485039711,0.03347242996096611,0.03367980569601059,0.0332474485039711,0.0332474485039711,0.0332474485039711,0.0332474485039711,0.033925723284482956,0.03326304629445076,0.03362533077597618,0.0332474485039711,0.033545948565006256,0.0332474485039711,0.0332474485039711,0.033278319984674454,0.033262841403484344,0.03346790000796318
2024-03-27,0.0332474485039711,0.0332474485039711,0.03332516923546791,0.0332474485039711,0.03334750980138779,0.0332740917801857,0.0332474485039711,0.033262189477682114,0.03331058844923973,0.0332474485039711,0.0332474485039711,0.0332474485039711,0.0332474485039711,0.0332474485039711,0.03347242996096611,0.03367980569601059,0.0332474485039711,0.0332474485039711,0.0332474485039711,0.0332474485039711,0.033925723284482956,0.03326304629445076,0.03362533077597618,0.0332474485039711,0.033545948565006256,0.0332474485039711,0.0332474485039711,0.033278319984674454,0.033262841403484344,0.03346790000796318
2024-03-28,0.033239010721445084,0.033239010721445084,0.03330235928297043,0.033239010721445084,0.033327337354421616,0.033239010721445084,0.033239010721445084,0.03335278481245041,0.0333467498421669,0.033239010721445084,0.033239010721445084,0.033239010721445084,0.033239010721445084,0.033239010721445084,0.03353729844093323,0.03368699550628662,0.0332963764667511,0.033239010721445084,0.033239010721445084,0.033239010721445084,0.03390376642346382,0.03324852138757706,0.03346474468708038,0.033239010721445084,0.033561743795871735,0.03332364931702614,0.03333095833659172,0.03326085954904556,0.033239010721445084,0.03347069025039673
2024-03-29,0.033238474279642105,0.033238474279642105,0.033238474279642105,0.033238474279642105,0.03332699462771416,0.03327624127268791,0.033238474279642105,0.03336760774254799,0.0333172008395195,0.033238474279642105,0.033238474279642105,0.033238474279642105,0.033238474279642105,0.033238474279642105,0.03354979678988457,0.03366689383983612,0.033280860632658005,0.033238474279642105,0.033238474279642105,0.033238474279642105,0.033996641635894775,0.033239372074604034,0.03351987898349762,0.033238474279642105,0.03353356570005417,0.033357229083776474,0.033238474279642105,0.03324674442410469,0.033238474279642105,0.03350536525249481
2024-03-30,0.03324159234762192,0.03324159234762192,0.03327072784304619,0.03324159234762192,0.033347535878419876,0.03326939046382904,0.03324159234762192,0.03335019201040268,0.03332367166876793,0.03324159234762192,0.03324159234762192,0.03324159234762192,0.03324159234762192,0.03324159234762192,0.03349999710917473,0.033723268657922745,0.03328348696231842,0.03324159234762192,0.03325122594833374,0.03324159234762192,0.03396385908126831,0.03324159234762192,0.03351261094212532,0.03324159234762192,0.033569011837244034,0.03330150246620178,0.03324159234762192,0.03324159234762192,0.03324159234762192,0.03346803039312363
2024-03-31,0.03324529901146889,0.03324529901146889,0.03334575891494751,0.03324529901146889,0.03330565243959427,0.03324529901146889,0.033270590007305145,0.03326406329870224,0.03335791453719139,0.03324529901146889,0.03324529901146889,0.03324529901146889,0.03324529901146889,0.03324529901146889,0.033451396971940994,0.03365638479590416,0.033253394067287445,0.03324529901146889,0.03324529901146889,0.03324529901146889,0.033856216818094254,0.03325672820210457,0.033558689057826996,0.03324529901146889,0.03356058523058891,0.03324529901146889,0.033399082720279694,0.033315934240818024,0.033278584480285645,0.03343485668301582
2024-04-01,0.03324486315250397,0.03324486315250397,0.03334157168865204,0.03324486315250397,0.03330068290233612,0.03324486315250397,0.033290617167949677,0.03325211629271507,0.03335459902882576,0.03324486315250397,0.03324486315250397,0.03324486315250397,0.03324486315250397,0.03324486315250397,0.03344377875328064,0.03364468365907669,0.033250607550144196,0.03324486315250397,0.03324486315250397,0.03324486315250397,0.033848732709884644,0.033271607011556625,0.0335691012442112,0.03324486315250397,0.03355024755001068,0.03324486315250397,0.03340926021337509,0.0333179347217083,0.03328742831945419,0.03343896567821503
2024-04-02,0.0332474485039711,0.0332474485039711,0.03332516923546791,0.0332474485039711,0.03334750980138779,0.0332740917801857,0.0332474485039711,0.033262189477682114,0.03331058844923973,0.0332474485039711,0.0332474485039711,0.0332474485039711,0.0332474485039711,0.0332474485039711,0.03347242996096611,0.03367980942130089,0.0332474485039711,0.0332474485039711,0.0332474485039711,0.0332474485039711,0.033925723284482956,0.03326304629445076,0.03362533077597618,0.0332474485039711,0.03354594111442566,0.0332474485039711,0.0332474485039711,0.033278319984674454,0.033262841403484344,0.03346790000796318
2024-04-03,0.033252887427806854,0.033252887427806854,0.0333121232688427,0.033252887427806854,0.03330030292272568,0.033259373158216476,0.033252887427806854,0.033252887427806854,0.033252887427806854,0.033252887427806854,0.033252887427806854,0.033252887427806854,0.033252887427806854,0.033252887427806854,0.03348970040678978,0.03381119295954704,0.033252887427806854,0.033252887427806854,0.033252887427806854,0.033252887427806854,0.0338519811630249,0.033252887427806854,0.033622682094573975,0.033252887427806854,0.0333302803337574,0.033252887427806854,0.033252887427806854,0.033426396548748016,0.03335222974419594,0.03343889117240906
2024-04-04,0.033255692571401596,0.033255692571401596,0.03328726068139076,0.033255692571401596,0.033255692571401596,0.03326889127492905,0.033255692571401596,0.033255692571401596,0.033255692571401596,0.033255692571401596,0.033255692571401596,0.033255692571401596,0.033255692571401596,0.033255692571401596,0.033568065613508224,0.03384874761104584,0.033255692571401596,0.033255692571401596,0.03327545151114464,0.033255692571401596,0.033895377069711685,0.033255692571401596,0.033592984080314636,0.033255692571401596,0.0333595834672451,0.03325744345784187,0.033255692571401596,0.033366963267326355,0.03330789506435394,0.03336884081363678
2024-04-05,0.03324510157108307,0.03324510157108307,0.033323634415864944,0.033430274575948715,0.033302415162324905,0.03324510157108307,0.03324510157108307,0.03324510157108307,0.0332765057682991,0.03324510157108307,0.03324510157108307,0.03324510157108307,0.03334028273820877,0.03324510157108307,0.03343977406620979,0.033748988062143326,0.03324510157108307,0.03324510157108307,0.03324510157108307,0.03332080319523811,0.03374585136771202,0.03324966877698898,0.033555544912815094,0.03331158310174942,0.03334338963031769,0.03324510157108307,0.03356510028243065,0.03335767611861229,0.03324510157108307,0.03325706347823143
2024-04-06,0.03326177969574928,0.03326718881726265,0.033274661749601364,0.033414117991924286,0.033357229083776474,0.03328220918774605,0.03326177969574928,0.03326177969574928,0.03335144743323326,0.03326177969574928,0.03326177969574928,0.03326177969574928,0.03326177969574928,0.03326177969574928,0.03337216377258301,0.033697694540023804,0.03326177969574928,0.03326177969574928,0.03326177969574928,0.033267583698034286,0.03365602716803551,0.03326177969574928,0.03348112478852272,0.033282339572906494,0.0333654060959816,0.03326177969574928,0.0334564633667469,0.03341541066765785,0.03326177969574928,0.03339400142431259
2024-04-07,0.033252812922000885,0.03327320143580437,0.033270590007305145,0.03340184688568115,0.0333397202193737,0.033252812922000885,0.033252812922000885,0.033252812922000885,0.03334575146436691,0.033252812922000885,0.033252812922000885,0.033252812922000885,0.033252812922000885,0.033252812922000885,0.033406227827072144,0.033763591200113297,0.033252812922000885,0.033252812922000885,0.033252812922000885,0.033252812922000885,0.033766403794288635,0.03335210680961609,0.03353225812315941,0.03325450047850609,0.033300891518592834,0.033252812922000885,0.033515967428684235,0.03336070850491524,0.033252812922000885,0.033324092626571655
2024-04-08,0.03325392305850983,0.033267974853515625,0.03327520564198494,0.03339138999581337,0.03332360461354256,0.03325392305850983,0.03325392305850983,0.03325392305850983,0.03333558514714241,0.03325392305850983,0.03325392305850983,0.03325392305850983,0.03325392305850983,0.03325392305850983,0.03341686353087425,0.03377050906419754,0.03325392305850983,0.03325392305850983,0.03325392305850983,0.03325392305850983,0.033771853893995285,0.033337559551000595,0.03353526443243027,0.033254701644182205,0.033309537917375565,0.03325392305850983,0.033514149487018585,0.03336426615715027,0.03325392305850983,0.03332270681858063
2024-04-09,0.03324658051133156,0.03324658051133156,0.03330600634217262,0.03332758694887161,0.03332158923149109,0.03324658051133156,0.03324658051133156,0.03324658051133156,0.03336472809314728,0.03324658051133156,0.03324658051133156,0.03324658051133156,0.03324658051133156,0.03324658051133156,0.033397115767002106,0.033784590661525726,0.03324658051133156,0.03324658051133156,0.03324658051133156,0.033253010362386703,0.03372958302497864,0.03332812711596489,0.03356083109974861,0.03325498476624489,0.03330772742629051,0.03324658051133156,0.03351708874106407,0.033451616764068604,0.03324658051133156,0.03339671716094017
2024-04-10,0.033256251364946365,0.033256251364946365,0.033256251364946365,0.033256251364946365,0.033256251364946365,0.033256251364946365,0.03326302021741867,0.033256251364946365,0.0332680344581604,0.033256251364946365,0.033256251364946365,0.033256251364946365,0.033256251364946365,0.033256251364946365,0.03367253765463829,0.03381773829460144,0.033256251364946365,0.0332871749997139,0.033256251364946365,0.033256251364946365,0.03383057937026024,0.033256251364946365,0.03356310352683067,0.033256251364946365,0.03339465707540512,0.033256251364946365,0.03333277627825737,0.03334752842783928,0.03330192714929581,0.03330842778086662
2024-04-11,0.03325055539608002,0.03325055539608002,0.03331906720995903,0.03325055539608002,0.03326857089996338,0.03330345079302788,0.03325055539608002,0.03325055539608002,0.03325055539608002,0.03325055539608002,0.03325055539608002,0.03325055539608002,0.03325055539608002,0.03325055539608002,0.03352145478129387,0.03375893086194992,0.03325055539608002,0.03325055539608002,0.0332830585539341,0.03328700736165047,0.03383205458521843,0.03325055539608002,0.03332052379846573,0.03325055539608002,0.03340286761522293,0.03325055539608002,0.03339439630508423,0.03336121514439583,0.03347232565283775,0.03346608579158783
2024-04-12,0.033258941024541855,0.03334188461303711,0.03330758959054947,0.033258941024541855,0.033258941024541855,0.03326699137687683,0.033258941024541855,0.033258941024541855,0.033258941024541855,0.033258941024541855,0.033258941024541855,0.033258941024541855,0.033258941024541855,0.033258941024541855,0.033473532646894455,0.03372696414589882,0.033258941024541855,0.033258941024541855,0.03326987102627754,0.033258941024541855,0.03377464786171913,0.033258941024541855,0.03342152014374733,0.03330957889556885,0.033425286412239075,0.033258941024541855,0.03347000479698181,0.03334176912903786,0.03346842899918556,0.033258941024541855
2024-04-13,0.03324863687157631,0.03335200250148773,0.03333006799221039,0.03324863687157631,0.033263541758060455,0.033288490027189255,0.03324863687157631,0.03324863687157631,0.03329743817448616,0.03324863687157631,0.03324863687157631,0.03324863687157631,0.03324863687157631,0.03324863687157631,0.03352118656039238,0.033699989318847656,0.03324863687157631,0.03324863687157631,0.03326113522052765,0.033274948596954346,0.03388532996177673,0.03324863687157631,0.033340372145175934,0.03324863687157631,0.03342258930206299,0.03324863687157631,0.033435311168432236,0.033276841044425964,0.03355126455426216,0.03331852704286575
2024-04-14,0.03324863687157631,0.03335200250148773,0.03333006799221039,0.03324863687157631,0.033263541758060455,0.033288490027189255,0.03324863687157631,0.03324863687157631,0.03329743817448616,0.03324863687157631,0.03324863687157631,0.03324863687157631,0.03324863687157631,0.03324863687157631,0.03352118656039238,0.033699989318847656,0.03324863687157631,0.03324863687157631,0.03326113522052765,0.033274948596954346,0.03388532996177673,0.03324863687157631,0.033340372145175934,0.03324863687157631,0.03342258930206299,0.03324863687157631,0.033435311168432236,0.033276841044425964,0.03355126455426216,0.03331852704286575
2024-04-15,0.03324863687157631,0.03335200250148773,0.03333006799221039,0.03324863687157631,0.033263541758060455,0.033288490027189255,0.03324863687157631,0.03324863687157631,0.03329743817448616,0.03324863687157631,0.03324863687157631,0.03324863687157631,0.03324863687157631,0.03324863687157631,0.03352118656039238,0.033699989318847656,0.03324863687157631,0.03324863687157631,0.03326113522052765,0.033274948596954346,0.03388532996177673,0.03324863687157631,0.033340372145175934,0.03324863687157631,0.03342259302735329,0.03324863687157631,0.033435311168432236,0.033276841044425964,0.03355126455426216,0.03331852704286575
2024-04-16,0.03323642909526825,0.03323642909526825,0.03332659974694252,0.033364880830049515,0.03340867534279823,0.033278319984674454,0.03323642909526825,0.03323642909526825,0.03329692780971527,0.03323642909526825,0.03323642909526825,0.03323642909526825,0.03333235904574394,0.03323642909526825,0.033524222671985626,0.033667922019958496,0.03323642909526825,0.03323642909526825,0.033246248960494995,0.03345223516225815,0.03373242914676666,0.03323642909526825,0.03337150067090988,0.033259566873311996,0.03336966782808304,0.03323642909526825,0.03346557915210724,0.03339311107993126,0.03324412927031517,0.03342846781015396
2024-04-17,0.033239781856536865,0.033239781856536865,0.03326191008090973,0.033421121537685394,0.03337650001049042,0.033246561884880066,0.033239781856536865,0.033239781856536865,0.03341032564640045,0.033239781856536865,0.033239781856536865,0.033239781856536865,0.03326230123639107,0.033239781856536865,0.03352990746498108,0.03369896858930588,0.033239781856536865,0.033239781856536865,0.033239781856536865,0.033470895141363144,0.03373050317168236,0.033239781856536865,0.033406492322683334,0.033239781856536865,0.033344924449920654,0.033239781856536865,0.033548448234796524,0.03328175097703934,0.033239781856536865,0.03341258317232132
2024-04-18,0.03324287384748459,0.03324287384748459,0.0332820899784565,0.033297616988420486,0.03337133303284645,0.03324287384748459,0.03324287384748459,0.03324287384748459,0.03348740562796593,0.03324287384748459,0.03324287384748459,0.03324287384748459,0.03324287384748459,0.03324287384748459,0.03353675454854965,0.03364190086722374,0.03324287384748459,0.03324287384748459,0.03324287384748459,0.0334789864718914,0.03377163037657738,0.03324287384748459,0.03344769403338432,0.03324287384748459,0.03340344876050949,0.03324287384748459,0.03361506387591362,0.03324287384748459,0.03326817601919174,0.03326910361647606
2024-04-19,0.03323886916041374,0.03323886916041374,0.03323886916041374,0.03344723954796791,0.03343100845813751,0.03323886916041374,0.03323886916041374,0.03323886916041374,0.03345128521323204,0.03323886916041374,0.03323886916041374,0.03323886916041374,0.03323886916041374,0.03323886916041374,0.03352824226021767,0.03369426354765892,0.03323886916041374,0.03323886916041374,0.03323886916041374,0.03335965424776077,0.03365389630198479,0.03324104845523834,0.033497296273708344,0.03323886916041374,0.03323886916041374,0.03323886916041374,0.033729806542396545,0.03339345380663872,0.03323886916041374,0.033273156732320786
2024-04-20,0.033240582793951035,0.033240582793951035,0.033240582793951035,0.033334411680698395,0.03346751630306244,0.033240582793951035,0.033240582793951035,0.033240582793951035,0.03347231447696686,0.033240582793951035,0.033240582793951035,0.033240582793951035,0.033240582793951035,0.033240582793951035,0.033544305711984634,0.03369787707924843,0.033240582793951035,0.033240582793951035,0.033240582793951035,0.033429790288209915,0.033740319311618805,0.033240582793951035,0.03354566544294357,0.033240582793951035,0.033240582793951035,0.033240582793951035,0.03370211273431778,0.033240582793951035,0.033240582793951035,0.033253997564315796
2024-04-21,0.03324170783162117,0.03324170783162117,0.03324170783162117,0.03331044316291809,0.03345949202775955,0.03324170783162117,0.03324170783162117,0.03324170783162117,0.033556487411260605,0.03324170783162117,0.03324170783162117,0.03324170783162117,0.03324170783162117,0.03324170783162117,0.03349817544221878,0.03371969982981682,0.03324170783162117,0.03324170783162117,0.03324170783162117,0.03333570808172226,0.0337679460644722,0.033276647329330444,0.03353632241487503,0.03324170783162117,0.03324170783162117,0.03324170783162117,0.033659428358078,0.03324170783162117,0.03324170783162117,0.03328722342848778
2024-04-22,0.033241696655750275,0.033241696655750275,0.033241696655750275,0.03330954909324646,0.033459048718214035,0.033241696655750275,0.033241696655750275,0.033241696655750275,0.0335591621696949,0.033241696655750275,0.033241696655750275,0.033241696655750275,0.033241696655750275,0.033241696655750275,0.033496733754873276,0.0337197445333004,0.033241696655750275,0.033241696655750275,0.033241696655750275,0.033332619816064835,0.03376859053969383,0.03328031674027443,0.033535875380039215,0.033241696655750275,0.033241696655750275,0.033241696655750275,0.03365788236260414,0.033241696655750275,0.033241696655750275,0.03328830003738403
2024-04-23,0.03322726488113403,0.03328811377286911,0.03340413421392441,0.03322726488113403,0.03357139229774475,0.03322726488113403,0.03322726488113403,0.03322726488113403,0.033498670905828476,0.03322726488113403,0.03322726488113403,0.03322726488113403,0.03322726488113403,0.03322726488113403,0.03332832455635071,0.0335763655602932,0.03322726488113403,0.03322726488113403,0.03322726488113403,0.03331802040338516,0.033773668110370636,0.03340678662061691,0.033510658890008926,0.03322726488113403,0.033301666378974915,0.03328261896967888,0.03360871225595474,0.033279553055763245,0.03326364606618881,0.03340602293610573
2024-04-24,0.03322700411081314,0.033293504267930984,0.03340715542435646,0.03322700411081314,0.03357202187180519,0.03322700411081314,0.03322700411081314,0.03322700411081314,0.03349584341049194,0.03322700411081314,0.03322700411081314,0.03322700411081314,0.03322700411081314,0.03322700411081314,0.03332702815532684,0.033573899418115616,0.03322700411081314,0.03322700411081314,0.03322700411081314,0.03331657126545906,0.03377245366573334,0.033407971262931824,0.033508334308862686,0.03322700411081314,0.033300768584012985,0.03328351676464081,0.03360506892204285,0.03328379988670349,0.033265817910432816,0.03340820223093033
2024-04-25,0.03322341665625572,0.03322341665625572,0.03342298045754433,0.03322341665625572,0.03339652717113495,0.03325015306472778,0.033264871686697006,0.03322341665625572,0.033300548791885376,0.03322341665625572,0.03322341665625572,0.03322341665625572,0.03322341665625572,0.03322341665625572,0.03335696458816528,0.03372610732913017,0.03322341665625572,0.03322341665625572,0.03324443846940994,0.03332437574863434,0.033717669546604156,0.033288560807704926,0.033360205590724945,0.03322341665625572,0.03338062763214111,0.03339434787631035,0.03356095403432846,0.03338861092925072,0.033377755433321,0.033563271164894104
2024-04-26,0.03323831036686897,0.03323831036686897,0.03344276547431946,0.033245380967855453,0.03331851214170456,0.03326082229614258,0.033320870250463486,0.03323831036686897,0.03334737941622734,0.03323831036686897,0.03323831036686897,0.0332423634827137,0.03323831036686897,0.03323831036686897,0.033363282680511475,0.03364134579896927,0.03323831036686897,0.03323831036686897,0.03327430039644241,0.03323831036686897,0.03379947319626808,0.03336658328771591,0.03336060419678688,0.03323831036686897,0.03343456983566284,0.03323831036686897,0.033778294920921326,0.033262718468904495,0.03323831036686897,0.03344263136386871
2024-04-27,0.03324345499277115,0.03326979652047157,0.033392928540706635,0.03324345499277115,0.03327849879860878,0.03324345499277115,0.03332507610321045,0.03324345499277115,0.0333024263381958,0.03324345499277115,0.03324345499277115,0.03324345499277115,0.03324345499277115,0.03324345499277115,0.03345627337694168,0.03363262489438057,0.03324345499277115,0.03324345499277115,0.03324345499277115,0.03324345499277115,0.03396504372358322,0.03329872339963913,0.033338990062475204,0.03329034894704819,0.0335266999900341,0.03324345499277115,0.03358472138643265,0.03331707417964935,0.03328857570886612,0.03332376480102539
2024-04-28,0.03324345499277115,0.03326979652047157,0.033392928540706635,0.03324345499277115,0.03327849879860878,0.03324345499277115,0.03332507610321045,0.03324345499277115,0.0333024263381958,0.03324345499277115,0.03324345499277115,0.03324345499277115,0.03324345499277115,0.03324345499277115,0.03345627337694168,0.03363262489438057,0.03324345499277115,0.03324345499277115,0.03324345499277115,0.03324345499277115,0.03396504372358322,0.03329872339963913,0.033338990062475204,0.03329034894704819,0.0335266999900341,0.03324345499277115,0.03358472138643265,0.03331707417964935,0.03328857570886612,0.03332376480102539
2024-04-29,0.033243466168642044,0.03326970338821411,0.03339275345206261,0.033243466168642044,0.033278610557317734,0.033243466168642044,0.03332505002617836,0.033243466168642044,0.03330249711871147,0.033243466168642044,0.033243466168642044,0.033243466168642044,0.033243466168642044,0.033243466168642044,0.03345649316906929,0.03363259881734848,0.033243466168642044,0.033243466168642044,0.033243466168642044,0.033243466168642044,0.033965107053518295,0.03329871967434883,0.03333909809589386,0.03329016640782356,0.03352682664990425,0.033243466168642044,0.03358443081378937,0.033317048102617264,0.03328852728009224,0.033323898911476135
2024-04-30,0.03323668614029884,0.03323668614029884,0.03332257643342018,0.03323668614029884,0.03334668651223183,0.03324856236577034,0.0332641527056694,0.03323668614029884,0.033454108983278275,0.03323668614029884,0.03323668614029884,0.03323668614029884,0.03323668614029884,0.03323668614029884,0.03347408026456833,0.03357348591089249,0.03323668614029884,0.03323668614029884,0.03323668614029884,0.03323668614029884,0.03391369432210922,0.033318374305963516,0.0334443524479866,0.03323668614029884,0.033503465354442596,0.03323668614029884,0.03348005935549736,0.0332939587533474,0.03334987536072731,0.03346223756670952
2024-05-01,0.03323950245976448,0.03326961770653725,0.033338773995637894,0.033257417380809784,0.033415790647268295,0.03323950245976448,0.033306073397397995,0.03323950245976448,0.03346935287117958,0.03323950245976448,0.03323950245976448,0.03323950245976448,0.03323950245976448,0.03323950245976448,0.03323950245976448,0.0334404893219471,0.03323950245976448,0.03323950245976448,0.03323950245976448,0.03327225521206856,0.03384365141391754,0.03349711000919342,0.033490169793367386,0.03323950245976448,0.03344095125794411,0.03323950245976448,0.03370100259780884,0.033344630151987076,0.03323950245976448,0.03332027420401573
2024-05-02,0.03323647007346153,0.03325703740119934,0.03323647007346153,0.03323647007346153,0.03338978439569473,0.033365413546562195,0.03333105891942978,0.03323647007346153,0.03346480801701546,0.03323647007346153,0.03323647007346153,0.03323647007346153,0.03323647007346153,0.03323647007346153,0.03333881497383118,0.03341267630457878,0.03323647007346153,0.03323647007346153,0.03323647007346153,0.03323647007346153,0.03398466110229492,0.0334743931889534,0.03347769007086754,0.03323647007346153,0.033342987298965454,0.03329244256019592,0.033538080751895905,0.033331628888845444,0.033251017332077026,0.03343687579035759
2024-05-03,0.033229514956474304,0.03331950679421425,0.033367518335580826,0.03326239436864853,0.03342035785317421,0.033229514956474304,0.033229514956474304,0.033229514956474304,0.03352265805006027,0.033229514956474304,0.033229514956474304,0.033229514956474304,0.033229514956474304,0.033229514956474304,0.033316146582365036,0.03358721733093262,0.033229514956474304,0.033229514956474304,0.033229514956474304,0.03323652222752571,0.033859990537166595,0.03345917910337448,0.033419571816921234,0.033254217356443405,0.03338876739144325,0.033229514956474304,0.03365829959511757,0.03333640843629837,0.033229514956474304,0.03337807580828667
2024-05-04,0.03324909880757332,0.03324909880757332,0.033366501331329346,0.03324909880757332,0.033468060195446014,0.03324909880757332,0.03324909880757332,0.03337755799293518,0.033540092408657074,0.03324909880757332,0.03324909880757332,0.03324909880757332,0.03324909880757332,0.03324909880757332,0.03340178728103638,0.03354581445455551,0.03324909880757332,0.03324909880757332,0.033258866518735886,0.03324909880757332,0.033703237771987915,0.03324909880757332,0.033408619463443756,0.033354949206113815,0.03344060108065605,0.03324909880757332,0.03342822194099426,0.033352144062519073,0.03324909880757332,0.033367935568094254
2024-05-05,0.03323524445295334,0.033254947513341904,0.033358555287122726,0.03323524445295334,0.03351640701293945,0.033253107219934464,0.03326277807354927,0.033237017691135406,0.033628854900598526,0.03323524445295334,0.03323524445295334,0.03323524445295334,0.03323524445295334,0.03323524445295334,0.03348394110798836,0.0334547758102417,0.03323524445295334,0.03323524445295334,0.03323524445295334,0.03326540067791939,0.03385825827717781,0.03342948481440544,0.03339535370469093,0.03323524445295334,0.03341588377952576,0.03323524445295334,0.03344837576150894,0.033279817551374435,0.03323524445295334,0.033398885279893875
2024-05-06,0.033234432339668274,0.033234432339668274,0.03325662389397621,0.033234432339668274,0.033482931554317474,0.03325280174612999,0.033239949494600296,0.033234432339668274,0.03356783837080002,0.033234432339668274,0.033234432339668274,0.033234432339668274,0.033234432339668274,0.033234432339668274,0.0334307923913002,0.03351862356066704,0.033234432339668274,0.033234432339668274,0.033234432339668274,0.033234432339668274,0.03387584164738655,0.03346346691250801,0.03349719196557999,0.033234432339668274,0.03341550752520561,0.033234432339668274,0.03353888913989067,0.03329033404588699,0.033234432339668274,0.033418286591768265
2024-05-07,0.03325238823890686,0.03325238823890686,0.03332642838358879,0.03325238823890686,0.03325238823890686,0.03325238823890686,0.03325238823890686,0.03330510854721069,0.03343212977051735,0.03325238823890686,0.03325238823890686,0.03325238823890686,0.03325238823890686,0.03325238823890686,0.033391762524843216,0.03360190615057945,0.03325238823890686,0.03325238823890686,0.03325238823890686,0.03325238823890686,0.033784035593271255,0.03326663374900818,0.03356463462114334,0.033270806074142456,0.03352055326104164,0.03325238823890686,0.03349746763706207,0.03334876894950867,0.03325238823890686,0.03339914605021477
2024-05-08,0.03322654217481613,0.03322654217481613,0.03334952890872955,0.03322654217481613,0.03329276666045189,0.03322654217481613,0.03322654217481613,0.03330807387828827,0.033263806253671646,0.03322654217481613,0.03322654217481613,0.03322654217481613,0.03322654217481613,0.03322654217481613,0.03348313644528389,0.033489078283309937,0.03322654217481613,0.03322654217481613,0.03322654217481613,0.033397212624549866,0.033814605325460434,0.033239174634218216,0.033439911901950836,0.03322654217481613,0.033533498644828796,0.03322654217481613,0.03354155644774437,0.03356185927987099,0.0335000604391098,0.03338756784796715
2024-05-09,0.0332106277346611,0.0332106277346611,0.033251259475946426,0.0332106277346611,0.03332262486219406,0.0332106277346611,0.033243514597415924,0.03330089896917343,0.0332106277346611,0.0332106277346611,0.0332106277346611,0.0332106277346611,0.03330107033252716,0.0332106277346611,0.03343577682971954,0.03353085741400719,0.0332203209400177,0.0332106277346611,0.0332106277346611,0.03346925601363182,0.033993277698755264,0.033351097255945206,0.0333455353975296,0.0332106277346611,0.03343762829899788,0.033286407589912415,0.03354692831635475,0.033429767936468124,0.033469945192337036,0.033536266535520554
2024-05-10,0.03329549357295036,0.03321725130081177,0.03323546424508095,0.03321725130081177,0.033437296748161316,0.03321725130081177,0.03321725130081177,0.03341168537735939,0.033323485404253006,0.03321725130081177,0.03321725130081177,0.03321725130081177,0.03321725130081177,0.03321725130081177,0.03338192030787468,0.03355266526341438,0.033292703330516815,0.03321725130081177,0.03321725130081177,0.03339211270213127,0.03377591073513031,0.03332187235355377,0.03356047719717026,0.03323843702673912,0.03350125625729561,0.03338966891169548,0.033453941345214844,0.03346230089664459,0.03321725130081177,0.03336627408862114
2024-05-11,0.03321707993745804,0.03321707993745804,0.03323639929294586,0.03321707993745804,0.03335161879658699,0.03321707993745804,0.03321707993745804,0.03342635929584503,0.03331972658634186,0.03321707993745804,0.03321707993745804,0.03321707993745804,0.03321707993745804,0.03321707993745804,0.03334638476371765,0.03363434597849846,0.033243726938962936,0.03321707993745804,0.03321707993745804,0.03336919844150543,0.0337398499250412,0.03339501470327377,0.033588822931051254,0.033301111310720444,0.033462051302194595,0.03337976336479187,0.03347675874829292,0.03350599482655525,0.03321707993745804,0.03340082988142967
2024-05-12,0.033216822892427444,0.033216822892427444,0.033241622149944305,0.033216822892427444,0.0333414264023304,0.033216822892427444,0.033216822892427444,0.03341896831989288,0.033316001296043396,0.033216822892427444,0.033216822892427444,0.033216822892427444,0.033216822892427444,0.033216822892427444,0.03334726020693779,0.03363490477204323,0.033232301473617554,0.033216822892427444,0.033216822892427444,0.033377755433321,0.03374120220541954,0.0334104560315609,0.03359593078494072,0.033298686146736145,0.03346267342567444,0.03336810693144798,0.03348073363304138,0.03350911661982536,0.033216822892427444,0.033404164016246796
2024-05-13,0.03321737051010132,0.03321737051010132,0.03330720216035843,0.033266831189394,0.03321737051010132,0.03321737051010132,0.03321737051010132,0.03338959068059921,0.03321737051010132,0.03321737051010132,0.03321737051010132,0.03321737051010132,0.03321737051010132,0.03321737051010132,0.033357832580804825,0.033637385815382004,0.03322970122098923,0.03321737051010132,0.03321737051010132,0.03340672329068184,0.03374708816409111,0.03333377465605736,0.03359211981296539,0.03327290713787079,0.03353583812713623,0.0333222895860672,0.03349423035979271,0.033537037670612335,0.0333353653550148,0.03340829536318779
2024-05-14,0.033212706446647644,0.033212706446647644,0.033282570540905,0.033212706446647644,0.0332757905125618,0.033212706446647644,0.033212706446647644,0.03341175243258476,0.03322775289416313,0.033212706446647644,0.033212706446647644,0.033212706446647644,0.033212706446647644,0.033212706446647644,0.033489082008600235,0.03365826979279518,0.033212706446647644,0.033212706446647644,0.033212706446647644,0.03337322920560837,0.033845119178295135,0.033286139369010925,0.03337898477911949,0.033212706446647644,0.03351176157593727,0.03342336788773537,0.03344001993536949,0.03352537378668785,0.03341810777783394,0.03347483649849892
2024-05-15,0.03324245288968086,0.03324245288968086,0.03324245288968086,0.03324245288968086,0.03324245288968086,0.03324245288968086,0.03324245288968086,0.033339280635118484,0.03327639773488045,0.03324245288968086,0.03324245288968086,0.03324245288968086,0.03324245288968086,0.03324245288968086,0.03370390832424164,0.03373789042234421,0.03324245288968086,0.03324245288968086,0.03324245288968086,0.03338697925209999,0.03377002477645874,0.03324245288968086,0.03359014168381691,0.03324245288968086,0.03337840363383293,0.03324245288968086,0.03338608890771866,0.033328745514154434,0.03333861753344536,0.03339936584234238
2024-05-16,0.03329657018184662,0.03324499726295471,0.03332269564270973,0.03347218781709671,0.03324499726295471,0.03324499726295471,0.033293191343545914,0.03343255817890167,0.03324499726295471,0.03324499726295471,0.03327520564198494,0.03324499726295471,0.03324499726295471,0.03324499726295471,0.0336923822760582,0.033549923449754715,0.03324499726295471,0.03324499726295471,0.03324499726295471,0.03334086388349533,0.03353409469127655,0.03324499726295471,0.03347376734018326,0.03339873254299164,0.03324499726295471,0.033246252685785294,0.03328434005379677,0.03356412425637245,0.03334984555840492,0.03328831121325493
2024-05-17,0.03322887048125267,0.03322887048125267,0.0334753580391407,0.03322887048125267,0.03325697034597397,0.03322887048125267,0.03338434919714928,0.03342020511627197,0.03322887048125267,0.03322887048125267,0.03322887048125267,0.03322887048125267,0.03322887048125267,0.03322887048125267,0.03350228816270828,0.03350105136632919,0.03322887048125267,0.033252518624067307,0.03333926573395729,0.033288322389125824,0.033659905195236206,0.033370811492204666,0.03343316167593002,0.0333651639521122,0.03338528424501419,0.03322887048125267,0.03348624333739281,0.03351576626300812,0.03322887048125267,0.03338802978396416
2024-05-18,0.03321684151887894,0.03321684151887894,0.03349032998085022,0.03321684151887894,0.03333412855863571,0.033285342156887054,0.033362481743097305,0.033400654792785645,0.03321684151887894,0.03321684151887894,0.03321684151887894,0.03321684151887894,0.03321684151887894,0.03321684151887894,0.033603958785533905,0.033478476107120514,0.03321684151887894,0.03330108895897865,0.03330806642770767,0.03332962095737457,0.03376941755414009,0.03338893502950668,0.03323696553707123,0.03321684151887894,0.03339119628071785,0.03321684151887894,0.0334361307322979,0.0335310734808445,0.03323931246995926,0.033510755747556686
2024-05-19,0.03323676809668541,0.03323676809668541,0.033466316759586334,0.03323676809668541,0.033277478069067,0.03323676809668541,0.03330480307340622,0.0334240198135376,0.03323676809668541,0.03323676809668541,0.03323676809668541,0.03323676809668541,0.03323676809668541,0.03323676809668541,0.03361751511693001,0.0334681011736393,0.03323676809668541,0.03323676809668541,0.03323676809668541,0.033331431448459625,0.03358856216073036,0.03332741558551788,0.03348821401596069,0.03330003097653389,0.03348212689161301,0.033302828669548035,0.03339017927646637,0.03360460326075554,0.03323676809668541,0.0333116240799427
2024-05-20,0.03323495015501976,0.03323495015501976,0.033396366983652115,0.03323495015501976,0.03323495015501976,0.03323495015501976,0.03323495015501976,0.033413369208574295,0.03325319290161133,0.03323495015501976,0.03323495015501976,0.03323495015501976,0.03323495015501976,0.03323495015501976,0.03362934663891792,0.03354921191930771,0.03323495015501976,0.03323495015501976,0.03323495015501976,0.03332032635807991,0.03359910473227501,0.03323495015501976,0.033475443720817566,0.0334317646920681,0.03350722789764404,0.03342391178011894,0.03335333615541458,0.03358609229326248,0.03323495015501976,0.03330213204026222
2024-05-21,0.0332346186041832,0.0332346186041832,0.033376239240169525,0.0332346186041832,0.033334314823150635,0.0332346186041832,0.0332346186041832,0.033405739814043045,0.033315155655145645,0.0332346186041832,0.0332346186041832,0.0332346186041832,0.0332346186041832,0.0332346186041832,0.033602241426706314,0.033612001687288284,0.0332346186041832,0.0332346186041832,0.0332346186041832,0.03340025618672371,0.033749815076589584,0.0332346186041832,0.033370450139045715,0.03334623947739601,0.03357353433966637,0.03346630930900574,0.03329100459814072,0.03323838859796524,0.0332346186041832,0.033399056643247604
2024-05-22,0.03321590647101402,0.03321590647101402,0.0333125926554203,0.03321590647101402,0.03363215550780296,0.03321590647101402,0.033280424773693085,0.033285364508628845,0.03335069864988327,0.03321590647101402,0.03321590647101402,0.03321590647101402,0.03336619213223457,0.03321590647101402,0.03354837745428085,0.03353261575102806,0.03321590647101402,0.033255260437726974,0.03330342099070549,0.033472251147031784,0.03390422463417053,0.03334895148873329,0.03321590647101402,0.033280204981565475,0.03329329192638397,0.0333123654127121,0.033433277159929276,0.03321590647101402,0.03321590647101402,0.033497411757707596
2024-05-23,0.033222395926713943,0.033222395926713943,0.03341202810406685,0.033222395926713943,0.03339289128780365,0.033222395926713943,0.03338157385587692,0.033222395926713943,0.03326048329472542,0.033222395926713943,0.033222395926713943,0.033222395926713943,0.03331785649061203,0.033222395926713943,0.03355572000145912,0.033596236258745193,0.033222395926713943,0.03336668014526367,0.03331872448325157,0.03349654749035835,0.033871255815029144,0.033222395926713943,0.033222395926713943,0.03322836011648178,0.033380866050720215,0.033222395926713943,0.03343943506479263,0.033222395926713943,0.03339030221104622,0.03347751125693321
2024-05-24,0.033236194401979446,0.033236194401979446,0.033351652324199677,0.033236194401979446,0.033343810588121414,0.03327323868870735,0.033236194401979446,0.033236194401979446,0.033253930509090424,0.033236194401979446,0.033236194401979446,0.033236194401979446,0.0332818441092968,0.033236194401979446,0.03361048549413681,0.03368004411458969,0.033236194401979446,0.03328568860888481,0.03337845578789711,0.03347441926598549,0.03379322960972786,0.033236194401979446,0.033236194401979446,0.033236194401979446,0.03327895328402519,0.033236194401979446,0.03340236470103264,0.03338620811700821,0.03341182693839073,0.03348718211054802
2024-05-25,0.03322936221957207,0.03322936221957207,0.03333648294210434,0.03322936221957207,0.03335116431117058,0.03322936221957207,0.033293623477220535,0.03322936221957207,0.03325379267334938,0.03322936221957207,0.03322936221957207,0.03322936221957207,0.03327424079179764,0.03322936221957207,0.03370670974254608,0.03372671827673912,0.03322936221957207,0.033393099904060364,0.03334248811006546,0.03346298262476921,0.03384305164217949,0.03322936221957207,0.03322936221957207,0.03322936221957207,0.03322936221957207,0.03322936221957207,0.03342493623495102,0.03335636109113693,0.03338206186890602,0.03341182321310043
2024-05-26,0.03322936221957207,0.03322936221957207,0.03333648294210434,0.03322936221957207,0.03335116431117058,0.03322936221957207,0.033293623477220535,0.03322936221957207,0.03325379267334938,0.03322936221957207,0.03322936221957207,0.03322936221957207,0.03327424079179764,0.03322936221957207,0.03370670974254608,0.03372671827673912,0.03322936221957207,0.033393099904060364,0.03334248811006546,0.03346298262476921,0.03384305164217949,0.03322936221957207,0.03322936221957207,0.03322936221957207,0.03322936221957207,0.03322936221957207,0.03342493623495102,0.03335636109113693,0.03338206186890602,0.03341182321310043
2024-05-27,0.03322936221957207,0.03322936221957207,0.03333628550171852,0.03322936221957207,0.033352479338645935,0.03322936221957207,0.03329354152083397,0.03322936221957207,0.03325358033180237,0.03322936221957207,0.03322936221957207,0.03322936221957207,0.03327356278896332,0.03322936221957207,0.03370639681816101,0.033726904541254044,0.03322936221957207,0.0333918072283268,0.033343151211738586,0.033464204519987106,0.033840443938970566,0.03322936221957207,0.03322936221957207,0.03322936221957207,0.03322936221957207,0.03322936221957207,0.033426035195589066,0.03335725888609886,0.033380597829818726,0.033413294702768326
2024-05-28,0.03322894871234894,0.03322894871234894,0.03333688899874687,0.03322894871234894,0.033412445336580276,0.033244118094444275,0.03328438848257065,0.03322894871234894,0.03325382247567177,0.03322894871234894,0.03322894871234894,0.03322894871234894,0.033251021057367325,0.03322894871234894,0.03366731479763985,0.03371969982981682,0.03322894871234894,0.03332960233092308,0.03339642286300659,0.03351215645670891,0.03366905078291893,0.03322894871234894,0.033234912902116776,0.03322894871234894,0.03322894871234894,0.03322894871234894,0.03347314894199371,0.03343398496508598,0.0332946814596653,0.03351005166769028
2024-05-29,0.033225249499082565,0.033225249499082565,0.033275969326496124,0.033347297459840775,0.0336238332092762,0.033225249499082565,0.033225249499082565,0.033225249499082565,0.033464111387729645,0.033225249499082565,0.033225249499082565,0.033225249499082565,0.03323802724480629,0.033225249499082565,0.03368515893816948,0.033609408885240555,0.033225249499082565,0.033287253230810165,0.033225249499082565,0.03355581313371658,0.0336158387362957,0.033225249499082565,0.03333835303783417,0.033225249499082565,0.033225249499082565,0.033249348402023315,0.03345701843500137,0.03346334397792816,0.033225249499082565,0.03341047093272209
2024-05-30,0.0332343690097332,0.0332343690097332,0.03335576504468918,0.033413536846637726,0.03350057452917099,0.0332343690097332,0.0332343690097332,0.03326065093278885,0.0334322527050972,0.0332343690097332,0.0332343690097332,0.0332343690097332,0.03324181213974953,0.0332343690097332,0.03356538340449333,0.0335848331451416,0.0332343690097332,0.0332343690097332,0.03328578919172287,0.03353417292237282,0.033662304282188416,0.0332343690097332,0.03326842188835144,0.0332343690097332,0.03331340104341507,0.0332343690097332,0.033433523029088974,0.03344196081161499,0.0332343690097332,0.03342438489198685
2024-05-31,0.033211011439561844,0.0332644097507,0.0333949439227581,0.03335206210613251,0.033531028777360916,0.03321812301874161,0.033211011439561844,0.033211011439561844,0.033211011439561844,0.033211011439561844,0.033211011439561844,0.033211011439561844,0.03344477340579033,0.033211011439561844,0.03347327187657356,0.03364228084683418,0.033211011439561844,0.033211011439561844,0.03326922655105591,0.03348110243678093,0.033781491219997406,0.03334733471274376,0.0333668515086174,0.033211011439561844,0.033211011439561844,0.033211011439561844,0.03363432735204697,0.03339898958802223,0.033211011439561844,0.03344562277197838
2024-06-01,0.03322654590010643,0.03322654590010643,0.03322654590010643,0.03339286521077156,0.03342387452721596,0.03322654590010643,0.03322654590010643,0.03322654590010643,0.03339027240872383,0.03322654590010643,0.03322654590010643,0.03322654590010643,0.03325938060879707,0.03322654590010643,0.03359042480587959,0.033705681562423706,0.03322654590010643,0.03324497491121292,0.03322654590010643,0.03334431350231171,0.033680420368909836,0.03336671367287636,0.033488791435956955,0.03322654590010643,0.03322676196694374,0.03322654590010643,0.033536396920681,0.03353625908493996,0.03322654590010643,0.03341475874185562
2024-06-02,0.03322654590010643,0.03322654590010643,0.03322654590010643,0.03339286893606186,0.03342388942837715,0.03322654590010643,0.03322654590010643,0.03322654590010643,0.03339027240872383,0.03322654590010643,0.03322654590010643,0.03322654590010643,0.033259376883506775,0.03322654590010643,0.03359043225646019,0.0337056964635849,0.03322654590010643,0.033244967460632324,0.03322654590010643,0.0333443321287632,0.033680398017168045,0.03336670249700546,0.033488791435956955,0.03322654590010643,0.033226750791072845,0.03322654590010643,0.033536408096551895,0.033536262810230255,0.03322654590010643,0.03341476991772652
2024-06-03,0.033222973346710205,0.033222973346710205,0.033222973346710205,0.03338710218667984,0.03353627771139145,0.033222973346710205,0.033222973346710205,0.033222973346710205,0.03337695449590683,0.033222973346710205,0.033222973346710205,0.033222973346710205,0.03325482830405235,0.033222973346710205,0.03360531106591225,0.03374527394771576,0.033222973346710205,0.033222973346710205,0.033222973346710205,0.033412713557481766,0.03355233743786812,0.033289942890405655,0.03346501290798187,0.033222973346710205,0.033222973346710205,0.033222973346710205,0.03356487303972244,0.03356568515300751,0.033222973346710205,0.03345314413309097
2024-06-04,0.033221568912267685,0.033221568912267685,0.033221568912267685,0.03337973356246948,0.03339561074972153,0.033221568912267685,0.033221568912267685,0.033221568912267685,0.03333336114883423,0.033221568912267685,0.033221568912267685,0.033221568912267685,0.033338889479637146,0.033221568912267685,0.03355211764574051,0.033727120608091354,0.033221568912267685,0.03327275440096855,0.033221568912267685,0.03332788869738579,0.0337236113846302,0.033441927284002304,0.03339231386780739,0.033240076154470444,0.033221568912267685,0.033221568912267685,0.03359682857990265,0.03352172672748566,0.033221568912267685,0.033432528376579285
2024-06-05,0.033221568912267685,0.033221568912267685,0.033221568912267685,0.03337973356246948,0.03339561074972153,0.033221568912267685,0.033221568912267685,0.033221568912267685,0.03333336114883423,0.033221568912267685,0.033221568912267685,0.033221568912267685,0.033338889479637146,0.033221568912267685,0.03355211764574051,0.033727120608091354,0.033221568912267685,0.03327275440096855,0.033221568912267685,0.03332788869738579,0.0337236113846302,0.033441927284002304,0.03339231386780739,0.033240076154470444,0.033221568912267685,0.033221568912267685,0.03359682857990265,0.03352172672748566,0.033221568912267685,0.033432528376579285
2024-06-06,0.033221568912267685,0.033221568912267685,0.033221568912267685,0.03337973356246948,0.03339561074972153,0.033221568912267685,0.033221568912267685,0.033221568912267685,0.03333336114883423,0.033221568912267685,0.033221568912267685,0.033221568912267685,0.033338889479637146,0.033221568912267685,0.03355211764574051,0.033727120608091354,0.033221568912267685,0.03327275440096855,0.033221568912267685,0.03332788869738579,0.0337236113846302,0.033441927284002304,0.03339231386780739,0.033240076154470444,0.033221568912267685,0.033221568912267685,0.03359682857990265,0.03352172672748566,0.033221568912267685,0.033432528376579285
2024-06-07,0.033221568912267685,0.033221568912267685,0.033221568912267685,0.03337973356246948,0.03339561074972153,0.033221568912267685,0.033221568912267685,0.033221568912267685,0.03333336114883423,0.033221568912267685,0.033221568912267685,0.033221568912267685,0.033338889479637146,0.033221568912267685,0.03355211764574051,0.033727120608091354,0.033221568912267685,0.03327275440096855,0.033221568912267685,0.03332788869738579,0.0337236113846302,0.033441927284002304,0.03339231386780739,0.033240076154470444,0.033221568912267685,0.033221568912267685,0.03359682857990265,0.03352172672748566,0.033221568912267685,0.033432528376579285
2024-06-08,0.03324618563055992,0.03324618563055992,0.03333082050085068,0.03324618563055992,0.03326360508799553,0.03324618563055992,0.03324618563055992,0.03324618563055992,0.03324618563055992,0.03324618563055992,0.03324618563055992,0.03324618563055992,0.03324618563055992,0.03324618563055992,0.03367530554533005,0.033667080104351044,0.03324618563055992,0.03324618563055992,0.03324618563055992,0.03324618563055992,0.033759187906980515,0.03324618563055992,0.03331177681684494,0.03324618563055992,0.03324618563055992,0.03324618563055992,0.03367818146944046,0.03361830115318298,0.033315520733594894,0.033456530421972275
2024-06-09,0.03324618563055992,0.03324618563055992,0.03333082050085068,0.03324618563055992,0.03326360508799553,0.03324618563055992,0.03324618563055992,0.03324618563055992,0.03324618563055992,0.03324618563055992,0.03324618563055992,0.03324618563055992,0.03324618563055992,0.03324618563055992,0.03367530554533005,0.033667080104351044,0.03324618563055992,0.03324618563055992,0.03324618563055992,0.03324618563055992,0.033759187906980515,0.03324618563055992,0.03331177681684494,0.03324618563055992,0.03324618563055992,0.03324618563055992,0.03367818146944046,0.03361830115318298,0.033315520733594894,0.033456530421972275
2024-06-10,0.03324618563055992,0.03324618563055992,0.03333082050085068,0.03324618563055992,0.03326360508799553,0.03324618563055992,0.03324618563055992,0.03324618563055992,0.03324618563055992,0.03324618563055992,0.03324618563055992,0.03324618563055992,0.03324618563055992,0.03324618563055992,0.03367530554533005,0.03366709128022194,0.03324618563055992,0.03324618563055992,0.03324618563055992,0.03324618563055992,0.033759187906980515,0.03324618563055992,0.03331177681684494,0.03324618563055992,0.03324618563055992,0.03324618563055992,0.03367817774415016,0.033618297427892685,0.033315520733594894,0.033456530421972275
2024-06-11,0.03323771432042122,0.03323771432042122,0.033280789852142334,0.03326285630464554,0.03325490653514862,0.03323771432042122,0.03323771432042122,0.033238332718610764,0.03323771432042122,0.03323771432042122,0.03323771432042122,0.03323771432042122,0.033312760293483734,0.03323771432042122,0.03361827880144119,0.03377310186624527,0.03323771432042122,0.03333554044365883,0.03323771432042122,0.033296894282102585,0.03377175331115723,0.03331951051950455,0.03333151713013649,0.03323771432042122,0.03323771432042122,0.03323771432042122,0.033556532114744186,0.03353221341967583,0.03332497924566269,0.0334620475769043
2024-06-12,0.03323771432042122,0.03323771432042122,0.033280789852142334,0.03326285630464554,0.03325490653514862,0.03323771432042122,0.03323771432042122,0.033238332718610764,0.03323771432042122,0.03323771432042122,0.03323771432042122,0.03323771432042122,0.033312760293483734,0.03323771432042122,0.03361827880144119,0.03377310186624527,0.03323771432042122,0.033335547894239426,0.03323771432042122,0.03329689800739288,0.03377175331115723,0.033319514244794846,0.03333151713013649,0.03323771432042122,0.03323771432042122,0.03323771432042122,0.03355652466416359,0.03353220596909523,0.03332497924566269,0.033462051302194595
2024-06-13,0.033221568912267685,0.033221568912267685,0.033221568912267685,0.03337973356246948,0.03339561074972153,0.033221568912267685,0.033221568912267685,0.033221568912267685,0.03333336114883423,0.033221568912267685,0.033221568912267685,0.033221568912267685,0.033338889479637146,0.033221568912267685,0.03355211764574051,0.033727120608091354,0.033221568912267685,0.03327275440096855,0.033221568912267685,0.03332788869738579,0.0337236113846302,0.033441927284002304,0.03339231386780739,0.033240076154470444,0.033221568912267685,0.033221568912267685,0.03359682857990265,0.03352172672748566,0.033221568912267685,0.033432528376579285
2024-06-14,0.03322206437587738,0.03322206437587738,0.03326873853802681,0.033366911113262177,0.03343714401125908,0.03322206437587738,0.03322206437587738,0.03322917968034744,0.03337656334042549,0.03322206437587738,0.03322206437587738,0.03322206437587738,0.03328394517302513,0.03322206437587738,0.033565279096364975,0.03367529809474945,0.03322206437587738,0.03333953395485878,0.03326242044568062,0.0334293358027935,0.03373677283525467,0.03337179496884346,0.033286578953266144,0.03327508643269539,0.03322206437587738,0.03322206437587738,0.033514559268951416,0.03351127356290817,0.03322206437587738,0.03340483456850052
2024-06-15,0.03322221338748932,0.03322221338748932,0.03326886147260666,0.03336658701300621,0.03343736007809639,0.03322221338748932,0.03322221338748932,0.033229123800992966,0.033376649022102356,0.03322221338748932,0.03322221338748932,0.03322221338748932,0.03328394517302513,0.03322221338748932,0.03356422856450081,0.033675417304039,0.03322221338748932,0.03333776071667671,0.03326362371444702,0.03342984989285469,0.03373609855771065,0.03337123990058899,0.033285725861787796,0.03327549993991852,0.03322221338748932,0.03322221338748932,0.033514127135276794,0.0335112065076828,0.03322221338748932,0.03340611979365349
2024-06-16,0.03322206437587738,0.03322206437587738,0.03326873481273651,0.03336691856384277,0.03343713656067848,0.03322206437587738,0.03322206437587738,0.03322917968034744,0.03337655961513519,0.03322206437587738,0.03322206437587738,0.03322206437587738,0.03328394517302513,0.03322206437587738,0.033565275371074677,0.03367530554533005,0.03322206437587738,0.03333952650427818,0.03326242044568062,0.033429328352212906,0.03373676910996437,0.03337179496884346,0.03328658267855644,0.03327508270740509,0.03322206437587738,0.03322206437587738,0.033514559268951416,0.03351127728819847,0.03322206437587738,0.03340483456850052
2024-06-17,0.033222075551748276,0.033222075551748276,0.03326770290732384,0.03336736932396889,0.033436570316553116,0.033222075551748276,0.033222075551748276,0.033228687942028046,0.03337620198726654,0.033222075551748276,0.033222075551748276,0.033222075551748276,0.03328421339392662,0.033222075551748276,0.03356500715017319,0.033676307648420334,0.033222075551748276,0.03333863615989685,0.03326146677136421,0.033428311347961426,0.03373696655035019,0.03337281569838524,0.03328792750835419,0.033274684101343155,0.033222075551748276,0.033222075551748276,0.03351560980081558,0.03351153805851936,0.033222075551748276,0.03340516239404678
2024-06-18,0.03323287516832352,0.03323287516832352,0.03329378738999367,0.03332135081291199,0.033342145383358,0.03323287516832352,0.03323287516832352,0.03332950547337532,0.03335560858249664,0.03323287516832352,0.03323287516832352,0.03323287516832352,0.03323287516832352,0.03323287516832352,0.03346521034836769,0.03369085118174553,0.03323287516832352,0.03326013311743736,0.03330710530281067,0.03343167155981064,0.03364761918783188,0.033368345350027084,0.03343561291694641,0.033403702080249786,0.03323287516832352,0.03323287516832352,0.03347751125693321,0.03349754586815834,0.03323287516832352,0.033344972878694534
2024-06-19,0.033232398331165314,0.033232398331165314,0.03325137868523598,0.03333934769034386,0.0333021879196167,0.033232398331165314,0.033232398331165314,0.03329487890005112,0.03331144154071808,0.033232398331165314,0.033232398331165314,0.033232398331165314,0.033298686146736145,0.033232398331165314,0.03347616642713547,0.03373409062623978,0.033232398331165314,0.033232398331165314,0.033232398331165314,0.03332780674099922,0.033654965460300446,0.03344104439020157,0.03353879973292351,0.0333394892513752,0.033232398331165314,0.033232398331165314,0.03355122357606888,0.03351449593901634,0.033232398331165314,0.03337039053440094
2024-06-20,0.03323935717344284,0.03323935717344284,0.03323935717344284,0.03338374197483063,0.033318497240543365,0.03323935717344284,0.03323935717344284,0.033296551555395126,0.03338129073381424,0.03323935717344284,0.03323935717344284,0.03323935717344284,0.03323935717344284,0.03323935717344284,0.03350813314318657,0.03373175114393234,0.03323935717344284,0.03323935717344284,0.03323935717344284,0.033323850482702255,0.03361887112259865,0.033306192606687546,0.03362765163183212,0.03323935717344284,0.03330680727958679,0.03323935717344284,0.03349265828728676,0.0335252545773983,0.03323935717344284,0.033349115401506424
2024-06-21,0.03324050083756447,0.03324050083756447,0.03324050083756447,0.03329484537243843,0.03324050083756447,0.03324050083756447,0.03324050083756447,0.033366017043590546,0.03326524794101715,0.03324050083756447,0.03324050083756447,0.03324050083756447,0.03324050083756447,0.03324050083756447,0.03359152749180794,0.03373677656054497,0.03324050083756447,0.03324050083756447,0.03324050083756447,0.0333586260676384,0.033730268478393555,0.03324213996529579,0.03362501785159111,0.03327413648366928,0.03328842669725418,0.03324050083756447,0.03344600647687912,0.03347000107169151,0.03329230472445488,0.033411189913749695
2024-06-22,0.033236902207136154,0.033236902207136154,0.03340067341923714,0.033236902207136154,0.033236902207136154,0.033236902207136154,0.03324401006102562,0.03337697312235832,0.03325198218226433,0.033236902207136154,0.033236902207136154,0.033236902207136154,0.033236902207136154,0.033236902207136154,0.03343876078724861,0.03351137414574623,0.033236902207136154,0.033236902207136154,0.033236902207136154,0.0333225280046463,0.0337701290845871,0.033279333263635635,0.033571965992450714,0.033325184136629105,0.03354831784963608,0.033236902207136154,0.033613771200180054,0.033284176141023636,0.033249322324991226,0.033494871109724045
2024-06-23,0.033236902207136154,0.033236902207136154,0.03340067341923714,0.033236902207136154,0.033236902207136154,0.033236902207136154,0.033244017511606216,0.03337697312235832,0.03325197473168373,0.033236902207136154,0.033236902207136154,0.033236902207136154,0.033236902207136154,0.033236902207136154,0.03343876078724861,0.033511385321617126,0.033236902207136154,0.033236902207136154,0.033236902207136154,0.0333225280046463,0.0337701290845871,0.033279336988925934,0.033571965992450714,0.033325180411338806,0.033548321574926376,0.033236902207136154,0.033613771200180054,0.033284179866313934,0.03324931487441063,0.033494871109724045
2024-06-24,0.033234577625989914,0.033234577625989914,0.03339588642120361,0.033234577625989914,0.033234577625989914,0.033234577625989914,0.03327854350209236,0.0333845280110836,0.033234577625989914,0.033234577625989914,0.033234577625989914,0.033234577625989914,0.033234577625989914,0.033234577625989914,0.03342257812619209,0.03354521840810776,0.033234577625989914,0.033234577625989914,0.033234577625989914,0.033342938870191574,0.03375856578350067,0.03331506624817848,0.03357964754104614,0.033274754881858826,0.033549681305885315,0.033234577625989914,0.033585842698812485,0.03330612927675247,0.033234577625989914,0.03350737318396568
2024-06-25,0.03323217108845711,0.03323217108845711,0.033360954374074936,0.03323217108845711,0.03323236480355263,0.03323217108845711,0.03323217108845711,0.03334347531199455,0.03332488611340523,0.03323217108845711,0.03323217108845711,0.03323217108845711,0.03323217108845711,0.03323217108845711,0.03357456251978874,0.033553749322891235,0.03323217108845711,0.03323217108845711,0.03323217108845711,0.03323217108845711,0.03381817787885666,0.033249009400606155,0.033570099622011185,0.03337378427386284,0.03353647142648697,0.03323217108845711,0.03343633934855461,0.03344913572072983,0.03323217108845711,0.03346226364374161
2024-06-26,0.033237524330616,0.033237524330616,0.0333658792078495,0.033237524330616,0.033237524330616,0.033237524330616,0.0333210788667202,0.03333446383476257,0.03334210067987442,0.033237524330616,0.033237524330616,0.033237524330616,0.033237524330616,0.033237524330616,0.03339298442006111,0.03349928557872772,0.033237524330616,0.033237524330616,0.033237524330616,0.033237524330616,0.03389780595898628,0.033388130366802216,0.033547017723321915,0.033237524330616,0.03348371386528015,0.033237524330616,0.03351493179798126,0.03328465670347214,0.033259838819503784,0.03356773033738136
2024-06-27,0.03324200212955475,0.03324200212955475,0.03330104425549507,0.03324200212955475,0.03324200212955475,0.03324200212955475,0.033265452831983566,0.033295366913080215,0.03338687866926193,0.03324200212955475,0.03324200212955475,0.03324200212955475,0.03324200212955475,0.03324200212955475,0.033422745764255524,0.03356189653277397,0.03324200212955475,0.03324200212955475,0.03324200212955475,0.03324200212955475,0.033872999250888824,0.03332772105932236,0.03357596695423126,0.03331650793552399,0.03349144011735916,0.03324200212955475,0.03346102312207222,0.03328492492437363,0.03332097455859184,0.03348500654101372
2024-06-28,0.03324852138757706,0.03324852138757706,0.03324852138757706,0.03324852138757706,0.03324852138757706,0.03324852138757706,0.03324852138757706,0.03326306492090225,0.033369533717632294,0.03324852138757706,0.03324852138757706,0.03324852138757706,0.03324852138757706,0.03324852138757706,0.03357810154557228,0.03366818651556969,0.03324852138757706,0.03324852138757706,0.03324852138757706,0.03324852138757706,0.03385050594806671,0.03327648714184761,0.033623408526182175,0.03331940993666649,0.03325749561190605,0.03324852138757706,0.033410247415304184,0.03339143842458725,0.033375274389982224,0.033391959965229034
2024-06-29,0.0332319438457489,0.0332319438457489,0.0332319438457489,0.0332319438457489,0.033250387758016586,0.033266983926296234,0.0334029421210289,0.0332319438457489,0.03336227685213089,0.0332319438457489,0.0332319438457489,0.0332319438457489,0.0332319438457489,0.0332319438457489,0.03358680382370949,0.033556628972291946,0.0332319438457489,0.0332319438457489,0.0332319438457489,0.0332319438457489,0.03374108672142029,0.033457595854997635,0.03352046385407448,0.0332319438457489,0.0332319438457489,0.0332319438457489,0.03337180241942406,0.033372912555933,0.033519916236400604,0.03364718705415726
2024-06-30,0.03322840481996536,0.03322840481996536,0.03322840481996536,0.03322840481996536,0.03322840481996536,0.03333309292793274,0.03328770026564598,0.03322840481996536,0.03343527391552925,0.03322840481996536,0.03322840481996536,0.03322840481996536,0.03322840481996536,0.03322840481996536,0.0336279459297657,0.03363114967942238,0.03322840481996536,0.03322840481996536,0.03322840481996536,0.03322840481996536,0.033737413585186005,0.03337102010846138,0.03349550813436508,0.03322840481996536,0.03322840481996536,0.03322840481996536,0.03341609612107277,0.033411186188459396,0.03345324099063873,0.033689118921756744
2024-07-01,0.033228423446416855,0.033228423446416855,0.033228423446416855,0.033228423446416855,0.03324136510491371,0.03324342519044876,0.033228423446416855,0.033228423446416855,0.03347838670015335,0.033228423446416855,0.033228423446416855,0.033228423446416855,0.033228423446416855,0.033228423446416855,0.033672481775283813,0.03367741405963898,0.033228423446416855,0.033228423446416855,0.033228423446416855,0.033228423446416855,0.03378559276461601,0.03338951617479324,0.0335349403321743,0.033228423446416855,0.033228423446416855,0.033228423446416855,0.03344040364027023,0.033409543335437775,0.03349103033542633,0.03352418169379234
2024-07-02,0.033229582011699677,0.033229582011699677,0.033229582011699677,0.033229582011699677,0.033361244946718216,0.033229582011699677,0.033229582011699677,0.033229582011699677,0.03332327678799629,0.033229582011699677,0.033229582011699677,0.033229582011699677,0.033229582011699677,0.033229582011699677,0.03381606563925743,0.033629536628723145,0.033229582011699677,0.033229582011699677,0.033229582011699677,0.03347925841808319,0.033716749399900436,0.033229582011699677,0.03353464975953102,0.033229582011699677,0.033229582011699677,0.033229582011699677,0.03353289142251015,0.033243607729673386,0.03357572853565216,0.03342496603727341
2024-07-03,0.03322846069931984,0.03322846069931984,0.03322846069931984,0.03322846069931984,0.033369939774274826,0.03322846069931984,0.03322846069931984,0.03322846069931984,0.0333063006401062,0.03322846069931984,0.03322846069931984,0.03322846069931984,0.03322846069931984,0.03322846069931984,0.03380317986011505,0.03362530842423439,0.03322846069931984,0.03322846069931984,0.03322846069931984,0.03348302096128464,0.03372468799352646,0.03322846069931984,0.033537477254867554,0.03322846069931984,0.03322846069931984,0.03322846069931984,0.033522672951221466,0.03327549248933792,0.03359402343630791,0.03341719135642052
2024-07-04,0.0332300029695034,0.0332300029695034,0.0332300029695034,0.0332300029695034,0.03345951437950134,0.0332300029695034,0.0332300029695034,0.0332300029695034,0.03337797895073891,0.0332300029695034,0.0332300029695034,0.0332300029695034,0.0332300029695034,0.0332300029695034,0.0337505042552948,0.03376903012394905,0.0332300029695034,0.03324304521083832,0.03331559896469116,0.0332300029695034,0.033844009041786194,0.033241353929042816,0.03336832672357559,0.0332300029695034,0.0332300029695034,0.03324665501713753,0.033379729837179184,0.03338192403316498,0.033364471048116684,0.03357776999473572
2024-07-05,0.03322998434305191,0.03322998434305191,0.03322998434305191,0.03322998434305191,0.03345942869782448,0.03322998434305191,0.03322998434305191,0.03322998434305191,0.03337817266583443,0.03322998434305191,0.03322998434305191,0.03322998434305191,0.03322998434305191,0.03322998434305191,0.03375031054019928,0.03376903757452965,0.03322998434305191,0.033243268728256226,0.03331580385565758,0.03322998434305191,0.03384438902139664,0.03324180841445923,0.033368196338415146,0.03322998434305191,0.03322998434305191,0.03324630483984947,0.03337947279214859,0.033381856977939606,0.03336428105831146,0.03357795625925064
2024-07-06,0.03322878107428551,0.03322878107428551,0.03322878107428551,0.03322878107428551,0.03355911746621132,0.033236272633075714,0.03322878107428551,0.03326471149921417,0.033298224210739136,0.03322878107428551,0.03322878107428551,0.03322878107428551,0.03322878107428551,0.03322878107428551,0.03377991542220116,0.03359479084610939,0.03322878107428551,0.03332553803920746,0.03323016315698624,0.033251434564590454,0.033822160214185715,0.03322878107428551,0.0332697294652462,0.03322878107428551,0.03322878107428551,0.033403173089027405,0.03328503668308258,0.03361485153436661,0.03341730311512947,0.033444616943597794
2024-07-07,0.033228788524866104,0.033228788524866104,0.033228788524866104,0.033228788524866104,0.03354005888104439,0.033228788524866104,0.033228788524866104,0.03325410187244415,0.033274538815021515,0.033228788524866104,0.033228788524866104,0.033228788524866104,0.033228788524866104,0.033228788524866104,0.03373001515865326,0.03364824503660202,0.033228788524866104,0.033267829567193985,0.033228788524866104,0.0332472026348114,0.033858779817819595,0.033228788524866104,0.033326976001262665,0.033228788524866104,0.033228788524866104,0.03334764391183853,0.03332865983247757,0.033607590943574905,0.03342686966061592,0.0334809310734272
2024-07-08,0.033228930085897446,0.033228930085897446,0.033228930085897446,0.033228930085897446,0.03350835293531418,0.033228930085897446,0.033228930085897446,0.0332367941737175,0.033283576369285583,0.033228930085897446,0.033228930085897446,0.033228930085897446,0.033228930085897446,0.033228930085897446,0.033705826848745346,0.033705759793519974,0.03325330466032028,0.03323421627283096,0.033237993717193604,0.033228930085897446,0.03387363255023956,0.03323022276163101,0.03336874768137932,0.033228930085897446,0.033228930085897446,0.03329777345061302,0.03336150571703911,0.03355783596634865,0.03341991826891899,0.03351960331201553
2024-07-09,0.0332244448363781,0.0332244448363781,0.0332244448363781,0.0332244448363781,0.033732231706380844,0.0332244448363781,0.0332244448363781,0.0332527682185173,0.03354763984680176,0.0332244448363781,0.0332244448363781,0.0332244448363781,0.0332244448363781,0.0332244448363781,0.03376295417547226,0.03360883146524429,0.0332244448363781,0.033257510513067245,0.03324328735470772,0.03327593952417374,0.03374994173645973,0.033360254019498825,0.03331047296524048,0.0332244448363781,0.0332244448363781,0.033341389149427414,0.03332575783133507,0.03334840014576912,0.0332244448363781,0.033515918999910355
2024-07-10,0.03323398903012276,0.03323398903012276,0.03323398903012276,0.03323398903012276,0.03349174186587334,0.03323398903012276,0.03323398903012276,0.03330470621585846,0.03344646841287613,0.03323398903012276,0.03323398903012276,0.03323398903012276,0.03331662714481354,0.03323398903012276,0.03382553160190582,0.03350827470421791,0.03323398903012276,0.03323543071746826,0.03323398903012276,0.0334206260740757,0.033690039068460464,0.03323398903012276,0.03327494114637375,0.03323398903012276,0.03325778990983963,0.03335199132561684,0.03349017724394798,0.03339449688792229,0.03323398903012276,0.03348127380013466
2024-07-11,0.03331371396780014,0.033215880393981934,0.033215880393981934,0.033215880393981934,0.0334567166864872,0.033215880393981934,0.03325575217604637,0.03331788256764412,0.033502690494060516,0.033215880393981934,0.033215880393981934,0.033215880393981934,0.03323862701654434,0.033215880393981934,0.033488281071186066,0.033509716391563416,0.03324570134282112,0.033215880393981934,0.033217377960681915,0.03326783701777458,0.033846523612737656,0.03348324075341225,0.033357471227645874,0.033215880393981934,0.03338834270834923,0.0333414152264595,0.03355355188250542,0.033235080540180206,0.033215880393981934,0.0336054190993309
2024-07-12,0.03332459181547165,0.03320980817079544,0.03320980817079544,0.03320980817079544,0.03339054808020592,0.03324184566736221,0.03334248438477516,0.03320980817079544,0.03354335576295853,0.03320980817079544,0.03320980817079544,0.03320980817079544,0.03330106660723686,0.03320980817079544,0.03347320109605789,0.033484332263469696,0.03320980817079544,0.03320980817079544,0.03320980817079544,0.033350490033626556,0.03381329029798508,0.0335417203605175,0.03343765065073967,0.03320980817079544,0.0333407036960125,0.03328967094421387,0.03358479589223862,0.03320980817079544,0.03320980817079544,0.033602893352508545
2024-07-13,0.03323114290833473,0.03323114290833473,0.03323114290833473,0.03323114290833473,0.03350827470421791,0.03323114290833473,0.03323114290833473,0.03329147771000862,0.033468179404735565,0.03323114290833473,0.03323114290833473,0.03323114290833473,0.03323114290833473,0.03323114290833473,0.033385440707206726,0.03364936262369156,0.03329317644238472,0.03323114290833473,0.03323114290833473,0.03323114290833473,0.033682193607091904,0.033403180539608,0.03353995084762573,0.03323114290833473,0.03335755690932274,0.0333995595574379,0.0334511362016201,0.03333331272006035,0.03323114290833473,0.03353888913989067
2024-07-14,0.03323211520910263,0.03323211520910263,0.03323211520910263,0.03323211520910263,0.03343624621629715,0.03323744609951973,0.03323211520910263,0.0332493856549263,0.03346428647637367,0.03323211520910263,0.03323211520910263,0.03323211520910263,0.03323211520910263,0.03323211520910263,0.03335244953632355,0.03364482894539833,0.03323211520910263,0.03323211520910263,0.03323211520910263,0.033251821994781494,0.03367483988404274,0.0334802009165287,0.033584825694561005,0.033247340470552444,0.033346306532621384,0.03337721899151802,0.033478181809186935,0.03336102142930031,0.03323211520910263,0.03356390818953514
2024-07-15,0.033230215311050415,0.033230215311050415,0.033230215311050415,0.033230215311050415,0.03338902071118355,0.033243030309677124,0.03327116370201111,0.033230215311050415,0.033459972590208054,0.033230215311050415,0.033230215311050415,0.033230215311050415,0.033230215311050415,0.033230215311050415,0.03334248438477516,0.03360438719391823,0.033230215311050415,0.033230215311050415,0.033230215311050415,0.033303700387477875,0.033677838742733,0.03353819623589516,0.03360743075609207,0.033230215311050415,0.033349715173244476,0.033347174525260925,0.03349596634507179,0.03334736078977585,0.033230215311050415,0.033569350838661194
2024-07-16,0.03323615342378616,0.03323240578174591,0.03323240578174591,0.03323240578174591,0.033551592379808426,0.03323240578174591,0.03323240578174591,0.033293262124061584,0.03348227217793465,0.03323240578174591,0.03323240578174591,0.03323240578174591,0.03323240578174591,0.03323240578174591,0.03343808278441429,0.03361910209059715,0.03330633416771889,0.03323240578174591,0.03323240578174591,0.03324378654360771,0.03369796276092529,0.03335124999284744,0.03350462764501572,0.03323240578174591,0.03337658941745758,0.033387139439582825,0.03344079479575157,0.03330349922180176,0.03323240578174591,0.03351376950740814
2024-07-17,0.033414386212825775,0.03321627900004387,0.03321627900004387,0.03321627900004387,0.03355130925774574,0.03321627900004387,0.03321627900004387,0.03340362757444382,0.03338616341352463,0.03321627900004387,0.03321627900004387,0.03321627900004387,0.03321627900004387,0.03321627900004387,0.03345657140016556,0.03351240232586861,0.033325839787721634,0.03321627900004387,0.03321627900004387,0.03321627900004387,0.03371396288275719,0.0333801805973053,0.03350761905312538,0.03321627900004387,0.033373985439538956,0.03330732882022858,0.03339209407567978,0.03357913717627525,0.03321627900004387,0.03345128521323204
2024-07-18,0.03340458869934082,0.0332174189388752,0.0332174189388752,0.0332174189388752,0.0335158109664917,0.0332174189388752,0.0332174189388752,0.033395834267139435,0.03335969150066376,0.0332174189388752,0.0332174189388752,0.0332174189388752,0.0332174189388752,0.0332174189388752,0.03345866873860359,0.03353564813733101,0.033326275646686554,0.0332174189388752,0.033224985003471375,0.0332174189388752,0.033721234649419785,0.033361248672008514,0.03351830691099167,0.0332174189388752,0.03338509798049927,0.03330700099468231,0.0333857536315918,0.0335904136300087,0.0332174189388752,0.03346553444862366
2024-07-19,0.033233895897865295,0.033233895897865295,0.03328578546643257,0.033233895897865295,0.033281080424785614,0.033233895897865295,0.033233895897865295,0.03328371047973633,0.03339114785194397,0.033233895897865295,0.033233895897865295,0.033233895897865295,0.033233895897865295,0.033233895897865295,0.033522672951221466,0.033663444221019745,0.033233895897865295,0.033233895897865295,0.03338438645005226,0.033233895897865295,0.033681560307741165,0.033343683928251266,0.03354240208864212,0.033273596316576004,0.03338382765650749,0.03327019885182381,0.03335607051849365,0.03349517285823822,0.033233895897865295,0.033566731959581375
2024-07-20,0.03321809694170952,0.03321809694170952,0.03328760340809822,0.03321809694170952,0.03330324590206146,0.03329138830304146,0.033339835703372955,0.03321809694170952,0.03350384160876274,0.03321809694170952,0.03321809694170952,0.03321809694170952,0.03321809694170952,0.03321809694170952,0.03352344036102295,0.03354894742369652,0.03321809694170952,0.03321809694170952,0.03321809694170952,0.03321809694170952,0.03382169082760811,0.033418554812669754,0.03348851576447487,0.03321809694170952,0.03336609899997711,0.033232931047677994,0.033470503985881805,0.03330559656023979,0.033436160534620285,0.033608242869377136
2024-07-21,0.03321809694170952,0.03321809694170952,0.03328760340809822,0.03321809694170952,0.03330324590206146,0.03329138830304146,0.033339835703372955,0.03321809694170952,0.03350384160876274,0.03321809694170952,0.03321809694170952,0.03321809694170952,0.03321809694170952,0.03321809694170952,0.03352344036102295,0.03354894742369652,0.03321809694170952,0.03321809694170952,0.03321809694170952,0.03321809694170952,0.03382169082760811,0.033418554812669754,0.03348851576447487,0.03321809694170952,0.03336609899997711,0.033232931047677994,0.033470503985881805,0.03330559656023979,0.033436160534620285,0.033608242869377136
2024-07-22,0.03321809694170952,0.03321809694170952,0.03328760340809822,0.03321809694170952,0.03330324590206146,0.03329138830304146,0.033339835703372955,0.03321809694170952,0.03350384160876274,0.03321809694170952,0.03321809694170952,0.03321809694170952,0.03321809694170952,0.03321809694170952,0.03352344036102295,0.03354894742369652,0.03321809694170952,0.03321809694170952,0.03321809694170952,0.03321809694170952,0.03382169082760811,0.033418554812669754,0.03348851576447487,0.03321809694170952,0.03336609899997711,0.033232931047677994,0.033470503985881805,0.03330559656023979,0.033436160534620285,0.033608242869377136
2024-07-23,0.033213064074516296,0.033213064074516296,0.03339753672480583,0.033213064074516296,0.033345624804496765,0.03333946689963341,0.03339361399412155,0.033213064074516296,0.03353721275925636,0.033213064074516296,0.033213064074516296,0.033213064074516296,0.033213064074516296,0.033213064074516296,0.03360822796821594,0.033546026796102524,0.033213064074516296,0.033213064074516296,0.033213064074516296,0.033275555819272995,0.03379081189632416,0.03330674767494202,0.03335878998041153,0.03325162082910538,0.0333540104329586,0.0333508625626564,0.033360932022333145,0.033248864114284515,0.033402156084775925,0.03357517719268799
2024-07-24,0.03330893814563751,0.03320399299263954,0.03331891819834709,0.03320399299263954,0.03353841230273247,0.03342713043093681,0.03320399299263954,0.03320399299263954,0.033520374447107315,0.03320399299263954,0.03320399299263954,0.03320399299263954,0.03320399299263954,0.03320399299263954,0.03346572816371918,0.0333794429898262,0.03320399299263954,0.03320399299263954,0.03320399299263954,0.033355578780174255,0.03375057876110077,0.033515557646751404,0.03344423696398735,0.03320399299263954,0.033224914222955704,0.03343223035335541,0.03342670574784279,0.033463265746831894,0.033305779099464417,0.0334702804684639
2024-07-25,0.03321729600429535,0.03321729600429535,0.03321729600429535,0.03321729600429535,0.03344999998807907,0.03337611258029938,0.033322662115097046,0.03321729600429535,0.0336555652320385,0.03321729600429535,0.03321729600429535,0.03321729600429535,0.03321729600429535,0.03321729600429535,0.033511754125356674,0.03336559608578682,0.03321729600429535,0.03321729600429535,0.03321729600429535,0.03321729600429535,0.03373868390917778,0.03344811871647835,0.033428702503442764,0.03321729600429535,0.033320438116788864,0.03335121273994446,0.03363371267914772,0.03340238705277443,0.03321729600429535,0.033518318086862564
2024-07-26,0.033228881657123566,0.033228881657123566,0.03331172466278076,0.033228881657123566,0.033306945115327835,0.03326678276062012,0.03353205695748329,0.033228881657123566,0.03339580073952675,0.033228881657123566,0.033228881657123566,0.033228881657123566,0.033228881657123566,0.033228881657123566,0.033603645861148834,0.03352263569831848,0.033228881657123566,0.033228881657123566,0.033228881657123566,0.0332573726773262,0.03381256386637688,0.03343529626727104,0.033417169004678726,0.033343467861413956,0.033345162868499756,0.03338326886296272,0.033228881657123566,0.033228881657123566,0.03338569775223732,0.03347604721784592
2024-07-27,0.03324681147933006,0.03324008360505104,0.033301420509815216,0.03324008360505104,0.03337496891617775,0.033287014812231064,0.0333515927195549,0.03324008360505104,0.03328679874539375,0.03324008360505104,0.03324008360505104,0.03324008360505104,0.03324008360505104,0.03324008360505104,0.03348157927393913,0.03355873003602028,0.03324008360505104,0.03324008360505104,0.03324008360505104,0.03324008360505104,0.03376508504152298,0.033400289714336395,0.03359571844339371,0.033409081399440765,0.033345188945531845,0.033340565860271454,0.03324008360505104,0.03324008360505104,0.03332934528589249,0.03356466442346573
2024-07-28,0.03322809562087059,0.03322809562087059,0.03325369209051132,0.03322809562087059,0.033361002802848816,0.03322809562087059,0.033413052558898926,0.03322809562087059,0.03339413180947304,0.03322809562087059,0.03322809562087059,0.03322809562087059,0.03322809562087059,0.03322809562087059,0.033463288098573685,0.03356784209609032,0.03322809562087059,0.03322809562087059,0.03322809562087059,0.03322809562087059,0.03374699130654335,0.03356233984231949,0.033569518476724625,0.033242858946323395,0.03333151340484619,0.03322809562087059,0.03331349790096283,0.033229030668735504,0.033522214740514755,0.033607497811317444
2024-07-29,0.033228371292352676,0.033228371292352676,0.033246781677007675,0.033228371292352676,0.03335947170853615,0.033228371292352676,0.03341076895594597,0.033228371292352676,0.03338690102100372,0.033228371292352676,0.033228371292352676,0.033228371292352676,0.033228371292352676,0.033228371292352676,0.033455271273851395,0.03356480225920677,0.033228371292352676,0.033228371292352676,0.033228371292352676,0.033228371292352676,0.03374422341585159,0.03356842324137688,0.033578675240278244,0.033236417919397354,0.033330515027046204,0.033228371292352676,0.03332257270812988,0.03323094919323921,0.033526841551065445,0.03361175209283829
2024-07-30,0.033249955624341965,0.033249955624341965,0.033280227333307266,0.033249955624341965,0.033324651420116425,0.033249955624341965,0.033318329602479935,0.033249955624341965,0.033301353454589844,0.033249955624341965,0.033249955624341965,0.033249955624341965,0.033249955624341965,0.033249955624341965,0.03334366902709007,0.03357952460646629,0.033249955624341965,0.033249955624341965,0.033249955624341965,0.033249955624341965,0.03365258499979973,0.03352027013897896,0.03370232880115509,0.03330739587545395,0.03337356448173523,0.033249955624341965,0.0333276204764843,0.033249955624341965,0.03339580073952675,0.03357331082224846
2024-07-31,0.03323616087436676,0.03323616087436676,0.03323616087436676,0.03325456380844116,0.0333988182246685,0.03323616087436676,0.03323616087436676,0.03323616087436676,0.033452074974775314,0.03323616087436676,0.03323616087436676,0.03323616087436676,0.03323616087436676,0.03323616087436676,0.03346947580575943,0.03370736539363861,0.03323616087436676,0.03323616087436676,0.03323616087436676,0.03324877470731735,0.033667247742414474,0.033511336892843246,0.03359286114573479,0.03323616087436676,0.03323616087436676,0.03323616087436676,0.033476781100034714,0.033434007316827774,0.03323616087436676,0.03353575989603996
2024-08-01,0.033228080719709396,0.033228080719709396,0.033228080719709396,0.033228080719709396,0.03343081846833229,0.03339652344584465,0.033316612243652344,0.033228080719709396,0.03344046324491501,0.033228080719709396,0.033228080719709396,0.033228080719709396,0.033228080719709396,0.033228080719709396,0.03341859579086304,0.03354282304644585,0.033228080719709396,0.033228080719709396,0.033228080719709396,0.03324081748723984,0.03377712517976761,0.03346897289156914,0.03360890597105026,0.033228080719709396,0.03332093358039856,0.03335347771644592,0.033362627029418945,0.0333031490445137,0.033228080719709396,0.033596914261579514
2024-08-02,0.033240944147109985,0.033240944147109985,0.033240944147109985,0.03328486159443855,0.03344951197504997,0.03326527029275894,0.033240944147109985,0.033240944147109985,0.033433470875024796,0.033240944147109985,0.033240944147109985,0.033240944147109985,0.033240944147109985,0.033240944147109985,0.033469926565885544,0.03377246484160423,0.033240944147109985,0.033240944147109985,0.033240944147109985,0.033240944147109985,0.03359219431877136,0.033373814076185226,0.03355377912521362,0.033240944147109985,0.033240944147109985,0.033240944147109985,0.033463552594184875,0.033513959497213364,0.033240944147109985,0.033490244299173355
2024-08-03,0.03323449194431305,0.03332744911313057,0.03323449194431305,0.03323449194431305,0.03353576734662056,0.03325799107551575,0.03323449194431305,0.03323449194431305,0.03355678170919418,0.03323449194431305,0.03323449194431305,0.03323449194431305,0.03323449194431305,0.03323449194431305,0.03351866826415062,0.03356776013970375,0.03323449194431305,0.03323449194431305,0.03323449194431305,0.033242203295230865,0.033707208931446075,0.0334654375910759,0.03354163467884064,0.03323449194431305,0.03323449194431305,0.03323449194431305,0.03348904103040695,0.03342185169458389,0.03323449194431305,0.03338181599974632
2024-08-04,0.03322923183441162,0.0333024263381958,0.03322923183441162,0.03322923183441162,0.03352008014917374,0.03330034762620926,0.03322923183441162,0.03322923183441162,0.03357941657304764,0.03322923183441162,0.03322923183441162,0.03322923183441162,0.03322923183441162,0.03322923183441162,0.033566754311323166,0.03365667536854744,0.03322923183441162,0.03322923183441162,0.03322923183441162,0.03322923183441162,0.03367602080106735,0.033429406583309174,0.033528782427310944,0.03322923183441162,0.03322923183441162,0.03322923183441162,0.03348700702190399,0.033426303416490555,0.03322923183441162,0.033400699496269226
2024-08-05,0.03322935476899147,0.033301662653684616,0.03322935476899147,0.03322935476899147,0.033518750220537186,0.03329988569021225,0.03322935476899147,0.03322935476899147,0.033578574657440186,0.03322935476899147,0.03322935476899147,0.03322935476899147,0.03322935476899147,0.03322935476899147,0.033566880971193314,0.03365721181035042,0.03322935476899147,0.03322935476899147,0.03322935476899147,0.03322935476899147,0.03367617353796959,0.03342847898602486,0.03352903947234154,0.03322935476899147,0.03322935476899147,0.03322935476899147,0.03348669409751892,0.03342689946293831,0.03322935476899147,0.033401306718587875
2024-08-06,0.033246878534555435,0.033246878534555435,0.033246878534555435,0.033374521881341934,0.0335182286798954,0.033246878534555435,0.033246878534555435,0.033246878534555435,0.033454496413469315,0.033246878534555435,0.033246878534555435,0.033246878534555435,0.033246878534555435,0.033246878534555435,0.033407606184482574,0.03359796479344368,0.033246878534555435,0.033246878534555435,0.033246878534555435,0.03331181779503822,0.03366955369710922,0.03347532078623772,0.03355276584625244,0.033246878534555435,0.033246878534555435,0.033246878534555435,0.033628951758146286,0.0332520492374897,0.033246878534555435,0.03331281244754791
2024-08-07,0.03321629390120506,0.03321629390120506,0.03321629390120506,0.03333794325590134,0.033521734178066254,0.03327358514070511,0.03321629390120506,0.03321629390120506,0.033572882413864136,0.03321629390120506,0.03321629390120506,0.03321629390120506,0.03321629390120506,0.03321629390120506,0.03356287628412247,0.033740729093551636,0.03321629390120506,0.03326275199651718,0.03321629390120506,0.03327200561761856,0.03373130410909653,0.03334783762693405,0.03352431207895279,0.03321629390120506,0.03321629390120506,0.03321629390120506,0.03356722369790077,0.03337864950299263,0.03321629390120506,0.03344542905688286
2024-08-08,0.033233676105737686,0.033233676105737686,0.033233676105737686,0.03338797017931938,0.0335678905248642,0.033233676105737686,0.033233676105737686,0.033233676105737686,0.03326199948787689,0.033233676105737686,0.033233676105737686,0.033233676105737686,0.03325740620493889,0.033233676105737686,0.033615339547395706,0.033766139298677444,0.033233676105737686,0.033233676105737686,0.033233676105737686,0.033400941640138626,0.03348872438073158,0.033410340547561646,0.033496808260679245,0.033233676105737686,0.033233676105737686,0.033233676105737686,0.03339097276329994,0.0335296131670475,0.033233676105737686,0.03345324844121933
2024-08-09,0.033230654895305634,0.033230654895305634,0.033230654895305634,0.033386196941137314,0.033561013638973236,0.033230654895305634,0.033230654895305634,0.033230654895305634,0.03329167515039444,0.033230654895305634,0.033230654895305634,0.033230654895305634,0.03325483202934265,0.033230654895305634,0.03361113741993904,0.0337667278945446,0.033230654895305634,0.033230654895305634,0.033230654895305634,0.03339976817369461,0.03350791707634926,0.0333835743367672,0.03348878398537636,0.033230654895305634,0.033230654895305634,0.033230654895305634,0.03343149274587631,0.033539582043886185,0.033230654895305634,0.03345608338713646
2024-08-10,0.03322315588593483,0.03322315588593483,0.03322315588593483,0.033289335668087006,0.03352711722254753,0.03329809755086899,0.03322315588593483,0.03322315588593483,0.0334906280040741,0.03322315588593483,0.03322315588593483,0.03322315588593483,0.03322315588593483,0.03322315588593483,0.03354475647211075,0.033739760518074036,0.03322315588593483,0.03323628380894661,0.03322315588593483,0.03323930874466896,0.03366629779338837,0.03342823311686516,0.033476125448942184,0.03322315588593483,0.03322315588593483,0.03322315588593483,0.033466942608356476,0.033502671867609024,0.03322315588593483,0.03352397680282593
2024-08-11,0.03322267159819603,0.03322267159819603,0.03322267159819603,0.03332412615418434,0.03353318199515343,0.03326858952641487,0.03322267159819603,0.03322267159819603,0.03345523402094841,0.03322267159819603,0.03322267159819603,0.03322267159819603,0.03322267159819603,0.03322267159819603,0.033563874661922455,0.033748824149370193,0.03322267159819603,0.03323100507259369,0.03322267159819603,0.03330283239483833,0.03362726420164108,0.0333794504404068,0.03347389027476311,0.03322267159819603,0.03322267159819603,0.03322267159819603,0.03350555896759033,0.033523280173540115,0.03322267159819603,0.033500127494335175
2024-08-12,0.033223021775484085,0.033223021775484085,0.033223021775484085,0.03338470309972763,0.03353683650493622,0.033223021775484085,0.033223021775484085,0.033223021775484085,0.033380720764398575,0.033223021775484085,0.033223021775484085,0.033223021775484085,0.03325105458498001,0.033223021775484085,0.033603571355342865,0.03374605253338814,0.033223021775484085,0.033223021775484085,0.033223021775484085,0.033408988267183304,0.03355502709746361,0.033293504267930984,0.033465493470430374,0.033223021775484085,0.033223021775484085,0.033223021775484085,0.033563025295734406,0.03356418386101723,0.033223021775484085,0.03345537930727005
2024-08-13,0.03322372958064079,0.03322372958064079,0.03322372958064079,0.03338662534952164,0.0335271954536438,0.03322372958064079,0.03322372958064079,0.03322372958064079,0.033370520919561386,0.03322372958064079,0.03322372958064079,0.03322372958064079,0.0332520566880703,0.03322372958064079,0.03360734134912491,0.033748090267181396,0.03322372958064079,0.03322372958064079,0.03322372958064079,0.03341119736433029,0.03355271369218826,0.03328455612063408,0.033465676009655,0.03322372958064079,0.03322372958064079,0.03322372958064079,0.0335627943277359,0.03357049822807312,0.03322372958064079,0.03345729038119316
2024-08-14,0.03322507441043854,0.03322507441043854,0.033265888690948486,0.033387426286935806,0.033549707382917404,0.03326396644115448,0.03322507441043854,0.03322507441043854,0.03346532583236694,0.03322507441043854,0.03322507441043854,0.03322507441043854,0.03322507441043854,0.03322507441043854,0.033615052700042725,0.033661872148513794,0.03322507441043854,0.033292558044195175,0.03322507441043854,0.03350217267870903,0.03356381505727768,0.03322507441043854,0.03335880488157272,0.03322507441043854,0.03322507441043854,0.03322507441043854,0.033492106944322586,0.03357147425413132,0.03322507441043854,0.03340870887041092
2024-08-15,0.033242493867874146,0.033242493867874146,0.03331241384148598,0.03336917981505394,0.03345300629734993,0.033242493867874146,0.033242493867874146,0.033273130655288696,0.03344260901212692,0.033242493867874146,0.033242493867874146,0.033242493867874146,0.033242493867874146,0.033242493867874146,0.03350348770618439,0.033686473965644836,0.033242493867874146,0.033242493867874146,0.033242493867874146,0.033480849117040634,0.0334802083671093,0.033242493867874146,0.03347790613770485,0.03325015679001808,0.033242493867874146,0.033242493867874146,0.03348613157868385,0.033538755029439926,0.033242493867874146,0.03336575627326965
2024-08-16,0.03329027444124222,0.03323621675372124,0.033420052379369736,0.03325261175632477,0.033293142914772034,0.03323621675372124,0.03323621675372124,0.0332866907119751,0.03323829174041748,0.03323621675372124,0.03323621675372124,0.03323621675372124,0.03323621675372124,0.03323621675372124,0.033356696367263794,0.03360098972916603,0.03323621675372124,0.03328578174114227,0.03323621675372124,0.03351461514830589,0.03349294885993004,0.03323621675372124,0.033473871648311615,0.03325086832046509,0.03342074155807495,0.03344741091132164,0.03351640701293945,0.03365268185734749,0.03323621675372124,0.03337128832936287
2024-08-17,0.033312730491161346,0.03323523327708244,0.03343554213643074,0.03323523327708244,0.03336009383201599,0.03323523327708244,0.03323523327708244,0.03328598663210869,0.03323523327708244,0.03323523327708244,0.03323523327708244,0.03323523327708244,0.03323523327708244,0.03323523327708244,0.03338329866528511,0.03355413302779198,0.03323523327708244,0.03327203914523125,0.03323523327708244,0.033532917499542236,0.03353096544742584,0.03323523327708244,0.033481415361166,0.03323523327708244,0.033425673842430115,0.03344420716166496,0.0334969200193882,0.033595770597457886,0.03323523327708244,0.0333598330616951
2024-08-18,0.03326389193534851,0.033226270228624344,0.03339315950870514,0.03325797617435455,0.03328784555196762,0.033226270228624344,0.033226270228624344,0.03328893333673477,0.033226270228624344,0.033226270228624344,0.033226270228624344,0.033226270228624344,0.033226270228624344,0.033226270228624344,0.03339092805981636,0.03359084948897362,0.033226270228624344,0.033226270228624344,0.033226270228624344,0.03351026400923729,0.033562153577804565,0.033226270228624344,0.03349980711936951,0.03332963213324547,0.033390484750270844,0.03353418782353401,0.03346238657832146,0.03357432037591934,0.03328937664628029,0.033432215452194214
2024-08-19,0.0332564041018486,0.03323205187916756,0.03329646959900856,0.03336591273546219,0.03324258700013161,0.03323205187916756,0.03323205187916756,0.033304668962955475,0.03323205187916756,0.03323205187916756,0.03323205187916756,0.03323205187916756,0.03323205187916756,0.03323205187916756,0.03350282087922096,0.03366975858807564,0.03323205187916756,0.03323205187916756,0.03323205187916756,0.033462487161159515,0.03355821594595909,0.03323205187916756,0.033515218645334244,0.033287230879068375,0.03323205187916756,0.033414360135793686,0.03342199698090553,0.03369414806365967,0.03336909040808678,0.03338990360498428
2024-08-20,0.03323381766676903,0.03323381766676903,0.03334246948361397,0.03323381766676903,0.03323381766676903,0.03323381766676903,0.03323381766676903,0.03327378258109093,0.03326357156038284,0.03323381766676903,0.03323381766676903,0.03323381766676903,0.03323381766676903,0.03323381766676903,0.033414922654628754,0.0336528941988945,0.03323381766676903,0.03323381766676903,0.03323381766676903,0.033454541116952896,0.033578060567379,0.03329421579837799,0.0336105115711689,0.03330792114138603,0.03347649797797203,0.033349353820085526,0.033535175025463104,0.03339860215783119,0.03323381766676903,0.03354017063975334
2024-08-21,0.033233821392059326,0.033233821392059326,0.03334243968129158,0.033233821392059326,0.033233821392059326,0.033233821392059326,0.033233821392059326,0.033273790031671524,0.03326357156038284,0.033233821392059326,0.033233821392059326,0.033233821392059326,0.033233821392059326,0.033233821392059326,0.03341497480869293,0.03365292027592659,0.033233821392059326,0.033233821392059326,0.033233821392059326,0.0334545336663723,0.033578064292669296,0.033294204622507095,0.033610522747039795,0.033307913690805435,0.033476438373327255,0.03334931656718254,0.033535171300172806,0.033398646861314774,0.033233821392059326,0.033540163189172745
2024-08-22,0.03323381766676903,0.03323381766676903,0.03334246948361397,0.03323381766676903,0.03323381766676903,0.03323381766676903,0.03323381766676903,0.03327378258109093,0.03326357156038284,0.03323381766676903,0.03323381766676903,0.03323381766676903,0.03323381766676903,0.03323381766676903,0.03341492637991905,0.0336528941988945,0.03323381766676903,0.03323381766676903,0.03323381766676903,0.033454541116952896,0.033578060567379,0.03329421579837799,0.0336105115711689,0.033307917416095734,0.033476486802101135,0.033349353820085526,0.033535175025463104,0.03339860215783119,0.03323381766676903,0.03354017063975334
2024-08-23,0.03323381766676903,0.03323381766676903,0.03334246948361397,0.03323381766676903,0.03323381766676903,0.03323381766676903,0.03323381766676903,0.03327378258109093,0.03326357156038284,0.03323381766676903,0.03323381766676903,0.03323381766676903,0.03323381766676903,0.03323381766676903,0.033414922654628754,0.0336528941988945,0.03323381766676903,0.03323381766676903,0.03323381766676903,0.033454541116952896,0.033578060567379,0.03329421579837799,0.0336105115711689,0.03330792114138603,0.03347649797797203,0.033349353820085526,0.033535175025463104,0.03339860215783119,0.03323381766676903,0.03354017063975334
2024-08-24,0.03323381766676903,0.03323381766676903,0.03334246948361397,0.03323381766676903,0.03323381766676903,0.03323381766676903,0.03323381766676903,0.03327378258109093,0.03326357156038284,0.03323381766676903,0.03323381766676903,0.03323381766676903,0.03323381766676903,0.03323381766676903,0.033414922654628754,0.0336528941988945,0.03323381766676903,0.03323381766676903,0.03323381766676903,0.033454541116952896,0.033578060567379,0.03329421579837799,0.0336105115711689,0.03330792114138603,0.03347649797797203,0.033349353820085526,0.033535175025463104,0.03339860215783119,0.03323381766676903,0.03354017063975334
2024-08-25,0.03323381766676903,0.03323381766676903,0.03334246948361397,0.03323381766676903,0.03323381766676903,0.03323381766676903,0.03323381766676903,0.03327378258109093,0.03326357156038284,0.03323381766676903,0.03323381766676903,0.03323381766676903,0.03323381766676903,0.03323381766676903,0.033414922654628754,0.0336528941988945,0.03323381766676903,0.03323381766676903,0.03323381766676903,0.033454541116952896,0.033578060567379,0.03329421579837799,0.0336105115711689,0.03330792114138603,0.03347649797797203,0.033349353820085526,0.033535175025463104,0.03339860215783119,0.03323381766676903,0.03354017063975334
2024-08-26,0.03323381766676903,0.03323381766676903,0.03334246948361397,0.03323381766676903,0.03323381766676903,0.03323381766676903,0.03323381766676903,0.03327378258109093,0.03326357156038284,0.03323381766676903,0.03323381766676903,0.03323381766676903,0.03323381766676903,0.03323381766676903,0.033414922654628754,0.0336528941988945,0.03323381766676903,0.03323381766676903,0.03323381766676903,0.033454541116952896,0.033578060567379,0.03329421579837799,0.0336105115711689,0.03330792114138603,0.03347649797797203,0.033349353820085526,0.033535175025463104,0.03339860215783119,0.03323381766676903,0.03354017063975334
2024-08-27,0.03323372080922127,0.03323372080922127,0.03334219381213188,0.03323372080922127,0.03323372080922127,0.03323372080922127,0.03323372080922127,0.033274807035923004,0.03326382860541344,0.03323372080922127,0.03323372080922127,0.03323372080922127,0.03323372080922127,0.03323372080922127,0.0334155410528183,0.03365294262766838,0.03323372080922127,0.03323372080922127,0.03323372080922127,0.033453866839408875,0.03358070179820061,0.03329445421695709,0.033610474318265915,0.0333082377910614,0.033478353172540665,0.03334760665893555,0.03353475034236908,0.03339743986725807,0.03323372080922127,0.033538997173309326
2024-08-28,0.033234260976314545,0.033234260976314545,0.03334074839949608,0.033234260976314545,0.033234260976314545,0.033234260976314545,0.033234260976314545,0.03326591104269028,0.03327392414212227,0.033234260976314545,0.033234260976314545,0.033234260976314545,0.033234260976314545,0.033234260976314545,0.033409152179956436,0.03365284577012062,0.033234260976314545,0.033234260976314545,0.033234260976314545,0.03343720734119415,0.03358789160847664,0.03330681845545769,0.03361024335026741,0.033301062881946564,0.0334722064435482,0.0333498977124691,0.03352716937661171,0.03339991346001625,0.033234260976314545,0.033551089465618134
2024-08-29,0.03323774039745331,0.03323774039745331,0.033352065831422806,0.03323774039745331,0.03323994576931,0.03323774039745331,0.0333251878619194,0.03327709063887596,0.03323774039745331,0.03323774039745331,0.03323774039745331,0.03323774039745331,0.03325603902339935,0.03323774039745331,0.033334966748952866,0.033566780388355255,0.03323774039745331,0.03323774039745331,0.03323774039745331,0.033422037959098816,0.0336148738861084,0.03338724374771118,0.03352055698633194,0.03341232240200043,0.03337342292070389,0.03323774039745331,0.03362470492720604,0.03338721767067909,0.03323774039745331,0.03357724845409393
2024-08-30,0.03323454037308693,0.03323454037308693,0.0333285927772522,0.03323454037308693,0.03323454037308693,0.03323454037308693,0.03340037912130356,0.03331487625837326,0.0332963801920414,0.03323454037308693,0.03323454037308693,0.03323454037308693,0.03323454037308693,0.03323454037308693,0.03332087770104408,0.033579953014850616,0.03325354680418968,0.03323454037308693,0.03323454037308693,0.03323454037308693,0.033876173198223114,0.033522821962833405,0.03347308188676834,0.0333397313952446,0.033380355685949326,0.03323454037308693,0.03348098322749138,0.033337224274873734,0.03323454037308693,0.033576931804418564
2024-08-31,0.03323359042406082,0.03323359042406082,0.0333298034965992,0.03323359042406082,0.03323359042406082,0.03323359042406082,0.03341086208820343,0.03333590179681778,0.033288247883319855,0.03323359042406082,0.03323359042406082,0.03323359042406082,0.03323359042406082,0.03323359042406082,0.0333157517015934,0.0335727334022522,0.033257272094488144,0.03323359042406082,0.03323359042406082,0.03323359042406082,0.03389809653162956,0.033528272062540054,0.0334562323987484,0.03335464373230934,0.033374104648828506,0.03323359042406082,0.033480335026979446,0.033329226076602936,0.03323359042406082,0.033564627170562744
2024-09-01,0.03323919326066971,0.03323919326066971,0.03330802544951439,0.03323919326066971,0.03323919326066971,0.03323919326066971,0.033337563276290894,0.03328889608383179,0.033361759036779404,0.03323919326066971,0.03323919326066971,0.03323919326066971,0.03323919326066971,0.03323919326066971,0.03338924050331116,0.03362725302577019,0.03323919326066971,0.03323919326066971,0.03323919326066971,0.03323919326066971,0.03385593742132187,0.03341280296444893,0.0335686020553112,0.03323919326066971,0.033485788851976395,0.03323919326066971,0.03341865539550781,0.033330611884593964,0.03323919326066971,0.033548496663570404
2024-09-02,0.033239223062992096,0.033239223062992096,0.03330783545970917,0.033239223062992096,0.033239223062992096,0.033239223062992096,0.03333709016442299,0.0332886166870594,0.033362239599227905,0.033239223062992096,0.033239223062992096,0.033239223062992096,0.033239223062992096,0.033239223062992096,0.0333896242082119,0.03362758085131645,0.033239223062992096,0.033239223062992096,0.033239223062992096,0.033239223062992096,0.03385554999113083,0.03341201692819595,0.033569153398275375,0.033239223062992096,0.033486392349004745,0.033239223062992096,0.033418208360672,0.03333057835698128,0.033239223062992096,0.03354830667376518
2024-09-03,0.033239223062992096,0.033239223062992096,0.03330782800912857,0.033239223062992096,0.033239223062992096,0.033239223062992096,0.03333708271384239,0.0332886204123497,0.0333622470498085,0.033239223062992096,0.033239223062992096,0.033239223062992096,0.033239223062992096,0.033239223062992096,0.033389631658792496,0.03362758830189705,0.033239223062992096,0.033239223062992096,0.033239223062992096,0.033239223062992096,0.03385554626584053,0.033412009477615356,0.03356916457414627,0.033239223062992096,0.03348639979958534,0.033239223062992096,0.033418208360672,0.03333057835698128,0.033239223062992096,0.03354831039905548
2024-09-04,0.03323806822299957,0.03323806822299957,0.03323806822299957,0.03323806822299957,0.03323806822299957,0.03323806822299957,0.033326052129268646,0.03333163261413574,0.03327586129307747,0.03323806822299957,0.03323806822299957,0.03323806822299957,0.03323806822299957,0.03323806822299957,0.03346655145287514,0.03370649740099907,0.03323806822299957,0.03323806822299957,0.03323806822299957,0.03323806822299957,0.03386148810386658,0.03351150453090668,0.03349863365292549,0.03332800045609474,0.03323806822299957,0.03323806822299957,0.03343318775296211,0.03346412628889084,0.03323887661099434,0.03351036459207535
2024-09-05,0.03322319686412811,0.03322319686412811,0.03322319686412811,0.03322319686412811,0.03326507285237312,0.0332370325922966,0.03337126597762108,0.03322319686412811,0.033350810408592224,0.03322319686412811,0.03322319686412811,0.03322319686412811,0.03322319686412811,0.03322319686412811,0.03356156125664711,0.0337144210934639,0.03322319686412811,0.03325130417943001,0.03322319686412811,0.03322319686412811,0.03380350023508072,0.033466849476099014,0.033390920609235764,0.03322319686412811,0.03322319686412811,0.03322319686412811,0.03346185386180878,0.03350164741277695,0.0333532951772213,0.033699337393045425
2024-09-06,0.03322349861264229,0.03322349861264229,0.03322349861264229,0.03322349861264229,0.033286143094301224,0.033281754702329636,0.03324687480926514,0.03322349861264229,0.033241912722587585,0.03322349861264229,0.03322349861264229,0.03322349861264229,0.03322349861264229,0.03322349861264229,0.033497463911771774,0.033707763999700546,0.03322349861264229,0.03322349861264229,0.03322349861264229,0.03323836997151375,0.03381132334470749,0.03347595036029816,0.033409759402275085,0.03322349861264229,0.03322349861264229,0.03322349861264229,0.03344174474477768,0.033709362149238586,0.03344534710049629,0.03363032639026642
2024-09-07,0.03323483094573021,0.03323483094573021,0.03323483094573021,0.033340197056531906,0.03336460143327713,0.03323483094573021,0.03323483094573021,0.03323483094573021,0.03323483094573021,0.03323483094573021,0.03323483094573021,0.03323483094573021,0.033252742141485214,0.03323483094573021,0.03353976830840111,0.03377651050686836,0.03323483094573021,0.03327011317014694,0.03323483094573021,0.03335897624492645,0.03351661190390587,0.03338318318128586,0.03339312970638275,0.03323483094573021,0.03323483094573021,0.03323483094573021,0.03336483985185623,0.03372205048799515,0.0334835983812809,0.033476416021585464
2024-09-08,0.03323470056056976,0.03323470056056976,0.03323470056056976,0.03334261104464531,0.033363357186317444,0.03323470056056976,0.03323470056056976,0.03323470056056976,0.03323470056056976,0.03323470056056976,0.03323470056056976,0.03323470056056976,0.03325144201517105,0.03323470056056976,0.033540286123752594,0.0337795726954937,0.03323470056056976,0.033274196088314056,0.03323470056056976,0.033363617956638336,0.03351564332842827,0.03338067606091499,0.03339317813515663,0.03323470056056976,0.03323470056056976,0.03323470056056976,0.0333714634180069,0.03371576964855194,0.03347783908247948,0.03347509726881981
2024-09-09,0.033237118273973465,0.033237118273973465,0.03323914110660553,0.03331240639090538,0.03336283564567566,0.033237118273973465,0.03325397148728371,0.033237118273973465,0.033237118273973465,0.033237118273973465,0.033237118273973465,0.033237118273973465,0.03331627696752548,0.033237118273973465,0.033585842698812485,0.03377475216984749,0.033237118273973465,0.03328060358762741,0.03324860706925392,0.033344026654958725,0.033535849303007126,0.03332754597067833,0.033370498567819595,0.033237118273973465,0.033237118273973465,0.033237118273973465,0.03349439799785614,0.03358094021677971,0.03335632011294365,0.033533547073602676
2024-09-10,0.03323686867952347,0.03323686867952347,0.03327334672212601,0.033280786126852036,0.033341411501169205,0.03323686867952347,0.03323686867952347,0.03323686867952347,0.03323686867952347,0.03323686867952347,0.03323686867952347,0.03323686867952347,0.03329554200172424,0.03323686867952347,0.03360966593027115,0.033779390156269073,0.03323686867952347,0.033276110887527466,0.03326132893562317,0.03334851190447807,0.033585939556360245,0.03323734179139137,0.0333549790084362,0.03323686867952347,0.03323686867952347,0.03323686867952347,0.033581554889678955,0.03361615166068077,0.03329837694764137,0.03354335576295853
2024-09-11,0.03323433920741081,0.03323433920741081,0.03323948010802269,0.033315259963274,0.03334365412592888,0.03323433920741081,0.03323433920741081,0.03323433920741081,0.03323433920741081,0.03323433920741081,0.03323433920741081,0.03323433920741081,0.03323433920741081,0.03323433920741081,0.0335405133664608,0.03377199545502663,0.03323433920741081,0.033280085772275925,0.03323433920741081,0.03335580602288246,0.033561356365680695,0.03333241119980812,0.033382847905159,0.03323433920741081,0.03323433920741081,0.03323433920741081,0.03343105688691139,0.033765215426683426,0.03343961760401726,0.033491313457489014
2024-09-12,0.03324770927429199,0.03324770927429199,0.033303435891866684,0.03324770927429199,0.03324770927429199,0.03324770927429199,0.03324770927429199,0.033364929258823395,0.03324770927429199,0.03324770927429199,0.03324770927429199,0.03324770927429199,0.03324770927429199,0.03324770927429199,0.03350202739238739,0.03374741971492767,0.03324770927429199,0.03324965015053749,0.03324770927429199,0.0332854725420475,0.033666204661130905,0.03330590948462486,0.03351447731256485,0.03332671523094177,0.03324770927429199,0.03324770927429199,0.03354950249195099,0.033621467649936676,0.03324770927429199,0.03335172310471535
2024-09-13,0.03322892636060715,0.03322892636060715,0.03322892636060715,0.03336616978049278,0.03322892636060715,0.03322892636060715,0.03322892636060715,0.03340085968375206,0.03322892636060715,0.03322892636060715,0.033232152462005615,0.03322892636060715,0.03322892636060715,0.03322892636060715,0.03350089117884636,0.03370680287480354,0.03322892636060715,0.03322892636060715,0.03322892636060715,0.03336048498749733,0.033746253699064255,0.033300235867500305,0.03361784294247627,0.03323059901595116,0.03324835002422333,0.03322892636060715,0.03340739756822586,0.03366772457957268,0.03341919556260109,0.03336123377084732
2024-09-14,0.033236850053071976,0.033236850053071976,0.033236850053071976,0.033297136425971985,0.033236850053071976,0.033236850053071976,0.033236850053071976,0.03332225978374481,0.033236850053071976,0.033236850053071976,0.033236850053071976,0.033236850053071976,0.033236850053071976,0.033236850053071976,0.03347465395927429,0.033691853284835815,0.033236850053071976,0.033236850053071976,0.033236850053071976,0.033236850053071976,0.033841826021671295,0.0334293395280838,0.03360975161194801,0.033236850053071976,0.033236850053071976,0.033236850053071976,0.03336268663406372,0.03366949036717415,0.0333942286670208,0.03340660780668259
2024-09-15,0.033245984464883804,0.033245984464883804,0.033245984464883804,0.033245984464883804,0.033245984464883804,0.033245984464883804,0.03326937183737755,0.033283066004514694,0.033348679542541504,0.033245984464883804,0.033245984464883804,0.033245984464883804,0.033245984464883804,0.033245984464883804,0.03353870287537575,0.03372855484485626,0.033245984464883804,0.033245984464883804,0.033245984464883804,0.033245984464883804,0.03384159505367279,0.03337952122092247,0.033616214990615845,0.033245984464883804,0.033245984464883804,0.033245984464883804,0.03335744887590408,0.033453818410634995,0.03327011689543724,0.033485110849142075
2024-09-16,0.033246032893657684,0.033246032893657684,0.033246032893657684,0.033246032893657684,0.033246032893657684,0.033246032893657684,0.0332706943154335,0.03328188881278038,0.03334999457001686,0.033246032893657684,0.033246032893657684,0.033246032893657684,0.033246032893657684,0.033246032893657684,0.033539265394210815,0.033728864043951035,0.033246032893657684,0.033246032893657684,0.033246032893657684,0.033246032893657684,0.03384072706103325,0.03337898477911949,0.033616114407777786,0.033246032893657684,0.033246032893657684,0.033246032893657684,0.033357683569192886,0.033451613038778305,0.033268921077251434,0.033486559987068176
2024-09-17,0.03323516622185707,0.03323516622185707,0.03336715325713158,0.03323516622185707,0.03323516622185707,0.03323516622185707,0.033386051654815674,0.033337611705064774,0.033292368054389954,0.03323516622185707,0.03323516622185707,0.03323516622185707,0.03323516622185707,0.03323516622185707,0.03336244076490402,0.03354977071285248,0.03323516622185707,0.03323516622185707,0.03323516622185707,0.03323516622185707,0.033868659287691116,0.03342818468809128,0.033558327704668045,0.03323516622185707,0.033463649451732635,0.03323516622185707,0.033480651676654816,0.033324629068374634,0.03323516622185707,0.03358267620205879
2024-09-18,0.03323516622185707,0.03323516622185707,0.03336715325713158,0.03323516622185707,0.03323516622185707,0.03323516622185707,0.033386051654815674,0.033337611705064774,0.033292368054389954,0.03323516622185707,0.03323516622185707,0.03323516622185707,0.03323516622185707,0.03323516622185707,0.03336244076490402,0.03354977071285248,0.03323516622185707,0.03323516622185707,0.03323516622185707,0.03323516622185707,0.033868659287691116,0.03342818468809128,0.033558327704668045,0.03323516622185707,0.033463649451732635,0.03323516622185707,0.033480651676654816,0.033324629068374634,0.03323516622185707,0.03358267620205879
2024-09-19,0.03323516622185707,0.03323516622185707,0.03336715325713158,0.03323516622185707,0.03323516622185707,0.03323516622185707,0.033386051654815674,0.033337611705064774,0.033292368054389954,0.03323516622185707,0.03323516622185707,0.03323516622185707,0.03323516622185707,0.03323516622185707,0.03336244076490402,0.03354977071285248,0.03323516622185707,0.03323516622185707,0.03323516622185707,0.03323516622185707,0.033868659287691116,0.03342818468809128,0.033558327704668045,0.03323516622185707,0.033463649451732635,0.03323516622185707,0.033480651676654816,0.033324629068374634,0.03323516622185707,0.03358267620205879
2024-09-20,0.03323647007346153,0.03323647007346153,0.03330179303884506,0.03323647007346153,0.03326449170708656,0.03323647007346153,0.03333696350455284,0.03328477218747139,0.03334386646747589,0.03323647007346153,0.03323647007346153,0.03323647007346153,0.03323647007346153,0.03323647007346153,0.03348878026008606,0.033611197024583817,0.033263202756643295,0.03323647007346153,0.03323647007346153,0.03326340392231941,0.033921610563993454,0.03333878517150879,0.03353079780936241,0.03323647007346153,0.03351730853319168,0.03323647007346153,0.03341288864612579,0.03326145559549332,0.033279016613960266,0.033505599945783615
2024-09-21,0.03323698788881302,0.03323698788881302,0.03326239436864853,0.03323698788881302,0.03339178487658501,0.03323698788881302,0.03323698788881302,0.03327883407473564,0.033350132405757904,0.03323698788881302,0.03323698788881302,0.03323698788881302,0.03323698788881302,0.03323698788881302,0.03351298347115517,0.03369796648621559,0.033320363610982895,0.03323698788881302,0.033314209431409836,0.03323698788881302,0.033772800117731094,0.03323698788881302,0.03344918414950371,0.03323698788881302,0.033479273319244385,0.03339425101876259,0.03335956111550331,0.033303987234830856,0.03323698788881302,0.03355738893151283
2024-09-22,0.03323698788881302,0.03323698788881302,0.03326239436864853,0.03323698788881302,0.03339178115129471,0.03323698788881302,0.03323698788881302,0.03327883407473564,0.033350132405757904,0.03323698788881302,0.03323698788881302,0.03323698788881302,0.03323698788881302,0.03323698788881302,0.03351297974586487,0.03369796648621559,0.033320359885692596,0.03323698788881302,0.033314209431409836,0.03323698788881302,0.033772800117731094,0.03323698788881302,0.03344918414950371,0.03323698788881302,0.033479273319244385,0.03339425101876259,0.03335956111550331,0.033303990960121155,0.03323698788881302,0.03355738893151283
2024-09-23,0.033236999064683914,0.033236999064683914,0.0332624614238739,0.033236999064683914,0.0333913154900074,0.033236999064683914,0.033236999064683914,0.03327878564596176,0.033350009471178055,0.033236999064683914,0.033236999064683914,0.033236999064683914,0.033236999064683914,0.033236999064683914,0.03351239114999771,0.03369825333356857,0.033320292830467224,0.033236999064683914,0.03331400454044342,0.033236999064683914,0.03377273306250572,0.033236999064683914,0.03344953432679176,0.033236999064683914,0.03347906097769737,0.033394671976566315,0.03335956111550331,0.03330441564321518,0.033236999064683914,0.03355759009718895
2024-09-24,0.03324319049715996,0.03324319049715996,0.03328166529536247,0.03324319049715996,0.033312223851680756,0.03324319049715996,0.03324319049715996,0.03328574448823929,0.033378515392541885,0.03324319049715996,0.03324319049715996,0.03324319049715996,0.03324319049715996,0.03324319049715996,0.03337227180600166,0.033756788820028305,0.03327632322907448,0.03324319049715996,0.03331952169537544,0.03324319049715996,0.03368370607495308,0.03327798843383789,0.033476538956165314,0.03324319049715996,0.033422067761421204,0.033352144062519073,0.0334092453122139,0.03342776373028755,0.03324319049715996,0.03356289118528366
2024-09-25,0.033239640295505524,0.033239640295505524,0.033328089863061905,0.033239640295505524,0.03338341787457466,0.033239640295505524,0.033239640295505524,0.033290185034275055,0.03336078301072121,0.033239640295505524,0.033239640295505524,0.033239640295505524,0.033239640295505524,0.033239640295505524,0.03343060985207558,0.03373637795448303,0.03330392763018608,0.033239640295505524,0.03335987403988838,0.033239640295505524,0.033724065870046616,0.033239640295505524,0.03346508741378784,0.033239640295505524,0.03349898010492325,0.03328998014330864,0.03337838500738144,0.03335467353463173,0.033239640295505524,0.0335010401904583
2024-09-26,0.033245109021663666,0.033245109021663666,0.033271424472332,0.033245109021663666,0.03334621340036392,0.033245109021663666,0.033245109021663666,0.03333207592368126,0.03327254578471184,0.033245109021663666,0.033245109021663666,0.033245109021663666,0.033245109021663666,0.033245109021663666,0.033647943288087845,0.03378630802035332,0.033245109021663666,0.033245109021663666,0.0333302766084671,0.03336119279265404,0.0335412360727787,0.033245109021663666,0.03352857381105423,0.033245109021663666,0.033340658992528915,0.033245109021663666,0.03345341980457306,0.03346508741378784,0.03325214609503746,0.03339424356818199
2024-09-27,0.03324136137962341,0.03324136137962341,0.03324136137962341,0.03324136137962341,0.033545635640621185,0.03324136137962341,0.03324136137962341,0.0333499051630497,0.03340528532862663,0.03324136137962341,0.03324136137962341,0.03324136137962341,0.03324136137962341,0.03324136137962341,0.03355088829994202,0.0337241068482399,0.03324136137962341,0.03324136137962341,0.03324136137962341,0.03339025005698204,0.0335213765501976,0.03324136137962341,0.033546674996614456,0.03324136137962341,0.03327513113617897,0.03324136137962341,0.03354102745652199,0.033417899161577225,0.03324136137962341,0.033387310802936554
2024-09-28,0.033250268548727036,0.033250268548727036,0.033250268548727036,0.033250268548727036,0.03328688442707062,0.033250268548727036,0.033250268548727036,0.03329038992524147,0.03334624320268631,0.033250268548727036,0.033250268548727036,0.033250268548727036,0.033250268548727036,0.033250268548727036,0.03350559622049332,0.03385109826922417,0.033250268548727036,0.033250268548727036,0.03333710879087448,0.033250268548727036,0.03362106531858444,0.033250268548727036,0.03351403400301933,0.033250268548727036,0.033250268548727036,0.033250268548727036,0.033416859805583954,0.033583417534828186,0.033250268548727036,0.03349222242832184
2024-09-29,0.03324979543685913,0.03324979543685913,0.03324979543685913,0.03324979543685913,0.03330124542117119,0.03324979543685913,0.03324979543685913,0.03329287841916084,0.03335586562752724,0.03324979543685913,0.03324979543685913,0.03324979543685913,0.03324979543685913,0.03324979543685913,0.03349543735384941,0.033849719911813736,0.03324979543685913,0.03324979543685913,0.033323321491479874,0.03324979543685913,0.03360858932137489,0.03324979543685913,0.03351736068725586,0.03324979543685913,0.03324979543685913,0.03324979543685913,0.03342825546860695,0.03358704224228859,0.03324979543685913,0.03349412977695465
2024-09-30,0.03324698284268379,0.03324698284268379,0.03324698284268379,0.03324698284268379,0.03338596969842911,0.03324698284268379,0.03324698284268379,0.03335519880056381,0.033369116485118866,0.03324698284268379,0.03324698284268379,0.03324698284268379,0.03324698284268379,0.03324698284268379,0.03351275622844696,0.033826835453510284,0.03324698284268379,0.03324698284268379,0.03324810788035393,0.033286966383457184,0.03350573405623436,0.03324698284268379,0.033534757792949677,0.03325679525732994,0.03324698284268379,0.03324698284268379,0.03351172059774399,0.03357508406043053,0.03324698284268379,0.03343227878212929
2024-10-01,0.033253930509090424,0.033253930509090424,0.033253930509090424,0.033253930509090424,0.03328051045536995,0.033253930509090424,0.033253930509090424,0.033253930509090424,0.033344291150569916,0.033253930509090424,0.033253930509090424,0.033253930509090424,0.033253930509090424,0.033253930509090424,0.03348793834447861,0.03379570320248604,0.033253930509090424,0.033253930509090424,0.033253930509090424,0.033253930509090424,0.033602990210056305,0.033253930509090424,0.03360264003276825,0.033253930509090424,0.033253930509090424,0.033253930509090424,0.03341950476169586,0.03360537812113762,0.033253930509090424,0.03352849557995796
2024-10-02,0.03324780613183975,0.03324780613183975,0.03335309401154518,0.03324780613183975,0.0333147756755352,0.03324780613183975,0.0332762710750103,0.03324780613183975,0.033365100622177124,0.03324780613183975,0.03324780613183975,0.03324780613183975,0.03324780613183975,0.03324780613183975,0.033336274325847626,0.0337073877453804,0.03324780613183975,0.03324780613183975,0.03324780613183975,0.03324780613183975,0.03360988572239876,0.03331313654780388,0.033569011837244034,0.03324780613183975,0.03343763202428818,0.03324780613183975,0.0334610641002655,0.03348909690976143,0.03324780613183975,0.033554624766111374
2024-10-03,0.033245064318180084,0.033245064318180084,0.033315397799015045,0.03327628970146179,0.03330718353390694,0.033245064318180084,0.033245064318180084,0.033245064318180084,0.03324855864048004,0.033245064318180084,0.033245064318180084,0.033245064318180084,0.033245064318180084,0.033245064318180084,0.03360443189740181,0.0337245911359787,0.033245064318180084,0.033245064318180084,0.033245064318180084,0.03342525288462639,0.03352023661136627,0.033245064318180084,0.033619701862335205,0.033245064318180084,0.033312659710645676,0.033245064318180084,0.033498186618089676,0.03346523642539978,0.03333847224712372,0.03342272713780403
2024-10-04,0.0332566499710083,0.0332566499710083,0.03330983966588974,0.0332566499710083,0.0332566499710083,0.0332566499710083,0.0332566499710083,0.0332566499710083,0.0332566499710083,0.0332566499710083,0.0332566499710083,0.0332566499710083,0.0332566499710083,0.0332566499710083,0.03366270288825035,0.03378737345337868,0.0332566499710083,0.0332566499710083,0.0332566499710083,0.03338434174656868,0.0335923507809639,0.0332566499710083,0.033584851771593094,0.0332566499710083,0.03337420895695686,0.0332566499710083,0.03346731513738632,0.03338063508272171,0.03327030688524246,0.03330979496240616
2024-10-05,0.033242322504520416,0.033242322504520416,0.033305276185274124,0.033242322504520416,0.033242322504520416,0.033242322504520416,0.0333235040307045,0.033242322504520416,0.033242322504520416,0.033242322504520416,0.033242322504520416,0.033242322504520416,0.033242322504520416,0.033242322504520416,0.033547330647706985,0.03361556679010391,0.033242322504520416,0.033242322504520416,0.033242322504520416,0.033475153148174286,0.03368362411856651,0.033242322504520416,0.0335979163646698,0.033242322504520416,0.03355976566672325,0.033361759036779404,0.03353366628289223,0.033242322504520416,0.033242322504520416,0.03339226543903351
2024-10-06,0.033242322504520416,0.033242322504520416,0.033305298537015915,0.033242322504520416,0.033242322504520416,0.033242322504520416,0.03332352265715599,0.033242322504520416,0.033242322504520416,0.033242322504520416,0.033242322504520416,0.033242322504520416,0.033242322504520416,0.033242322504520416,0.0335472971200943,0.033615536987781525,0.033242322504520416,0.033242322504520416,0.033242322504520416,0.03347516059875488,0.03368362411856651,0.033242322504520416,0.0335979163646698,0.033242322504520416,0.033559802919626236,0.03336178883910179,0.033533673733472824,0.033242322504520416,0.033242322504520416,0.033392276614904404
2024-10-07,0.033242322504520416,0.033242322504520416,0.03330530226230621,0.033242322504520416,0.033242322504520416,0.033242322504520416,0.03332352638244629,0.033242322504520416,0.033242322504520416,0.033242322504520416,0.033242322504520416,0.033242322504520416,0.033242322504520416,0.033242322504520416,0.033547293394804,0.033615533262491226,0.033242322504520416,0.033242322504520416,0.033242322504520416,0.03347516804933548,0.03368362411856651,0.033242322504520416,0.0335979163646698,0.033242322504520416,0.03355981037020683,0.03336178883910179,0.03353367745876312,0.033242322504520416,0.033242322504520416,0.0333922803401947
2024-10-08,0.03323681652545929,0.03323681652545929,0.03323681652545929,0.03323681652545929,0.03337734937667847,0.03323681652545929,0.033283673226833344,0.03323681652545929,0.03333764895796776,0.03323681652545929,0.03323681652545929,0.03323681652545929,0.03329514339566231,0.03323681652545929,0.03347624093294144,0.03355089947581291,0.03323681652545929,0.03323681652545929,0.03323681652545929,0.03351971134543419,0.03368270769715309,0.03333617374300957,0.033604301512241364,0.03323681652545929,0.03346574306488037,0.03338119760155678,0.03356689214706421,0.03323681652545929,0.03323681652545929,0.03333330154418945
2024-10-09,0.033245332539081573,0.033245332539081573,0.033245332539081573,0.03328942880034447,0.03339838236570358,0.033245332539081573,0.033245332539081573,0.033245332539081573,0.033384863287210464,0.033245332539081573,0.033245332539081573,0.033245332539081573,0.033280909061431885,0.033245332539081573,0.033613454550504684,0.03367368131875992,0.033245332539081573,0.033245332539081573,0.033245332539081573,0.03347747400403023,0.033664628863334656,0.03328277915716171,0.033564209938049316,0.033245332539081573,0.03328927233815193,0.03327037766575813,0.03354543074965477,0.03327134996652603,0.033245332539081573,0.033313777297735214
2024-10-10,0.03324233368039131,0.03324233368039131,0.0332590751349926,0.033245645463466644,0.03330634906888008,0.03324233368039131,0.03324233368039131,0.03324604034423828,0.03325825184583664,0.03324233368039131,0.03324233368039131,0.03324233368039131,0.03324233368039131,0.03324233368039131,0.03362324833869934,0.03368532657623291,0.03324233368039131,0.03324233368039131,0.03324233368039131,0.03347696363925934,0.03362318500876427,0.03324233368039131,0.0336010716855526,0.03324233368039131,0.03334393724799156,0.03324233368039131,0.033497318625450134,0.033353690057992935,0.03336155414581299,0.03348333761096001
2024-10-11,0.03324354439973831,0.03324354439973831,0.033371057361364365,0.03324354439973831,0.0332932285964489,0.03324354439973831,0.03334154561161995,0.03324354439973831,0.03324354439973831,0.03324354439973831,0.03324354439973831,0.03324354439973831,0.033273257315158844,0.03324354439973831,0.03340980410575867,0.03354029729962349,0.03324354439973831,0.03324354439973831,0.03324354439973831,0.03350294381380081,0.033662520349025726,0.03327640891075134,0.033532749861478806,0.033282194286584854,0.03342301398515701,0.03324354439973831,0.0336092971265316,0.03328590467572212,0.033262934535741806,0.033523231744766235
2024-10-12,0.033237140625715256,0.033237140625715256,0.03333183377981186,0.033237140625715256,0.0332871675491333,0.033237140625715256,0.033255670219659805,0.03323937579989433,0.03324807807803154,0.033237140625715256,0.033237140625715256,0.033237140625715256,0.033237140625715256,0.033237140625715256,0.03350026160478592,0.03360450267791748,0.033237140625715256,0.033237140625715256,0.033237140625715256,0.03350565955042839,0.03363482281565666,0.033237140625715256,0.033597029745578766,0.033237140625715256,0.0335155688226223,0.03334527835249901,0.03353297710418701,0.033293332904577255,0.033275824040174484,0.0335126593708992
2024-10-13,0.033237140625715256,0.033237140625715256,0.03333183377981186,0.033237140625715256,0.0332871675491333,0.033237140625715256,0.033255670219659805,0.03323937579989433,0.03324807807803154,0.033237140625715256,0.033237140625715256,0.033237140625715256,0.033237140625715256,0.033237140625715256,0.03350026160478592,0.03360450640320778,0.033237140625715256,0.033237140625715256,0.033237140625715256,0.03350565955042839,0.03363482281565666,0.033237140625715256,0.033597029745578766,0.033237140625715256,0.0335155688226223,0.03334527835249901,0.03353297710418701,0.033293332904577255,0.033275824040174484,0.0335126593708992
2024-10-14,0.033237140625715256,0.033237140625715256,0.03333183377981186,0.033237140625715256,0.0332871675491333,0.033237140625715256,0.033255670219659805,0.03323937579989433,0.03324807807803154,0.033237140625715256,0.033237140625715256,0.033237140625715256,0.033237140625715256,0.033237140625715256,0.03350026160478592,0.03360450640320778,0.033237140625715256,0.033237140625715256,0.033237140625715256,0.03350565955042839,0.03363482281565666,0.033237140625715256,0.033597029745578766,0.033237140625715256,0.0335155688226223,0.03334527835249901,0.03353297710418701,0.033293332904577255,0.033275824040174484,0.0335126593708992
2024-10-15,0.03323405236005783,0.03323405236005783,0.033294979482889175,0.03323405236005783,0.03334677591919899,0.03323405236005783,0.03323405236005783,0.033308643847703934,0.033262524753808975,0.03323405236005783,0.03323405236005783,0.03323405236005783,0.03323405236005783,0.03323405236005783,0.03354985639452934,0.03368281200528145,0.03323855996131897,0.03323405236005783,0.03323405236005783,0.033432018011808395,0.03364071995019913,0.03323405236005783,0.033511899411678314,0.0332549512386322,0.0335451140999794,0.03344191610813141,0.033437155187129974,0.03330244496464729,0.03323405236005783,0.03347289189696312
2024-10-16,0.033223122358322144,0.033223122358322144,0.033223122358322144,0.033223122358322144,0.03341471031308174,0.033223122358322144,0.033223122358322144,0.033344436436891556,0.033415790647268295,0.033223122358322144,0.033223122358322144,0.033223122358322144,0.033223122358322144,0.033223122358322144,0.03338155522942543,0.03368827700614929,0.033223122358322144,0.033223122358322144,0.033223122358322144,0.033420488238334656,0.03356407955288887,0.033309537917375565,0.03357316181063652,0.03336651623249054,0.033378876745700836,0.033416930586099625,0.03355243429541588,0.033370256423950195,0.033223122358322144,0.03345606103539467
2024-10-17,0.03323323652148247,0.03323323652148247,0.03328953683376312,0.03323323652148247,0.0333520732820034,0.03323323652148247,0.03323323652148247,0.0333162285387516,0.03326334431767464,0.03323323652148247,0.03323323652148247,0.03323323652148247,0.03323323652148247,0.03323323652148247,0.033553097397089005,0.033689793199300766,0.0332455188035965,0.03323323652148247,0.03324272483587265,0.03342205658555031,0.03363855555653572,0.03323323652148247,0.03350139036774635,0.03325841203331947,0.033545855432748795,0.0334501750767231,0.03342839702963829,0.03330231085419655,0.03323323652148247,0.03346845135092735
2024-10-18,0.033239636570215225,0.033239636570215225,0.0334751233458519,0.033239636570215225,0.033285241574048996,0.033239636570215225,0.033239636570215225,0.03327120468020439,0.033239636570215225,0.033239636570215225,0.033239636570215225,0.033239636570215225,0.033239636570215225,0.033239636570215225,0.03352124243974686,0.033687662333250046,0.03327375277876854,0.033239636570215225,0.033239636570215225,0.03339230641722679,0.03371003642678261,0.033239636570215225,0.03344014286994934,0.033267900347709656,0.03347595036029816,0.03349996730685234,0.033420443534851074,0.033239636570215225,0.033239636570215225,0.033444952219724655
2024-10-19,0.033235546201467514,0.033235546201467514,0.03345393016934395,0.033235546201467514,0.033239979296922684,0.033235546201467514,0.033235546201467514,0.03330633416771889,0.03325418010354042,0.033235546201467514,0.033235546201467514,0.033235546201467514,0.033235546201467514,0.033235546201467514,0.03343896195292473,0.03374958038330078,0.03326075151562691,0.033235546201467514,0.033235546201467514,0.03336561843752861,0.03367355093359947,0.033235546201467514,0.0334235318005085,0.03339705616235733,0.03339512646198273,0.03349997103214264,0.033472657203674316,0.03333554044365883,0.033235546201467514,0.033435702323913574
2024-10-20,0.033232346177101135,0.033232346177101135,0.033279240131378174,0.033232346177101135,0.03325396776199341,0.033232346177101135,0.033232346177101135,0.03334337845444679,0.033277131617069244,0.033232346177101135,0.033232346177101135,0.033232346177101135,0.033232346177101135,0.033232346177101135,0.03345970809459686,0.03374739736318588,0.033232346177101135,0.033232346177101135,0.033232346177101135,0.03339577466249466,0.03359278663992882,0.033232346177101135,0.0335138775408268,0.03336045518517494,0.03347751870751381,0.033459026366472244,0.03346598520874977,0.033410027623176575,0.033232346177101135,0.03347860649228096
2024-10-21,0.03323381766676903,0.03323381766676903,0.03334246948361397,0.03323381766676903,0.03323381766676903,0.03323381766676903,0.03323381766676903,0.03327378258109093,0.03326357156038284,0.03323381766676903,0.03323381766676903,0.03323381766676903,0.03323381766676903,0.03323381766676903,0.033414922654628754,0.0336528941988945,0.03323381766676903,0.03323381766676903,0.03323381766676903,0.033454541116952896,0.033578064292669296,0.03329421579837799,0.0336105115711689,0.03330792114138603,0.03347649797797203,0.033349353820085526,0.033535175025463104,0.03339860215783119,0.03323381766676903,0.03354017063975334
2024-10-22,0.033215269446372986,0.033215269446372986,0.03322629630565643,0.033215269446372986,0.03339660167694092,0.033215269446372986,0.03329396992921829,0.033215269446372986,0.03327925130724907,0.033215269446372986,0.033215269446372986,0.033215269446372986,0.033246930688619614,0.033215269446372986,0.0336054302752018,0.03359070420265198,0.033215269446372986,0.033215269446372986,0.033215269446372986,0.03354695439338684,0.033757634460926056,0.033215269446372986,0.03344350308179855,0.033215269446372986,0.033448558300733566,0.03335963934659958,0.03353645280003548,0.033270593732595444,0.03336721658706665,0.03361654281616211
2024-10-23,0.03321675583720207,0.03321675583720207,0.03322744369506836,0.03321675583720207,0.03342881426215172,0.033222049474716187,0.03322417661547661,0.03321675583720207,0.03321675583720207,0.03321675583720207,0.03321675583720207,0.03321675583720207,0.033254556357860565,0.03321675583720207,0.033399105072021484,0.033540964126586914,0.033224884420633316,0.03321675583720207,0.03321675583720207,0.03352229297161102,0.03381050005555153,0.03329681605100632,0.03338700905442238,0.03321675583720207,0.033336032181978226,0.0333612784743309,0.03358123078942299,0.03350093588232994,0.033463869243860245,0.03361695632338524
2024-10-24,0.03320852294564247,0.03320852294564247,0.033418867737054825,0.03320852294564247,0.03340983763337135,0.033307839184999466,0.03330080583691597,0.033259063959121704,0.03320852294564247,0.03320852294564247,0.03320852294564247,0.03320852294564247,0.03320852294564247,0.03320852294564247,0.033316031098365784,0.03350120410323143,0.0332208052277565,0.03320852294564247,0.03320852294564247,0.03350985050201416,0.03380372002720833,0.033365942537784576,0.033393193036317825,0.03320852294564247,0.033280882984399796,0.033243972808122635,0.03362997993826866,0.033495206385850906,0.03336302936077118,0.03367750719189644
2024-10-25,0.03322300687432289,0.03322300687432289,0.033480312675237656,0.03322300687432289,0.03325691446661949,0.033247798681259155,0.03347979113459587,0.03322300687432289,0.03322300687432289,0.03322300687432289,0.03322300687432289,0.03322300687432289,0.03323433920741081,0.03322300687432289,0.03345782682299614,0.033560704439878464,0.03322300687432289,0.03322300687432289,0.03331767022609711,0.03348994255065918,0.03381941094994545,0.03336777165532112,0.03337711840867996,0.03322300687432289,0.0333208329975605,0.03322300687432289,0.033609334379434586,0.033228348940610886,0.03322974219918251,0.03362306207418442
2024-10-26,0.03322545811533928,0.03322545811533928,0.03348061069846153,0.03322545811533928,0.0333084836602211,0.03326435759663582,0.03322545811533928,0.03322545811533928,0.03322545811533928,0.03322545811533928,0.03322545811533928,0.03322545811533928,0.03322545811533928,0.03322545811533928,0.03363757207989693,0.03368532657623291,0.03322545811533928,0.03331044316291809,0.033330049365758896,0.03348935395479202,0.033687155693769455,0.03322545811533928,0.03343803808093071,0.03322545811533928,0.03322545811533928,0.03322545811533928,0.03343391790986061,0.03355040401220322,0.0333520770072937,0.03342485800385475
2024-10-27,0.03323079273104668,0.03323079273104668,0.03323079273104668,0.033265963196754456,0.03340523689985275,0.03323079273104668,0.03323079273104668,0.03323079273104668,0.0332484133541584,0.03323079273104668,0.03323079273104668,0.03323079273104668,0.033236484974622726,0.03323079273104668,0.03374389931559563,0.03373957797884941,0.03323079273104668,0.03323324769735336,0.03323079273104668,0.03347555920481682,0.03360931575298309,0.03323079273104668,0.03345884010195732,0.03323079273104668,0.03323240578174591,0.03323079273104668,0.0334903784096241,0.03347824141383171,0.033438216894865036,0.033482372760772705
2024-10-28,0.03323042765259743,0.03323042765259743,0.03323042765259743,0.033262815326452255,0.03340500593185425,0.03323042765259743,0.03323042765259743,0.03323042765259743,0.03325214609503746,0.03323042765259743,0.03323042765259743,0.03323042765259743,0.03323206678032875,0.03323042765259743,0.033747605979442596,0.033737894147634506,0.03323042765259743,0.03323042765259743,0.03323042765259743,0.033480044454336166,0.033616144210100174,0.03323042765259743,0.033456627279520035,0.03323042765259743,0.033232681453228,0.03323042765259743,0.03349264711141586,0.033470287919044495,0.03343851491808891,0.03348873183131218
2024-10-29,0.033225033432245255,0.033225033432245255,0.033225033432245255,0.03322726860642433,0.03339218348264694,0.033225033432245255,0.033225033432245255,0.033225033432245255,0.033283133059740067,0.033225033432245255,0.033225033432245255,0.033225033432245255,0.033225033432245255,0.033225033432245255,0.03377330303192139,0.03370308876037598,0.033225033432245255,0.033225033432245255,0.033225033432245255,0.0335056334733963,0.03371617570519447,0.033225033432245255,0.03344891220331192,0.033225033432245255,0.033227674663066864,0.03324848413467407,0.03350994363427162,0.03336136415600777,0.03345194458961487,0.03355030715465546
2024-10-30,0.03322499245405197,0.03322499245405197,0.03322499245405197,0.03322713077068329,0.03339238837361336,0.03322499245405197,0.03322499245405197,0.03322499245405197,0.033283162862062454,0.03322499245405197,0.03322499245405197,0.03322499245405197,0.03322499245405197,0.03322499245405197,0.03377361223101616,0.033703044056892395,0.03322499245405197,0.03322499245405197,0.03322499245405197,0.03350577875971794,0.03371638432145119,0.03322499245405197,0.03344844654202461,0.03322499245405197,0.03322756290435791,0.033248551189899445,0.03351004421710968,0.03336139768362045,0.033452101051807404,0.033550478518009186
2024-10-31,0.0332166962325573,0.0332166962325573,0.03339805826544762,0.0332166962325573,0.03329160809516907,0.03327402099967003,0.03328105807304382,0.03322186321020126,0.0332166962325573,0.0332166962325573,0.0332166962325573,0.0332166962325573,0.0332166962325573,0.0332166962325573,0.03365154564380646,0.033614080399274826,0.0332166962325573,0.0332166962325573,0.0332166962325573,0.03353165462613106,0.03381945565342903,0.03322795405983925,0.033441752195358276,0.0332166962325573,0.0332166962325573,0.03328320011496544,0.033493250608444214,0.03356441110372543,0.0334026999771595,0.03346962854266167
2024-11-01,0.03321372717618942,0.03321372717618942,0.033450040966272354,0.033286117017269135,0.03321372717618942,0.033228710293769836,0.03339186683297157,0.03321372717618942,0.03321372717618942,0.03321372717618942,0.03321372717618942,0.03321372717618942,0.03321372717618942,0.03321372717618942,0.033608973026275635,0.033643271774053574,0.03321372717618942,0.03321372717618942,0.03326039761304855,0.03343754634261131,0.03381212800741196,0.0332704558968544,0.03343675285577774,0.03321372717618942,0.03321372717618942,0.03329227864742279,0.033630192279815674,0.033358749002218246,0.03338475152850151,0.033515602350234985
2024-11-02,0.03326421231031418,0.03323965147137642,0.0333077646791935,0.03323965147137642,0.03323965147137642,0.03323965147137642,0.03323965147137642,0.03340022638440132,0.03323965147137642,0.03323965147137642,0.03323965147137642,0.03323965147137642,0.03323965147137642,0.03323965147137642,0.033510345965623856,0.03363118693232536,0.03323965147137642,0.03323965147137642,0.03323965147137642,0.03323965147137642,0.033877525478601456,0.03340122103691101,0.03356492891907692,0.03323965147137642,0.03323965147137642,0.03323965147137642,0.03341187909245491,0.033527303487062454,0.033329077064991,0.033460583537817
2024-11-03,0.033246010541915894,0.033246010541915894,0.033246010541915894,0.033246010541915894,0.033246010541915894,0.033246010541915894,0.033257365226745605,0.03328556939959526,0.03334152325987816,0.033246010541915894,0.033246010541915894,0.033246010541915894,0.033246010541915894,0.033246010541915894,0.03363237902522087,0.03371566906571388,0.033246010541915894,0.033246010541915894,0.033246010541915894,0.033246010541915894,0.03389393165707588,0.03332289308309555,0.03358139097690582,0.033246010541915894,0.033273909240961075,0.033246010541915894,0.03332866355776787,0.03336673229932785,0.03336234763264656,0.03345547616481781
2024-11-04,0.033250220119953156,0.033250220119953156,0.033250220119953156,0.033250220119953156,0.0333181694149971,0.033250220119953156,0.033250220119953156,0.033250220119953156,0.033354707062244415,0.033250220119953156,0.033250220119953156,0.033250220119953156,0.033250220119953156,0.033250220119953156,0.03358309343457222,0.033727385103702545,0.033250220119953156,0.033250220119953156,0.033250220119953156,0.03326435759663582,0.03372972086071968,0.033254723995923996,0.033571772277355194,0.033250220119953156,0.033250220119953156,0.033250220119953156,0.03340210020542145,0.0334089994430542,0.03333454206585884,0.03354639932513237
2024-11-05,0.03325441852211952,0.03325441852211952,0.03338870033621788,0.03325441852211952,0.03325441852211952,0.03325441852211952,0.033273909240961075,0.03325441852211952,0.03325441852211952,0.03325441852211952,0.03325441852211952,0.03325441852211952,0.03325441852211952,0.03325441852211952,0.03354719281196594,0.033785220235586166,0.03325441852211952,0.03325441852211952,0.03340434283018112,0.03325441852211952,0.03363483399152756,0.03325441852211952,0.03358171507716179,0.03325441852211952,0.03327593579888344,0.03325441852211952,0.033418796956539154,0.033400069922208786,0.03325441852211952,0.033455345779657364
2024-11-06,0.03325271978974342,0.03325271978974342,0.033262088894844055,0.03325271978974342,0.03333495184779167,0.03325271978974342,0.03325271978974342,0.03325271978974342,0.0333545058965683,0.03325271978974342,0.03325271978974342,0.03325271978974342,0.03325271978974342,0.03325271978974342,0.03355046361684799,0.03373698145151138,0.03325271978974342,0.03325271978974342,0.03325271978974342,0.03325271978974342,0.03366178646683693,0.03325271978974342,0.03360465168952942,0.03325271978974342,0.03325348347425461,0.03325271978974342,0.03340790048241615,0.033481474965810776,0.033308520913124084,0.03349420800805092
2024-11-07,0.033262770622968674,0.03322974592447281,0.03322974592447281,0.03322974592447281,0.03322974592447281,0.03322974592447281,0.03322974592447281,0.0333498977124691,0.033453989773988724,0.03322974592447281,0.03322974592447281,0.03322974592447281,0.03322974592447281,0.03322974592447281,0.03344244882464409,0.03366859629750252,0.03326747566461563,0.03322974592447281,0.03326623514294624,0.03322974592447281,0.0338086374104023,0.03343242034316063,0.03340907022356987,0.03322974592447281,0.033511098474264145,0.0332813560962677,0.033449504524469376,0.033387441188097,0.03322974592447281,0.03356293588876724
2024-11-08,0.033341504633426666,0.03322986140847206,0.03322986140847206,0.03322986140847206,0.03322986140847206,0.03322986140847206,0.03322986140847206,0.03335154056549072,0.033393993973731995,0.03322986140847206,0.03322986140847206,0.03322986140847206,0.03322986140847206,0.03322986140847206,0.033483825623989105,0.03365040570497513,0.033264465630054474,0.03322986140847206,0.03334132954478264,0.03322986140847206,0.03382754325866699,0.033308807760477066,0.033396389335393906,0.03322986140847206,0.03353815898299217,0.0333499014377594,0.03341909125447273,0.033304281532764435,0.03322986140847206,0.03358084335923195
2024-11-09,0.03332844749093056,0.03322765976190567,0.033229682594537735,0.03322765976190567,0.03342978656291962,0.03322765976190567,0.03322765976190567,0.033332254737615585,0.0332442969083786,0.03322765976190567,0.03322765976190567,0.03322765976190567,0.03322765976190567,0.03322765976190567,0.03341319411993027,0.03366421163082123,0.033376362174749374,0.03322765976190567,0.03322765976190567,0.03322765976190567,0.03377801552414894,0.03326890617609024,0.03345811367034912,0.03322765976190567,0.033441878855228424,0.03343717008829117,0.03340368717908859,0.03351697698235512,0.0332469679415226,0.03347050026059151
2024-11-10,0.03323698788881302,0.03323698788881302,0.03326239436864853,0.03323698788881302,0.03339178487658501,0.03323698788881302,0.03323698788881302,0.03327883407473564,0.033350128680467606,0.03323698788881302,0.03323698788881302,0.03323698788881302,0.03323698788881302,0.03323698788881302,0.03351298347115517,0.03369796648621559,0.033320363610982895,0.03323698788881302,0.033314209431409836,0.03323698788881302,0.033772800117731094,0.03323698788881302,0.03344918414950371,0.03323698788881302,0.033479273319244385,0.03339425101876259,0.03335956111550331,0.03330399468541145,0.03323698788881302,0.03355738893151283
2024-11-11,0.03323698788881302,0.03323698788881302,0.03326239436864853,0.03323698788881302,0.03339178487658501,0.03323698788881302,0.03323698788881302,0.03327883407473564,0.033350132405757904,0.03323698788881302,0.03323698788881302,0.03323698788881302,0.03323698788881302,0.03323698788881302,0.03351298347115517,0.03369796648621559,0.033320363610982895,0.03323698788881302,0.033314209431409836,0.03323698788881302,0.033772800117731094,0.03323698788881302,0.03344918414950371,0.03323698788881302,0.033479273319244385,0.03339425101876259,0.03335956111550331,0.033303987234830856,0.03323698788881302,0.03355738893151283
2024-11-12,0.033232368528842926,0.033232368528842926,0.033402178436517715,0.033232368528842926,0.03337373584508896,0.033232368528842926,0.033232368528842926,0.03335040807723999,0.033232368528842926,0.033232368528842926,0.033232368528842926,0.033232368528842926,0.033232368528842926,0.033232368528842926,0.03350912779569626,0.03361520543694496,0.033232368528842926,0.033232368528842926,0.03334352746605873,0.033406082540750504,0.033634986728429794,0.033232368528842926,0.03351057320833206,0.033232368528842926,0.03352777287364006,0.03328721225261688,0.03343652933835983,0.033339112997055054,0.033232368528842926,0.033545754849910736
2024-11-13,0.03323937579989433,0.033234599977731705,0.033234599977731705,0.033234599977731705,0.0334223248064518,0.033234599977731705,0.033234599977731705,0.033348675817251205,0.033234599977731705,0.033234599977731705,0.033234599977731705,0.033234599977731705,0.033234599977731705,0.033234599977731705,0.033575478941202164,0.033730991184711456,0.033234599977731705,0.033234599977731705,0.033234599977731705,0.03337635099887848,0.03363966569304466,0.033234599977731705,0.033535540103912354,0.033234599977731705,0.03324952349066734,0.033369552344083786,0.033376846462488174,0.03359503298997879,0.03339220955967903,0.033394865691661835
2024-11-14,0.03323937952518463,0.033234599977731705,0.033234599977731705,0.033234599977731705,0.033422328531742096,0.033234599977731705,0.033234599977731705,0.033348679542541504,0.033234599977731705,0.033234599977731705,0.033234599977731705,0.033234599977731705,0.033234599977731705,0.033234599977731705,0.03357548266649246,0.033730991184711456,0.033234599977731705,0.033234599977731705,0.033234599977731705,0.03337635099887848,0.03363966569304466,0.033234599977731705,0.033535540103912354,0.033234599977731705,0.03324952721595764,0.033369556069374084,0.03337685018777847,0.03359503671526909,0.03339221328496933,0.033394865691661835
2024-11-15,0.03323766961693764,0.03323766961693764,0.03336145728826523,0.03323766961693764,0.033332012593746185,0.03323766961693764,0.03323766961693764,0.033330854028463364,0.03327105566859245,0.03323766961693764,0.03323766961693764,0.03323766961693764,0.03323766961693764,0.03323766961693764,0.033492106944322586,0.03372197598218918,0.03323766961693764,0.03323766961693764,0.03330328315496445,0.03338664770126343,0.03357423096895218,0.03323766961693764,0.03351382538676262,0.03323766961693764,0.033558882772922516,0.033354904502630234,0.0334518663585186,0.03336199373006821,0.03323766961693764,0.0334198959171772
2024-11-16,0.03324520215392113,0.03324520215392113,0.033318717032670975,0.033277478069067,0.03330686688423157,0.03324520215392113,0.03324520215392113,0.03324520215392113,0.03324808180332184,0.03324520215392113,0.03324520215392113,0.03324520215392113,0.03324520215392113,0.03324520215392113,0.03360291197896004,0.03372504189610481,0.03324520215392113,0.03324520215392113,0.03324520215392113,0.033422499895095825,0.033515650779008865,0.03324520215392113,0.03362055867910385,0.03324520215392113,0.03331372141838074,0.03324520215392113,0.033498238772153854,0.03347083553671837,0.03333745524287224,0.033418603241443634
2024-11-17,0.03324520215392113,0.03324520215392113,0.03331872820854187,0.033277541399002075,0.033306848257780075,0.03324520215392113,0.03324520215392113,0.03324520215392113,0.03324807435274124,0.03324520215392113,0.03324520215392113,0.03324520215392113,0.03324520215392113,0.03324520215392113,0.03360288590192795,0.033725012093782425,0.03324520215392113,0.03324520215392113,0.03324520215392113,0.03342252969741821,0.033515628427267075,0.03324520215392113,0.03362059220671654,0.03324520215392113,0.03331369906663895,0.03324520215392113,0.03349826857447624,0.03347083181142807,0.03333749994635582,0.03341861814260483
2024-11-18,0.03324520215392113,0.03324520215392113,0.03331872820854187,0.033277541399002075,0.033306848257780075,0.03324520215392113,0.03324520215392113,0.03324520215392113,0.03324807435274124,0.03324520215392113,0.03324520215392113,0.03324520215392113,0.03324520215392113,0.03324520215392113,0.03360288590192795,0.033725012093782425,0.03324520215392113,0.03324520215392113,0.03324520215392113,0.03342252969741821,0.033515628427267075,0.03324520215392113,0.03362059220671654,0.03324520215392113,0.03331369906663895,0.03324520215392113,0.03349826857447624,0.03347083181142807,0.03333749994635582,0.03341861814260483
2024-11-19,0.03324520215392113,0.03324520215392113,0.03331872820854187,0.033277541399002075,0.033306848257780075,0.03324520215392113,0.03324520215392113,0.03324520215392113,0.03324807435274124,0.03324520215392113,0.03324520215392113,0.03324520215392113,0.03324520215392113,0.03324520215392113,0.03360288590192795,0.033725012093782425,0.03324520215392113,0.03324520215392113,0.03324520215392113,0.03342252969741821,0.033515628427267075,0.03324520215392113,0.03362059220671654,0.03324520215392113,0.03331369906663895,0.03324520215392113,0.03349826857447624,0.03347083181142807,0.03333749994635582,0.03341861814260483
2024-11-20,0.0332452654838562,0.0332452654838562,0.033275194466114044,0.0332452654838562,0.033344071358442307,0.0332452654838562,0.0332452654838562,0.03332569822669029,0.03327095881104469,0.0332452654838562,0.0332452654838562,0.0332452654838562,0.0332452654838562,0.0332452654838562,0.033646147698163986,0.033783093094825745,0.0332452654838562,0.0332452654838562,0.03332093730568886,0.03336534649133682,0.03354065492749214,0.0332452654838562,0.03353520482778549,0.0332452654838562,0.03333936259150505,0.0332452654838562,0.033455464988946915,0.033466484397649765,0.03325679898262024,0.03339561074972153
2024-11-21,0.03324513882398605,0.03324513882398605,0.03327111154794693,0.03324513882398605,0.03334607928991318,0.03324513882398605,0.03324513882398605,0.03333210200071335,0.033272501081228256,0.03324513882398605,0.03324513882398605,0.03324513882398605,0.03324513882398605,0.03324513882398605,0.033648356795310974,0.03378649055957794,0.03324513882398605,0.03324513882398605,0.03333035856485367,0.0333610363304615,0.03354114294052124,0.03324513882398605,0.03352855518460274,0.03324513882398605,0.033339813351631165,0.03324513882398605,0.03345339372754097,0.033465348184108734,0.033252522349357605,0.033394135534763336
2024-11-22,0.03324374556541443,0.03324374556541443,0.03324374556541443,0.03324374556541443,0.033376630395650864,0.03324374556541443,0.03324374556541443,0.03331686183810234,0.033257026225328445,0.03324374556541443,0.03324374556541443,0.03324374556541443,0.03324374556541443,0.03324374556541443,0.0337064266204834,0.03377576544880867,0.03324374556541443,0.03324374556541443,0.03324374556541443,0.03338751569390297,0.033610597252845764,0.03324374556541443,0.03351791575551033,0.03324374556541443,0.03331131488084793,0.03328496590256691,0.03341663256287575,0.03338439017534256,0.03330354392528534,0.03345046192407608
2024-11-23,0.03323323652148247,0.03323323652148247,0.03328953683376312,0.03323323652148247,0.0333520732820034,0.03323323652148247,0.03323323652148247,0.0333162285387516,0.03326334431767464,0.03323323652148247,0.03323323652148247,0.03323323652148247,0.03323323652148247,0.03323323652148247,0.033553097397089005,0.033689793199300766,0.0332455188035965,0.03323323652148247,0.03324272483587265,0.03342205658555031,0.03363855555653572,0.03323323652148247,0.03350139036774635,0.03325841203331947,0.033545855432748795,0.0334501750767231,0.03342839702963829,0.03330231085419655,0.03323323652148247,0.03346845135092735
2024-11-24,0.03323323652148247,0.03323323652148247,0.03328953683376312,0.03323323652148247,0.0333520732820034,0.03323323652148247,0.03323323652148247,0.0333162285387516,0.03326334431767464,0.03323323652148247,0.03323323652148247,0.03323323652148247,0.03323323652148247,0.03323323652148247,0.033553097397089005,0.033689793199300766,0.0332455188035965,0.03323323652148247,0.03324272483587265,0.03342205658555031,0.03363855555653572,0.03323323652148247,0.03350139036774635,0.03325841203331947,0.033545855432748795,0.0334501750767231,0.03342839702963829,0.03330231085419655,0.03323323652148247,0.03346845135092735
2024-11-25,0.03323323652148247,0.03323323652148247,0.03328953683376312,0.03323323652148247,0.0333520732820034,0.03323323652148247,0.03323323652148247,0.0333162285387516,0.03326334431767464,0.03323323652148247,0.03323323652148247,0.03323323652148247,0.03323323652148247,0.03323323652148247,0.033553097397089005,0.033689793199300766,0.0332455188035965,0.03323323652148247,0.03324272483587265,0.03342205658555031,0.03363855555653572,0.03323323652148247,0.03350139036774635,0.03325841203331947,0.033545855432748795,0.0334501750767231,0.03342839702963829,0.03330231085419655,0.03323323652148247,0.03346845135092735
2024-11-26,0.03322940692305565,0.03322940692305565,0.03322940692305565,0.03322940692305565,0.033493269234895706,0.03322940692305565,0.03322940692305565,0.03332025930285454,0.033426955342292786,0.03322940692305565,0.03322940692305565,0.03322940692305565,0.03322940692305565,0.03322940692305565,0.03346390277147293,0.03362122178077698,0.033240992575883865,0.03322940692305565,0.03322940692305565,0.03345641493797302,0.03360594063997269,0.03322940692305565,0.03356044739484787,0.033255331218242645,0.03343228995800018,0.03343507647514343,0.03352062776684761,0.03329344838857651,0.03322940692305565,0.03343270346522331
2024-11-27,0.03322959691286087,0.03322959691286087,0.03322959691286087,0.03322959691286087,0.033498555421829224,0.03322959691286087,0.03322959691286087,0.03332192078232765,0.033427659422159195,0.03322959691286087,0.03322959691286087,0.03322959691286087,0.03322959691286087,0.03322959691286087,0.03347347304224968,0.03362607583403587,0.033233653753995895,0.03322959691286087,0.03322959691286087,0.03345499932765961,0.033603161573410034,0.03322959691286087,0.03356017544865608,0.03325468301773071,0.03342340886592865,0.033425621688365936,0.03352125361561775,0.03329899534583092,0.03322959691286087,0.03343239799141884
2024-11-28,0.03322940692305565,0.03322940692305565,0.03322940692305565,0.03322940692305565,0.033493269234895706,0.03322940692305565,0.03322940692305565,0.03332025930285454,0.033426955342292786,0.03322940692305565,0.03322940692305565,0.03322940692305565,0.03322940692305565,0.03322940692305565,0.03346390277147293,0.03362122178077698,0.033240992575883865,0.03322940692305565,0.03322940692305565,0.03345641493797302,0.03360594063997269,0.03322940692305565,0.03356044739484787,0.033255331218242645,0.03343228995800018,0.03343507647514343,0.03352062776684761,0.03329344838857651,0.03322940692305565,0.03343270346522331
2024-11-29,0.03322940692305565,0.03322940692305565,0.03322940692305565,0.03322940692305565,0.033493269234895706,0.03322940692305565,0.03322940692305565,0.03332025930285454,0.033426955342292786,0.03322940692305565,0.03322940692305565,0.03322940692305565,0.03322940692305565,0.03322940692305565,0.03346390277147293,0.03362122178077698,0.033240992575883865,0.03322940692305565,0.03322940692305565,0.03345641493797302,0.03360594063997269,0.03322940692305565,0.03356044739484787,0.033255331218242645,0.03343228995800018,0.03343507647514343,0.03352062776684761,0.03329344838857651,0.03322940692305565,0.03343270346522331
2024-11-30,0.03322940692305565,0.03322940692305565,0.03322940692305565,0.03322940692305565,0.033493269234895706,0.03322940692305565,0.03322940692305565,0.03332025930285454,0.033426955342292786,0.03322940692305565,0.03322940692305565,0.03322940692305565,0.03322940692305565,0.03322940692305565,0.03346390277147293,0.03362122178077698,0.033240992575883865,0.03322940692305565,0.03322940692305565,0.03345641493797302,0.03360594063997269,0.03322940692305565,0.03356044739484787,0.033255331218242645,0.03343228995800018,0.03343507647514343,0.03352062776684761,0.03329344838857651,0.03322940692305565,0.03343270346522331
2024-12-01,0.03322940319776535,0.03322940319776535,0.03322940319776535,0.03322940319776535,0.033493272960186005,0.03322940319776535,0.03322940319776535,0.03332025930285454,0.03342695161700249,0.03322940319776535,0.03322940319776535,0.03322940319776535,0.03322940319776535,0.03322940319776535,0.033463913947343826,0.03362123295664787,0.03324098512530327,0.03322940319776535,0.03322940319776535,0.033456407487392426,0.03360592946410179,0.03322940319776535,0.03356044739484787,0.03325532749295235,0.03343227133154869,0.03343505784869194,0.03352062404155731,0.033293455839157104,0.03322940319776535,0.033432699739933014
2024-12-02,0.03322941064834595,0.03322941064834595,0.03322941064834595,0.03322941064834595,0.03349333629012108,0.03322941064834595,0.03322941064834595,0.03332028165459633,0.03342696651816368,0.03322941064834595,0.03322941064834595,0.03322941064834595,0.03322941064834595,0.03322941064834595,0.03346402198076248,0.03362128511071205,0.033240899443626404,0.03322941064834595,0.03322941064834595,0.03345639631152153,0.0336059033870697,0.03322941064834595,0.03356044739484787,0.03325532004237175,0.03343217447400093,0.03343495354056358,0.03352063149213791,0.03329352289438248,0.03322941064834595,0.033432696014642715
2024-12-03,0.03323628008365631,0.03323628008365631,0.03323628008365631,0.03323628008365631,0.03344147279858589,0.03323628008365631,0.03323628008365631,0.03338691592216492,0.03341086953878403,0.03323628008365631,0.03323628008365631,0.03323628008365631,0.03323628008365631,0.03323628008365631,0.03361799195408821,0.03370163217186928,0.03323628008365631,0.03323628008365631,0.03323628008365631,0.03337804973125458,0.03368706256151199,0.03323628008365631,0.033556170761585236,0.03329189121723175,0.033336490392684937,0.03323628008365631,0.03344454616308212,0.03334188461303711,0.03323628008365631,0.03338831290602684
2024-12-04,0.03324750438332558,0.03324750438332558,0.03327833488583565,0.03324750438332558,0.033255685120821,0.03324750438332558,0.03324750438332558,0.03336787223815918,0.03330767899751663,0.03324750438332558,0.03324750438332558,0.03324750438332558,0.03324750438332558,0.03324750438332558,0.03367137163877487,0.033768270164728165,0.03324750438332558,0.03324750438332558,0.03327059745788574,0.03333171084523201,0.033679042011499405,0.03324750438332558,0.03353758901357651,0.03324750438332558,0.033437009900808334,0.03324750438332558,0.03340504691004753,0.03339820355176926,0.03324918821454048,0.033329907804727554
2024-12-05,0.03324513882398605,0.03324513882398605,0.03327111527323723,0.03324513882398605,0.03334607183933258,0.03324513882398605,0.03324513882398605,0.033332109451293945,0.033272501081228256,0.03324513882398605,0.03324513882398605,0.03324513882398605,0.03324513882398605,0.03324513882398605,0.03364834934473038,0.033786483108997345,0.03324513882398605,0.03324513882398605,0.03333035856485367,0.033361032605171204,0.03354113921523094,0.03324513882398605,0.033528562635183334,0.03324513882398605,0.033339813351631165,0.03324513882398605,0.03345339372754097,0.033465348184108734,0.03325251117348671,0.03339413180947304
2024-12-06,0.03324532136321068,0.03324532136321068,0.033266857266426086,0.03324532136321068,0.033353764563798904,0.03324532136321068,0.03324532136321068,0.03333396092057228,0.03327866271138191,0.03324532136321068,0.03324532136321068,0.03324532136321068,0.03324532136321068,0.03324532136321068,0.03364383056759834,0.033783722668886185,0.03324532136321068,0.03324532136321068,0.03332587704062462,0.03336203843355179,0.0335402637720108,0.03324532136321068,0.033530887216329575,0.03324532136321068,0.03333807736635208,0.03324532136321068,0.033457882702350616,0.03346463665366173,0.03324532136321068,0.03339448198676109
2024-12-07,0.03324888274073601,0.03324888274073601,0.03324888274073601,0.03324888274073601,0.033607300370931625,0.03324888274073601,0.03324888274073601,0.03339625895023346,0.03335872292518616,0.03324888274073601,0.03324888274073601,0.03324888274073601,0.03326834738254547,0.03324888274073601,0.03367890790104866,0.03368762508034706,0.03324888274073601,0.03324888274073601,0.033253610134124756,0.03334532305598259,0.03340950980782509,0.03324888274073601,0.033474210649728775,0.03324888274073601,0.03324888274073601,0.03324888274073601,0.033531952649354935,0.03332718834280968,0.03324888274073601,0.03343001753091812
2024-12-08,0.03324136137962341,0.03324136137962341,0.03324136137962341,0.03324136137962341,0.033545635640621185,0.03324136137962341,0.03324136137962341,0.0333499051630497,0.03340528532862663,0.03324136137962341,0.03324136137962341,0.03324136137962341,0.03324136137962341,0.03324136137962341,0.03355088829994202,0.0337241068482399,0.03324136137962341,0.03324136137962341,0.03324136137962341,0.03339025005698204,0.0335213765501976,0.03324136137962341,0.033546674996614456,0.03324136137962341,0.03327513113617897,0.03324136137962341,0.03354102745652199,0.033417899161577225,0.03324136137962341,0.033387310802936554
2024-12-09,0.03324136137962341,0.03324136137962341,0.03324136137962341,0.03324136137962341,0.033545635640621185,0.03324136137962341,0.03324136137962341,0.0333499051630497,0.03340528532862663,0.03324136137962341,0.03324136137962341,0.03324136137962341,0.03324136137962341,0.03324136137962341,0.03355088829994202,0.0337241068482399,0.03324136137962341,0.03324136137962341,0.03324136137962341,0.03339025005698204,0.0335213765501976,0.03324136137962341,0.033546674996614456,0.03324136137962341,0.03327513113617897,0.03324136137962341,0.03354102745652199,0.033417899161577225,0.03324136137962341,0.033387310802936554
2024-12-10,0.033250804990530014,0.033250804990530014,0.033250804990530014,0.03334474936127663,0.03332195430994034,0.033250804990530014,0.033250804990530014,0.033250804990530014,0.0333072729408741,0.033250804990530014,0.033250804990530014,0.033250804990530014,0.033347129821777344,0.033250804990530014,0.033584922552108765,0.03371758386492729,0.033250804990530014,0.033250804990530014,0.033250804990530014,0.033353541046381,0.03371899574995041,0.033250804990530014,0.0335870161652565,0.033250804990530014,0.033402733504772186,0.033250804990530014,0.033455394208431244,0.03334414213895798,0.033250804990530014,0.033250804990530014
2024-12-11,0.03323448449373245,0.03323448449373245,0.03323448449373245,0.03328385949134827,0.03356985002756119,0.03323448449373245,0.03323448449373245,0.03323448449373245,0.03335641324520111,0.03323448449373245,0.03323448449373245,0.03323448449373245,0.03335415944457054,0.03323448449373245,0.033671606332063675,0.033708054572343826,0.03323448449373245,0.03324463590979576,0.03323448449373245,0.03345624357461929,0.03367526829242706,0.03323448449373245,0.03344351425766945,0.03323448449373245,0.03323448449373245,0.03323448449373245,0.033483415842056274,0.03339428827166557,0.03323448449373245,0.03337249904870987
2024-12-12,0.03322550654411316,0.03322550654411316,0.03322550654411316,0.03334340453147888,0.03349362313747406,0.03322550654411316,0.03322550654411316,0.03322550654411316,0.03339887410402298,0.03322550654411316,0.03322550654411316,0.03322550654411316,0.03332250565290451,0.03322550654411316,0.03363024815917015,0.03365940973162651,0.03322550654411316,0.033225540071725845,0.03322550654411316,0.033420074731111526,0.033712852746248245,0.0333104282617569,0.03348914533853531,0.03322550654411316,0.033247336745262146,0.03322550654411316,0.03352026641368866,0.03341229259967804,0.033245399594306946,0.033411502838134766
2024-12-13,0.033232565969228745,0.033232565969228745,0.033232565969228745,0.03333886340260506,0.03341701626777649,0.033232565969228745,0.033232565969228745,0.033232565969228745,0.033444102853536606,0.033232565969228745,0.033232565969228745,0.033232565969228745,0.03324584290385246,0.033232565969228745,0.033658791333436966,0.03372230753302574,0.033232565969228745,0.033321477472782135,0.033232565969228745,0.033419594168663025,0.033833201974630356,0.033232565969228745,0.03350021690130234,0.033232565969228745,0.03325699642300606,0.033232565969228745,0.0335547998547554,0.03326474130153656,0.033232565969228745,0.03330099582672119
2024-12-14,0.0332317054271698,0.0332317054271698,0.0332317054271698,0.033337827771902084,0.033419426530599594,0.0332317054271698,0.0332317054271698,0.0332317054271698,0.0333675853908062,0.0332317054271698,0.0332317054271698,0.0332317054271698,0.033252108842134476,0.0332317054271698,0.03357949107885361,0.033642254769802094,0.0332317054271698,0.03337589651346207,0.0332317054271698,0.03352236747741699,0.03379883989691734,0.033244792371988297,0.03349894657731056,0.0332317054271698,0.0332317054271698,0.0332317054271698,0.03353916481137276,0.03344886377453804,0.0332317054271698,0.03326517716050148
2024-12-15,0.033228471875190735,0.033228471875190735,0.033228471875190735,0.03333286941051483,0.033486321568489075,0.033228471875190735,0.033228471875190735,0.033228471875190735,0.033360183238983154,0.033228471875190735,0.033228471875190735,0.033228471875190735,0.03324880823493004,0.033228471875190735,0.03356381505727768,0.03365890309214592,0.033228471875190735,0.033337563276290894,0.033228471875190735,0.0335555300116539,0.03372412547469139,0.033228471875190735,0.0334865003824234,0.033228471875190735,0.033228471875190735,0.03328047692775726,0.03355896472930908,0.03347378969192505,0.033228471875190735,0.0332765132188797
2024-12-16,0.03322621434926987,0.03324747085571289,0.03322621434926987,0.03328876569867134,0.03357255458831787,0.03326242417097092,0.03322621434926987,0.03322621434926987,0.033281225711107254,0.03322621434926987,0.03322621434926987,0.03322621434926987,0.033357150852680206,0.03322621434926987,0.03359909728169441,0.03363153338432312,0.03322621434926987,0.03327886015176773,0.03322621434926987,0.033518433570861816,0.03368604555726051,0.03325239568948746,0.03343994542956352,0.03322621434926987,0.03322621434926987,0.033306628465652466,0.03345119580626488,0.03356018289923668,0.03322621434926987,0.03332528844475746
2024-12-17,0.0332658626139164,0.03329015150666237,0.03322315588593483,0.03322315588593483,0.03355701267719269,0.03322315588593483,0.03322315588593483,0.033308591693639755,0.03328032046556473,0.03322315588593483,0.03322315588593483,0.03322315588593483,0.03326922282576561,0.03322315588593483,0.03347262740135193,0.03359735384583473,0.03322315588593483,0.033289119601249695,0.03326402232050896,0.03340050205588341,0.03385614603757858,0.033327873796224594,0.03335908427834511,0.03322315588593483,0.03322315588593483,0.03322315588593483,0.03351984918117523,0.03354483097791672,0.03327314183115959,0.03344639763236046
2024-12-18,0.03325685113668442,0.033266693353652954,0.0332186296582222,0.03331203758716583,0.03349560126662254,0.03321535885334015,0.03321535885334015,0.03321535885334015,0.033247459679841995,0.03321535885334015,0.03321535885334015,0.03321535885334015,0.03336130082607269,0.03321535885334015,0.033507056534290314,0.033619921654462814,0.03321535885334015,0.033281359821558,0.03321535885334015,0.0334322415292263,0.033808574080467224,0.033417344093322754,0.033416688442230225,0.03321535885334015,0.03321535885334015,0.03321535885334015,0.033506881445646286,0.03355361521244049,0.03329688683152199,0.03341652452945709
2024-12-19,0.03322964534163475,0.03322773799300194,0.03322773799300194,0.033340416848659515,0.03350045904517174,0.03322773799300194,0.03322773799300194,0.03322773799300194,0.03328805789351463,0.03322773799300194,0.03322773799300194,0.03322773799300194,0.033291008323431015,0.03322773799300194,0.033492784947156906,0.033716727048158646,0.03322773799300194,0.03331509977579117,0.03322773799300194,0.03352510556578636,0.03367118537425995,0.03329578414559364,0.03341471776366234,0.03322773799300194,0.03322773799300194,0.03324207663536072,0.03364004194736481,0.033447086811065674,0.03322773799300194,0.033401452004909515
2024-12-20,0.03322504833340645,0.03322504833340645,0.03335937112569809,0.03345021232962608,0.03346545994281769,0.03322504833340645,0.03322504833340645,0.03322504833340645,0.03322504833340645,0.03322504833340645,0.03322504833340645,0.03322504833340645,0.033247072249650955,0.03322504833340645,0.03334574028849602,0.03367965295910835,0.03322504833340645,0.03326500952243805,0.03322504833340645,0.03351476415991783,0.033662740141153336,0.03327292948961258,0.0334322452545166,0.03322504833340645,0.03322504833340645,0.033367328345775604,0.03368203341960907,0.03346697986125946,0.03322504833340645,0.03341272100806236
2024-12-21,0.033222414553165436,0.03325935825705528,0.03342319652438164,0.03329390659928322,0.033276572823524475,0.033250972628593445,0.033222414553165436,0.033222414553165436,0.033222414553165436,0.033222414553165436,0.033222414553165436,0.033222414553165436,0.03323797509074211,0.033222414553165436,0.033434558659791946,0.03368600085377693,0.033222414553165436,0.033222414553165436,0.03338228911161423,0.03343856707215309,0.03373030573129654,0.033222414553165436,0.033346932381391525,0.033222414553165436,0.033222414553165436,0.03331947699189186,0.033571623265743256,0.033636465668678284,0.033434875309467316,0.033385515213012695
2024-12-22,0.03322870656847954,0.03322870656847954,0.03340777009725571,0.03329506143927574,0.03327221795916557,0.03322870656847954,0.03322870656847954,0.03322870656847954,0.03322870656847954,0.03322870656847954,0.03322870656847954,0.03322870656847954,0.033326685428619385,0.03322870656847954,0.03355025127530098,0.03375810757279396,0.03322870656847954,0.033229026943445206,0.03341264650225639,0.03343959525227547,0.03370178863406181,0.03322870656847954,0.03332342207431793,0.03322870656847954,0.03322870656847954,0.03322870656847954,0.03360966965556145,0.03346674144268036,0.03337924927473068,0.033397186547517776
2024-12-23,0.033228833228349686,0.033228833228349686,0.033404842019081116,0.03329867124557495,0.03328460827469826,0.033228833228349686,0.033228833228349686,0.033228833228349686,0.033228833228349686,0.033228833228349686,0.033228833228349686,0.033228833228349686,0.03334394469857216,0.033228833228349686,0.0335603766143322,0.03376254811882973,0.033228833228349686,0.033228833228349686,0.033410921692848206,0.03343972936272621,0.03369615599513054,0.033228833228349686,0.03332408145070076,0.033228833228349686,0.033228833228349686,0.033228833228349686,0.033615849912166595,0.03344087302684784,0.03335367515683174,0.03340235725045204
2024-12-24,0.03322100639343262,0.03322100639343262,0.033388543874025345,0.03322100639343262,0.03334168344736099,0.03330312296748161,0.03322100639343262,0.03322100639343262,0.03322100639343262,0.03322100639343262,0.03322100639343262,0.03322100639343262,0.03345080837607384,0.03322100639343262,0.03367985039949417,0.03368082270026207,0.03322100639343262,0.03322100639343262,0.03342442587018013,0.033494897186756134,0.03368533030152321,0.03322100639343262,0.03335263580083847,0.03322100639343262,0.03322100639343262,0.03322100639343262,0.033551253378391266,0.03342645615339279,0.03322100639343262,0.0334630087018013
2024-12-25,0.0332210510969162,0.0332210510969162,0.03338879719376564,0.0332210510969162,0.03334067389369011,0.033302951604127884,0.0332210510969162,0.0332210510969162,0.0332210510969162,0.0332210510969162,0.0332210510969162,0.0332210510969162,0.03345055878162384,0.0332210510969162,0.03367995470762253,0.033680982887744904,0.0332210510969162,0.0332210510969162,0.03342458978295326,0.033494722098112106,0.033685289323329926,0.0332210510969162,0.03335266560316086,0.0332210510969162,0.0332210510969162,0.0332210510969162,0.03355124220252037,0.03342664986848831,0.0332210510969162,0.03346295282244682
2024-12-26,0.0332210510969162,0.0332210510969162,0.03338879346847534,0.0332210510969162,0.03334067016839981,0.033302947878837585,0.0332210510969162,0.0332210510969162,0.0332210510969162,0.0332210510969162,0.0332210510969162,0.0332210510969162,0.03345055133104324,0.0332210510969162,0.03367995843291283,0.0336809940636158,0.0332210510969162,0.0332210510969162,0.033424586057662964,0.033494722098112106,0.033685289323329926,0.0332210510969162,0.03335266560316086,0.0332210510969162,0.0332210510969162,0.0332210510969162,0.03355124220252037,0.03342664986848831,0.0332210510969162,0.03346295282244682
2024-12-27,0.033233869820833206,0.033233869820833206,0.03331882134079933,0.033233869820833206,0.03326546028256416,0.033233869820833206,0.033233869820833206,0.033233869820833206,0.033233869820833206,0.033233869820833206,0.033233869820833206,0.033233869820833206,0.03335641697049141,0.033233869820833206,0.03371275216341019,0.033799391239881516,0.033233869820833206,0.03331921994686127,0.03336115926504135,0.03342797979712486,0.03367046266794205,0.033233869820833206,0.03333878889679909,0.033233869820833206,0.033233869820833206,0.033233869820833206,0.03351385518908501,0.033416397869586945,0.03333328291773796,0.03342408314347267
2024-12-28,0.033233869820833206,0.033233869820833206,0.03331882134079933,0.033233869820833206,0.03326544910669327,0.033233869820833206,0.033233869820833206,0.033233869820833206,0.033233869820833206,0.033233869820833206,0.033233869820833206,0.033233869820833206,0.03335641697049141,0.033233869820833206,0.03371275216341019,0.033799391239881516,0.033233869820833206,0.033319227397441864,0.03336116299033165,0.03342797979712486,0.033670466393232346,0.033233869820833206,0.03333878517150879,0.033233869820833206,0.033233869820833206,0.033233869820833206,0.03351385518908501,0.033416397869586945,0.03333327919244766,0.03342407941818237
2024-12-29,0.033233869820833206,0.033233869820833206,0.03331882134079933,0.033233869820833206,0.033265452831983566,0.033233869820833206,0.033233869820833206,0.033233869820833206,0.033233869820833206,0.033233869820833206,0.033233869820833206,0.033233869820833206,0.03335641697049141,0.033233869820833206,0.03371275216341019,0.033799391239881516,0.033233869820833206,0.033319227397441864,0.03336115926504135,0.03342797979712486,0.033670466393232346,0.033233869820833206,0.03333878517150879,0.033233869820833206,0.033233869820833206,0.033233869820833206,0.03351385518908501,0.033416397869586945,0.033333271741867065,0.03342407941818237
2024-12-30,0.033234741538763046,0.033234741538763046,0.03329301252961159,0.033234741538763046,0.03339531272649765,0.033234741538763046,0.033234741538763046,0.033234741538763046,0.033234741538763046,0.033234741538763046,0.033234741538763046,0.033234741538763046,0.03338950499892235,0.033234741538763046,0.033675529062747955,0.03378210589289665,0.033234741538763046,0.03329256549477577,0.03333275765180588,0.0334491990506649,0.03367210552096367,0.033234741538763046,0.03335154429078102,0.033234741538763046,0.033234741538763046,0.033234741538763046,0.033531561493873596,0.033412445336580276,0.033234741538763046,0.03343184292316437
2024-12-31,0.0332183912396431,0.0332183912396431,0.03328118845820427,0.033219221979379654,0.03362889587879181,0.03336012363433838,0.0332183912396431,0.0332183912396431,0.033273886889219284,0.0332183912396431,0.0332183912396431,0.0332183912396431,0.033451784402132034,0.0332183912396431,0.033676616847515106,0.03358903527259827,0.0332183912396431,0.0332183912396431,0.033270902931690216,0.03353101760149002,0.0336923785507679,0.0332183912396431,0.03344673663377762,0.0332183912396431,0.0332183912396431,0.03324040770530701,0.03351232782006264,0.03335971757769585,0.0332183912396431,0.033408280462026596
2025-01-01,0.03323448449373245,0.03323448449373245,0.03323448449373245,0.03328385949134827,0.03356985002756119,0.03323448449373245,0.03323448449373245,0.03323448449373245,0.03335641324520111,0.03323448449373245,0.03323448449373245,0.03323448449373245,0.03335415944457054,0.03323448449373245,0.033671606332063675,0.033708054572343826,0.03323448449373245,0.03324463590979576,0.03323448449373245,0.03345624357461929,0.03367526829242706,0.03323448449373245,0.03344351425766945,0.03323448449373245,0.03323448449373245,0.03323448449373245,0.033483415842056274,0.03339428827166557,0.03323448449373245,0.03337249904870987
2025-01-02,0.03323448449373245,0.03323448449373245,0.03323448449373245,0.03328385949134827,0.03356985002756119,0.03323448449373245,0.03323448449373245,0.03323448449373245,0.03335641324520111,0.03323448449373245,0.03323448449373245,0.03323448449373245,0.03335415944457054,0.03323448449373245,0.033671606332063675,0.033708054572343826,0.03323448449373245,0.03324463590979576,0.03323448449373245,0.03345624357461929,0.03367526829242706,0.03323448449373245,0.03344351425766945,0.03323448449373245,0.03323448449373245,0.03323448449373245,0.033483415842056274,0.03339428827166557,0.03323448449373245,0.03337249904870987
2025-01-03,0.03323438763618469,0.03323438763618469,0.03323438763618469,0.03328558802604675,0.033569153398275375,0.03323438763618469,0.03323438763618469,0.03323438763618469,0.03335554897785187,0.03323438763618469,0.03323438763618469,0.03323438763618469,0.03335459902882576,0.03323438763618469,0.033669713884592056,0.0337083637714386,0.03323438763618469,0.03324338048696518,0.03323438763618469,0.033456504344940186,0.033676471561193466,0.03323438763618469,0.03344373032450676,0.03323438763618469,0.03323438763618469,0.03323438763618469,0.033484552055597305,0.03339502587914467,0.03323438763618469,0.03337281197309494
2025-01-04,0.033246997743844986,0.033246997743844986,0.03331640362739563,0.03340761736035347,0.0334240086376667,0.033246997743844986,0.033246997743844986,0.033246997743844986,0.03327237814664841,0.033246997743844986,0.033246997743844986,0.033246997743844986,0.03330978751182556,0.033246997743844986,0.033462028950452805,0.03372358903288841,0.033246997743844986,0.033246997743844986,0.033246997743844986,0.03340436518192291,0.03359389677643776,0.033246997743844986,0.033579468727111816,0.033246997743844986,0.03330162167549133,0.033246997743844986,0.03358224406838417,0.033386748284101486,0.033246997743844986,0.033283937722444534
2025-01-05,0.033251866698265076,0.033251866698265076,0.033251866698265076,0.033341120928525925,0.03344695642590523,0.033251866698265076,0.033251866698265076,0.033251866698265076,0.0333150252699852,0.033251866698265076,0.033251866698265076,0.033251866698265076,0.03331269696354866,0.033251866698265076,0.033545564860105515,0.033715877681970596,0.033251866698265076,0.033251866698265076,0.033251866698265076,0.033411599695682526,0.03357909619808197,0.033251866698265076,0.033570583909749985,0.033251866698265076,0.03331568092107773,0.033251866698265076,0.03351844102144241,0.03336126357316971,0.033251866698265076,0.03328437730669975
2025-01-06,0.033251866698265076,0.033251866698265076,0.033251866698265076,0.033341120928525925,0.03344695642590523,0.033251866698265076,0.033251866698265076,0.033251866698265076,0.0333150252699852,0.033251866698265076,0.033251866698265076,0.033251866698265076,0.03331269696354866,0.033251866698265076,0.033545564860105515,0.033715877681970596,0.033251866698265076,0.033251866698265076,0.033251866698265076,0.033411599695682526,0.03357909247279167,0.033251866698265076,0.033570583909749985,0.033251866698265076,0.03331568092107773,0.033251866698265076,0.03351844102144241,0.03336126357316971,0.033251866698265076,0.03328437730669975
2025-01-07,0.03324262052774429,0.03324262052774429,0.03333142027258873,0.03328653797507286,0.03350212424993515,0.033268652856349945,0.03324262052774429,0.03324262052774429,0.03324262052774429,0.03324262052774429,0.03324262052774429,0.03324262052774429,0.03339751809835434,0.03324262052774429,0.03354490175843239,0.033622950315475464,0.03324262052774429,0.03324262052774429,0.033244382590055466,0.03349935635924339,0.03360378369688988,0.03324262052774429,0.033571671694517136,0.03324262052774429,0.03324262052774429,0.03324262052774429,0.03352984040975571,0.03335342928767204,0.03324262052774429,0.0333615280687809
2025-01-08,0.03324923291802406,0.03324923291802406,0.03324923291802406,0.03324923291802406,0.03324923291802406,0.03324923291802406,0.03327486291527748,0.03324923291802406,0.03324923291802406,0.03324923291802406,0.03324923291802406,0.03324923291802406,0.03324923291802406,0.03324923291802406,0.033710237592458725,0.033757731318473816,0.03324923291802406,0.03324923291802406,0.03324923291802406,0.033377617597579956,0.033816300332546234,0.03324923291802406,0.0336017832159996,0.03324923291802406,0.03341211378574371,0.03324923291802406,0.03342820331454277,0.033261463046073914,0.033312391489744186,0.033311858773231506
2025-01-09,0.03324737772345543,0.03324737772345543,0.03340025618672371,0.033372629433870316,0.03324737772345543,0.03324737772345543,0.03324737772345543,0.03324737772345543,0.03324737772345543,0.03324737772345543,0.03324737772345543,0.03324737772345543,0.03324737772345543,0.03324737772345543,0.033502232283353806,0.03378765285015106,0.03324737772345543,0.03324737772345543,0.03328394144773483,0.03340262174606323,0.03359586372971535,0.03324737772345543,0.03356676548719406,0.03324737772345543,0.03332724794745445,0.03325367346405983,0.033604785799980164,0.03339698910713196,0.03325643762946129,0.033290933817625046
2025-01-10,0.03324511647224426,0.03324511647224426,0.03340720012784004,0.033353228121995926,0.03324511647224426,0.03324511647224426,0.03324511647224426,0.03324511647224426,0.03324511647224426,0.03324511647224426,0.03324511647224426,0.03324511647224426,0.03324511647224426,0.03324511647224426,0.033512018620967865,0.03379765897989273,0.03324511647224426,0.03324511647224426,0.0333208292722702,0.03339763730764389,0.03358011692762375,0.03324511647224426,0.033556997776031494,0.03324511647224426,0.03333692252635956,0.03324511647224426,0.033593203872442245,0.03340451419353485,0.033291883766651154,0.03328077122569084
2025-01-11,0.03323183208703995,0.03323183208703995,0.03338712453842163,0.03334243223071098,0.03330104053020477,0.03323183208703995,0.03323183208703995,0.03323183208703995,0.0333828367292881,0.03323183208703995,0.03323183208703995,0.03323183208703995,0.03323183208703995,0.03323183208703995,0.033659547567367554,0.03371266648173332,0.03323183208703995,0.03323183208703995,0.033269476145505905,0.03356922045350075,0.033757828176021576,0.03323183208703995,0.03338596597313881,0.03323183208703995,0.03323183208703995,0.033278778195381165,0.03369507938623428,0.03323183208703995,0.033316850662231445,0.03323183208703995
2025-01-12,0.033231813460588455,0.033231813460588455,0.03338700160384178,0.033342476934194565,0.03330086171627045,0.033231813460588455,0.033231813460588455,0.033231813460588455,0.03338286280632019,0.033231813460588455,0.033231813460588455,0.033231813460588455,0.033231813460588455,0.033231813460588455,0.03365957364439964,0.03371260687708855,0.033231813460588455,0.033231813460588455,0.03326914459466934,0.03356938064098358,0.033758118748664856,0.033231813460588455,0.033385954797267914,0.033231813460588455,0.033231813460588455,0.033279068768024445,0.03369510546326637,0.033231813460588455,0.03331697732210159,0.033231813460588455
2025-01-13,0.033231545239686966,0.033231545239686966,0.03338416665792465,0.033343058079481125,0.033297348767519,0.033231545239686966,0.033231545239686966,0.033231545239686966,0.03338270261883736,0.033231545239686966,0.033231545239686966,0.033231545239686966,0.033231545239686966,0.033231545239686966,0.0336603969335556,0.033711716532707214,0.033231545239686966,0.033231545239686966,0.03326161205768585,0.03357226774096489,0.03376392275094986,0.033231545239686966,0.033386219292879105,0.033231545239686966,0.033231545239686966,0.033284783363342285,0.03369567170739174,0.033231545239686966,0.033319927752017975,0.033231545239686966
2025-01-14,0.0332232303917408,0.03326829522848129,0.033340130001306534,0.03331582248210907,0.03332130238413811,0.0332232303917408,0.0332232303917408,0.0332232303917408,0.0334182009100914,0.0332232303917408,0.0332232303917408,0.0332232303917408,0.033286239951848984,0.0332232303917408,0.03370680660009384,0.033529773354530334,0.0332232303917408,0.0332232303917408,0.0332232303917408,0.03353863209486008,0.03405080363154411,0.033264532685279846,0.03333412855863571,0.033384211361408234,0.0332232303917408,0.033267732709646225,0.033547431230545044,0.03325180336833,0.0332232303917408,0.03327212855219841
2025-01-15,0.03326200693845749,0.033292051404714584,0.033255405724048615,0.033255405724048615,0.033351391553878784,0.033255405724048615,0.033262331038713455,0.033255405724048615,0.03348958492279053,0.033255405724048615,0.033255405724048615,0.033255405724048615,0.033255405724048615,0.033255405724048615,0.03372599929571152,0.03363977000117302,0.033255405724048615,0.033255405724048615,0.033255405724048615,0.033370241522789,0.033852044492959976,0.03335992991924286,0.03343018889427185,0.03327922150492668,0.033255405724048615,0.033255405724048615,0.033322662115097046,0.033255405724048615,0.033255405724048615,0.03327617049217224
2025-01-16,0.03324691951274872,0.03324691951274872,0.03324691951274872,0.033251527696847916,0.03332744911313057,0.03324691951274872,0.03331514820456505,0.03324691951274872,0.033409349620342255,0.03324691951274872,0.03324691951274872,0.03324691951274872,0.03324691951274872,0.03324691951274872,0.033605992794036865,0.033718690276145935,0.03324691951274872,0.03324691951274872,0.03324691951274872,0.03329421579837799,0.03385023772716522,0.033461131155490875,0.033519186079502106,0.03324691951274872,0.03329085558652878,0.03324691951274872,0.03339104354381561,0.03324965015053749,0.03324691951274872,0.03336477279663086
2025-01-17,0.03323604166507721,0.03323604166507721,0.03336826711893082,0.03323604166507721,0.03333019092679024,0.03323604166507721,0.033353034406900406,0.03323604166507721,0.03326260671019554,0.03323604166507721,0.03323604166507721,0.03323604166507721,0.03333631902933121,0.03323604166507721,0.033552203327417374,0.03358639031648636,0.03323604166507721,0.03323604166507721,0.03323604166507721,0.033508650958538055,0.033812154084444046,0.03337973728775978,0.033608317375183105,0.03323604166507721,0.03328312188386917,0.03323604166507721,0.033477533608675,0.03323828801512718,0.03323604166507721,0.033362600952386856
2025-01-18,0.033219873905181885,0.033219873905181885,0.03337908163666725,0.033219873905181885,0.0333886444568634,0.033219873905181885,0.03328359127044678,0.033219873905181885,0.0333448089659214,0.033219873905181885,0.033219873905181885,0.033219873905181885,0.03335880860686302,0.033219873905181885,0.03343450278043747,0.03353845700621605,0.033219873905181885,0.033219873905181885,0.033219873905181885,0.033537279814481735,0.033784009516239166,0.03342072665691376,0.033611081540584564,0.033219873905181885,0.03338624909520149,0.033238280564546585,0.033535704016685486,0.033219873905181885,0.033219873905181885,0.03346055746078491
2025-01-19,0.03322986513376236,0.03322986513376236,0.03322986513376236,0.03334636986255646,0.03335723280906677,0.03322986513376236,0.03322986513376236,0.03333939611911774,0.03341909497976303,0.03322986513376236,0.03322986513376236,0.03322986513376236,0.03327738493680954,0.03322986513376236,0.03355451300740242,0.03364855423569679,0.03322986513376236,0.03322986513376236,0.03322986513376236,0.03342963010072708,0.0337146557867527,0.033356402069330215,0.033610206097364426,0.03322986513376236,0.03329615294933319,0.03322986513376236,0.03349478915333748,0.033324845135211945,0.03322986513376236,0.03338276594877243
2025-01-20,0.03322986513376236,0.03322986513376236,0.03322986513376236,0.033346373587846756,0.033357229083776474,0.03322986513376236,0.03322986513376236,0.03333939611911774,0.03341909497976303,0.03322986513376236,0.03322986513376236,0.03322986513376236,0.03327738493680954,0.03322986513376236,0.03355451673269272,0.03364855796098709,0.03322986513376236,0.03322986513376236,0.03322986513376236,0.03342963010072708,0.0337146557867527,0.033356402069330215,0.03361020237207413,0.03322986513376236,0.033296141773462296,0.03322986513376236,0.03349478915333748,0.03332485258579254,0.03322986513376236,0.03338276222348213
2025-01-21,0.03322986513376236,0.03322986513376236,0.03322986513376236,0.033346373587846756,0.033357229083776474,0.03322986513376236,0.03322986513376236,0.03333939611911774,0.03341909497976303,0.03322986513376236,0.03322986513376236,0.03322986513376236,0.03327738493680954,0.03322986513376236,0.03355451673269272,0.03364855796098709,0.03322986513376236,0.03322986513376236,0.03322986513376236,0.03342963010072708,0.0337146557867527,0.033356402069330215,0.03361020237207413,0.03322986513376236,0.033296141773462296,0.03322986513376236,0.03349478915333748,0.03332485258579254,0.03322986513376236,0.03338276222348213
2025-01-22,0.03322986513376236,0.03322986513376236,0.03322986513376236,0.033346373587846756,0.033357229083776474,0.03322986513376236,0.03322986513376236,0.03333939611911774,0.03341909497976303,0.03322986513376236,0.03322986513376236,0.03322986513376236,0.03327738493680954,0.03322986513376236,0.03355451673269272,0.03364855796098709,0.03322986513376236,0.03322986513376236,0.03322986513376236,0.03342963010072708,0.0337146557867527,0.033356402069330215,0.03361020237207413,0.03322986513376236,0.033296141773462296,0.03322986513376236,0.03349478915333748,0.03332485258579254,0.03322986513376236,0.03338276222348213
2025-01-23,0.03324474021792412,0.03324474021792412,0.03328843042254448,0.03324474021792412,0.033304840326309204,0.03324474021792412,0.03324474021792412,0.03332116827368736,0.03325691819190979,0.03324474021792412,0.03324474021792412,0.03324474021792412,0.03324474021792412,0.03324474021792412,0.03370917961001396,0.03370102494955063,0.03324474021792412,0.03324474021792412,0.03324474021792412,0.033425964415073395,0.03376804664731026,0.03324474021792412,0.03356779366731644,0.03324474021792412,0.03334891051054001,0.03324474021792412,0.033398207277059555,0.03335415944457054,0.03324474021792412,0.033394794911146164
2025-01-24,0.03324580192565918,0.03324580192565918,0.03334767743945122,0.03324580192565918,0.03334888443350792,0.03324580192565918,0.03324580192565918,0.03336157649755478,0.033288948237895966,0.03324580192565918,0.03324580192565918,0.03324580192565918,0.03324580192565918,0.03324580192565918,0.03373117744922638,0.033644162118434906,0.03324580192565918,0.03324580192565918,0.03324580192565918,0.033468183130025864,0.03374641016125679,0.03324580192565918,0.03344884514808655,0.03327171504497528,0.033272635191679,0.03328252211213112,0.03329571709036827,0.03341175243258476,0.03324580192565918,0.033392779529094696
2025-01-25,0.033253129571676254,0.033243756741285324,0.033292051404714584,0.033243756741285324,0.03333692252635956,0.033243756741285324,0.033243756741285324,0.03343295678496361,0.033243756741285324,0.033243756741285324,0.033243756741285324,0.033243756741285324,0.033243756741285324,0.033243756741285324,0.033689238131046295,0.03366547450423241,0.033243756741285324,0.033243756741285324,0.033243756741285324,0.03335101157426834,0.03376292809844017,0.033243756741285324,0.03341546282172203,0.03329744562506676,0.033293239772319794,0.03336425498127937,0.033254459500312805,0.03355410322546959,0.033310480415821075,0.03331441432237625
2025-01-26,0.03324542194604874,0.03324542194604874,0.03324542194604874,0.03324542194604874,0.03326144814491272,0.03324542194604874,0.03324542194604874,0.03337244689464569,0.033278558403253555,0.03324542194604874,0.03324542194604874,0.03324542194604874,0.03324542194604874,0.03324542194604874,0.03372390568256378,0.0337752141058445,0.03324542194604874,0.03324542194604874,0.03324542194604874,0.03334163501858711,0.033743396401405334,0.03324542194604874,0.03354216367006302,0.03326084092259407,0.033394843339920044,0.03324542194604874,0.03335307911038399,0.033338937908411026,0.03329538181424141,0.03339139372110367
2025-01-27,0.033245425671339035,0.033245425671339035,0.033245425671339035,0.033245425671339035,0.03326139226555824,0.033245425671339035,0.033245425671339035,0.03337240219116211,0.03327874466776848,0.033245425671339035,0.033245425671339035,0.033245425671339035,0.033245425671339035,0.033245425671339035,0.03372402861714363,0.03377524018287659,0.033245425671339035,0.033245425671339035,0.033245425671339035,0.03334164619445801,0.033743295818567276,0.033245425671339035,0.033542174845933914,0.033260900527238846,0.033394910395145416,0.033245425671339035,0.03335315361618996,0.033338598906993866,0.033295292407274246,0.03339146077632904
2025-01-28,0.033229805529117584,0.033229805529117584,0.033412352204322815,0.033229805529117584,0.033229805529117584,0.033229805529117584,0.033229805529117584,0.033467795699834824,0.033229805529117584,0.033229805529117584,0.033229805529117584,0.033229805529117584,0.033229805529117584,0.033229805529117584,0.03336070850491524,0.033599793910980225,0.0332360602915287,0.033229805529117584,0.033229805529117584,0.03331548720598221,0.033791009336709976,0.03332802280783653,0.03355797752737999,0.033229805529117584,0.03350593522191048,0.03330390900373459,0.03346923366189003,0.03350255638360977,0.03326553851366043,0.03343646228313446
2025-01-29,0.03322262316942215,0.03322262316942215,0.033295661211013794,0.03322262316942215,0.03323230519890785,0.03322262316942215,0.03322262316942215,0.03340044617652893,0.03322262316942215,0.03322262316942215,0.03322262316942215,0.03322262316942215,0.03322262316942215,0.03322262316942215,0.03338366001844406,0.03372344374656677,0.03324613347649574,0.03322262316942215,0.03322262316942215,0.033343084156513214,0.03370477259159088,0.03325800597667694,0.033543527126312256,0.033303048461675644,0.033496081829071045,0.03347475454211235,0.03343118727207184,0.03354683145880699,0.03332231938838959,0.03340074047446251
2025-01-30,0.033222682774066925,0.033222682774066925,0.033310774713754654,0.033222682774066925,0.03333855792880058,0.033222682774066925,0.033222682774066925,0.03338081017136574,0.033222682774066925,0.033222682774066925,0.033222682774066925,0.033222682774066925,0.033222682774066925,0.033222682774066925,0.03345324844121933,0.03365519642829895,0.03328922763466835,0.033222682774066925,0.033222682774066925,0.03336847946047783,0.03377005457878113,0.033222682774066925,0.03351354971528053,0.033262841403484344,0.03357240557670593,0.03344402462244034,0.03339754045009613,0.03346667066216469,0.03327599912881851,0.03338310122489929
2025-01-31,0.03324531391263008,0.03322146460413933,0.03327631950378418,0.03322146460413933,0.03341146185994148,0.03322146460413933,0.03322146460413933,0.033344101160764694,0.03322146460413933,0.03322146460413933,0.03322146460413933,0.03322146460413933,0.03322146460413933,0.03322146460413933,0.03342936560511589,0.03366059809923172,0.03329487517476082,0.03322146460413933,0.03322146460413933,0.03340610861778259,0.0336589589715004,0.03322146460413933,0.0335238091647625,0.03324314206838608,0.03349006921052933,0.03349866345524788,0.03342192620038986,0.033514589071273804,0.03328980132937431,0.033411793410778046
2025-02-01,0.03324531391263008,0.03322146460413933,0.03327631950378418,0.03322146460413933,0.03341146185994148,0.03322146460413933,0.03322146460413933,0.033344101160764694,0.03322146460413933,0.03322146460413933,0.03322146460413933,0.03322146460413933,0.03322146460413933,0.03322146460413933,0.03342936560511589,0.03366059809923172,0.03329487517476082,0.03322146460413933,0.03322146460413933,0.03340610861778259,0.0336589589715004,0.03322146460413933,0.0335238091647625,0.03324314206838608,0.03349006921052933,0.03349866345524788,0.03342192620038986,0.033514589071273804,0.03328980132937431,0.033411793410778046
2025-02-02,0.03324531391263008,0.03322146460413933,0.03327631950378418,0.03322146460413933,0.03341146185994148,0.03322146460413933,0.03322146460413933,0.033344101160764694,0.03322146460413933,0.03322146460413933,0.03322146460413933,0.03322146460413933,0.03322146460413933,0.03322146460413933,0.03342936560511589,0.03366059809923172,0.03329487517476082,0.03322146460413933,0.03322146460413933,0.03340610861778259,0.0336589589715004,0.03322146460413933,0.0335238091647625,0.03324314206838608,0.03349006921052933,0.03349866345524788,0.03342192620038986,0.033514589071273804,0.03328980132937431,0.033411793410778046
2025-02-03,0.03324531391263008,0.03322146460413933,0.03327631950378418,0.03322146460413933,0.03341146185994148,0.03322146460413933,0.03322146460413933,0.033344101160764694,0.03322146460413933,0.03322146460413933,0.03322146460413933,0.03322146460413933,0.03322146460413933,0.03322146460413933,0.03342936560511589,0.03366059809923172,0.03329487517476082,0.03322146460413933,0.03322146460413933,0.03340610861778259,0.0336589589715004,0.03322146460413933,0.0335238091647625,0.03324313834309578,0.03349006921052933,0.03349866345524788,0.03342192620038986,0.033514589071273804,0.03328980132937431,0.033411793410778046
2025-02-04,0.033253781497478485,0.03322797268629074,0.033331532031297684,0.03322797268629074,0.03333117067813873,0.03322797268629074,0.03322797268629074,0.033281102776527405,0.03322797268629074,0.03322797268629074,0.03322797268629074,0.03322797268629074,0.03322797268629074,0.03322797268629074,0.033351510763168335,0.03360390290617943,0.03322797268629074,0.03322797268629074,0.03322797268629074,0.03349681943655014,0.03358370438218117,0.03323301300406456,0.03362158313393593,0.03322797268629074,0.03348386287689209,0.03337821364402771,0.0335516557097435,0.03357924520969391,0.033314988017082214,0.03341219201683998
2025-02-05,0.033246781677007675,0.033246781677007675,0.033258359879255295,0.033246781677007675,0.033278968185186386,0.033246781677007675,0.033246781677007675,0.03337894007563591,0.033246781677007675,0.033246781677007675,0.033246781677007675,0.033246781677007675,0.033246781677007675,0.033246781677007675,0.033489834517240524,0.03379470482468605,0.033246781677007675,0.033246781677007675,0.033246781677007675,0.03334828093647957,0.03354896605014801,0.033246781677007675,0.03352218121290207,0.033246781677007675,0.033246781677007675,0.03327212482690811,0.03345971554517746,0.03379109129309654,0.03331298753619194,0.03334853798151016
2025-02-06,0.033232346177101135,0.033232346177101135,0.033279240131378174,0.033232346177101135,0.03325396776199341,0.033232346177101135,0.033232346177101135,0.03334337845444679,0.033277131617069244,0.033232346177101135,0.033232346177101135,0.033232346177101135,0.033232346177101135,0.033232346177101135,0.03345970809459686,0.03374739736318588,0.033232346177101135,0.033232346177101135,0.033232346177101135,0.03339577466249466,0.03359278663992882,0.033232346177101135,0.0335138775408268,0.03336045518517494,0.03347751870751381,0.033459026366472244,0.03346598520874977,0.033410027623176575,0.033232346177101135,0.03347860649228096
2025-02-07,0.03324573114514351,0.03324573114514351,0.03339063376188278,0.03324573114514351,0.033265192061662674,0.03324573114514351,0.03324573114514351,0.033263806253671646,0.03328617662191391,0.03324573114514351,0.03324573114514351,0.03324573114514351,0.03324573114514351,0.03324573114514351,0.03339552879333496,0.03369513154029846,0.03324573114514351,0.03324573114514351,0.03324573114514351,0.03340877220034599,0.03347936272621155,0.03324573114514351,0.03358287364244461,0.03327818214893341,0.033489570021629333,0.03327244520187378,0.03355231136083603,0.03349892422556877,0.03324573114514351,0.033455099910497665
2025-02-08,0.03326280787587166,0.03326280787587166,0.03326280787587166,0.0332864411175251,0.03326280787587166,0.03326280787587166,0.03326280787587166,0.03326280787587166,0.03326280787587166,0.03326280787587166,0.03326280787587166,0.03326280787587166,0.03326280787587166,0.03326280787587166,0.03360443562269211,0.033803243190050125,0.03326280787587166,0.03326280787587166,0.03326280787587166,0.033282410353422165,0.03353121131658554,0.03326280787587166,0.033578094094991684,0.03326280787587166,0.033302176743745804,0.03326280787587166,0.0334758535027504,0.03356293588876724,0.03326280787587166,0.033317022025585175
2025-02-09,0.03326281160116196,0.03326281160116196,0.03326281160116196,0.033286649733781815,0.03326281160116196,0.03326281160116196,0.03326281160116196,0.03326281160116196,0.03326281160116196,0.03326281160116196,0.03326281160116196,0.03326281160116196,0.03326281160116196,0.03326281160116196,0.03360474482178688,0.03380350396037102,0.03326281160116196,0.03326281160116196,0.03326281160116196,0.033282265067100525,0.033531203866004944,0.03326281160116196,0.03357803821563721,0.03326281160116196,0.03330142796039581,0.03326281160116196,0.03347567841410637,0.03356313705444336,0.03326281160116196,0.03331698104739189
2025-02-10,0.03326280787587166,0.03326280787587166,0.03326280787587166,0.03328671678900719,0.03326280787587166,0.03326280787587166,0.03326280787587166,0.03326280787587166,0.03326280787587166,0.03326280787587166,0.03326280787587166,0.03326280787587166,0.03326280787587166,0.03326280787587166,0.033604662865400314,0.03380348160862923,0.03326280787587166,0.03326280787587166,0.03326280787587166,0.03328230604529381,0.03353114426136017,0.03326280787587166,0.03357809782028198,0.03326280787587166,0.03330139070749283,0.03326280787587166,0.03347572684288025,0.03356323391199112,0.03326280787587166,0.03331710398197174
2025-02-11,0.033262815326452255,0.033262815326452255,0.033262815326452255,0.03328665345907211,0.033262815326452255,0.033262815326452255,0.033262815326452255,0.033262815326452255,0.033262815326452255,0.033262815326452255,0.033262815326452255,0.033262815326452255,0.033262815326452255,0.033262815326452255,0.03360474482178688,0.033803511410951614,0.033262815326452255,0.033262815326452255,0.033262815326452255,0.03328226879239082,0.03353120759129524,0.033262815326452255,0.03357803821563721,0.033262815326452255,0.033301420509815216,0.033262815326452255,0.03347568213939667,0.03356315195560455,0.033262815326452255,0.03331698104739189
2025-02-12,0.033233579248189926,0.033233579248189926,0.03326189145445824,0.03326717019081116,0.033332470804452896,0.033233579248189926,0.033233579248189926,0.033233579248189926,0.033233579248189926,0.033233579248189926,0.033233579248189926,0.033233579248189926,0.033233579248189926,0.033233579248189926,0.03363660350441933,0.03365142643451691,0.033233579248189926,0.033233579248189926,0.033233579248189926,0.033402178436517715,0.03360697999596596,0.033233579248189926,0.033510368317365646,0.033233579248189926,0.033233579248189926,0.033233579248189926,0.03347548469901085,0.033755529671907425,0.0335395485162735,0.03335599601268768
2025-02-13,0.033241864293813705,0.033263932913541794,0.03332466632127762,0.033241864293813705,0.033282116055488586,0.033241864293813705,0.033241864293813705,0.033241864293813705,0.033241864293813705,0.033241864293813705,0.033241864293813705,0.033241864293813705,0.03331945836544037,0.033241864293813705,0.033635638654232025,0.03351253643631935,0.033241864293813705,0.033241864293813705,0.033241864293813705,0.03348608314990997,0.03368299454450607,0.033241864293813705,0.033471446484327316,0.033241864293813705,0.033241864293813705,0.033241864293813705,0.033500347286462784,0.033701445907354355,0.033465731889009476,0.033241864293813705
2025-02-14,0.03324776887893677,0.03324776887893677,0.03324776887893677,0.03325936198234558,0.03328218683600426,0.03324776887893677,0.03324776887893677,0.03324776887893677,0.03324776887893677,0.03324776887893677,0.03324776887893677,0.03324776887893677,0.03324776887893677,0.03324776887893677,0.03374709561467171,0.03382173925638199,0.03324776887893677,0.03333914652466774,0.03324776887893677,0.03333863988518715,0.03366481140255928,0.03324776887893677,0.0334242545068264,0.03324776887893677,0.03324776887893677,0.03324776887893677,0.033433135598897934,0.03356274589896202,0.03324776887893677,0.03341927006840706
2025-02-15,0.03323328122496605,0.03323328122496605,0.03323328122496605,0.03323328122496605,0.03323328122496605,0.03323328122496605,0.03332836925983429,0.03323328122496605,0.0332631878554821,0.03323328122496605,0.03323328122496605,0.03323328122496605,0.03323328122496605,0.03323328122496605,0.03381941094994545,0.03375476598739624,0.03323328122496605,0.033249631524086,0.03323328122496605,0.033385224640369415,0.03373735398054123,0.03326517716050148,0.03344222903251648,0.03323328122496605,0.03323328122496605,0.03327571600675583,0.033461373299360275,0.03347208350896835,0.033333539962768555,0.033479463309049606
2025-02-16,0.03323328122496605,0.03323328122496605,0.03323328122496605,0.03323328122496605,0.03323328122496605,0.03323328122496605,0.03332836925983429,0.03323328122496605,0.0332631878554821,0.03323328122496605,0.03323328122496605,0.03323328122496605,0.03323328122496605,0.03323328122496605,0.03381941094994545,0.03375476598739624,0.03323328122496605,0.033249631524086,0.03323328122496605,0.033385224640369415,0.03373735398054123,0.03326517716050148,0.03344222903251648,0.03323328122496605,0.03323328122496605,0.03327571600675583,0.033461373299360275,0.03347208350896835,0.033333539962768555,0.033479463309049606
2025-02-17,0.03323328122496605,0.03323328122496605,0.03323328122496605,0.03323328122496605,0.03323328122496605,0.03323328122496605,0.03332836925983429,0.03323328122496605,0.0332631878554821,0.03323328122496605,0.03323328122496605,0.03323328122496605,0.03323328122496605,0.03323328122496605,0.03381941094994545,0.03375476598739624,0.03323328122496605,0.033249631524086,0.03323328122496605,0.033385224640369415,0.03373735398054123,0.03326517716050148,0.03344222903251648,0.03323328122496605,0.03323328122496605,0.03327571600675583,0.033461373299360275,0.03347208350896835,0.033333539962768555,0.033479463309049606
2025-02-18,0.03323328122496605,0.03323328122496605,0.03323328122496605,0.03323328122496605,0.03323328122496605,0.03323328122496605,0.03332836925983429,0.03323328122496605,0.0332631878554821,0.03323328122496605,0.03323328122496605,0.03323328122496605,0.03323328122496605,0.03323328122496605,0.03381941094994545,0.03375476598739624,0.03323328122496605,0.033249631524086,0.03323328122496605,0.033385224640369415,0.03373735398054123,0.03326517716050148,0.03344222903251648,0.03323328122496605,0.03323328122496605,0.03327571600675583,0.033461373299360275,0.03347208350896835,0.033333539962768555,0.033479463309049606
2025-02-19,0.03323569521307945,0.03323569521307945,0.033247701823711395,0.03323569521307945,0.03323569521307945,0.03323569521307945,0.03323569521307945,0.03323569521307945,0.03323569521307945,0.03323569521307945,0.03323569521307945,0.03323569521307945,0.03331736847758293,0.03323569521307945,0.03378935158252716,0.03377459943294525,0.03323569521307945,0.03337160125374794,0.03323569521307945,0.033355314284563065,0.03383369743824005,0.03323569521307945,0.03343166410923004,0.03323569521307945,0.03337302431464195,0.03323569521307945,0.03341090679168701,0.03336414322257042,0.03339576721191406,0.03332807868719101
2025-02-20,0.03323805332183838,0.03323805332183838,0.0332912914454937,0.03323805332183838,0.03323805332183838,0.03323805332183838,0.033285971730947495,0.03323805332183838,0.03323805332183838,0.03323805332183838,0.03323805332183838,0.03323805332183838,0.03335878625512123,0.03323805332183838,0.03369120508432388,0.03381439298391342,0.03323805332183838,0.03339167684316635,0.0332677960395813,0.03328822925686836,0.03380044549703598,0.03329329565167427,0.033276744186878204,0.03330922871828079,0.03323805332183838,0.03323805332183838,0.03348163887858391,0.033496301621198654,0.03323805332183838,0.03338213264942169
2025-02-21,0.03323805332183838,0.03323805332183838,0.0332912914454937,0.03323805332183838,0.03323805332183838,0.03323805332183838,0.033285971730947495,0.03323805332183838,0.03323805332183838,0.03323805332183838,0.03323805332183838,0.03323805332183838,0.03335878625512123,0.03323805332183838,0.03369120508432388,0.03381439298391342,0.03323805332183838,0.03339167684316635,0.0332677960395813,0.03328822925686836,0.03380044549703598,0.03329329565167427,0.033276744186878204,0.03330922871828079,0.03323805332183838,0.03323805332183838,0.03348163887858391,0.033496301621198654,0.03323805332183838,0.03338213264942169
2025-02-22,0.03323805332183838,0.03323805332183838,0.0332912914454937,0.03323805332183838,0.03323805332183838,0.03323805332183838,0.033285971730947495,0.03323805332183838,0.03323805332183838,0.03323805332183838,0.03323805332183838,0.03323805332183838,0.03335878625512123,0.03323805332183838,0.03369120508432388,0.03381439298391342,0.03323805332183838,0.03339167684316635,0.0332677960395813,0.03328822925686836,0.03380044549703598,0.03329329565167427,0.033276744186878204,0.03330922871828079,0.03323805332183838,0.03323805332183838,0.03348163887858391,0.033496301621198654,0.03323805332183838,0.03338213264942169
2025-02-23,0.03323805332183838,0.03323805332183838,0.0332912914454937,0.03323805332183838,0.03323805332183838,0.03323805332183838,0.033285971730947495,0.03323805332183838,0.03323805332183838,0.03323805332183838,0.03323805332183838,0.03323805332183838,0.03335878625512123,0.03323805332183838,0.03369120508432388,0.03381439298391342,0.03323805332183838,0.03339167684316635,0.0332677960395813,0.03328822925686836,0.03380044549703598,0.03329329565167427,0.033276744186878204,0.03330922871828079,0.03323805332183838,0.03323805332183838,0.03348163887858391,0.033496301621198654,0.03323805332183838,0.03338213264942169
2025-02-24,0.03323805332183838,0.03323805332183838,0.0332912914454937,0.03323805332183838,0.03323805332183838,0.03323805332183838,0.033285971730947495,0.03323805332183838,0.03323805332183838,0.03323805332183838,0.03323805332183838,0.03323805332183838,0.03335878625512123,0.03323805332183838,0.03369120508432388,0.03381439298391342,0.03323805332183838,0.03339167684316635,0.0332677960395813,0.03328822925686836,0.03380044549703598,0.03329329565167427,0.033276744186878204,0.03330922871828079,0.03323805332183838,0.03323805332183838,0.03348163887858391,0.033496301621198654,0.03323805332183838,0.03338213264942169
2025-02-25,0.03324002027511597,0.03324002027511597,0.033292148262262344,0.03324002027511597,0.03324002027511597,0.03324002027511597,0.033265527337789536,0.03324002027511597,0.03324002027511597,0.03324002027511597,0.03324002027511597,0.03324002027511597,0.033339157700538635,0.03324002027511597,0.0336809940636158,0.03380587324500084,0.03324002027511597,0.03334509953856468,0.033318616449832916,0.03334476053714752,0.03362516313791275,0.03324002027511597,0.03331132233142853,0.03327760100364685,0.03324002027511597,0.03324002027511597,0.0335274413228035,0.03357252478599548,0.03324002027511597,0.03345343843102455
2025-02-26,0.03323071449995041,0.03323071449995041,0.03326500579714775,0.03332016244530678,0.03332965448498726,0.03323071449995041,0.03323071449995041,0.03323071449995041,0.03330117464065552,0.03323071449995041,0.03323071449995041,0.03323071449995041,0.03325725346803665,0.03323071449995041,0.03358542174100876,0.03378096967935562,0.03323071449995041,0.03329877927899361,0.03323071449995041,0.03341459855437279,0.03361065313220024,0.03323071449995041,0.03338281810283661,0.03323071449995041,0.03323071449995041,0.03323071449995041,0.03369658812880516,0.03353982791304588,0.03324688598513603,0.03350960090756416
2025-02-27,0.033247582614421844,0.033247582614421844,0.03330961614847183,0.03326662257313728,0.033283885568380356,0.033247582614421844,0.033247582614421844,0.033247582614421844,0.033247582614421844,0.033247582614421844,0.033247582614421844,0.033247582614421844,0.03325602039694786,0.033247582614421844,0.033558689057826996,0.03377242013812065,0.033247582614421844,0.033247582614421844,0.03329037129878998,0.03334159776568413,0.03352929279208183,0.03324943035840988,0.03344818577170372,0.033247582614421844,0.033247582614421844,0.033247582614421844,0.03359804302453995,0.03363287076354027,0.033247582614421844,0.03350164741277695
2025-02-28,0.033229678869247437,0.033229678869247437,0.033261846750974655,0.033287204802036285,0.03326217830181122,0.033229678869247437,0.033229678869247437,0.033272311091423035,0.03333119675517082,0.033229678869247437,0.033229678869247437,0.033229678869247437,0.03324175626039505,0.033229678869247437,0.03358762338757515,0.033756788820028305,0.033229678869247437,0.033343199640512466,0.033229678869247437,0.033351100981235504,0.033810991793870926,0.03328824043273926,0.03338311240077019,0.033229678869247437,0.033229678869247437,0.033229678869247437,0.033658646047115326,0.03346749767661095,0.03328326344490051,0.03342730551958084
2025-03-01,0.033241886645555496,0.033241886645555496,0.03337536379694939,0.03330690786242485,0.033247362822294235,0.033241886645555496,0.03333050012588501,0.03340109437704086,0.033241886645555496,0.033241886645555496,0.033241886645555496,0.033241886645555496,0.033241886645555496,0.033241886645555496,0.03335339203476906,0.03359924629330635,0.033241886645555496,0.033241886645555496,0.033241886645555496,0.03336384892463684,0.03370186313986778,0.03336193412542343,0.03356532007455826,0.033241886645555496,0.033241886645555496,0.033241886645555496,0.03378888592123985,0.033433493226766586,0.033241886645555496,0.03330060839653015
2025-03-02,0.033241886645555496,0.033241886645555496,0.03337536379694939,0.03330690786242485,0.033247362822294235,0.033241886645555496,0.03333050012588501,0.03340109437704086,0.033241886645555496,0.033241886645555496,0.033241886645555496,0.033241886645555496,0.033241886645555496,0.033241886645555496,0.03335339203476906,0.03359924629330635,0.033241886645555496,0.033241886645555496,0.033241886645555496,0.03336384892463684,0.03370186313986778,0.03336193412542343,0.03356532007455826,0.033241886645555496,0.033241886645555496,0.033241886645555496,0.03378888592123985,0.033433493226766586,0.033241886645555496,0.03330060839653015
2025-03-03,0.03324049338698387,0.03324049338698387,0.03338666632771492,0.03329522907733917,0.03324049338698387,0.03324049338698387,0.03324590623378754,0.03342462331056595,0.03324436768889427,0.03324049338698387,0.03324049338698387,0.03324049338698387,0.03324049338698387,0.03324049338698387,0.033397264778614044,0.03368204087018967,0.03324049338698387,0.03324049338698387,0.03324049338698387,0.03331821784377098,0.03367938846349716,0.03335418552160263,0.03354966640472412,0.03324049338698387,0.03324049338698387,0.03324049338698387,0.033774442970752716,0.03344858065247536,0.03324049338698387,0.03335152938961983
2025-03-04,0.033242300152778625,0.033242300152778625,0.03337739408016205,0.03330601006746292,0.0332457572221756,0.033242300152778625,0.03332717716693878,0.03340024873614311,0.033242300152778625,0.033242300152778625,0.033242300152778625,0.033242300152778625,0.033242300152778625,0.033242300152778625,0.033355463296175,0.033598851412534714,0.033242300152778625,0.033242300152778625,0.033242300152778625,0.03336184099316597,0.03370241820812225,0.03336060047149658,0.03356397524476051,0.033242300152778625,0.033242300152778625,0.033242300152778625,0.03379131481051445,0.0334307961165905,0.033242300152778625,0.03330135717988014
2025-03-05,0.03323321416974068,0.03323321416974068,0.033434733748435974,0.033294420689344406,0.033274706453084946,0.03323321416974068,0.03323321416974068,0.03330029174685478,0.03336939215660095,0.03323321416974068,0.03323321416974068,0.03323321416974068,0.03323321416974068,0.03323321416974068,0.033571258187294006,0.033717796206474304,0.03323321416974068,0.03323321416974068,0.03323321416974068,0.033376071602106094,0.03360707312822342,0.03323321416974068,0.03336441144347191,0.03323321416974068,0.03323321416974068,0.03323321416974068,0.0337958000600338,0.03341643139719963,0.03327222540974617,0.033474113792181015
2025-03-06,0.03322569280862808,0.03322569280862808,0.033400215208530426,0.033359117805957794,0.03331446647644043,0.03322569280862808,0.03322569280862808,0.03326950594782829,0.033257946372032166,0.03322569280862808,0.03322569280862808,0.03322569280862808,0.03322569280862808,0.03322569280862808,0.033524397760629654,0.033768896013498306,0.03322569280862808,0.03328033536672592,0.03322569280862808,0.033387042582035065,0.033614687621593475,0.033262740820646286,0.03336764872074127,0.03322569280862808,0.03322569280862808,0.03322569280862808,0.033738743513822556,0.033514585345983505,0.03322569280862808,0.03355422616004944
2025-03-07,0.033228639513254166,0.03327079489827156,0.033228639513254166,0.033284492790699005,0.033484168350696564,0.033228639513254166,0.033228639513254166,0.033228639513254166,0.03337442874908447,0.033228639513254166,0.033228639513254166,0.033228639513254166,0.03333142399787903,0.033228639513254166,0.03360366448760033,0.03368907421827316,0.033228639513254166,0.033228639513254166,0.033252134919166565,0.03335869684815407,0.0335669182240963,0.0333440899848938,0.03342224657535553,0.033251989632844925,0.033228639513254166,0.033228639513254166,0.03362782299518585,0.033486656844615936,0.033228639513254166,0.033450379967689514
2025-03-08,0.033228639513254166,0.03327079489827156,0.033228639513254166,0.033284492790699005,0.033484168350696564,0.033228639513254166,0.033228639513254166,0.033228639513254166,0.03337442874908447,0.033228639513254166,0.033228639513254166,0.033228639513254166,0.03333142399787903,0.033228639513254166,0.03360366448760033,0.03368907421827316,0.033228639513254166,0.033228639513254166,0.033252134919166565,0.03335869684815407,0.0335669182240963,0.0333440899848938,0.03342224657535553,0.033251989632844925,0.033228639513254166,0.033228639513254166,0.03362782299518585,0.033486656844615936,0.033228639513254166,0.033450379967689514
2025-03-09,0.033228639513254166,0.03327079489827156,0.033228639513254166,0.033284492790699005,0.033484168350696564,0.033228639513254166,0.033228639513254166,0.033228639513254166,0.03337442874908447,0.033228639513254166,0.033228639513254166,0.033228639513254166,0.03333142399787903,0.033228639513254166,0.03360366448760033,0.03368907421827316,0.033228639513254166,0.033228639513254166,0.033252134919166565,0.03335869684815407,0.0335669182240963,0.0333440899848938,0.03342224657535553,0.033251989632844925,0.033228639513254166,0.033228639513254166,0.03362782299518585,0.033486656844615936,0.033228639513254166,0.033450379967689514
2025-03-10,0.033228639513254166,0.03327079489827156,0.033228639513254166,0.033284492790699005,0.033484168350696564,0.033228639513254166,0.033228639513254166,0.033228639513254166,0.03337442874908447,0.033228639513254166,0.033228639513254166,0.033228639513254166,0.03333142399787903,0.033228639513254166,0.03360366448760033,0.03368907421827316,0.033228639513254166,0.033228639513254166,0.033252134919166565,0.03335869684815407,0.0335669182240963,0.0333440899848938,0.03342224657535553,0.033251989632844925,0.033228639513254166,0.033228639513254166,0.03362782299518585,0.033486656844615936,0.033228639513254166,0.033450379967689514
2025-03-11,0.03323422744870186,0.03323422744870186,0.03323422744870186,0.03332306817173958,0.033535685390233994,0.03323422744870186,0.03323422744870186,0.03323422744870186,0.03343961387872696,0.03323422744870186,0.03323422744870186,0.03323422744870186,0.033242013305425644,0.03323422744870186,0.03364481031894684,0.033654168248176575,0.03323422744870186,0.03323422744870186,0.03323422744870186,0.033386629074811935,0.03356393054127693,0.033266130834817886,0.03353492543101311,0.03323422744870186,0.03323422744870186,0.03323422744870186,0.0335770919919014,0.03348403424024582,0.03323422744870186,0.03336602821946144
2025-03-12,0.03323432058095932,0.03323432058095932,0.03323432058095932,0.03332335874438286,0.033536382019519806,0.03323432058095932,0.03323432058095932,0.03323432058095932,0.03344035521149635,0.03323432058095932,0.03323432058095932,0.03323432058095932,0.033240776509046555,0.03323432058095932,0.033645085990428925,0.03365369513630867,0.03323432058095932,0.03323432058095932,0.03323432058095932,0.0333869569003582,0.033563606441020966,0.03326497972011566,0.033535927534103394,0.03323432058095932,0.03323432058095932,0.03323432058095932,0.0335763581097126,0.03348398208618164,0.03323432058095932,0.03336508572101593
2025-03-13,0.033231470733881,0.033304613083601,0.03329513967037201,0.033365797251462936,0.033547624945640564,0.03326776996254921,0.033231470733881,0.033231470733881,0.03332684189081192,0.033231470733881,0.033231470733881,0.033231470733881,0.033231470733881,0.033231470733881,0.033473070710897446,0.03364716097712517,0.033231470733881,0.033231470733881,0.033231470733881,0.033415522426366806,0.033538851886987686,0.033231470733881,0.03346686437726021,0.033246610313653946,0.03325740993022919,0.033231470733881,0.033546529710292816,0.033570773899555206,0.03330348804593086,0.033416878432035446
2025-03-14,0.03322865813970566,0.03322865813970566,0.0332665778696537,0.033466778695583344,0.03350825235247612,0.03327035903930664,0.03322865813970566,0.03322865813970566,0.03330089524388313,0.03322865813970566,0.03322865813970566,0.03322865813970566,0.03322865813970566,0.03322865813970566,0.03345979005098343,0.03373956307768822,0.03322865813970566,0.03322865813970566,0.03323601558804512,0.033453378826379776,0.03347659856081009,0.03325384110212326,0.033407632261514664,0.03322865813970566,0.03322865813970566,0.03322865813970566,0.03356246277689934,0.03363294526934624,0.033234525471925735,0.0335291288793087
2025-03-15,0.033230260014534,0.033230260014534,0.033263858407735825,0.03346826508641243,0.033495984971523285,0.033273112028837204,0.033230260014534,0.033230260014534,0.033299677073955536,0.033230260014534,0.033230260014534,0.033230260014534,0.033230260014534,0.033230260014534,0.03345564752817154,0.03373906388878822,0.033230260014534,0.033230260014534,0.033230260014534,0.03345080465078354,0.033495038747787476,0.033253706991672516,0.03339926898479462,0.03323792666196823,0.03323030471801758,0.033230260014534,0.03356209769845009,0.033620260655879974,0.033233094960451126,0.033528443425893784
2025-03-16,0.03322850540280342,0.03322850540280342,0.033266130834817886,0.03346871957182884,0.033507153391838074,0.03327016904950142,0.03322850540280342,0.03322850540280342,0.03330043703317642,0.03322850540280342,0.03322850540280342,0.03322850540280342,0.03322850540280342,0.03322850540280342,0.03345998376607895,0.03374209254980087,0.03322850540280342,0.03322850540280342,0.033235110342502594,0.03345419466495514,0.03347562626004219,0.0332549512386322,0.033406905829906464,0.03322850540280342,0.03322850540280342,0.03322850540280342,0.03356296941637993,0.033633649349212646,0.033232398331165314,0.033530496060848236
2025-03-17,0.03321806713938713,0.03321806713938713,0.033259421586990356,0.03348157927393913,0.03346985951066017,0.03321806713938713,0.03321806713938713,0.03321806713938713,0.033309951424598694,0.03321806713938713,0.03321806713938713,0.03321806713938713,0.03323153778910637,0.03321806713938713,0.033503759652376175,0.033803317695856094,0.03321806713938713,0.03321806713938713,0.03321806713938713,0.03343530744314194,0.03353268653154373,0.03331918641924858,0.033417847007513046,0.03321806713938713,0.03321806713938713,0.033277153968811035,0.033638693392276764,0.033589646220207214,0.03321806713938713,0.03345893323421478
2025-03-18,0.03324415162205696,0.03324415162205696,0.03325565159320831,0.0333339087665081,0.033296506851911545,0.03324415162205696,0.03324415162205696,0.03324415162205696,0.033250898122787476,0.03324415162205696,0.03324415162205696,0.03324415162205696,0.03324415162205696,0.03324415162205696,0.033604539930820465,0.03379156440496445,0.03324415162205696,0.03324415162205696,0.03324415162205696,0.03336263447999954,0.03352046385407448,0.03324415162205696,0.03354363515973091,0.03324415162205696,0.03324415162205696,0.03324415162205696,0.03351367637515068,0.0336335189640522,0.03328034654259682,0.03346198424696922
2025-03-19,0.0332341305911541,0.03326791152358055,0.0333244688808918,0.03338852897286415,0.033342521637678146,0.0332341305911541,0.0332341305911541,0.0332341305911541,0.0332341305911541,0.0332341305911541,0.0332341305911541,0.0332341305911541,0.0332341305911541,0.0332341305911541,0.03358183428645134,0.03372691944241524,0.0332341305911541,0.0332341305911541,0.0332341305911541,0.03336254134774208,0.0336240790784359,0.0332341305911541,0.03343389183282852,0.0332341305911541,0.0332341305911541,0.0332341305911541,0.03362823277711868,0.03355098143219948,0.03343658894300461,0.03335118293762207
2025-03-20,0.03324776515364647,0.03324776515364647,0.03324776515364647,0.03325945883989334,0.033282190561294556,0.03324776515364647,0.03324776515364647,0.03324776515364647,0.03324776515364647,0.03324776515364647,0.03324776515364647,0.03324776515364647,0.03324776515364647,0.03324776515364647,0.03374700993299484,0.033821746706962585,0.03324776515364647,0.03333907574415207,0.03324776515364647,0.03333865851163864,0.03366486355662346,0.03324776515364647,0.03342422842979431,0.03324776515364647,0.03324776515364647,0.03324776515364647,0.0334332250058651,0.03356276825070381,0.03324776515364647,0.03341924771666527
2025-03-21,0.03324047103524208,0.03324047103524208,0.03331978991627693,0.03337526321411133,0.03325538709759712,0.03324047103524208,0.03324047103524208,0.03324047103524208,0.03324047103524208,0.03324047103524208,0.03324047103524208,0.03324047103524208,0.03324047103524208,0.03324047103524208,0.033617958426475525,0.033824339509010315,0.03324047103524208,0.03324047103524208,0.03324996680021286,0.033364564180374146,0.03367803990840912,0.03324047103524208,0.033374711871147156,0.03324047103524208,0.03324047103524208,0.0332980714738369,0.0335693359375,0.03356863558292389,0.033262304961681366,0.03339410200715065
2025-03-22,0.03322669118642807,0.03322669118642807,0.03344980254769325,0.033401038497686386,0.03325701877474785,0.03323383256793022,0.03341733291745186,0.03322669118642807,0.03322669118642807,0.03322669118642807,0.03322669118642807,0.03322669118642807,0.03322669118642807,0.03322669118642807,0.033508479595184326,0.033614858984947205,0.03322669118642807,0.03322669118642807,0.03337523341178894,0.03340841829776764,0.03367333486676216,0.03322669118642807,0.03340965509414673,0.03322669118642807,0.03322669118642807,0.03322700783610344,0.03365209698677063,0.03360012173652649,0.03322669118642807,0.033371396362781525
2025-03-23,0.033240389078855515,0.033240389078855515,0.033322036266326904,0.033375177532434464,0.03325608745217323,0.033240389078855515,0.033240389078855515,0.033240389078855515,0.033240389078855515,0.033240389078855515,0.033240389078855515,0.033240389078855515,0.033240389078855515,0.033240389078855515,0.033617306500673294,0.03382348269224167,0.033240389078855515,0.033240389078855515,0.033251531422138214,0.033363454043865204,0.03367827460169792,0.033240389078855515,0.033374786376953125,0.033240389078855515,0.033240389078855515,0.03329608216881752,0.03357016667723656,0.033568594604730606,0.03326169773936272,0.03339514508843422
2025-03-24,0.03324047476053238,0.03324047476053238,0.03331977501511574,0.03337526321411133,0.033255383372306824,0.03324047476053238,0.03324047476053238,0.03324047476053238,0.03324047476053238,0.03324047476053238,0.03324047476053238,0.03324047476053238,0.03324047476053238,0.03324047476053238,0.03361796587705612,0.03382435068488121,0.03324047476053238,0.03324047476053238,0.033249951899051666,0.03336457535624504,0.03367803618311882,0.03324047476053238,0.033374715596437454,0.03324047476053238,0.03324047476053238,0.03329809010028839,0.0335693284869194,0.03356863930821419,0.03326231613755226,0.033394090831279755
2025-03-25,0.033233899623155594,0.033233899623155594,0.033233899623155594,0.03333013877272606,0.03335723653435707,0.033233899623155594,0.033233899623155594,0.033233899623155594,0.03324098885059357,0.033233899623155594,0.033233899623155594,0.033233899623155594,0.033233899623155594,0.033233899623155594,0.033666837960481644,0.033793993294239044,0.033233899623155594,0.03325943276286125,0.033233899623155594,0.033386584371328354,0.03358067572116852,0.033233899623155594,0.03345218673348427,0.033233899623155594,0.033233899623155594,0.033233899623155594,0.0335022509098053,0.03362127020955086,0.03332463279366493,0.03350748121738434
2025-03-26,0.03323082998394966,0.03323082998394966,0.03323082998394966,0.03326650708913803,0.03340538963675499,0.03323082998394966,0.03323082998394966,0.03323082998394966,0.03324788808822632,0.03323082998394966,0.03323082998394966,0.03323082998394966,0.03323705121874809,0.03323082998394966,0.03374322131276131,0.033739686012268066,0.03323082998394966,0.033233966678380966,0.03323082998394966,0.033474892377853394,0.03360822796821594,0.03323082998394966,0.033459220081567764,0.03323082998394966,0.03323229402303696,0.03323082998394966,0.033490076661109924,0.03347943350672722,0.03343820944428444,0.03348151594400406
2025-03-27,0.03322380408644676,0.03322380408644676,0.03322380408644676,0.03328387066721916,0.03341888636350632,0.03322380408644676,0.03322380408644676,0.03322380408644676,0.03322380408644676,0.03322380408644676,0.03322380408644676,0.03322380408644676,0.03322380408644676,0.03322380408644676,0.03363053873181343,0.0336730070412159,0.03322380408644676,0.033250629901885986,0.03322380408644676,0.033489685505628586,0.033624373376369476,0.03322380408644676,0.033480461686849594,0.03322380408644676,0.03322380408644676,0.03324252739548683,0.033459920436143875,0.03372444212436676,0.03349950909614563,0.0334174819290638
2025-03-28,0.03322644531726837,0.03322644531726837,0.033235497772693634,0.03335653245449066,0.03332138434052467,0.03322644531726837,0.03322644531726837,0.03322644531726837,0.03322644531726837,0.03322644531726837,0.03322644531726837,0.03322644531726837,0.03327217698097229,0.03322644531726837,0.03356500342488289,0.03359223157167435,0.03322644531726837,0.03327241912484169,0.03322644531726837,0.03349681571125984,0.03361174091696739,0.03322644531726837,0.03345619887113571,0.03322644531726837,0.03322644531726837,0.03322644531726837,0.03354296833276749,0.033843960613012314,0.03345587104558945,0.03335409611463547
2025-03-29,0.033226508647203445,0.033226508647203445,0.03323410451412201,0.033356934785842896,0.033321812748909,0.033226508647203445,0.033226508647203445,0.033226508647203445,0.033226508647203445,0.033226508647203445,0.033226508647203445,0.033226508647203445,0.0332733616232872,0.033226508647203445,0.03356672450900078,0.03359382972121239,0.033226508647203445,0.03327234461903572,0.033226508647203445,0.03349652141332626,0.03361205756664276,0.033226508647203445,0.03345593437552452,0.033226508647203445,0.033226508647203445,0.033226508647203445,0.0335434228181839,0.03384023532271385,0.03345330059528351,0.0333552360534668
2025-03-30,0.03322620317339897,0.03322620317339897,0.03322620317339897,0.033331871032714844,0.033331215381622314,0.03322620317339897,0.03322620317339897,0.03322620317339897,0.03322620317339897,0.03322620317339897,0.03322620317339897,0.03322620317339897,0.03322620317339897,0.03322620317339897,0.03361045569181442,0.033737365156412125,0.03322620317339897,0.033275529742240906,0.03322620317339897,0.03342612832784653,0.033604081720113754,0.03322620317339897,0.03345922753214836,0.03322620317339897,0.03322620317339897,0.033229295164346695,0.033454861491918564,0.03381608426570892,0.03342818468809128,0.033450204879045486
2025-03-31,0.033226728439331055,0.033226728439331055,0.033226728439331055,0.03333427011966705,0.033333517611026764,0.033226728439331055,0.033226728439331055,0.033226728439331055,0.033226728439331055,0.033226728439331055,0.033226728439331055,0.033226728439331055,0.033226728439331055,0.033226728439331055,0.03361603245139122,0.03374520689249039,0.033226728439331055,0.03327557444572449,0.033226728439331055,0.03342261537909508,0.03360212594270706,0.033226728439331055,0.03345875069499016,0.033226728439331055,0.033226728439331055,0.033226728439331055,0.033458810299634933,0.03379862383008003,0.033418282866477966,0.03345508873462677
2025-04-01,0.03323769569396973,0.03323769569396973,0.033245570957660675,0.03329218551516533,0.03326811641454697,0.03323769569396973,0.03333721309900284,0.03323769569396973,0.03323769569396973,0.03323769569396973,0.03323769569396973,0.03323769569396973,0.03336072713136673,0.03323769569396973,0.03368881717324257,0.0336589552462101,0.03323769569396973,0.0333077497780323,0.03323769569396973,0.033455148339271545,0.03368556872010231,0.03323769569396973,0.033427365124225616,0.03323769569396973,0.03326522558927536,0.03323769569396973,0.0335112065076828,0.033593811094760895,0.033257097005844116,0.03331752121448517
2025-04-02,0.0332362987101078,0.0332362987101078,0.033279016613960266,0.03328312188386917,0.033269066363573074,0.0332362987101078,0.0332362987101078,0.0332362987101078,0.0332362987101078,0.0332362987101078,0.0332362987101078,0.0332362987101078,0.0332362987101078,0.0332362987101078,0.033640481531620026,0.03373875841498375,0.0332362987101078,0.03333650901913643,0.0332362987101078,0.03339502960443497,0.0336541086435318,0.0332362987101078,0.03343445807695389,0.0332362987101078,0.0332362987101078,0.03326045349240303,0.03339710459113121,0.03378830850124359,0.03336356207728386,0.03337922692298889
2025-04-03,0.033233340829610825,0.033233340829610825,0.033233340829610825,0.033233340829610825,0.03336478769779205,0.033233340829610825,0.033233340829610825,0.033313121646642685,0.033233340829610825,0.033233340829610825,0.033233340829610825,0.033233340829610825,0.033233340829610825,0.033233340829610825,0.033579230308532715,0.03373678773641586,0.033233340829610825,0.03324657306075096,0.033233340829610825,0.033402618020772934,0.03365165740251541,0.033233340829610825,0.033374883234500885,0.033233340829610825,0.033233340829610825,0.03326723352074623,0.03345378860831261,0.03382197767496109,0.03338831663131714,0.03343220055103302
2025-04-04,0.033223021775484085,0.033223021775484085,0.033223021775484085,0.033373694866895676,0.033532846719026566,0.033223021775484085,0.033223021775484085,0.033223021775484085,0.03327258303761482,0.033223021775484085,0.033223021775484085,0.033223021775484085,0.033350951969623566,0.033223021775484085,0.033536795526742935,0.03354071453213692,0.033223021775484085,0.03323044627904892,0.033223021775484085,0.03357602655887604,0.033601075410842896,0.03327285498380661,0.03345740959048271,0.033223021775484085,0.033223021775484085,0.033223021775484085,0.03358909487724304,0.03374894708395004,0.03322390466928482,0.033347271382808685
2025-04-05,0.03323948383331299,0.03323948383331299,0.033303357660770416,0.03356080502271652,0.033495791256427765,0.03323948383331299,0.03323948383331299,0.03323948383331299,0.03337012603878975,0.03323948383331299,0.03323948383331299,0.03323948383331299,0.03323948383331299,0.03323948383331299,0.03352607041597366,0.033750005066394806,0.03323948383331299,0.03324480354785919,0.03323948383331299,0.03343484550714493,0.033577628433704376,0.03329881653189659,0.03338019549846649,0.03323948383331299,0.03323948383331299,0.0332724004983902,0.03353622928261757,0.03340457007288933,0.03323948383331299,0.0332520566880703
2025-04-06,0.03323948383331299,0.03323948383331299,0.033303357660770416,0.03356080502271652,0.033495791256427765,0.03323948383331299,0.03323948383331299,0.03323948383331299,0.03337012603878975,0.03323948383331299,0.03323948383331299,0.03323948383331299,0.03323948383331299,0.03323948383331299,0.03352607041597366,0.033750005066394806,0.03323948383331299,0.03324480354785919,0.03323948383331299,0.03343484550714493,0.033577628433704376,0.03329881653189659,0.03338019549846649,0.03323948383331299,0.03323948383331299,0.0332724004983902,0.03353622928261757,0.03340457007288933,0.03323948383331299,0.0332520566880703
2025-04-07,0.033224668353796005,0.033224668353796005,0.03334277123212814,0.03356669098138809,0.033454205840826035,0.0332302562892437,0.033224668353796005,0.033224668353796005,0.03345100209116936,0.033224668353796005,0.033224668353796005,0.033224668353796005,0.033224668353796005,0.033224668353796005,0.03348502516746521,0.03369865193963051,0.033224668353796005,0.03324837610125542,0.033224668353796005,0.03347664698958397,0.03363688662648201,0.033224668353796005,0.033350348472595215,0.033224668353796005,0.033224668353796005,0.03333214670419693,0.0336926244199276,0.033408697694540024,0.033224668353796005,0.03325566649436951
2025-04-08,0.03324994072318077,0.03324994072318077,0.03327246010303497,0.033563170582056046,0.03349846228957176,0.03326300531625748,0.03324994072318077,0.03324994072318077,0.03338789567351341,0.03324994072318077,0.03324994072318077,0.03324994072318077,0.03324994072318077,0.03324994072318077,0.03351210802793503,0.03376017510890961,0.03324994072318077,0.03324994072318077,0.03324994072318077,0.03343813121318817,0.03351437300443649,0.03324994072318077,0.03338063508272171,0.03324994072318077,0.03324994072318077,0.03324994072318077,0.033439259976148605,0.03339700400829315,0.03324994072318077,0.03332434967160225
