Date,AAPL,AMGN,AMZN,AXP,BA,CAT,CRM,CSCO,CVX,DIS,GS,HD,HON,IBM,JNJ,JPM,KO,MCD,MMM,MRK,MSFT,NKE,NVDA,PG,SHW,TRV,UNH,V,VZ,WMT
2023-06-01,0.03333333333333333,0.03333333333333333,0.03333333333333333,0.03333333333333333,0.03333333333333333,0.03333333333333333,0.03333333333333333,0.03333333333333333,0.03333333333333333,0.03333333333333333,0.03333333333333333,0.03333333333333333,0.03333333333333333,0.03333333333333333,0.03333333333333333,0.03333333333333333,0.03333333333333333,0.03333333333333333,0.03333333333333333,0.03333333333333333,0.03333333333333333,0.03333333333333333,0.03333333333333333,0.03333333333333333,0.03333333333333333,0.03333333333333333,0.03333333333333333,0.03333333333333333,0.03333333333333333,0.03333333333333333
2023-06-02,0.049523819237947464,0.04945666715502739,0.01845902018249035,0.04930490627884865,0.018538489937782288,0.019005730748176575,0.04890897870063782,0.04673321545124054,0.018908938392996788,0.04933199658989906,0.0493159256875515,0.018594203516840935,0.018820513039827347,0.01957072503864765,0.018575593829154968,0.04812421277165413,0.019024036824703217,0.018332291394472122,0.02450678125023842,0.04963531345129013,0.04489265754818916,0.04951806366443634,0.049272261559963226,0.018432920798659325,0.04683356732130051,0.01846795529127121,0.01841781660914421,0.033211927860975266,0.04940264672040939,0.018878744915127754
2023-06-03,0.04902661591768265,0.04883980751037598,0.018541434779763222,0.047467783093452454,0.01840335875749588,0.018661439418792725,0.047971710562705994,0.04801396280527115,0.018823344260454178,0.048771195113658905,0.048446934670209885,0.01838814653456211,0.0185205340385437,0.018801173195242882,0.01934078335762024,0.047784410417079926,0.018527137115597725,0.018149692565202713,0.044055402278900146,0.04907287657260895,0.04682757332921028,0.0490395724773407,0.0469466932117939,0.018270030617713928,0.04777167737483978,0.018280986696481705,0.01853412576019764,0.02130945585668087,0.0489640012383461,0.018448177725076675
2023-06-04,0.04906797409057617,0.04891200736165047,0.018591566011309624,0.04760317876935005,0.018423397094011307,0.018674485385417938,0.0480719693005085,0.047934990376234055,0.018859772011637688,0.048828039318323135,0.04851637780666351,0.018409648910164833,0.018530501052737236,0.018924996256828308,0.01914694719016552,0.04781363904476166,0.018571635708212852,0.018172256648540497,0.04311618208885193,0.04913916438817978,0.04676377400755882,0.04909772053360939,0.04714377224445343,0.018299391493201256,0.047839075326919556,0.018306221812963486,0.01854969747364521,0.021215694025158882,0.04900018870830536,0.018475722521543503
2023-06-05,0.04911443963646889,0.048967137932777405,0.018702367320656776,0.047610484063625336,0.01842130906879902,0.018702559173107147,0.04813634604215622,0.04790966585278511,0.018903370946645737,0.048853155225515366,0.04857124388217926,0.018428228795528412,0.01851695403456688,0.0190530177205801,0.019241247326135635,0.04784928262233734,0.018587635830044746,0.018187472596764565,0.04248298704624176,0.04918333515524864,0.04645674303174019,0.049144525080919266,0.04722563922405243,0.01831735298037529,0.04793849587440491,0.01831931807100773,0.018566209822893143,0.021089758723974228,0.049024347215890884,0.018495479598641396
2023-06-06,0.049107760190963745,0.04896949231624603,0.019090209156274796,0.04762968420982361,0.018427081406116486,0.01871965266764164,0.04768725484609604,0.04773498326539993,0.01893681287765503,0.04881492629647255,0.0484858900308609,0.01845022849738598,0.018495967611670494,0.019481947645545006,0.019680777564644814,0.047890037298202515,0.018587088212370872,0.018186349421739578,0.04415808990597725,0.04914608225226402,0.045811977237463,0.049121029675006866,0.04667416214942932,0.018339233472943306,0.048063088208436966,0.018321840092539787,0.01868419162929058,0.01987859047949314,0.04893004894256592,0.01849552057683468
2023-06-07,0.04900335520505905,0.04889913275837898,0.01920217275619507,0.048078421503305435,0.018397869542241096,0.018820006400346756,0.04826970770955086,0.04752001166343689,0.01884034276008606,0.04877486079931259,0.04844390228390694,0.01840745285153389,0.018455764278769493,0.01880638115108013,0.019104614853858948,0.047802478075027466,0.01854662410914898,0.018164563924074173,0.043112367391586304,0.04909864813089371,0.04695111885666847,0.04906177893280983,0.04692502319812775,0.0183228962123394,0.048031385987997055,0.018303165212273598,0.018612070009112358,0.020609717816114426,0.04891890659928322,0.018515242263674736
2023-06-08,0.04910825565457344,0.04900849238038063,0.0195227712392807,0.04876742139458656,0.018419096246361732,0.018840700387954712,0.048149097710847855,0.04737232252955437,0.01862352527678013,0.048787858337163925,0.04847301170229912,0.01847485639154911,0.018491243943572044,0.018365958705544472,0.02013210766017437,0.04826968163251877,0.01868491992354393,0.018202930688858032,0.04014674201607704,0.049157124012708664,0.047981444746255875,0.04920033738017082,0.044778164476156235,0.018376938998699188,0.04834999516606331,0.018340682610869408,0.01895456202328205,0.02136276476085186,0.04905831813812256,0.01859862543642521
2023-06-09,0.04900680109858513,0.04885673522949219,0.020243147388100624,0.04870761185884476,0.018357068300247192,0.01873205229640007,0.047937408089637756,0.047396134585142136,0.01859596185386181,0.04861785098910332,0.048350412398576736,0.018414663150906563,0.01842987723648548,0.018394682556390762,0.02091851644217968,0.048209160566329956,0.018555643036961555,0.018156861886382103,0.04275892302393913,0.049028340727090836,0.04797622561454773,0.04912888631224632,0.043386030942201614,0.018321257084608078,0.04833664745092392,0.01828496903181076,0.01899714022874832,0.020421314984560013,0.04892133176326752,0.01855827122926712
2023-06-10,0.04894814267754555,0.048826806247234344,0.02021733485162258,0.04840406775474548,0.018374420702457428,0.018782662227749825,0.047576215118169785,0.04778468981385231,0.018541008234024048,0.04864547401666641,0.04836031049489975,0.01841931976377964,0.018405573442578316,0.01872849091887474,0.020436640828847885,0.0479663722217083,0.018510345369577408,0.018135467544198036,0.04282422363758087,0.048986732959747314,0.04727655649185181,0.04904692620038986,0.04602348431944847,0.018297387287020683,0.04812239482998848,0.018283400684595108,0.018774695694446564,0.019929764792323112,0.04885205999016762,0.018519053235650063
2023-06-11,0.048942919820547104,0.0488499291241169,0.02021547220647335,0.04827318340539932,0.018383841961622238,0.018769051879644394,0.047677263617515564,0.047799818217754364,0.018585409969091415,0.04867422953248024,0.048364605754613876,0.018410546705126762,0.01839536428451538,0.018751025199890137,0.019995538517832756,0.047944001853466034,0.018509427085518837,0.01813771016895771,0.04305887967348099,0.049003176391124725,0.04730150103569031,0.049045585095882416,0.04623643681406975,0.01830172911286354,0.04817720875144005,0.018290050327777863,0.018764816224575043,0.019791139289736748,0.04885857552289963,0.018491532653570175
2023-06-12,0.048948973417282104,0.04887772724032402,0.020185690373182297,0.04816068708896637,0.01839214190840721,0.01875513419508934,0.04771943390369415,0.047844164073467255,0.01861988566815853,0.04870082065463066,0.04838158190250397,0.018407367169857025,0.018387798219919205,0.018795059993863106,0.01964915543794632,0.047951824963092804,0.01851070486009121,0.018140802159905434,0.04320988804101944,0.0490187332034111,0.04729033634066582,0.04904409870505333,0.04644327610731125,0.018307609483599663,0.0482206791639328,0.018296467140316963,0.0187578946352005,0.019642801955342293,0.04886510223150253,0.018474124372005463
2023-06-13,0.048845868557691574,0.04879137873649597,0.020620906725525856,0.04822329804301262,0.018356243148446083,0.018762124702334404,0.04778043180704117,0.0477883480489254,0.018552357330918312,0.048629030585289,0.048327572643756866,0.01837838627398014,0.018344616517424583,0.018710555508732796,0.0198491383343935,0.047840483486652374,0.018451226875185966,0.018107440322637558,0.04346570745110512,0.04894160479307175,0.04742391034960747,0.04895739257335663,0.04655548185110092,0.018276169896125793,0.04818852245807648,0.018263980746269226,0.018689477816224098,0.019633824005723,0.04880136251449585,0.018443232402205467
2023-06-14,0.04882468283176422,0.04881448298692703,0.021157708019018173,0.048317164182662964,0.01829800382256508,0.018768973648548126,0.04734481871128082,0.047331228852272034,0.018435638397932053,0.0485706701874733,0.0481564924120903,0.01839110627770424,0.01832319237291813,0.01866932585835457,0.022422241047024727,0.04792942851781845,0.01846209168434143,0.01808830164372921,0.04332783818244934,0.04891543462872505,0.046812865883111954,0.0489283949136734,0.045624177902936935,0.01826302520930767,0.04816991463303566,0.018225356936454773,0.018813909962773323,0.019379910081624985,0.04881266877055168,0.018420906737446785
2023-06-15,0.04867485538125038,0.04888806492090225,0.022459005936980247,0.04869745299220085,0.018340149894356728,0.018773356452584267,0.046901267021894455,0.04474092274904251,0.018507160246372223,0.048538777977228165,0.048059429973363876,0.01849726028740406,0.018414949998259544,0.018826842308044434,0.02373133972287178,0.047903548926115036,0.0185436699539423,0.018098540604114532,0.04349173605442047,0.048921726644039154,0.046136368066072464,0.04892059788107872,0.04555097594857216,0.01837451383471489,0.048213034868240356,0.018289925530552864,0.018818875774741173,0.01954510807991028,0.0487307570874691,0.018409809097647667
2023-06-16,0.047926828265190125,0.048019953072071075,0.025453081354498863,0.047732993960380554,0.01799406297504902,0.018534718081355095,0.045956529676914215,0.04538103565573692,0.018108448013663292,0.04774588346481323,0.047272615134716034,0.01817242056131363,0.01803482510149479,0.020609110593795776,0.03349496051669121,0.04702191427350044,0.018112920224666595,0.01777529902756214,0.045147985219955444,0.04808783531188965,0.04322802647948265,0.048090122640132904,0.04562966525554657,0.017991499975323677,0.047510575503110886,0.017934633418917656,0.018483329564332962,0.018571941182017326,0.04794914275407791,0.01802760362625122
2023-06-17,0.047214627265930176,0.047247398644685745,0.02817498706281185,0.04682692885398865,0.017732057720422745,0.018308864906430244,0.04522528126835823,0.04533931612968445,0.01781911961734295,0.047024961560964584,0.04650005325675011,0.017898932099342346,0.017777960747480392,0.02593262307345867,0.04108783230185509,0.046385765075683594,0.017861146479845047,0.017506206408143044,0.04513566195964813,0.04735488072037697,0.039395932108163834,0.04736294224858284,0.045226387679576874,0.017694691196084023,0.046822402626276016,0.017667071893811226,0.018416909500956535,0.018085984513163567,0.047233790159225464,0.01773924008011818
2023-06-18,0.047324713319540024,0.04736114665865898,0.027666179463267326,0.04686427861452103,0.017768029123544693,0.018364496529102325,0.045465175062417984,0.045584388077259064,0.017862213775515556,0.047154735773801804,0.04663950577378273,0.01792815886437893,0.017797157168388367,0.024764258414506912,0.039500728249549866,0.046453412622213364,0.01787382923066616,0.017544925212860107,0.045079223811626434,0.0474662110209465,0.04066509008407593,0.0474737249314785,0.04540063813328743,0.01772574707865715,0.046904057264328,0.0177064910531044,0.01839250512421131,0.018137123435735703,0.047341663390398026,0.01779019646346569
2023-06-19,0.04755052924156189,0.04759233444929123,0.026441296562552452,0.046979960054159164,0.017843129113316536,0.01842200942337513,0.045806944370269775,0.04590559005737305,0.017954926937818527,0.047393132001161575,0.04688310623168945,0.01799040473997593,0.01786322332918644,0.023762144148349762,0.03676121309399605,0.046676382422447205,0.017939850687980652,0.017625391483306885,0.04503341764211655,0.04769086092710495,0.04179518297314644,0.04769602045416832,0.045602329075336456,0.017799919471144676,0.04709630459547043,0.017787130549550056,0.018438464030623436,0.018228882923722267,0.04756105691194534,0.0178788211196661
2023-06-20,0.04777988791465759,0.047828417271375656,0.025304460898041725,0.0470644012093544,0.017919907346367836,0.018467510119080544,0.04612327367067337,0.046207886189222336,0.018058616667985916,0.04762762412428856,0.047124233096838,0.01805886998772621,0.017934994772076607,0.02311134897172451,0.033883050084114075,0.04690830036997795,0.018013348802924156,0.017707983031868935,0.044945016503334045,0.04792017862200737,0.04269788786768913,0.04792279377579689,0.045774269849061966,0.01787816919386387,0.04729141667485237,0.017870698124170303,0.018501093611121178,0.018320292234420776,0.04778477922081947,0.01796930842101574
2023-06-21,0.048654548823833466,0.04869472235441208,0.0216660313308239,0.04707621410489082,0.018300222232937813,0.01873547025024891,0.04751855880022049,0.04773031547665596,0.018620463088154793,0.04849134013056755,0.04813474789261818,0.018356019631028175,0.018271509557962418,0.02155277691781521,0.020088085904717445,0.04768424108624458,0.01831432431936264,0.01803596131503582,0.04482510685920715,0.04876181483268738,0.045781057327985764,0.048748113214969635,0.047169700264930725,0.018224770203232765,0.04805479198694229,0.01824970915913582,0.018670469522476196,0.018710969015955925,0.04855618253350258,0.018321780487895012
2023-06-22,0.04889046028256416,0.04891791567206383,0.02057676762342453,0.04647945985198021,0.018368622288107872,0.01865198463201523,0.047615572810173035,0.04810595512390137,0.018936071544885635,0.04865472391247749,0.04836638644337654,0.01841895841062069,0.018378188833594322,0.020920151844620705,0.019191039726138115,0.04797235131263733,0.01841643638908863,0.018117299303412437,0.04458021745085716,0.04897501692175865,0.046573154628276825,0.0489632748067379,0.046378958970308304,0.018297404050827026,0.04821086674928665,0.01831740140914917,0.01885140873491764,0.018703969195485115,0.048738859593868256,0.018431171774864197
2023-06-23,0.048399683088064194,0.0484665222465992,0.02226472832262516,0.04505295678973198,0.01821151003241539,0.018552426248788834,0.04666517302393913,0.04764794558286667,0.01885875128209591,0.04822557047009468,0.047895435243844986,0.018303778022527695,0.018203428015112877,0.028928348794579506,0.020859945565462112,0.04735848680138588,0.018237046897411346,0.01794419065117836,0.04544956609606743,0.048507433384656906,0.04307717829942703,0.048472099006175995,0.04701165109872818,0.018128084018826485,0.047654710710048676,0.018159294500947,0.018710654228925705,0.018294647336006165,0.048221953213214874,0.0182369202375412
2023-06-24,0.04862239956855774,0.04871494323015213,0.02231019176542759,0.04537408798933029,0.018306873738765717,0.01865050569176674,0.04719133302569389,0.04753311350941658,0.019323255866765976,0.048454031348228455,0.04807869344949722,0.018371764570474625,0.018336575478315353,0.02427000179886818,0.01985699124634266,0.04752805456519127,0.018375752493739128,0.018047723919153214,0.04567616060376167,0.04877940192818642,0.04451602324843407,0.04872942715883255,0.04659777879714966,0.01823490299284458,0.047755636274814606,0.018240703269839287,0.01879257708787918,0.0184859037399292,0.04843839257955551,0.018406786024570465
2023-06-25,0.04876473918557167,0.04884922131896019,0.021743135526776314,0.045551836490631104,0.01834394596517086,0.018682608380913734,0.04741699621081352,0.04759106785058975,0.019386235624551773,0.048586655408144,0.04819762334227562,0.018398893997073174,0.018376486375927925,0.022666629403829575,0.019510764628648758,0.04763801023364067,0.01842312514781952,0.018094133585691452,0.045422352850437164,0.04891571030020714,0.04510484263300896,0.048863887786865234,0.04664614424109459,0.01827462762594223,0.047860436141490936,0.018277212977409363,0.018776070326566696,0.01859765313565731,0.04858236014842987,0.018456552177667618
2023-06-26,0.04884570464491844,0.04892388731241226,0.021356845274567604,0.04573110118508339,0.0183649230748415,0.01870114356279373,0.04754367098212242,0.047585379332304,0.019412266090512276,0.04866766184568405,0.04827571660280228,0.018412109464406967,0.01839781552553177,0.02197260595858097,0.019359735772013664,0.04769187420606613,0.018455147743225098,0.018120504915714264,0.04505913704633713,0.04899532347917557,0.04535365104675293,0.04893990978598595,0.04673414304852486,0.018294641748070717,0.04790953919291496,0.018297890201210976,0.01874915510416031,0.01869998499751091,0.04866086319088936,0.01848769374191761
2023-06-27,0.04912824556231499,0.049149759113788605,0.01963060349225998,0.04558324068784714,0.01843760535120964,0.01876356638967991,0.04804777726531029,0.04792152717709541,0.019545258954167366,0.04892819747328758,0.048596497625112534,0.01846865937113762,0.01848530024290085,0.02019021473824978,0.01886088401079178,0.047992147505283356,0.018540827557444572,0.018204430118203163,0.04405905306339264,0.04921622574329376,0.046349965035915375,0.049196671694517136,0.046511705964803696,0.01834954507648945,0.04813096299767494,0.018368622288107872,0.018809041008353233,0.019083218649029732,0.04890929162502289,0.018541019409894943
2023-06-28,0.049145378172397614,0.049150146543979645,0.01931816153228283,0.0450349859893322,0.018402282148599625,0.018756285309791565,0.04798330366611481,0.04806862398982048,0.01936919242143631,0.048947449773550034,0.04863276705145836,0.018456773832440376,0.018436072394251823,0.021328439936041832,0.019003331661224365,0.04802749305963516,0.018474513664841652,0.018187005072832108,0.04450242593884468,0.04918941110372543,0.045344848185777664,0.04918583855032921,0.04709932580590248,0.018317468464374542,0.04818928614258766,0.018346071243286133,0.018756257370114326,0.018967201933264732,0.04892537370324135,0.01845422573387623
2023-06-29,0.04913895204663277,0.049122404307127,0.018962116912007332,0.046446871012449265,0.018407553434371948,0.0188961923122406,0.04835987091064453,0.04792879521846771,0.019239516928792,0.04897484928369522,0.04875904694199562,0.018456410616636276,0.018449949100613594,0.020726120099425316,0.01886194385588169,0.04777195304632187,0.01848219707608223,0.018188411369919777,0.04254894703626633,0.049211639910936356,0.0452050156891346,0.04916360229253769,0.04795257747173309,0.018311703577637672,0.04811038076877594,0.0183472391217947,0.01853448897600174,0.01999673619866371,0.04896768927574158,0.018476855009794235
2023-06-30,0.048843879252672195,0.04884551465511322,0.020350895822048187,0.04711043834686279,0.018334656953811646,0.018875528126955032,0.04820181429386139,0.047892238944768906,0.01896616443991661,0.04865248128771782,0.048526253551244736,0.01841331273317337,0.018333615735173225,0.02082826755940914,0.01949843019247055,0.04767792671918869,0.01839520037174225,0.01809651218354702,0.04304565116763115,0.0489189438521862,0.04513981193304062,0.04890803247690201,0.04812445119023323,0.01824990287423134,0.048114143311977386,0.018279409036040306,0.018525270745158195,0.01975122280418873,0.04873398318886757,0.018366117030382156
2023-07-01,0.04763241112232208,0.04762564226984978,0.025666985660791397,0.0458233505487442,0.017873328179121017,0.01833215169608593,0.04659794643521309,0.04686209186911583,0.018488287925720215,0.04737651348114014,0.0473242923617363,0.018049243837594986,0.017845913767814636,0.03238239511847496,0.027764450758695602,0.0465664267539978,0.017932672053575516,0.017653213813900948,0.044646840542554855,0.04772556573152542,0.04017651453614235,0.0477328784763813,0.047087132930755615,0.017818545922636986,0.047178953886032104,0.017836138606071472,0.018247580155730247,0.018327364698052406,0.047544386237859726,0.017880817875266075
2023-07-02,0.048053983598947525,0.04804910346865654,0.024305250495672226,0.04625909402966499,0.018030976876616478,0.018497886136174202,0.04701172932982445,0.047171030193567276,0.01866975985467434,0.04780619591474533,0.04772539064288139,0.018180444836616516,0.018000416457653046,0.028687208890914917,0.02425656095147133,0.04692814499139786,0.018074892461299896,0.01780540682375431,0.04474850371479988,0.04813436046242714,0.04170653223991394,0.048140306025743484,0.04739779606461525,0.017974380403757095,0.047528188675642014,0.017987988889217377,0.01833454519510269,0.01856238767504692,0.0479285791516304,0.018042996525764465
2023-07-03,0.048340100795030594,0.048337649554014206,0.02331267111003399,0.04655078798532486,0.018138479441404343,0.01860152930021286,0.047277335077524185,0.04740335792303085,0.018771054223179817,0.04810266196727753,0.047990184277296066,0.018265636637806892,0.018104098737239838,0.025817619636654854,0.021973686292767525,0.04718675836920738,0.01817123405635357,0.017908621579408646,0.04479130357503891,0.04841306433081627,0.04317321628332138,0.048421066254377365,0.04757542908191681,0.018077246844768524,0.04775978624820709,0.018091168254613876,0.01840316876769066,0.018692435696721077,0.04818848893046379,0.018160250037908554
2023-07-04,0.04870327562093735,0.048727311193943024,0.02218020148575306,0.0470062755048275,0.018252750858664513,0.01861882209777832,0.047287967056035995,0.047594763338565826,0.018823444843292236,0.04844404384493828,0.04833364486694336,0.0183930154889822,0.01821562461555004,0.023339927196502686,0.020464960485696793,0.0476534441113472,0.018327398225665092,0.018032295629382133,0.043423403054475784,0.04875895753502846,0.044299472123384476,0.04875753074884415,0.04780982807278633,0.018206048756837845,0.048038776963949203,0.01820557378232479,0.018496332690119743,0.018795261159539223,0.04851312190294266,0.01829654350876808
2023-07-05,0.04882702976465225,0.04884827882051468,0.02159365639090538,0.0471361018717289,0.018294254317879677,0.018656378611922264,0.04742513597011566,0.047664836049079895,0.01886766031384468,0.04857618734240532,0.048434700816869736,0.01841735653579235,0.01826353557407856,0.021932091563940048,0.019912131130695343,0.04776244983077049,0.018367284908890724,0.01807556301355362,0.04332439973950386,0.04888107255101204,0.04512254521250725,0.04887934401631355,0.04776337370276451,0.01824348233640194,0.04811004176735878,0.018243251368403435,0.018520761281251907,0.01887536235153675,0.04862712696194649,0.018354646861553192
2023-07-06,0.049013651907444,0.048987261950969696,0.02051769383251667,0.04705405980348587,0.018358318135142326,0.018732747063040733,0.047720495611429214,0.04800533130764961,0.018882082775235176,0.048677027225494385,0.04853464663028717,0.01847998797893524,0.018329670652747154,0.021720223128795624,0.019409753382205963,0.04772849753499031,0.01841830462217331,0.018129972741007805,0.04255605489015579,0.04902509227395058,0.04506678879261017,0.049012843519449234,0.048080336302518845,0.018308578059077263,0.048272598534822464,0.018296919763088226,0.0185102391988039,0.01898571290075779,0.04880195111036301,0.01838318444788456
2023-07-07,0.04931226745247841,0.049312908202409744,0.019569072872400284,0.04855537787079811,0.01849043369293213,0.018946101889014244,0.04850754141807556,0.047518692910671234,0.018990404903888702,0.048986345529556274,0.04896058887243271,0.01860884204506874,0.0185342188924551,0.020072437822818756,0.018969077616930008,0.04804819077253342,0.018661227077245712,0.018257256597280502,0.03602832928299904,0.049364812672138214,0.04573781415820122,0.04930495843291283,0.048566121608018875,0.01844611018896103,0.04846271127462387,0.018439881503582,0.01853286102414131,0.021110568195581436,0.049113694578409195,0.018591178581118584
2023-07-08,0.049349602311849594,0.04929159954190254,0.01939718797802925,0.049004554748535156,0.018504386767745018,0.01898793876171112,0.04894009605050087,0.046894580125808716,0.01920638605952263,0.04892704263329506,0.04909537732601166,0.0186216589063406,0.018648110330104828,0.01897515170276165,0.018854686990380287,0.048136088997125626,0.018830012530088425,0.01829203963279724,0.028653394430875778,0.049402106553316116,0.046576015651226044,0.04941050708293915,0.048823557794094086,0.01845647767186165,0.04800167679786682,0.018473757430911064,0.018498755991458893,0.027815794572234154,0.04910385236144066,0.018827669322490692
2023-07-09,0.04937136545777321,0.04931974783539772,0.019348561763763428,0.0489971823990345,0.018507996574044228,0.018976960331201553,0.04896046221256256,0.04688616096973419,0.01924014836549759,0.048947252333164215,0.04911006987094879,0.01862100139260292,0.01865927129983902,0.01891512982547283,0.018821489065885544,0.04814929515123367,0.018838178366422653,0.01829996332526207,0.028524581342935562,0.04943028837442398,0.046666499227285385,0.04943285137414932,0.048791732639074326,0.0184638649225235,0.04799431189894676,0.01847601868212223,0.01850724220275879,0.027764128521084785,0.04913170263171196,0.01884642243385315
2023-07-10,0.04939384385943413,0.04934268444776535,0.01931566372513771,0.04897981509566307,0.018512310460209846,0.0189638864248991,0.04896359145641327,0.04692351073026657,0.019271766766905785,0.04896612837910652,0.04912039637565613,0.018620751798152924,0.0186681617051363,0.01888631097972393,0.018796518445014954,0.04817776754498482,0.018850130960345268,0.01830694079399109,0.028499679639935493,0.0494522862136364,0.04673412814736366,0.04945213720202446,0.048758864402770996,0.018468722701072693,0.047987356781959534,0.018479539081454277,0.018517078831791878,0.02757994644343853,0.04914950206875801,0.01886061392724514
2023-07-11,0.04960416629910469,0.049518123269081116,0.01940952055156231,0.04812192916870117,0.01864926889538765,0.01902361400425434,0.04904282093048096,0.04593648388981819,0.01999513991177082,0.0491284616291523,0.049150705337524414,0.0186849907040596,0.01872493326663971,0.018907714635133743,0.0188176017254591,0.048357367515563965,0.01891930028796196,0.018382631242275238,0.029917925596237183,0.049592919647693634,0.04777877405285835,0.049622856080532074,0.04659692943096161,0.018571536988019943,0.0483747199177742,0.018556766211986542,0.018742678686976433,0.025773225352168083,0.049213457852602005,0.018883435055613518
2023-07-12,0.049563903361558914,0.04946353659033775,0.019691621884703636,0.04597252234816551,0.018712356686592102,0.018919633701443672,0.04858722910284996,0.04765702784061432,0.019934140145778656,0.049191344529390335,0.04884772375226021,0.018648840487003326,0.018602686002850533,0.01881532557308674,0.0189288929104805,0.048093281686306,0.018920186907052994,0.018368886783719063,0.034526191651821136,0.04951034486293793,0.048071831464767456,0.04955393821001053,0.04778453707695007,0.01853187382221222,0.04809626564383507,0.018558545038104057,0.018825780600309372,0.02182501181960106,0.049027688801288605,0.018768856301903725
2023-07-13,0.04927648976445198,0.04921790584921837,0.019945053383708,0.04761255159974098,0.018569616600871086,0.01892814226448536,0.04836072400212288,0.04745766520500183,0.01894242689013481,0.04908513277769089,0.04865742102265358,0.018548734486103058,0.018457848578691483,0.01864950731396675,0.020235341042280197,0.04792586714029312,0.018814438953995705,0.018262671306729317,0.03427618741989136,0.04933181777596474,0.04738498106598854,0.04933851957321167,0.048592086881399155,0.018404236063361168,0.04826405644416809,0.01845267228782177,0.01860925182700157,0.02269671857357025,0.049127452075481415,0.01857445389032364
2023-07-14,0.04926445335149765,0.04917263239622116,0.01889265701174736,0.04815608635544777,0.018516985699534416,0.019190490245819092,0.04883044213056564,0.04783547297120094,0.01869821362197399,0.04907330125570297,0.048832282423973083,0.01856515184044838,0.018488910049200058,0.018635330721735954,0.01954500563442707,0.04782367870211601,0.018729345872998238,0.018247412517666817,0.029633814468979836,0.049297261983156204,0.04630919545888901,0.04928072169423103,0.04919508844614029,0.018388213589787483,0.04794030636548996,0.018459053710103035,0.01846003159880638,0.02879263646900654,0.049183838069438934,0.018561920151114464
2023-07-15,0.04947011172771454,0.049505673348903656,0.019137194380164146,0.04802827909588814,0.018543709069490433,0.019241489470005035,0.04857033118605614,0.047255467623472214,0.01878613792359829,0.049429669976234436,0.04910208657383919,0.01859702169895172,0.018458455801010132,0.019006939604878426,0.019986005499958992,0.04788583889603615,0.01873304508626461,0.01830975152552128,0.03072306700050831,0.04956764355301857,0.04520292952656746,0.049491409212350845,0.0494767464697361,0.018419280648231506,0.04807102680206299,0.018487710505723953,0.018460068851709366,0.02608145773410797,0.04937075078487396,0.018600692972540855
2023-07-16,0.049430955201387405,0.04947017505764961,0.019201835617423058,0.04809663072228432,0.018525710329413414,0.01920630782842636,0.04851410910487175,0.04706361144781113,0.018797986209392548,0.049385860562324524,0.04902776703238487,0.01856701448559761,0.018450723960995674,0.01891763135790825,0.019686445593833923,0.04783933609724045,0.018703985959291458,0.018299896270036697,0.03241370990872383,0.04954490065574646,0.04567466303706169,0.04947494715452194,0.04932117834687233,0.018412955105304718,0.04809340089559555,0.018468406051397324,0.018465528264641762,0.024997137486934662,0.04933888092637062,0.018608221784234047
2023-07-17,0.04941461235284805,0.04944527894258499,0.01919500343501568,0.04808961972594261,0.018506478518247604,0.019151758402585983,0.048531077802181244,0.047127436846494675,0.018801119178533554,0.049345482140779495,0.048978958278894424,0.018543237820267677,0.01844649948179722,0.01886822283267975,0.019425619393587112,0.047855526208877563,0.018674317747354507,0.018292510882019997,0.033547692000865936,0.04952797666192055,0.04592246189713478,0.04946938157081604,0.049195077270269394,0.018407650291919708,0.048132505267858505,0.01845298707485199,0.018469829112291336,0.02425258792936802,0.04932713881134987,0.01860201172530651
2023-07-18,0.04920126497745514,0.049186982214450836,0.01907689869403839,0.04797448217868805,0.01838371902704239,0.0187107864767313,0.04860759526491165,0.04781458154320717,0.01895652897655964,0.04904365539550781,0.04886889457702637,0.01840989850461483,0.01837565004825592,0.01863110065460205,0.018638163805007935,0.04805806651711464,0.018525253981351852,0.018208209425210953,0.03813030198216438,0.04930764064192772,0.04778648912906647,0.04925142601132393,0.048220548778772354,0.018322143703699112,0.048219937831163406,0.018332090228796005,0.018439562991261482,0.02166050113737583,0.04911040887236595,0.01854703202843666
2023-07-19,0.04909024387598038,0.04903930798172951,0.019237512722611427,0.0479435957968235,0.01831146702170372,0.018728429451584816,0.048286791890859604,0.047989003360271454,0.018688591197133064,0.04887908324599266,0.04867904633283615,0.01836453564465046,0.018296627327799797,0.018719088286161423,0.01911976747214794,0.04778479412198067,0.018421150743961334,0.018148574978113174,0.04140567034482956,0.049172092229127884,0.04702247679233551,0.049094635993242264,0.048171889036893845,0.018261566758155823,0.04818931594491005,0.018250232562422752,0.01836233213543892,0.02083905227482319,0.04905875399708748,0.018444428220391273
2023-07-20,0.048937730491161346,0.04889366030693054,0.020171422511339188,0.04742804914712906,0.018278906121850014,0.018802737817168236,0.047722309827804565,0.04762778803706169,0.018648792058229446,0.04870948567986488,0.048474665731191635,0.01839633285999298,0.018245836719870567,0.020583249628543854,0.02305271290242672,0.04745875298976898,0.01841072365641594,0.01809515804052353,0.041447047144174576,0.04900632053613663,0.04369395226240158,0.04893144220113754,0.04850342124700546,0.018215689808130264,0.047948479652404785,0.018213756382465363,0.018331127241253853,0.020511247217655182,0.04889066517353058,0.018368493765592575
2023-07-21,0.048584211617708206,0.04853000119328499,0.022892626002430916,0.047198712825775146,0.01814885251224041,0.01839696243405342,0.04674505069851875,0.04729635268449783,0.018613280728459358,0.04834402725100517,0.04790683835744858,0.018186859786510468,0.018148323521018028,0.021357007324695587,0.023076532408595085,0.04787919297814369,0.018248537555336952,0.01796691305935383,0.046927761286497116,0.04862716794013977,0.04533683508634567,0.04863942414522171,0.04512333869934082,0.018093161284923553,0.04795340076088905,0.01807158812880516,0.01870495080947876,0.01834253780543804,0.04843427985906601,0.018225356936454773
2023-07-22,0.04838719591498375,0.048356782644987106,0.024478716775774956,0.047028686851263046,0.018064867705106735,0.01818399503827095,0.04622479900717735,0.047178372740745544,0.01861204393208027,0.048143405467271805,0.047717805951833725,0.018086204305291176,0.018064463511109352,0.024317124858498573,0.023305118083953857,0.04797184094786644,0.01816837303340435,0.01789272017776966,0.0475870817899704,0.0484205037355423,0.04508495330810547,0.04845554754137993,0.04271513968706131,0.018027544021606445,0.047996554523706436,0.017995472997426987,0.019192442297935486,0.018044602125883102,0.04819932579994202,0.018098387867212296
2023-07-23,0.048507511615753174,0.04847215488553047,0.024014707654714584,0.04697449505329132,0.018116608262062073,0.01824868842959404,0.04656221717596054,0.04744314029812813,0.018665818497538567,0.04827480763196945,0.04784601554274559,0.01813075877726078,0.018108734861016273,0.022686056792736053,0.0221202801913023,0.04803849756717682,0.01818833313882351,0.017937665805220604,0.04764311760663986,0.04853961616754532,0.04596210643649101,0.04858309403061867,0.04302746802568436,0.018068542703986168,0.04809216782450676,0.018046081066131592,0.019120991230010986,0.018106764182448387,0.048321451991796494,0.0181521475315094
2023-07-24,0.04859368875622749,0.04855678975582123,0.02366548776626587,0.04694921523332596,0.0181509368121624,0.018293140456080437,0.046852849423885345,0.047631844878196716,0.018711049109697342,0.04836723580956459,0.0479540154337883,0.018162032589316368,0.018137922510504723,0.021481214091181755,0.021215137094259262,0.048084285110235214,0.01819971576333046,0.017969395965337753,0.04764274135231972,0.048625051975250244,0.046619199216365814,0.048675138503313065,0.04331608861684799,0.018097056075930595,0.04816126450896263,0.018081771209836006,0.01904456317424774,0.01815846934914589,0.048410817980766296,0.0181918703019619
2023-07-25,0.04829968512058258,0.04826382175087929,0.02545912377536297,0.04705941304564476,0.018019087612628937,0.01816684938967228,0.046516865491867065,0.04723583534359932,0.01848808117210865,0.04805971309542656,0.04768751561641693,0.018059495836496353,0.018014991655945778,0.02151443250477314,0.025636104866862297,0.047896627336740494,0.018092066049575806,0.017855536192655563,0.04741816222667694,0.0483226552605629,0.0461571179330349,0.048391085118055344,0.04206456243991852,0.017975592985749245,0.047973986715078354,0.017959531396627426,0.019164226949214935,0.01804221235215664,0.04815388843417168,0.01805165596306324
2023-07-26,0.04883216693997383,0.04879634454846382,0.022350110113620758,0.04766049236059189,0.01821470633149147,0.01824822463095188,0.04718866944313049,0.047956835478544235,0.018943432718515396,0.04856916889548302,0.048371296375989914,0.018229596316814423,0.018211744725704193,0.019552893936634064,0.02069474197924137,0.04849928990006447,0.018301093950867653,0.018048712983727455,0.04808555170893669,0.04885648563504219,0.04778095707297325,0.04887773096561432,0.04041106253862381,0.018175477162003517,0.04859760403633118,0.018139973282814026,0.01925896480679512,0.018238475546240807,0.04868781939148903,0.01822037436068058
2023-07-27,0.04924527555704117,0.049043674021959305,0.02226482890546322,0.04804527387022972,0.018509378656744957,0.01853405311703682,0.04718664288520813,0.046851254999637604,0.019343974068760872,0.048889368772506714,0.04856355860829353,0.018461672589182854,0.01854265294969082,0.019398944452404976,0.022191490978002548,0.048885006457567215,0.01858113706111908,0.018242964521050453,0.048036254942417145,0.04921382665634155,0.04856168478727341,0.049433473497629166,0.03217498958110809,0.018378078937530518,0.048827335238456726,0.01837068423628807,0.019849147647619247,0.018834048882126808,0.04900837689638138,0.018530940636992455
2023-07-28,0.04970107227563858,0.04938984662294388,0.020271403715014458,0.04709259420633316,0.018786845728754997,0.018771255388855934,0.047560565173625946,0.04593603312969208,0.020265311002731323,0.04939832165837288,0.04897888004779816,0.018594589084386826,0.01881438121199608,0.019775964319705963,0.019282888621091843,0.049239229410886765,0.018805891275405884,0.01842055469751358,0.04786951467394829,0.04966653138399124,0.048699505627155304,0.04987473040819168,0.03124890848994255,0.018550299108028412,0.04901157692074776,0.018567198887467384,0.01948859542608261,0.019781336188316345,0.04939142242074013,0.0187647957354784
2023-07-29,0.04902781918644905,0.04878023639321327,0.019943205639719963,0.04816437140107155,0.01842128299176693,0.01839255355298519,0.04779638350009918,0.04822883754968643,0.019195109605789185,0.048641908913850784,0.048504479229450226,0.018327275291085243,0.018564393743872643,0.019545793533325195,0.018721017986536026,0.048525940626859665,0.01847171038389206,0.01816832646727562,0.04792620614171028,0.04909829422831535,0.048554692417383194,0.04921881854534149,0.03973241150379181,0.01827947422862053,0.04826498031616211,0.018283415585756302,0.018993137404322624,0.018801329657435417,0.04889533668756485,0.0185311958193779
2023-07-30,0.049061547964811325,0.048900965601205826,0.019992822781205177,0.0480494499206543,0.01841559074819088,0.018401142209768295,0.04784424230456352,0.04818812385201454,0.019246507436037064,0.04870109260082245,0.04848958179354668,0.01833726093173027,0.018530817702412605,0.01920475624501705,0.018642233684659004,0.04852025583386421,0.01848711259663105,0.018181469291448593,0.04769187420606613,0.04916198179125786,0.04865085333585739,0.049242015928030014,0.03987814113497734,0.01830170303583145,0.04832582548260689,0.018293870612978935,0.018996411934494972,0.018755031749606133,0.04895512014627457,0.018552126362919807
2023-07-31,0.049068279564380646,0.04894942790269852,0.019999288022518158,0.04799068346619606,0.01839853636920452,0.018405655398964882,0.047850627452135086,0.048167549073696136,0.019164757803082466,0.04873582720756531,0.04846689850091934,0.01832987740635872,0.018493708223104477,0.01904316432774067,0.018612312152981758,0.048515547066926956,0.018483754247426987,0.01817779615521431,0.047397468239068985,0.04917016625404358,0.04860472306609154,0.04922789707779884,0.040602948516607285,0.018299885094165802,0.048347532749176025,0.018288109451532364,0.018968665972352028,0.01873256266117096,0.048966407775878906,0.018539996817708015
2023-08-01,0.04906896874308586,0.04895026609301567,0.01975870504975319,0.048127803951501846,0.018345320597290993,0.018523169681429863,0.04766744747757912,0.04816923663020134,0.018666695803403854,0.0487271212041378,0.04847681522369385,0.01833183318376541,0.018366042524576187,0.018676089122891426,0.018710877746343613,0.048348020762205124,0.018420783802866936,0.018142903223633766,0.04533359780907631,0.04907772317528725,0.04819831997156143,0.049157723784446716,0.044840987771749496,0.018254563212394714,0.048199307173490524,0.018251335248351097,0.01867852173745632,0.019097674638032913,0.04895215854048729,0.018479956313967705
2023-08-02,0.04903741553425789,0.048937514424324036,0.01962333731353283,0.048101313412189484,0.01832631789147854,0.018564904108643532,0.04770932346582413,0.04830142855644226,0.0184995885938406,0.04873313754796982,0.04841706529259682,0.018314732238650322,0.018310660496354103,0.01876833476126194,0.018816638737916946,0.04836031794548035,0.018425235524773598,0.01812354102730751,0.04499942809343338,0.049038104712963104,0.0477304644882679,0.049072448164224625,0.045902498066425323,0.018246611580252647,0.0483403354883194,0.018231714144349098,0.01874987594783306,0.01895894482731819,0.048963677138090134,0.018395161256194115
2023-08-03,0.04950110241770744,0.04939012601971626,0.019427942112088203,0.047810472548007965,0.01854027807712555,0.01865381933748722,0.048272959887981415,0.04798528179526329,0.01916639693081379,0.04921150207519531,0.04886949434876442,0.018471233546733856,0.01855313777923584,0.01882876642048359,0.018669895827770233,0.04897221922874451,0.01867341250181198,0.01831473968923092,0.04537977650761604,0.04955071583390236,0.048873692750930786,0.049547161906957626,0.036855410784482956,0.018454046919941902,0.04898291081190109,0.018421296030282974,0.01929130032658577,0.019242912530899048,0.049436841160058975,0.01865118183195591
2023-08-04,0.04979931563138962,0.049694787710905075,0.019481025636196136,0.04754988104104996,0.018668843433260918,0.01879764534533024,0.048366010189056396,0.04735749959945679,0.01945854164659977,0.04954313859343529,0.04917769506573677,0.018582239747047424,0.018669232726097107,0.01892980933189392,0.01880159042775631,0.04930739104747772,0.01881580799818039,0.018424130976200104,0.04421702027320862,0.04984111338853836,0.04907207190990448,0.04982975497841835,0.03352116793394089,0.018568644300103188,0.049311697483062744,0.01853582262992859,0.019443215802311897,0.019737446680665016,0.049722589552402496,0.01877482421696186
2023-08-05,0.04929681494832039,0.04931146278977394,0.020485633984208107,0.047565121203660965,0.018362637609243393,0.0188139658421278,0.048631854355335236,0.046198271214962006,0.01923178695142269,0.04916486144065857,0.04884735494852066,0.018384147435426712,0.018396828323602676,0.018862999975681305,0.019029170274734497,0.04871228709816933,0.018481001257896423,0.018225472420454025,0.04344623535871506,0.04937650263309479,0.04737161844968796,0.04939395561814308,0.04252960532903671,0.018327796831727028,0.04865354672074318,0.018311206251382828,0.01880502700805664,0.019976850599050522,0.049254897981882095,0.0185510516166687
2023-08-06,0.04930378869175911,0.049300264567136765,0.020469633862376213,0.047373343259096146,0.0183719489723444,0.018789177760481834,0.04853460565209389,0.046627577394247055,0.019197894260287285,0.0491449199616909,0.048832379281520844,0.018375122919678688,0.01839512214064598,0.018773000687360764,0.0189279243350029,0.048719990998506546,0.01849541626870632,0.018226036801934242,0.043190568685531616,0.04936783388257027,0.04755886644124985,0.04938993230462074,0.042814940214157104,0.01832774095237255,0.04870022460818291,0.018315700814127922,0.018811795860528946,0.019895626232028008,0.04923953860998154,0.01852913573384285
2023-08-07,0.04931420087814331,0.04930877685546875,0.020443281158804893,0.047413211315870285,0.018375597894191742,0.018735747784376144,0.048494696617126465,0.04688341170549393,0.019183173775672913,0.049130022525787354,0.04881879314780235,0.01837703213095665,0.018395861610770226,0.0187181755900383,0.018869325518608093,0.048703644424676895,0.018507543951272964,0.018229233101010323,0.042819783091545105,0.049377407878637314,0.04770319163799286,0.04939594864845276,0.04304570332169533,0.01833466999232769,0.04872271791100502,0.018318945541977882,0.018807515501976013,0.019794702529907227,0.04924808070063591,0.01852964609861374
2023-08-08,0.04913511499762535,0.04915081709623337,0.022249756380915642,0.04706103354692459,0.018293533474206924,0.01865331642329693,0.04806918278336525,0.04678773880004883,0.01905515231192112,0.048986535519361496,0.048573531210422516,0.018299991264939308,0.018306490033864975,0.018904954195022583,0.019690856337547302,0.048507653176784515,0.01840948686003685,0.018158715218305588,0.04475318640470505,0.0492088757455349,0.04705830290913582,0.04923335090279579,0.043073106557130814,0.01825082302093506,0.04857843741774559,0.018238907679915428,0.01879425346851349,0.019019437953829765,0.049068402498960495,0.018429022282361984
2023-08-09,0.04934391751885414,0.04937028884887695,0.02090727724134922,0.0463288314640522,0.01838882453739643,0.018728693947196007,0.04825938120484352,0.04727863147854805,0.019265715032815933,0.04919704794883728,0.048860102891922,0.018391741439700127,0.018407505005598068,0.01949535869061947,0.019007036462426186,0.0486556701362133,0.018507473170757294,0.01823730394244194,0.04308100417256355,0.049429137259721756,0.04714027792215347,0.049425460398197174,0.04318403825163841,0.01833358220756054,0.048724215477705,0.01832496002316475,0.018825016915798187,0.019082481041550636,0.04928617924451828,0.01853288896381855
2023-08-10,0.049758024513721466,0.0497920848429203,0.021761326119303703,0.04449137672781944,0.01854783669114113,0.01882573589682579,0.048269618302583694,0.04631515219807625,0.019916318356990814,0.049590881913900375,0.04920732602477074,0.018544992431998253,0.0185365229845047,0.019929267466068268,0.019298404455184937,0.049108605831861496,0.018662158399820328,0.018385741859674454,0.04233377054333687,0.049829207360744476,0.04753805696964264,0.04983451962471008,0.03867962956428528,0.0184955894947052,0.049278274178504944,0.018476452678442,0.019103236496448517,0.019152849912643433,0.04967911168932915,0.018658027052879333
2023-08-11,0.0493590347468853,0.04938555508852005,0.022019071504473686,0.0454266332089901,0.018397213891148567,0.01870044879615307,0.04785863682627678,0.04707413911819458,0.019407719373703003,0.04914729297161102,0.04875294119119644,0.018416671082377434,0.018395675346255302,0.019923625513911247,0.01991889253258705,0.04853053763508797,0.018535947427153587,0.0182403065264225,0.04285641759634018,0.04943101480603218,0.046296242624521255,0.04943453148007393,0.043376047164201736,0.018346915021538734,0.048795487731695175,0.018329687416553497,0.018880780786275864,0.0189680065959692,0.04929625988006592,0.018498249351978302
2023-08-12,0.04946267977356911,0.0494694858789444,0.021518561989068985,0.04477568715810776,0.018439752981066704,0.018611768260598183,0.04800201579928398,0.047452084720134735,0.01982397399842739,0.049221936613321304,0.04890494793653488,0.018427560105919838,0.0184429083019495,0.020188719034194946,0.01911024935543537,0.04881051182746887,0.018576916307210922,0.0182753074914217,0.04411856085062027,0.049520935863256454,0.0469842404127121,0.049524784088134766,0.04087872803211212,0.018382014706730843,0.048996418714523315,0.018361125141382217,0.019024915993213654,0.018811559304594994,0.04937157779932022,0.018510060384869576
2023-08-13,0.049345891922712326,0.0493423230946064,0.021038709208369255,0.04544464126229286,0.018392272293567657,0.01855720393359661,0.047967106103897095,0.04782205820083618,0.01956477016210556,0.04908505827188492,0.048782672733068466,0.018381919711828232,0.018404072150588036,0.019937783479690552,0.019011231139302254,0.04863404482603073,0.01854572258889675,0.018232764676213264,0.04384283348917961,0.049405451864004135,0.04680586978793144,0.04940507560968399,0.04314899817109108,0.01833447813987732,0.048806577920913696,0.018318234011530876,0.01889999955892563,0.018811874091625214,0.04925481602549553,0.01847555860877037
2023-08-14,0.04927544668316841,0.04926465451717377,0.020755672827363014,0.04589787498116493,0.018363172188401222,0.018521791324019432,0.0479523204267025,0.04803404584527016,0.01940790005028248,0.0490015484392643,0.04871511831879616,0.018354030326008797,0.018381215631961823,0.0198075994849205,0.018953971564769745,0.04852435365319252,0.018529033288359642,0.018207136541604996,0.043664731085300446,0.04933614656329155,0.046674516052007675,0.04933245852589607,0.04448961094021797,0.018305020406842232,0.048682380467653275,0.01829245686531067,0.018819285556674004,0.01881837099790573,0.049182817339897156,0.018455369397997856
2023-08-15,0.04903753474354744,0.04901161789894104,0.02060077339410782,0.046966612339019775,0.018267150968313217,0.018468109890818596,0.04769156873226166,0.04813636839389801,0.01906401850283146,0.0487738773226738,0.048612434417009354,0.01828441023826599,0.018306588754057884,0.0216070543974638,0.01943419687449932,0.04831303283572197,0.018465913832187653,0.018119562417268753,0.044162001460790634,0.04908774793148041,0.044111404567956924,0.04908071830868721,0.04690762236714363,0.018207944929599762,0.04834342747926712,0.018206872045993805,0.018662750720977783,0.01880034990608692,0.04890831187367439,0.018360106274485588
2023-08-16,0.04918937012553215,0.04913892224431038,0.019035931676626205,0.04766629636287689,0.01834307424724102,0.01857980713248253,0.0482095405459404,0.04792735353112221,0.019295666366815567,0.04902493953704834,0.04884757846593857,0.018317725509405136,0.018451249226927757,0.020802604034543037,0.01884607970714569,0.04829280078411102,0.018608594313263893,0.018189111724495888,0.043082304298877716,0.049294594675302505,0.043787017464637756,0.04921348765492439,0.046998150646686554,0.018264278769493103,0.04826624318957329,0.01827007159590721,0.018560366705060005,0.019935069605708122,0.04906945303082466,0.018492281436920166
2023-08-17,0.04955218359827995,0.04950260743498802,0.019003205001354218,0.04637230560183525,0.01850268617272377,0.018729375675320625,0.048456162214279175,0.04717186465859413,0.019900459796190262,0.04942299798130989,0.049121927469968796,0.018439892679452896,0.018565647304058075,0.01966763474047184,0.018764300271868706,0.048634640872478485,0.018759872764348984,0.018321892246603966,0.04024709016084671,0.049653030931949615,0.04604477435350418,0.049568913877010345,0.04444638639688492,0.018399188295006752,0.04864869639277458,0.018408605828881264,0.018710313364863396,0.020896347239613533,0.04942575469613075,0.01866123080253601
2023-08-18,0.0497140996158123,0.049674369394779205,0.020122481510043144,0.047064345329999924,0.018626542761921883,0.01894356496632099,0.048982251435518265,0.04401526600122452,0.02051551453769207,0.04960385337471962,0.04934154823422432,0.018533682450652122,0.01864030957221985,0.01896674931049347,0.01898309960961342,0.04905702546238899,0.01891551911830902,0.018399497494101524,0.03403784707188606,0.04980902373790741,0.04763287305831909,0.049761813133955,0.04231972247362137,0.01850121095776558,0.04904795065522194,0.01851566694676876,0.018800541758537292,0.025093642994761467,0.04956630989909172,0.018813680857419968
2023-08-19,0.0500953234732151,0.0500464141368866,0.02010970190167427,0.046375617384910583,0.018748149275779724,0.018982406705617905,0.04946685582399368,0.0414581298828125,0.022040732204914093,0.049923334270715714,0.04974852874875069,0.01866481453180313,0.018769288435578346,0.01900310628116131,0.01897808350622654,0.049452465027570724,0.01907780021429062,0.018533017486333847,0.02942412905395031,0.05017656087875366,0.0485219769179821,0.050138920545578,0.03919200599193573,0.01863757334649563,0.04945335537195206,0.018640685826539993,0.01887774094939232,0.02853892371058464,0.049934133887290955,0.018990205600857735
2023-08-20,0.05010881647467613,0.05006380379199982,0.020086802542209625,0.045869629830121994,0.018748119473457336,0.01897544227540493,0.04946037754416466,0.04209514334797859,0.021854033693671227,0.049928225576877594,0.04971817508339882,0.018666721880435944,0.01874159276485443,0.018933536484837532,0.018963374197483063,0.04941733926534653,0.019086915999650955,0.018534626811742783,0.02875141240656376,0.05018587037920952,0.04862194508314133,0.05014809966087341,0.04046571999788284,0.01863667368888855,0.049431171268224716,0.018640924245119095,0.018866611644625664,0.02806602232158184,0.049958813935518265,0.018974104896187782
2023-08-21,0.05003497749567032,0.049997203052043915,0.020118633285164833,0.0458611436188221,0.018714986741542816,0.018925631418824196,0.0493612140417099,0.043334294110536575,0.021445874124765396,0.04983697459101677,0.04960218816995621,0.018640898168087006,0.01869833655655384,0.018875395879149437,0.018921291455626488,0.04930268973112106,0.019061587750911713,0.01850651018321514,0.029126519337296486,0.05011368542909622,0.048607997596263885,0.05007205531001091,0.04212991148233414,0.018608693033456802,0.04931151121854782,0.018611347302794456,0.018833931535482407,0.02651364728808403,0.049894630908966064,0.01893622614443302
2023-08-22,0.04971400275826454,0.049670204520225525,0.01909424550831318,0.04736706614494324,0.01858091540634632,0.018951749429106712,0.04920937493443489,0.04207976907491684,0.02035333402454853,0.0494430735707283,0.049339208751916885,0.01856636255979538,0.018584921956062317,0.01864166557788849,0.018783364444971085,0.0487469807267189,0.019080279394984245,0.018384981900453568,0.02253599651157856,0.049767713993787766,0.047334812581539154,0.04970375820994377,0.04701715707778931,0.018498985096812248,0.04865977168083191,0.018500884994864464,0.018566371873021126,0.036381613463163376,0.049600183963775635,0.01884126476943493
2023-08-23,0.0493793785572052,0.049284663051366806,0.01884210854768753,0.047924838960170746,0.01842573843896389,0.01879570260643959,0.049141984432935715,0.04277745261788368,0.020241905003786087,0.048996418714523315,0.049080073833465576,0.01842879131436348,0.018446484580636024,0.01837766356766224,0.01852019689977169,0.048245012760162354,0.018921444192528725,0.018254870548844337,0.020696738734841347,0.04941178113222122,0.04771078750491142,0.049366071820259094,0.04770490154623985,0.01836402714252472,0.048349492251873016,0.018365800380706787,0.018374023959040642,0.04156196862459183,0.049258891493082047,0.018750766292214394
2023-08-24,0.049407217651605606,0.049360085278749466,0.01933327317237854,0.0487828366458416,0.018449479714035988,0.018821148201823235,0.04915715754032135,0.044824082404375076,0.019638750702142715,0.04905972629785538,0.04908286780118942,0.018473627045750618,0.01851660944521427,0.018504178151488304,0.01861920766532421,0.04837658256292343,0.018854640424251556,0.018278606235980988,0.02494257129728794,0.049466975033283234,0.04775668680667877,0.04944619908928871,0.04848151654005051,0.018393248319625854,0.04815581068396568,0.018390469253063202,0.018421128392219543,0.03293750435113907,0.04927064850926399,0.018797118216753006
2023-08-25,0.049332454800605774,0.04929552972316742,0.01961526647210121,0.04899599403142929,0.018449390307068825,0.01875605434179306,0.049011554569005966,0.04687219113111496,0.019454309716820717,0.04889719560742378,0.04901314526796341,0.018491355702280998,0.01856192573904991,0.01854557916522026,0.018593428656458855,0.048299845308065414,0.018893945962190628,0.018269285559654236,0.029140034690499306,0.04941798374056816,0.04770863428711891,0.049332454800605774,0.048642031848430634,0.01840790919959545,0.04801248013973236,0.018386738374829292,0.01845458894968033,0.027095749974250793,0.04919297993183136,0.01885988749563694
2023-08-26,0.049316149204969406,0.049318455159664154,0.02063407003879547,0.04897323250770569,0.018451184034347534,0.018736304715275764,0.048761602491140366,0.04676414281129837,0.019305849447846413,0.04902764782309532,0.048977844417095184,0.01846149191260338,0.018496334552764893,0.018578827381134033,0.018682556226849556,0.0483805276453495,0.018842706456780434,0.018260693177580833,0.03225969150662422,0.04941730201244354,0.04781767725944519,0.04933807998895645,0.04848399758338928,0.018387911841273308,0.04816987365484238,0.018372979015111923,0.018465962260961533,0.02337631955742836,0.049135059118270874,0.01880556531250477
2023-08-27,0.04934833198785782,0.04934599995613098,0.020509297028183937,0.04891463369131088,0.01846088282763958,0.018757568672299385,0.048729147762060165,0.04684256389737129,0.019289616495370865,0.04904729127883911,0.04897342994809151,0.01847613789141178,0.01849394664168358,0.018611539155244827,0.018698696047067642,0.04836473613977432,0.01884613186120987,0.018269028514623642,0.032616883516311646,0.04944070056080818,0.047702036798000336,0.049351125955581665,0.04851076379418373,0.018399812281131744,0.04819038510322571,0.01838083378970623,0.01847675070166588,0.022987021133303642,0.04916984960436821,0.018794845789670944
2023-08-28,0.04937582463026047,0.04937409237027168,0.020414037629961967,0.04885397106409073,0.018471194431185722,0.018774697557091713,0.0487021878361702,0.04691978916525841,0.019274190068244934,0.049073852598667145,0.04897012561559677,0.018487287685275078,0.01849467307329178,0.018647965043783188,0.01871233992278576,0.04834805801510811,0.018852801993489265,0.018277257680892944,0.03285367414355278,0.04946738854050636,0.04760389029979706,0.04936554655432701,0.048539791256189346,0.01840996742248535,0.048207636922597885,0.018389053642749786,0.018486378714442253,0.02265687845647335,0.049206141382455826,0.018789375200867653
2023-08-29,0.04941067472100258,0.04939167946577072,0.020020971074700356,0.04864094778895378,0.01846313290297985,0.01880541630089283,0.04852883517742157,0.04742736741900444,0.018959660083055496,0.04913678392767906,0.04896112531423569,0.0184959527105093,0.018436623737215996,0.018738921731710434,0.018859516829252243,0.048433348536491394,0.018729154020547867,0.018269876018166542,0.03421271964907646,0.049445729702711105,0.047445327043533325,0.049396540969610214,0.04859525337815285,0.018397586420178413,0.04841765761375427,0.01839222013950348,0.018512409180402756,0.021589556708931923,0.04923367127776146,0.018651409074664116
2023-08-30,0.04941655322909355,0.049391523003578186,0.019474662840366364,0.048580318689346313,0.018432646989822388,0.018838880583643913,0.04858096316456795,0.047872018069028854,0.018695546314120293,0.049158357083797455,0.04895615205168724,0.018496373668313026,0.018393240869045258,0.019029442220926285,0.018989652395248413,0.048447463661432266,0.018609441816806793,0.01825014129281044,0.03484463319182396,0.049417998641729355,0.04706484451889992,0.04939049109816551,0.048967111855745316,0.018368534743785858,0.04845951870083809,0.018370268866419792,0.01846351847052574,0.021201398223638535,0.049300387501716614,0.018537839874625206
2023-08-31,0.04935108870267868,0.049319300800561905,0.01927165687084198,0.04828310385346413,0.018420588225126266,0.018914667889475822,0.04823878034949303,0.0479884147644043,0.018585240468382835,0.04914304241538048,0.04889698699116707,0.01850050501525402,0.018360216170549393,0.019633913412690163,0.019289271906018257,0.04841422289609909,0.018550386652350426,0.01822165958583355,0.03703651949763298,0.04933306574821472,0.04621496424078941,0.04930399730801582,0.048965759575366974,0.0183342806994915,0.04830519109964371,0.01835346221923828,0.0184495709836483,0.020609794184565544,0.049218472093343735,0.018491851165890694
2023-09-01,0.049188461154699326,0.049112290143966675,0.01998795196413994,0.048089172691106796,0.018348410725593567,0.018856965005397797,0.048343073576688766,0.047806113958358765,0.018681703135371208,0.04892875626683235,0.048703648149967194,0.018398558720946312,0.018278148025274277,0.019026974216103554,0.01911870203912258,0.04804999753832817,0.01842421479523182,0.018159138038754463,0.039170701056718826,0.049155235290527344,0.046883776783943176,0.04915177449584007,0.048776332288980484,0.018267646431922913,0.04824376106262207,0.018280399963259697,0.01833435706794262,0.02078133262693882,0.04901040717959404,0.018441999331116676
2023-09-02,0.04890106990933418,0.04877696558833122,0.020154284313321114,0.04850158467888832,0.0182234738022089,0.018673593178391457,0.04831377789378166,0.04724489524960518,0.01867678388953209,0.04853261262178421,0.04851618409156799,0.01828151009976864,0.018166515976190567,0.018611740320920944,0.01954241655766964,0.04780586063861847,0.018359551206231117,0.01805087737739086,0.04238190874457359,0.04881531745195389,0.0461355485022068,0.048873238265514374,0.0482046939432621,0.01817847415804863,0.04814787581562996,0.01817108690738678,0.01826401986181736,0.02256794087588787,0.04863552749156952,0.018290631473064423
2023-09-03,0.048989590257406235,0.048867154866456985,0.019772235304117203,0.04852114990353584,0.018261875957250595,0.01863166317343712,0.04840943217277527,0.04749175161123276,0.01872866041958332,0.04862123727798462,0.04859454557299614,0.01830325834453106,0.018208913505077362,0.01847488433122635,0.018881529569625854,0.04791256785392761,0.01838349737226963,0.01809081993997097,0.041228536516427994,0.04893507808446884,0.04732384905219078,0.04897168278694153,0.04810496047139168,0.018219783902168274,0.0482768751680851,0.018205488100647926,0.01831183396279812,0.02214198000729084,0.048778753727674484,0.018356457352638245
2023-09-04,0.04906455799937248,0.04894052445888519,0.019729765132069588,0.04850779101252556,0.018290214240550995,0.018652956932783127,0.048416122794151306,0.047645244747400284,0.01874595135450363,0.04869433119893074,0.04864274710416794,0.018330520018935204,0.01824432611465454,0.018446313217282295,0.018747631460428238,0.04798249155282974,0.018393499776721,0.01812325417995453,0.0402471162378788,0.04903523623943329,0.0477902814745903,0.04904521256685257,0.048070624470710754,0.01825176365673542,0.04840598255395889,0.018229305744171143,0.01834188774228096,0.021665256470441818,0.048909250646829605,0.018409907817840576
2023-09-05,0.0491025410592556,0.04898529127240181,0.019732031971216202,0.04844403639435768,0.018299393355846405,0.01863814890384674,0.048429347574710846,0.04773460701107979,0.01878301613032818,0.04872582107782364,0.04865424707531929,0.01833861693739891,0.018255241215229034,0.018439993262290955,0.018715765327215195,0.04799941927194595,0.01840660162270069,0.0181368887424469,0.040054839104413986,0.049079395830631256,0.047917477786540985,0.049085453152656555,0.048006217926740646,0.018264496698975563,0.04842431843280792,0.018240371719002724,0.018363045528531075,0.021359313279390335,0.048951104283332825,0.01843295432627201
2023-09-06,0.04913806915283203,0.04897068813443184,0.01976073533296585,0.048749856650829315,0.018364179879426956,0.01877700909972191,0.04852086305618286,0.04757263511419296,0.01879061385989189,0.048633504658937454,0.04867914691567421,0.01840246096253395,0.018325194716453552,0.018388060852885246,0.018810268491506577,0.04787253215909004,0.01855493150651455,0.018169624730944633,0.035499207675457,0.04911012202501297,0.04757260903716087,0.04909749701619148,0.048344098031520844,0.018331795930862427,0.048410091549158096,0.018299603834748268,0.018386302515864372,0.024949222803115845,0.04899632930755615,0.018522799015045166
2023-09-07,0.04906918853521347,0.04886748641729355,0.019077513366937637,0.04879794642329216,0.018337316811084747,0.01863286830484867,0.04873131960630417,0.04726560413837433,0.019094135612249374,0.04848974570631981,0.04874180629849434,0.018350031226873398,0.018370408564805984,0.018245533108711243,0.018467741087079048,0.04783645644783974,0.01866994798183441,0.01816125400364399,0.030117793008685112,0.04909200593829155,0.04804769530892372,0.049031488597393036,0.04811475798487663,0.018307404592633247,0.048216257244348526,0.018285643309354782,0.018342498689889908,0.03165055438876152,0.048949915915727615,0.018637673929333687
2023-09-08,0.04910428076982498,0.048951685428619385,0.019615016877651215,0.04850725829601288,0.01833922788500786,0.0185443926602602,0.04853969067335129,0.047681670635938644,0.01930108852684498,0.04868225008249283,0.048702552914619446,0.018314125016331673,0.018357466906309128,0.01833462528884411,0.01848524995148182,0.04810037463903427,0.018610861152410507,0.018164338544011116,0.03846418485045433,0.04914315789937973,0.048002418130636215,0.04906758293509483,0.04718529060482979,0.01828802563250065,0.04837462678551674,0.018262667581439018,0.01843447797000408,0.022924058139324188,0.048945579677820206,0.01857176423072815
2023-09-09,0.04896287992596626,0.048835184425115585,0.019920265302062035,0.04845798388123512,0.018274668604135513,0.01858930103480816,0.04855108633637428,0.047708798199892044,0.0189573485404253,0.048660341650247574,0.048543769866228104,0.018245678395032883,0.018275035545229912,0.018349692225456238,0.01844102516770363,0.04790385067462921,0.01843620091676712,0.018106216564774513,0.04190754145383835,0.049034226685762405,0.047982923686504364,0.0489482507109642,0.04722392186522484,0.018219225108623505,0.04828333854675293,0.01819334737956524,0.01834283582866192,0.021275168284773827,0.048880305141210556,0.01848963089287281
2023-09-10,0.0490131601691246,0.048895396292209625,0.019697973504662514,0.04837969318032265,0.018291980028152466,0.018595349043607712,0.048595599830150604,0.04776322469115257,0.01899903640151024,0.04871557280421257,0.04856600984930992,0.018262622877955437,0.01829252764582634,0.018351854756474495,0.018423886969685555,0.04796997457742691,0.018466975539922714,0.018124790862202644,0.04156988859176636,0.04908740520477295,0.048065003007650375,0.048992764204740524,0.04712049663066864,0.01823694445192814,0.04829896613955498,0.01821175403892994,0.01837572641670704,0.021186161786317825,0.048936840146780014,0.01851249299943447
2023-09-11,0.04905598238110542,0.048947446048259735,0.019567254930734634,0.048304688185453415,0.018304528668522835,0.018592627719044685,0.04861942306160927,0.04780517891049385,0.019032621756196022,0.048761699348688126,0.04858419671654701,0.018275275826454163,0.018304090946912766,0.01835549622774124,0.01841561123728752,0.0480189211666584,0.018486320972442627,0.018139364197850227,0.04133597016334534,0.049130238592624664,0.048138756304979324,0.04903385043144226,0.047043271362781525,0.018250079825520515,0.0483168363571167,0.01822558231651783,0.018399497494101524,0.02104814723134041,0.04898037761449814,0.018526680767536163
2023-09-12,0.04894202947616577,0.04892350733280182,0.020247120410203934,0.048092614859342575,0.018236441537737846,0.018577154725790024,0.048398587852716446,0.047883376479148865,0.018710073083639145,0.048775605857372284,0.04849086329340935,0.018226059153676033,0.018218932673335075,0.018548406660556793,0.018468931317329407,0.04800105094909668,0.018333638086915016,0.018085844814777374,0.044157180935144424,0.049031537026166916,0.04781521111726761,0.048940256237983704,0.04740797355771065,0.0181902963668108,0.048303160816431046,0.018166176974773407,0.018343592062592506,0.01919693872332573,0.04889903590083122,0.018388407304883003
2023-09-13,0.04898975417017937,0.04900091141462326,0.020593056455254555,0.04837644845247269,0.018288632854819298,0.01866137981414795,0.04816816374659538,0.04752140864729881,0.018711090087890625,0.048893775790929794,0.04861290380358696,0.018268052488565445,0.01827571727335453,0.018614940345287323,0.018602555617690086,0.048012230545282364,0.01837659627199173,0.018112333491444588,0.042837366461753845,0.04907822236418724,0.04757308587431908,0.04903895780444145,0.047663141041994095,0.018212653696537018,0.04828576743602753,0.018212148919701576,0.018366336822509766,0.01938905380666256,0.048839591443538666,0.01842372864484787
2023-09-14,0.04896732047200203,0.04898769035935402,0.021465333178639412,0.048563748598098755,0.01825336180627346,0.018788551911711693,0.04830176383256912,0.047317180782556534,0.018557973206043243,0.04888505861163139,0.04866432026028633,0.018271882086992264,0.01823953352868557,0.01861288771033287,0.019048050045967102,0.04805711284279823,0.01833719201385975,0.01809726282954216,0.04116550832986832,0.049038831144571304,0.04710035398602486,0.04903382435441017,0.0481499619781971,0.01819230243563652,0.048355937004089355,0.018201207742094994,0.01832633651793003,0.01983189396560192,0.04881798103451729,0.01836961694061756
2023-09-15,0.04898986220359802,0.049017973244190216,0.021859651431441307,0.048406414687633514,0.018212977796792984,0.018702732399106026,0.04806051030755043,0.04728947579860687,0.01842585578560829,0.048833154141902924,0.04847950115799904,0.01828082837164402,0.01820157840847969,0.01856563426554203,0.019603094086050987,0.048325151205062866,0.01835760474205017,0.01809346117079258,0.04259982332587242,0.04905282333493233,0.04699079319834709,0.049019865691661835,0.04718645662069321,0.01820472814142704,0.04840872436761856,0.018171850591897964,0.018469084054231644,0.018900422379374504,0.04893246665596962,0.018357418477535248
2023-09-16,0.04939999803900719,0.049450699239969254,0.020547928288578987,0.04885329678654671,0.018375903367996216,0.018791811540722847,0.04847272112965584,0.04728830233216286,0.01858687773346901,0.049281153827905655,0.04893966019153595,0.018410706892609596,0.01834801584482193,0.018488779664039612,0.018722418695688248,0.04865309223532677,0.01857297495007515,0.018248176202178,0.036192990839481354,0.04948488622903824,0.048019155859947205,0.04944227635860443,0.048042863607406616,0.01834814064204693,0.04865749180316925,0.018330423161387444,0.01849997788667679,0.01965678669512272,0.049326974898576736,0.01856563799083233
2023-09-17,0.049342188984155655,0.049394045025110245,0.020494839176535606,0.04863652586936951,0.018367057666182518,0.018758952617645264,0.0484561063349247,0.047517213970422745,0.01860056258738041,0.04921187832951546,0.0488373339176178,0.01839304342865944,0.01833905652165413,0.018485521897673607,0.01864391379058361,0.04860381782054901,0.01857001520693302,0.018232189118862152,0.03740983456373215,0.049436602741479874,0.04802152141928673,0.04938318580389023,0.04779697582125664,0.018338168039917946,0.048596255481243134,0.01831664703786373,0.018524663522839546,0.01944931037724018,0.04929043725132942,0.018552172929048538
2023-09-18,0.049302197992801666,0.04935493692755699,0.020464537665247917,0.048461899161338806,0.018363894894719124,0.018752746284008026,0.04843327775597572,0.04763804003596306,0.01860831305384636,0.04917069524526596,0.04876378923654556,0.018382254987955093,0.018336385488510132,0.01849829964339733,0.018633484840393066,0.04856517165899277,0.018574202433228493,0.01822202280163765,0.03825702890753746,0.04940588027238846,0.04795867204666138,0.049343690276145935,0.04761769250035286,0.01832987181842327,0.048539504408836365,0.01830834522843361,0.01854764297604561,0.01935059204697609,0.04926810786128044,0.018546782433986664
2023-09-19,0.0493716336786747,0.0493902824819088,0.020315062254667282,0.04866226762533188,0.018356861546635628,0.0186802726238966,0.0488932803273201,0.0479278527200222,0.018628863617777824,0.049197569489479065,0.04889308661222458,0.018373413011431694,0.01834680512547493,0.018499813973903656,0.018531261011958122,0.04876387119293213,0.018555980175733566,0.018235139548778534,0.036067038774490356,0.049454037100076675,0.04854147508740425,0.0494159534573555,0.047596968710422516,0.01832571066915989,0.048650164157152176,0.018313676118850708,0.018516123294830322,0.01958039030432701,0.0493323989212513,0.018582787364721298
2023-09-20,0.04934268817305565,0.0493711419403553,0.020164325833320618,0.048715993762016296,0.0183493010699749,0.018590854480862617,0.04900422319769859,0.04779050126671791,0.01874690130352974,0.049115587025880814,0.04885847121477127,0.01837073639035225,0.01837405189871788,0.018446730449795723,0.018448812887072563,0.048819445073604584,0.018543532118201256,0.018231408670544624,0.03667425364255905,0.049432795494794846,0.04881923645734787,0.04941041022539139,0.04695812612771988,0.018333297222852707,0.04863813892006874,0.018316121771931648,0.01854573003947735,0.019677191972732544,0.049307338893413544,0.018602581694722176
2023-09-21,0.04947555065155029,0.04947056621313095,0.020127924159169197,0.047055043280124664,0.018367033451795578,0.0185225922614336,0.04894765838980675,0.04831313714385033,0.01904965564608574,0.04925483465194702,0.048810552805662155,0.018365656957030296,0.018371477723121643,0.018526332452893257,0.018412316218018532,0.04912172257900238,0.01861349120736122,0.01826370321214199,0.041215285658836365,0.049529917538166046,0.0489223338663578,0.04950141906738281,0.042776498943567276,0.018340323120355606,0.04879066348075867,0.018322855234146118,0.01890554465353489,0.018642621114850044,0.04938678815960884,0.018596457317471504
2023-09-22,0.05193064734339714,0.051888126879930496,0.020357424393296242,0.03682342544198036,0.019246388226747513,0.01940823160111904,0.05117471143603325,0.04088893160223961,0.025098321959376335,0.05173974111676216,0.05118340253829956,0.019264234229922295,0.01924727112054825,0.01927454024553299,0.019198942929506302,0.051496122032403946,0.019450010731816292,0.019136827439069748,0.029008477926254272,0.0518934540450573,0.051495980471372604,0.051941096782684326,0.026727009564638138,0.019245978444814682,0.051421135663986206,0.019198739901185036,0.01969175599515438,0.021316710859537125,0.0518646202981472,0.01938765123486519
2023-09-23,0.05229320004582405,0.052289657294750214,0.020265663042664528,0.03258540481328964,0.0194045752286911,0.019560618326067924,0.051614388823509216,0.03712327405810356,0.028645996004343033,0.052095651626586914,0.05179779231548309,0.019396716728806496,0.01943226531147957,0.019475294277071953,0.019371086731553078,0.05163117125630379,0.01956385374069214,0.019283810630440712,0.02692856453359127,0.052301764488220215,0.05179851874709129,0.05233244597911835,0.0237653199583292,0.019395051524043083,0.05177377909421921,0.01935185305774212,0.019627412781119347,0.025045065209269524,0.052262987941503525,0.019586794078350067
2023-09-24,0.052174486219882965,0.05217812955379486,0.019963491708040237,0.03231918811798096,0.019364383071660995,0.019562534987926483,0.051547180861234665,0.03916425630450249,0.027074715122580528,0.05197150260210037,0.0516829639673233,0.01935599185526371,0.019369378685951233,0.019460219889879227,0.019356733188033104,0.051576558500528336,0.019548611715435982,0.019247082993388176,0.027372805401682854,0.05220584571361542,0.05158570036292076,0.05219597741961479,0.025275902822613716,0.019332682713866234,0.05151757597923279,0.019308945164084435,0.01961476169526577,0.024920007213950157,0.05210184305906296,0.019650433212518692
2023-09-25,0.05204770714044571,0.05203941836953163,0.019806787371635437,0.033734411001205444,0.01932074874639511,0.01954108290374279,0.051395874470472336,0.03978281468153,0.02597929909825325,0.05183575302362442,0.05151315778493881,0.01931801624596119,0.01931944116950035,0.019411416724324226,0.019314561039209366,0.0515173077583313,0.019542532041668892,0.0192011259496212,0.027266232296824455,0.052072469145059586,0.051376935094594955,0.05204734206199646,0.026776548475027084,0.019283125177025795,0.051297806203365326,0.01926223188638687,0.019609060138463974,0.02480170503258705,0.05193924158811569,0.019645970314741135
2023-09-26,0.05209297314286232,0.052090391516685486,0.019743384793400764,0.0341264009475708,0.019358865916728973,0.019645536318421364,0.051520634442567825,0.0349595807492733,0.02722848951816559,0.051906879991292953,0.05171222984790802,0.019354350864887238,0.01937022991478443,0.019443919882178307,0.01934935711324215,0.0515829361975193,0.0195700041949749,0.01921939104795456,0.02418202906847,0.052111897617578506,0.05135353282094002,0.05210038274526596,0.025404788553714752,0.01930801011621952,0.051422495394945145,0.019290195778012276,0.019554316997528076,0.03132762014865875,0.05200975760817528,0.01965944655239582
2023-09-27,0.05224381014704704,0.05221377685666084,0.019773732870817184,0.02700704336166382,0.019421590492129326,0.019821593537926674,0.05174506455659866,0.02732771821320057,0.03459182009100914,0.051950614899396896,0.051879528909921646,0.019441328942775726,0.019423019140958786,0.01944691687822342,0.019410409033298492,0.051687728613615036,0.01963498257100582,0.01927167735993862,0.021027658134698868,0.05222397297620773,0.05144679918885231,0.05221709981560707,0.021749086678028107,0.019386572763323784,0.051674772053956985,0.01935393735766411,0.01957474648952484,0.04309692606329918,0.05214705318212509,0.019809022545814514
2023-09-28,0.0519271083176136,0.051881153136491776,0.019654089584946632,0.027998706325888634,0.01932997815310955,0.019788051024079323,0.0514913946390152,0.025783296674489975,0.03525723144412041,0.05158025771379471,0.05165009945631027,0.019343556836247444,0.019318237900733948,0.019314032047986984,0.01933618076145649,0.05134933069348335,0.019617803394794464,0.019156871363520622,0.02004110813140869,0.051896143704652786,0.050698764622211456,0.051876723766326904,0.022387951612472534,0.01928265206515789,0.05148501321673393,0.01925286091864109,0.019390512257814407,0.04843226075172424,0.051851920783519745,0.01962665095925331
2023-09-29,0.051986414939165115,0.05193125829100609,0.019550956785678864,0.02925436943769455,0.01933612860739231,0.019744694232940674,0.05153056979179382,0.026532242074608803,0.03253139182925224,0.051638439297676086,0.051668569445610046,0.019356727600097656,0.019330576062202454,0.0193193182349205,0.01936211809515953,0.05150678753852844,0.0196523480117321,0.019176708534359932,0.020174089819192886,0.05193839594721794,0.05061373859643936,0.05194427818059921,0.022976525127887726,0.019301043823361397,0.0515107698738575,0.0192729439586401,0.019446225836873055,0.04793054610490799,0.0518946647644043,0.01958709955215454
2023-09-30,0.05117896944284439,0.05113673210144043,0.019072532653808594,0.03452819585800171,0.01904257759451866,0.019524898380041122,0.05078989267349243,0.031221546232700348,0.025829827412962914,0.05088554695248604,0.0508568175137043,0.019076453521847725,0.01902853138744831,0.019011573866009712,0.01905657909810543,0.05050477012991905,0.019430186599493027,0.018881050869822502,0.01967424340546131,0.051153331995010376,0.04947551712393761,0.05112205073237419,0.03414808586239815,0.01898641511797905,0.05038829520344734,0.018978679552674294,0.019049903377890587,0.047562047839164734,0.051122285425662994,0.019282491877675056
2023-10-01,0.05108517408370972,0.0510462149977684,0.01904420182108879,0.03605815768241882,0.019003642722964287,0.019437570124864578,0.05063970759510994,0.0332321897149086,0.02464863285422325,0.050801828503608704,0.05073155462741852,0.019039541482925415,0.01899832673370838,0.018995216116309166,0.01903235726058483,0.05045975372195244,0.019405806437134743,0.018848633393645287,0.01998528279364109,0.051061902195215225,0.04939323291182518,0.05103093758225441,0.035148024559020996,0.018951987847685814,0.05020187050104141,0.018943283706903458,0.019050218164920807,0.045441873371601105,0.05101790651679039,0.019264964386820793
2023-10-02,0.05099325627088547,0.050956640392541885,0.019035467877984047,0.037255141884088516,0.018971286714076996,0.019380873069167137,0.05049990490078926,0.0352478064596653,0.023834532126784325,0.05071284994482994,0.05060260370373726,0.019005337730050087,0.01897183246910572,0.018984967842698097,0.01901860535144806,0.05037420243024826,0.019384965300559998,0.01881888508796692,0.02047218196094036,0.05097749084234238,0.04919469729065895,0.05094459652900696,0.03633836284279823,0.01892145723104477,0.05003776773810387,0.01891307719051838,0.019052201882004738,0.04293791204690933,0.050919853150844574,0.019241303205490112
2023-10-03,0.0504232719540596,0.05038396269083023,0.018749453127384186,0.039397232234478,0.01874449849128723,0.01916906051337719,0.050040870904922485,0.03647396340966225,0.0234066154807806,0.05017321556806564,0.050098855048418045,0.01877412386238575,0.01876366138458252,0.018744511529803276,0.01875992864370346,0.04960145056247711,0.019223276525735855,0.018610864877700806,0.0199115090072155,0.05043870583176613,0.04833955690264702,0.05037350580096245,0.04178579896688461,0.018689341843128204,0.04912464693188667,0.018692174926400185,0.018751638010144234,0.04490894079208374,0.05034969002008438,0.01909577287733555
2023-10-04,0.05073221027851105,0.050717730075120926,0.01898697204887867,0.038780756294727325,0.018904905766248703,0.01927819289267063,0.05014042556285858,0.03456973657011986,0.025385428220033646,0.05047689750790596,0.050445519387722015,0.01893319934606552,0.018932970240712166,0.018976502120494843,0.018940677866339684,0.04993116110563278,0.019379280507564545,0.01873764395713806,0.020523637533187866,0.05075942352414131,0.0486750453710556,0.05068909376859665,0.037731099873781204,0.018833698704838753,0.04956390708684921,0.018832458183169365,0.018922246992588043,0.0433039553463459,0.050637971609830856,0.019277330487966537
2023-10-05,0.050845324993133545,0.05084671080112457,0.01901344582438469,0.03891557455062866,0.018911557272076607,0.019227998331189156,0.05039091035723686,0.03386528044939041,0.02627367526292801,0.05061910301446915,0.0505254752933979,0.01893921010196209,0.018941454589366913,0.018966875970363617,0.018896015360951424,0.050027552992105484,0.019315378740429878,0.018773619085550308,0.021146751940250397,0.05089074745774269,0.04945806413888931,0.05081522837281227,0.03751923888921738,0.01886032707989216,0.04957756772637367,0.018848588690161705,0.0189235620200634,0.040589381009340286,0.05074372887611389,0.019331609830260277
2023-10-06,0.05005218833684921,0.05004480108618736,0.018850214779376984,0.044603653252124786,0.01860300451517105,0.018936341628432274,0.04969917982816696,0.04111890867352486,0.02254205383360386,0.04976450279355049,0.04970227926969528,0.01865377649664879,0.018656102940440178,0.018692703917622566,0.01863701641559601,0.04911056533455849,0.018978459760546684,0.018485039472579956,0.02332134172320366,0.050103817135095596,0.04846234992146492,0.050039783120155334,0.045358654111623764,0.01856793649494648,0.04851388931274414,0.01855424977838993,0.018621565774083138,0.03432697802782059,0.049959152936935425,0.019039424136281013
2023-10-07,0.04974138364195824,0.049749601632356644,0.018724344670772552,0.04763193428516388,0.018473926931619644,0.018853934481739998,0.0494784340262413,0.04623301699757576,0.01987137459218502,0.049479082226753235,0.04939218610525131,0.018549270927906036,0.018530573695898056,0.018615681678056717,0.018568377941846848,0.048651307821273804,0.01888819970190525,0.018371228128671646,0.025118574500083923,0.049804139882326126,0.04696941375732422,0.0497499443590641,0.04929320141673088,0.01843959465622902,0.04770004004240036,0.018437281250953674,0.01847599260509014,0.029751121997833252,0.049671586602926254,0.018785275518894196
2023-10-08,0.049764182418584824,0.049773283302783966,0.01875164918601513,0.04777805507183075,0.018491068854928017,0.01885601319372654,0.0494375005364418,0.04679950326681137,0.01971258781850338,0.04948427900671959,0.04938613995909691,0.01857125386595726,0.018554789945483208,0.018687564879655838,0.018604829907417297,0.0487169474363327,0.018911387771368027,0.01838289201259613,0.026422858238220215,0.04982597380876541,0.04678533598780632,0.04976887255907059,0.049297183752059937,0.01845748908817768,0.047745537012815475,0.018454978242516518,0.01850995607674122,0.027582500129938126,0.04968563839793205,0.01879969984292984
2023-10-09,0.04977854713797569,0.04979122430086136,0.01877773180603981,0.04777350649237633,0.01850641332566738,0.018874984234571457,0.04939628764986992,0.04702295362949371,0.01962515525519848,0.0494958832859993,0.04937908798456192,0.01858985796570778,0.01857158914208412,0.018757030367851257,0.018641596660017967,0.04874413460493088,0.018928151577711105,0.018391532823443413,0.02717944048345089,0.04984235018491745,0.046620119363069534,0.04977812618017197,0.04927339777350426,0.018471989780664444,0.04780495911836624,0.018469946458935738,0.018538163974881172,0.026466818526387215,0.04969964548945427,0.018809333443641663
2023-10-10,0.04984795302152634,0.049861494451761246,0.01889418251812458,0.04780586436390877,0.018554821610450745,0.01904195174574852,0.04925120994448662,0.04755470156669617,0.01917973905801773,0.049631353467702866,0.04943171888589859,0.018651006743311882,0.018582621589303017,0.0190475732088089,0.018918536603450775,0.04884049668908119,0.018953882157802582,0.01841764897108078,0.027366485446691513,0.04989750683307648,0.04557495191693306,0.04983702674508095,0.04953233152627945,0.018502069637179375,0.04791241139173508,0.018515368923544884,0.018595116212964058,0.025232825428247452,0.04976195842027664,0.018805187195539474
2023-10-11,0.04980352893471718,0.049809202551841736,0.0190301351249218,0.04792744666337967,0.018575621768832207,0.019179170951247215,0.04899081587791443,0.04799310490489006,0.018899206072092056,0.04959700629115105,0.04931870102882385,0.01867964118719101,0.018563365563750267,0.01941528543829918,0.01911468431353569,0.04866502434015274,0.01889554038643837,0.018403198570013046,0.029455048963427544,0.04984966665506363,0.04521411657333374,0.049763698130846024,0.04955652356147766,0.018506290391087532,0.04807480797171593,0.018521040678024292,0.018593940883874893,0.02310590259730816,0.049733784049749374,0.018764473497867584
2023-10-12,0.04982052370905876,0.0498456135392189,0.01893964596092701,0.04804398491978645,0.018557867035269737,0.019217582419514656,0.049262817949056625,0.04792976751923561,0.018859202042222023,0.04963640868663788,0.0493735745549202,0.018681589514017105,0.018542511388659477,0.01946737989783287,0.018981311470270157,0.048571474850177765,0.018822262063622475,0.018403057008981705,0.02828783541917801,0.049884065985679626,0.04569815471768379,0.04978882893919945,0.04969080910086632,0.018502969294786453,0.0481647290289402,0.018514012917876244,0.01854107342660427,0.023444758728146553,0.04979158937931061,0.018734516575932503
2023-10-13,0.0497930608689785,0.04982166737318039,0.01908179372549057,0.04839606210589409,0.01855047605931759,0.019356071949005127,0.04930208623409271,0.0476146936416626,0.01885317638516426,0.04961490258574486,0.04937867075204849,0.018680624663829803,0.018543297424912453,0.019713183864951134,0.019163332879543304,0.0484112873673439,0.01883399486541748,0.018397614359855652,0.027130132541060448,0.04987369105219841,0.04460776224732399,0.04976574704051018,0.04976504668593407,0.018495604395866394,0.04797860234975815,0.018510056659579277,0.018507875502109528,0.025306610390543938,0.04977589100599289,0.018776938319206238
2023-10-14,0.04963892698287964,0.04967863857746124,0.019990824162960052,0.0482870489358902,0.01851210929453373,0.019205844029784203,0.04892207682132721,0.047802407294511795,0.018788503482937813,0.04944702610373497,0.049203529953956604,0.018645884469151497,0.018482133746147156,0.020287377759814262,0.019654206931591034,0.0484740287065506,0.018778447061777115,0.018344052135944366,0.030596503987908363,0.04971281439065933,0.04447592422366142,0.04962780326604843,0.04957423731684685,0.018453028053045273,0.04816102236509323,0.0184618066996336,0.018504587933421135,0.02198638580739498,0.049611229449510574,0.018691549077630043
2023-10-15,0.049626436084508896,0.04966574162244797,0.020044906064867973,0.04825158417224884,0.01851067505776882,0.019200656563043594,0.048898376524448395,0.04784113168716431,0.018772155046463013,0.04943639412522316,0.04918377101421356,0.01864069327712059,0.018477663397789,0.020259657874703407,0.019725488498806953,0.04849576577544212,0.018774885684251785,0.01834004931151867,0.030701644718647003,0.049697864800691605,0.0444648377597332,0.0496196448802948,0.04955732449889183,0.01844971813261509,0.04819218069314957,0.01846184954047203,0.018511250615119934,0.021921362727880478,0.049597494304180145,0.018678825348615646
2023-10-16,0.04960572347044945,0.049645133316516876,0.02008003182709217,0.04819817468523979,0.01850617676973343,0.019191043451428413,0.048874638974666595,0.047885771840810776,0.018757252022624016,0.04941564053297043,0.04915560409426689,0.018633753061294556,0.0184722188860178,0.02025199495255947,0.019754620268940926,0.048509497195482254,0.01876441389322281,0.018333030864596367,0.03105597011744976,0.04967496544122696,0.044475845992565155,0.049602702260017395,0.0495251826941967,0.018444210290908813,0.048221081495285034,0.01845862716436386,0.018516739830374718,0.02175169438123703,0.049576666206121445,0.018661683425307274
2023-10-17,0.04921721667051315,0.04923035576939583,0.0211884006857872,0.04748159646987915,0.018356507644057274,0.019125794991850853,0.04839470610022545,0.04816417023539543,0.018565881997346878,0.049026958644390106,0.048747677356004715,0.018484989181160927,0.018306873738765717,0.020320266485214233,0.02027623914182186,0.04825208708643913,0.018496017903089523,0.018182920292019844,0.037233591079711914,0.04924720525741577,0.04471926763653755,0.04921959340572357,0.049013227224349976,0.018292760476469994,0.04811706021428108,0.018312877044081688,0.018455279991030693,0.01992909424006939,0.049164388328790665,0.0184769406914711
2023-10-18,0.049196600914001465,0.04920708015561104,0.02087121456861496,0.04686186835169792,0.018355663865804672,0.01890941523015499,0.04821138083934784,0.048251453787088394,0.018584782257676125,0.048984866589307785,0.048562321811914444,0.018448039889335632,0.018309282138943672,0.01961091160774231,0.01980278082191944,0.0483073815703392,0.018499940633773804,0.018178695812821388,0.039637308567762375,0.04923110455274582,0.04601084068417549,0.049209609627723694,0.04862464219331741,0.01829572580754757,0.048118386417627335,0.01830170303583145,0.018567044287919998,0.019231155514717102,0.04915017634630203,0.018468620255589485
2023-10-19,0.04973272606730461,0.04975156486034393,0.020563524216413498,0.04745819419622421,0.018520884215831757,0.0189377311617136,0.04838414862751961,0.048549626022577286,0.018792035058140755,0.04942091181874275,0.04915498569607735,0.018659980967640877,0.018483176827430725,0.019716957584023476,0.019729511812329292,0.04887770488858223,0.018796183168888092,0.018363848328590393,0.03141779452562332,0.04974401742219925,0.04531204327940941,0.049710873514413834,0.04934579133987427,0.018483661115169525,0.048571374267339706,0.01848676986992359,0.018657667562365532,0.020060991868376732,0.04964863136410713,0.018666667863726616
2023-10-20,0.050132714211940765,0.050171881914138794,0.01929095759987831,0.04797126352787018,0.01864880509674549,0.019100094214081764,0.04901552200317383,0.04857461154460907,0.01888292469084263,0.049905866384506226,0.04969790205359459,0.018816975876688957,0.01861119456589222,0.019868407398462296,0.01941864937543869,0.049297209829092026,0.01906181126832962,0.01850195974111557,0.02535368502140045,0.05015827715396881,0.043886423110961914,0.05003922060132027,0.05004434287548065,0.018608523532748222,0.0487680621445179,0.018616383895277977,0.018672149628400803,0.02203913778066635,0.050077613443136215,0.018767446279525757
2023-10-21,0.05008123442530632,0.05012630671262741,0.019284803420305252,0.04705920070409775,0.018631627783179283,0.018945321440696716,0.04902967810630798,0.04872327670454979,0.019206859171390533,0.04981457069516182,0.04965155944228172,0.018764810636639595,0.018641352653503418,0.01956089958548546,0.019144332036376,0.04924141988158226,0.019043192267417908,0.018489250913262367,0.026405291631817818,0.05010936036705971,0.044987376779317856,0.0500076487660408,0.04986616596579552,0.01858951337635517,0.048591211438179016,0.018605103716254234,0.018698347732424736,0.021896706894040108,0.04999551177024841,0.01880793832242489
2023-10-22,0.05002370849251747,0.05007720738649368,0.019240904599428177,0.046875737607479095,0.018612738698720932,0.018893776461482048,0.04894896596670151,0.04878281056880951,0.019209500402212143,0.04977167025208473,0.04960401728749275,0.018738718703389168,0.018631527200341225,0.019540468230843544,0.019078753888607025,0.04922260716557503,0.019005848094820976,0.018471645191311836,0.027514932677149773,0.05006386712193489,0.045504242181777954,0.04996185377240181,0.04971739277243614,0.018572131171822548,0.048567015677690506,0.0185867752879858,0.01871240697801113,0.0213239174336195,0.04994808882474899,0.01879669353365898
2023-10-23,0.049973517656326294,0.05002835765480995,0.01921359822154045,0.046649783849716187,0.018596703186631203,0.01885736547410488,0.048883501440286636,0.048829805105924606,0.019199566915631294,0.04972415417432785,0.04954879358410835,0.018717564642429352,0.018618198111653328,0.01958494633436203,0.019039582461118698,0.049212805926799774,0.018976036459207535,0.018454797565937042,0.028678016737103462,0.05001748353242874,0.045759037137031555,0.049914564937353134,0.04956750199198723,0.018556715920567513,0.04857587069272995,0.01857006549835205,0.018729154020547867,0.020843565464019775,0.0499027855694294,0.018776193261146545
2023-10-24,0.05010107904672623,0.05017455667257309,0.019003307446837425,0.04603603109717369,0.01861530914902687,0.018887171521782875,0.04932345449924469,0.04777825251221657,0.019708484411239624,0.049884334206581116,0.0497223362326622,0.018736470490694046,0.018660854548215866,0.019062822684645653,0.01881868951022625,0.04935288056731224,0.018959617242217064,0.01850048266351223,0.02587382309138775,0.050161343067884445,0.047260530292987823,0.05006522685289383,0.04918719455599785,0.018599500879645348,0.048662398010492325,0.018602993339300156,0.018730269744992256,0.022612055763602257,0.05003809928894043,0.018880357965826988
2023-10-25,0.04995489493012428,0.05001762509346008,0.01881544664502144,0.046627532690763474,0.018543777987360954,0.018876802176237106,0.04923788458108902,0.048994630575180054,0.018993189558386803,0.049794141203165054,0.04962416738271713,0.01869647391140461,0.018582984805107117,0.020367396995425224,0.018853720277547836,0.049149904400110245,0.018761470913887024,0.018433144316077232,0.028641529381275177,0.05000957474112511,0.04605567082762718,0.04991140961647034,0.049687519669532776,0.018519487231969833,0.04862137511372566,0.01854010485112667,0.018629316240549088,0.02041797526180744,0.04992704838514328,0.018713761121034622
2023-10-26,0.04971351474523544,0.04975898563861847,0.018957925960421562,0.04631628841161728,0.018437569960951805,0.018577955663204193,0.048576802015304565,0.04898893088102341,0.01917133666574955,0.04946085065603256,0.04939599707722664,0.018612947314977646,0.018533550202846527,0.020280538126826286,0.018732784315943718,0.049157071858644485,0.018639374524354935,0.018339863047003746,0.03336537629365921,0.04974214360117912,0.04707694798707962,0.04966532811522484,0.048830483108758926,0.018439827486872673,0.04867776483297348,0.01844903454184532,0.018676139414310455,0.019137153401970863,0.049626532942056656,0.018661020323634148
2023-10-27,0.05017750337719917,0.05022589862346649,0.01939508505165577,0.038932062685489655,0.018571432679891586,0.018642311915755272,0.04917622730135918,0.04869701713323593,0.022027187049388885,0.04988236725330353,0.049774106591939926,0.018673837184906006,0.018644019961357117,0.019328104332089424,0.01865081675350666,0.049726616591215134,0.018701251596212387,0.018504558131098747,0.03825175017118454,0.05019904673099518,0.04927174374461174,0.05017215386033058,0.04101744666695595,0.018597077578306198,0.0493696965277195,0.0185697078704834,0.019076131284236908,0.01885869912803173,0.050037916749715805,0.018848203122615814
2023-10-28,0.050021637231111526,0.050080154091119766,0.018836408853530884,0.04505796357989311,0.018536673858761787,0.01866573840379715,0.04955662414431572,0.04725469648838043,0.02132738195359707,0.04978346824645996,0.04970533773303032,0.018613049760460854,0.018624525517225266,0.01901986636221409,0.01856977678835392,0.04927784949541092,0.018751611933112144,0.018459022045135498,0.029240475967526436,0.0500902496278286,0.048781730234622955,0.0500103235244751,0.04710998013615608,0.018540475517511368,0.04887247085571289,0.01852581650018692,0.018646448850631714,0.02122487686574459,0.049944039434194565,0.018871329724788666
2023-10-29,0.04987603798508644,0.04994264990091324,0.01886109448969364,0.045238200575113297,0.018502850085496902,0.018621288239955902,0.04937252774834633,0.047754641622304916,0.020928066223859787,0.04962516203522682,0.049521155655384064,0.018569160252809525,0.018605150282382965,0.01907040923833847,0.018543632701039314,0.04914015531539917,0.018735447898507118,0.018415415659546852,0.031880758702754974,0.04996317997574806,0.048579227179288864,0.04987627640366554,0.046863190829753876,0.018502026796340942,0.048724088817834854,0.018488727509975433,0.01865748129785061,0.02049926482141018,0.04981241375207901,0.01883029006421566
2023-10-30,0.04975023493170738,0.04982364550232887,0.018875012174248695,0.04536208137869835,0.018474668264389038,0.018582748249173164,0.04921364411711693,0.04808994010090828,0.020550211891531944,0.04949295520782471,0.04935681074857712,0.01853175088763237,0.018586337566375732,0.019107438623905182,0.018522657454013824,0.0490240678191185,0.018721511587500572,0.018378056585788727,0.034037694334983826,0.04985426366329193,0.048417482525110245,0.04976462200284004,0.04678162559866905,0.018468348309397697,0.0485939159989357,0.018457399681210518,0.018673764541745186,0.02001991495490074,0.049702055752277374,0.018785184249281883
2023-10-31,0.049535173922777176,0.049629535526037216,0.0188724584877491,0.04566645994782448,0.018418382853269577,0.018582258373498917,0.048989132046699524,0.04858051612973213,0.01927955262362957,0.049385108053684235,0.04911332577466965,0.018475495278835297,0.018497716635465622,0.019406162202358246,0.01853322796523571,0.048805855214595795,0.018594756722450256,0.018304023891687393,0.03673899173736572,0.04965740814805031,0.04807698726654053,0.049594342708587646,0.04795331135392189,0.018389951437711716,0.048425447195768356,0.01840279810130596,0.018644023686647415,0.019287025555968285,0.04954219609498978,0.018618375062942505
2023-11-01,0.049174677580595016,0.049259185791015625,0.01915420964360237,0.04552066698670387,0.018312247470021248,0.01852470450103283,0.04873352497816086,0.04866950958967209,0.018967527896165848,0.0490141361951828,0.04878949373960495,0.018371164798736572,0.018383895978331566,0.019568147137761116,0.018556075170636177,0.04845535382628441,0.01839512214064598,0.018181046470999718,0.041968487203121185,0.04930318146944046,0.04784694314002991,0.049278002232313156,0.04738013446331024,0.01827714592218399,0.048412080854177475,0.01830139011144638,0.018645476549863815,0.01890845037996769,0.04921821877360344,0.018429836258292198
2023-11-02,0.049022331833839417,0.04911520704627037,0.019831381738185883,0.04657478630542755,0.01825035735964775,0.018665967509150505,0.04850250110030174,0.0484379343688488,0.018510084599256516,0.048927582800388336,0.048671506345272064,0.018366171047091484,0.018266484141349792,0.019866423681378365,0.01897752471268177,0.04839963838458061,0.018290044739842415,0.018117006868124008,0.04198571294546127,0.04912165179848671,0.047295697033405304,0.049124233424663544,0.04816541075706482,0.018219001591205597,0.04831487312912941,0.018258409574627876,0.018562624230980873,0.01877538487315178,0.04905305057764053,0.018331065773963928
2023-11-03,0.048359621316194534,0.04844457283616066,0.02158438414335251,0.046645380556583405,0.01803494244813919,0.018711021170020103,0.047563519328832626,0.04753424972295761,0.018152493983507156,0.04831526800990105,0.04796872287988663,0.018192393705248833,0.018026065081357956,0.022946391254663467,0.027363527566194534,0.04753384366631508,0.018089918419718742,0.017885489389300346,0.04228239879012108,0.048490144312381744,0.0443023256957531,0.04848203808069229,0.04777711629867554,0.01798335835337639,0.04766521602869034,0.018030697479844093,0.01835605688393116,0.018742145970463753,0.0484243743121624,0.018112441524863243
2023-11-04,0.04709634929895401,0.047158244997262955,0.02573687769472599,0.045503899455070496,0.017601506784558296,0.018557550385594368,0.04600879177451134,0.04633112624287605,0.01765359379351139,0.04706168547272682,0.04664716124534607,0.017814958468079567,0.017578793689608574,0.028183769434690475,0.042925819754600525,0.04614035040140152,0.017668109387159348,0.017435435205698013,0.04328269883990288,0.04725321754813194,0.03980018571019173,0.04724954068660736,0.04647793993353844,0.017531998455524445,0.0465063750743866,0.01758016273379326,0.018111731857061386,0.01822521910071373,0.04721534624695778,0.017661498859524727
2023-11-05,0.04746784269809723,0.047506462782621384,0.024390066042542458,0.045799046754837036,0.01773696392774582,0.01856718212366104,0.046543121337890625,0.04677785560488701,0.017823873087763786,0.047376055270433426,0.04698881134390831,0.017931168898940086,0.017715150490403175,0.024826088920235634,0.03908336162567139,0.0464707687497139,0.01779232732951641,0.01757088303565979,0.043325792998075485,0.04760817065834999,0.0420587994158268,0.047611597925424576,0.046681929379701614,0.017679326236248016,0.04690887778997421,0.017720717936754227,0.018224669620394707,0.018439894542098045,0.04757164791226387,0.01780158467590809
2023-11-06,0.047857385128736496,0.04787573590874672,0.02325785532593727,0.04605228453874588,0.0178824570029974,0.01862913742661476,0.04702485725283623,0.04720345512032509,0.01800667680799961,0.04771480709314346,0.047346774488687515,0.018062882125377655,0.017860127612948418,0.022738663479685783,0.03410397469997406,0.04682067409157753,0.017928648740053177,0.01771307922899723,0.04340177774429321,0.04797908663749695,0.043784722685813904,0.047992050647735596,0.04688601568341255,0.01783100888133049,0.04728809371590614,0.017867185175418854,0.0183569323271513,0.01863730512559414,0.047942280769348145,0.017954053357243538
2023-11-07,0.04793348163366318,0.04796264320611954,0.02378714643418789,0.045935384929180145,0.017907343804836273,0.018633926287293434,0.046793535351753235,0.047237031161785126,0.018036996945738792,0.04776462912559509,0.047395508736371994,0.01811998337507248,0.017872996628284454,0.024170685559511185,0.03272083029150963,0.04686073213815689,0.017951007932424545,0.01773284748196602,0.043003007769584656,0.04802370443940163,0.04307834059000015,0.04803485795855522,0.04728503152728081,0.017861269414424896,0.047249097377061844,0.017893025651574135,0.01830976828932762,0.018489835783839226,0.04797174781560898,0.017983628436923027
2023-11-08,0.047780003398656845,0.047814421355724335,0.02452714554965496,0.04570494592189789,0.017854725942015648,0.018623778596520424,0.04656793549656868,0.04708133265376091,0.017993561923503876,0.04762447997927666,0.04728061333298683,0.01808716170489788,0.017801085487008095,0.027509037405252457,0.03246505185961723,0.046623386442661285,0.017880119383335114,0.0176725834608078,0.043376460671424866,0.047861211001873016,0.041687317192554474,0.04785238206386566,0.04744384437799454,0.01780872605741024,0.04708145558834076,0.017835654318332672,0.018155090510845184,0.01830483227968216,0.047794342041015625,0.01790730468928814
2023-11-09,0.04790957644581795,0.04794703423976898,0.0238647498190403,0.04573754221200943,0.01792815327644348,0.018770672380924225,0.04654272645711899,0.04721681401133537,0.018046952784061432,0.047746334224939346,0.047392673790454865,0.018178420141339302,0.017870375886559486,0.028614629060029984,0.031071705743670464,0.0465993657708168,0.017943192273378372,0.017723796889185905,0.043020110577344894,0.04798409342765808,0.04087599366903305,0.0479731559753418,0.047726526856422424,0.01786877028644085,0.04705289751291275,0.017902588471770287,0.018157117068767548,0.018443763256072998,0.04791644588112831,0.017973879352211952
2023-11-10,0.049156635999679565,0.049194712191820145,0.01956888847053051,0.047146908938884735,0.018392378464341164,0.019263355061411858,0.048599980771541595,0.048405300825834274,0.01849803887307644,0.04898155480623245,0.04866023734211922,0.018569327890872955,0.018356535583734512,0.0209064744412899,0.020620521157979965,0.047478605061769485,0.018443377688527107,0.018196363002061844,0.03636987507343292,0.049292903393507004,0.045716796070337296,0.0492401197552681,0.04900854453444481,0.018341219052672386,0.048007432371377945,0.01838414929807186,0.018453847616910934,0.02097398042678833,0.04925159364938736,0.018520399928092957
2023-11-11,0.04916664958000183,0.0491744726896286,0.019180485978722572,0.047978099435567856,0.018351247534155846,0.01904710941016674,0.048735328018665314,0.04839206114411354,0.01843995228409767,0.048996131867170334,0.048776548355817795,0.018492866307497025,0.018325282260775566,0.019488170742988586,0.0197853185236454,0.04778660088777542,0.01839079149067402,0.018182309344410896,0.036228254437446594,0.04927300289273262,0.04721521958708763,0.049246855080127716,0.04885001480579376,0.018307754769921303,0.04827206954360008,0.018344992771744728,0.01840127445757389,0.021474525332450867,0.04922904819250107,0.018467603251338005
2023-11-12,0.04920307919383049,0.049213480204343796,0.019170427694916725,0.04792136326432228,0.018366489559412003,0.01903962530195713,0.04873736947774887,0.04839306324720383,0.01847711019217968,0.04901976138353348,0.04879549890756607,0.018508194014430046,0.018342137336730957,0.019351042807102203,0.01949303410947323,0.047851767390966415,0.018408535048365593,0.018196113407611847,0.03634262830018997,0.0493021234869957,0.04733908176422119,0.04927963390946388,0.048825453966856,0.018326103687286377,0.048277780413627625,0.018360519781708717,0.018426625058054924,0.02129058912396431,0.0492517463862896,0.018489619717001915
2023-11-13,0.049221910536289215,0.04923701286315918,0.01919868215918541,0.04783010110259056,0.018373865634202957,0.01900758221745491,0.04870911315083504,0.04840688779950142,0.018509486690163612,0.04903259873390198,0.04881023243069649,0.018513759598135948,0.018351716920733452,0.019392747431993484,0.019352983683347702,0.047917690128088,0.018421491608023643,0.01820349507033825,0.03659813106060028,0.04931773990392685,0.047322843223810196,0.04929530993103981,0.048794303089380264,0.018335532397031784,0.04827973619103432,0.018367664888501167,0.018448958173394203,0.020986812189221382,0.04925890639424324,0.01850270852446556
2023-11-14,0.049093469977378845,0.04909311607480049,0.01936151273548603,0.04780450090765953,0.018329493701457977,0.01892271265387535,0.04857613518834114,0.04826109856367111,0.01845642551779747,0.04887288808822632,0.04866057261824608,0.018472520634531975,0.018319938331842422,0.019686484709382057,0.019920725375413895,0.04782545566558838,0.01837603934109211,0.018164165318012238,0.03804062306880951,0.049207188189029694,0.047333892434835434,0.04920148849487305,0.0483834333717823,0.01829981803894043,0.04823879152536392,0.018332630395889282,0.018466489389538765,0.020664699375629425,0.049154262989759445,0.01847943477332592
2023-11-15,0.04819919914007187,0.04813215881586075,0.021456530317664146,0.046610794961452484,0.018011244013905525,0.01854274980723858,0.04736329987645149,0.04736858233809471,0.018235644325613976,0.047901034355163574,0.04769434034824371,0.018197080120444298,0.01798553206026554,0.023340454325079918,0.030174890533089638,0.04683029279112816,0.018070876598358154,0.017842179164290428,0.042006123811006546,0.0483076274394989,0.04435833916068077,0.04832505062222481,0.047362200915813446,0.0179787278175354,0.0475214459002018,0.017998017370700836,0.018273018300533295,0.01954316906630993,0.0482514314353466,0.01811789721250534
2023-11-16,0.04816115275025368,0.04808930307626724,0.02184322103857994,0.04684540256857872,0.018023988232016563,0.01861187443137169,0.04735012352466583,0.04732969403266907,0.01821274310350418,0.04785662516951561,0.04758291319012642,0.018202461302280426,0.017998913303017616,0.02104208618402481,0.03046579286456108,0.04676415026187897,0.01807587966322899,0.01783890649676323,0.04330633953213692,0.04828421398997307,0.04523232951760292,0.04829711094498634,0.046886466443538666,0.017991602420806885,0.04756420478224754,0.017993900924921036,0.018353600054979324,0.019424021244049072,0.048249561339616776,0.0181213840842247
2023-11-17,0.048807431012392044,0.04894792661070824,0.02015865221619606,0.04739746078848839,0.018265560269355774,0.01885710284113884,0.04771711304783821,0.04754661023616791,0.018176862969994545,0.04891345649957657,0.04812312871217728,0.01833149418234825,0.018143195658922195,0.019091691821813583,0.022787777706980705,0.0478593111038208,0.018234020099043846,0.018051983788609505,0.042138390243053436,0.04898201674222946,0.047697149217128754,0.048971086740493774,0.047763507813215256,0.018141739070415497,0.04810424894094467,0.018200453370809555,0.018493834882974625,0.018944237381219864,0.04891325905919075,0.018239319324493408
2023-11-18,0.04879722371697426,0.04891335964202881,0.020184673368930817,0.04747065156698227,0.01826455444097519,0.018911143764853477,0.04798084497451782,0.04728756844997406,0.018223503604531288,0.04886346682906151,0.04806298762559891,0.018296563997864723,0.018167981877923012,0.01870614103972912,0.02248336747288704,0.04776758328080177,0.018266428261995316,0.018059365451335907,0.04266589879989624,0.04896744340658188,0.04766128957271576,0.0489673875272274,0.047879356890916824,0.018168102949857712,0.04796278104186058,0.01821608655154705,0.01852189190685749,0.019112594425678253,0.0488891527056694,0.018280675634741783
2023-11-19,0.048828817903995514,0.04895605519413948,0.019790740683674812,0.04729333892464638,0.018265824764966965,0.01891382783651352,0.04805857315659523,0.04755236953496933,0.018286207690835,0.04888526350259781,0.048219263553619385,0.018320446833968163,0.018196022137999535,0.01874096877872944,0.021162310615181923,0.047885239124298096,0.01828177273273468,0.01807675138115883,0.04345192387700081,0.04900269955396652,0.0476277694106102,0.04899612069129944,0.047836679965257645,0.01818583719432354,0.04810052365064621,0.01822584494948387,0.01856183633208275,0.019066741690039635,0.048943765461444855,0.018286462873220444
2023-11-20,0.048859305679798126,0.04897526279091835,0.019696639850735664,0.04723921790719032,0.018270326778292656,0.01888113096356392,0.04816602170467377,0.04776047170162201,0.01832403428852558,0.04888692870736122,0.04828057810664177,0.01833234913647175,0.01821456477046013,0.018762672320008278,0.020552685484290123,0.047937218099832535,0.018289754167199135,0.018087230622768402,0.043431058526039124,0.04902467876672745,0.04768401384353638,0.04901766777038574,0.04777821525931358,0.018201084807515144,0.04814162850379944,0.018237728625535965,0.018587971106171608,0.019105559214949608,0.04896792024374008,0.01830611191689968
2023-11-21,0.04891983047127724,0.04901193827390671,0.019340984523296356,0.04707420989871025,0.018268456682562828,0.018925143405795097,0.04827873036265373,0.04771482199430466,0.018339358270168304,0.04892216995358467,0.048267435282468796,0.018334118649363518,0.01822822540998459,0.018756255507469177,0.02110537886619568,0.04783881828188896,0.018296681344509125,0.018099797889590263,0.042889125645160675,0.04907054454088211,0.04742885008454323,0.049060918390750885,0.04795905202627182,0.018204109743237495,0.04811693727970123,0.01823992095887661,0.01852290891110897,0.019451038911938667,0.049023061990737915,0.018311308696866035
2023-11-22,0.04890423268079758,0.04898664727807045,0.019548283889889717,0.046047087758779526,0.018253212794661522,0.018868766725063324,0.04808054119348526,0.04798848181962967,0.01833162270486355,0.04889962449669838,0.04823434352874756,0.018328838050365448,0.018204128369688988,0.01914525404572487,0.021927760913968086,0.04788140580058098,0.018265115097165108,0.01808403991162777,0.04367275908589363,0.04903023689985275,0.04727541282773018,0.04902622476220131,0.04776758700609207,0.018180638551712036,0.04812482371926308,0.01822677254676819,0.018595118075609207,0.01886092498898506,0.04897565767168999,0.018284428864717484
2023-11-23,0.04863642528653145,0.04873034730553627,0.0199392419308424,0.04580117389559746,0.01813492178916931,0.018725551664829254,0.04770219326019287,0.04785090684890747,0.018239974975585938,0.04865861311554909,0.048130109906196594,0.01823699288070202,0.01810281164944172,0.020231859758496284,0.024867180734872818,0.047773584723472595,0.01815301924943924,0.017983559519052505,0.044452570378780365,0.048770513385534286,0.04655762016773224,0.04876023158431053,0.047470469027757645,0.01806679554283619,0.04788554459810257,0.018116571009159088,0.018557099625468254,0.01856420561671257,0.04870740324258804,0.018192622810602188
2023-11-24,0.04869057983160019,0.04878116026520729,0.019982464611530304,0.04598284140229225,0.018153931945562363,0.01872480846941471,0.04783113673329353,0.04794374108314514,0.018277080729603767,0.048695992678403854,0.048182740807533264,0.018256694078445435,0.018125561997294426,0.019921496510505676,0.023581501096487045,0.047822222113609314,0.018169192597270012,0.018003933131694794,0.04460396617650986,0.04882112145423889,0.046852853149175644,0.04881212115287781,0.04743819683790207,0.018093325197696686,0.04797624796628952,0.018137259408831596,0.018582476302981377,0.01858019456267357,0.04875922203063965,0.0182158462703228
2023-11-25,0.048371292650699615,0.04846347123384476,0.020747704431414604,0.04564693197607994,0.018025655299425125,0.018559399992227554,0.04724067822098732,0.04762554541230202,0.01815207302570343,0.04837946966290474,0.04784616455435753,0.018143588677048683,0.01800771802663803,0.02076581120491028,0.028165126219391823,0.04763179272413254,0.018051547929644585,0.0178853590041399,0.045394416898489,0.04849931597709656,0.04615769907832146,0.0484979972243309,0.04658439755439758,0.017971020191907883,0.047707442194223404,0.018009599298238754,0.018674418330192566,0.018262358382344246,0.04843328893184662,0.018098726868629456
2023-11-26,0.048531513661146164,0.04861719161272049,0.02050434798002243,0.04591483995318413,0.018081393092870712,0.01860724948346615,0.04746713489294052,0.04777228459715843,0.018225116655230522,0.04852008447051048,0.04800922051072121,0.018200138583779335,0.01806620880961418,0.020130012184381485,0.025958390906453133,0.04776997119188309,0.018107373267412186,0.01794222556054592,0.045216407626867294,0.04864874482154846,0.04651913046836853,0.048650242388248444,0.046791866421699524,0.018031608313322067,0.047858212143182755,0.018067190423607826,0.018672611564397812,0.01837845705449581,0.048582714051008224,0.018158085644245148
2023-11-27,0.048664242029190063,0.048744626343250275,0.020276930183172226,0.04609431326389313,0.01812865026295185,0.01863943599164486,0.04767899587750435,0.047911886125802994,0.01829206757247448,0.04863375052809715,0.048145174980163574,0.018246807157993317,0.018117016181349754,0.01976143755018711,0.023969734087586403,0.0478854775428772,0.018153032287955284,0.01798967458307743,0.04507925733923912,0.04877271503210068,0.04682972654700279,0.0487770177423954,0.04696322977542877,0.01808321475982666,0.047985807061195374,0.018116144463419914,0.018674250692129135,0.018472585827112198,0.048706699162721634,0.018206076696515083
2023-11-28,0.048840124160051346,0.048903096467256546,0.01966048590838909,0.04624930024147034,0.018186625093221664,0.018670007586479187,0.04825901612639427,0.04825630784034729,0.01840638741850853,0.048779092729091644,0.04838525131344795,0.018289195373654366,0.018182437866926193,0.019155124202370644,0.020898539572954178,0.04801211878657341,0.018199734389781952,0.018054034560918808,0.044947221875190735,0.048947811126708984,0.04759639874100685,0.04895174503326416,0.04707783833146095,0.018149780109524727,0.048245687037706375,0.018180396407842636,0.018646378070116043,0.01871347986161709,0.048894889652729034,0.018261456862092018
2023-11-29,0.04876768961548805,0.04884804040193558,0.019912786781787872,0.04674212262034416,0.01818251609802246,0.018621815368533134,0.04809808358550072,0.0480847992002964,0.01839541085064411,0.04870983213186264,0.04828675091266632,0.018282262608408928,0.018189148977398872,0.019056733697652817,0.02171153761446476,0.04794130101799965,0.01821303181350231,0.018042033538222313,0.04483003541827202,0.04890900105237961,0.04760441184043884,0.048905905336141586,0.04656011238694191,0.018148159608244896,0.04817751795053482,0.018171750009059906,0.018698476254940033,0.018775448203086853,0.048852719366550446,0.01828056387603283
2023-11-30,0.04852427542209625,0.04862523451447487,0.021602289751172066,0.04722544178366661,0.018115734681487083,0.018694724887609482,0.04781951755285263,0.04752060025930405,0.018254609778523445,0.0484997034072876,0.04793386533856392,0.018211258575320244,0.018098151311278343,0.018690427765250206,0.02348855510354042,0.04761376604437828,0.018134191632270813,0.01796175353229046,0.04539347067475319,0.04868609830737114,0.047422170639038086,0.04868265241384506,0.04661541432142258,0.018083179369568825,0.04798336699604988,0.0180909875780344,0.018567483872175217,0.018633726984262466,0.04862472787499428,0.018202686682343483
2023-12-01,0.04749875143170357,0.04754016175866127,0.02671884372830391,0.04556727781891823,0.017717406153678894,0.018185071647167206,0.04634929820895195,0.04698242247104645,0.017855588346719742,0.04746872931718826,0.046960778534412384,0.017792202532291412,0.017659571021795273,0.023569470271468163,0.03367374837398529,0.046559739857912064,0.017700904980301857,0.017565187066793442,0.04634655639529228,0.047632452100515366,0.045275457203388214,0.047625113278627396,0.04597948491573334,0.017658431082963943,0.04710057005286217,0.017674928531050682,0.01824183203279972,0.017777463421225548,0.04755888134241104,0.017763685435056686
2023-12-02,0.04594321548938751,0.04595125466585159,0.03653350844979286,0.04273829981684685,0.017155269160866737,0.017578916624188423,0.04288114607334137,0.04552518576383591,0.017267022281885147,0.04589936137199402,0.04526278376579285,0.01723109558224678,0.017058638855814934,0.039934638887643814,0.04462637007236481,0.04512370377779007,0.017119908705353737,0.016973551362752914,0.04570890963077545,0.046005718410015106,0.03869081288576126,0.04604446515440941,0.044726692140102386,0.01704389601945877,0.04555356130003929,0.017068129032850266,0.01829110085964203,0.01702047325670719,0.04593196511268616,0.017110368236899376
2023-12-03,0.0461503267288208,0.04616730287671089,0.035295210778713226,0.043354276567697525,0.017226066440343857,0.01762467809021473,0.043557506054639816,0.04572948440909386,0.017363790422677994,0.04610422998666763,0.045520979911088943,0.017300447449088097,0.017139755189418793,0.03584883362054825,0.043576229363679886,0.04529983550310135,0.01719622127711773,0.017055680975317955,0.045805156230926514,0.046233486384153366,0.04062814638018608,0.04626118019223213,0.04484311118721962,0.017133492976427078,0.04578861594200134,0.017155036330223083,0.018159322440624237,0.017122933641076088,0.04615257680416107,0.0172061026096344
2023-12-04,0.04653589054942131,0.04655658081173897,0.033181339502334595,0.044016920030117035,0.017357436940073967,0.017715873196721077,0.044422078877687454,0.046127285808324814,0.017522303387522697,0.04647238925099373,0.04593978077173233,0.017430847510695457,0.017285920679569244,0.03106660768389702,0.04131988808512688,0.04568444937467575,0.01733696088194847,0.017200762405991554,0.04601948335766792,0.04663090407848358,0.042237475514411926,0.04665040224790573,0.04514719173312187,0.017287464812397957,0.04619669169187546,0.017303764820098877,0.01815008744597435,0.017295828089118004,0.04654889553785324,0.017358453944325447
2023-12-05,0.046401213854551315,0.04643859341740608,0.03733847662806511,0.04185505956411362,0.01735622063279152,0.017546262592077255,0.04291532188653946,0.045929472893476486,0.017764801159501076,0.046302203088998795,0.045566484332084656,0.017407085746526718,0.017269082367420197,0.032737672328948975,0.04213295131921768,0.045689862221479416,0.01735319383442402,0.017169928178191185,0.046224839985370636,0.0465024933218956,0.04178943112492561,0.04655171558260918,0.04322512447834015,0.01727086491882801,0.04607713595032692,0.017279857769608498,0.0189847182482481,0.017213955521583557,0.04637134447693825,0.01733473129570484
2023-12-06,0.04737310856580734,0.04740966111421585,0.03369337320327759,0.04132494702935219,0.017713936045765877,0.018046721816062927,0.04460671544075012,0.04653071239590645,0.018134551122784615,0.04724929854273796,0.04606691375374794,0.017737535759806633,0.01762653887271881,0.02458602376282215,0.03736983984708786,0.04628657177090645,0.017726732417941093,0.017525389790534973,0.04671083763241768,0.0474715530872345,0.04263201355934143,0.04752000793814659,0.04533568397164345,0.017625747248530388,0.04673311486840248,0.017636297270655632,0.018629737198352814,0.01762872003018856,0.04735409840941429,0.017713602632284164
2023-12-07,0.04805683344602585,0.04811561852693558,0.02920314483344555,0.040727075189352036,0.017980724573135376,0.018391037359833717,0.04547276347875595,0.04685228690505028,0.01838984526693821,0.047989748418331146,0.046601295471191406,0.017972303554415703,0.0178755521774292,0.020726855844259262,0.03422795981168747,0.04682450369000435,0.0180035550147295,0.017778305336833,0.04696928709745407,0.04816766828298569,0.043564390391111374,0.04820806160569191,0.04614543914794922,0.01786825619637966,0.04733238369226456,0.01789402775466442,0.018694201484322548,0.017964310944080353,0.048057351261377335,0.017945192754268646
2023-12-08,0.04899347200989723,0.04903960973024368,0.022106565535068512,0.042748402804136276,0.01827504113316536,0.01859571598470211,0.04760731756687164,0.04798267409205437,0.018712149932980537,0.0488833412528038,0.047901738435029984,0.01827877387404442,0.018207695335149765,0.019089350476861,0.02197723649442196,0.04793388023972511,0.01833033747971058,0.018109813332557678,0.04604274407029152,0.049084316939115524,0.04661175236105919,0.04910712689161301,0.047186918556690216,0.018199924379587173,0.04825130105018616,0.018218686804175377,0.018767211586236954,0.018483905121684074,0.04899253696203232,0.018280552700161934
2023-12-09,0.04910403490066528,0.049138907343149185,0.020589355379343033,0.045301441103219986,0.018305514007806778,0.01867835223674774,0.04779086261987686,0.048013683408498764,0.018571550026535988,0.04898662120103836,0.048136673867702484,0.01831972412765026,0.018258480355143547,0.018748128786683083,0.02066606469452381,0.04798344522714615,0.01837051846086979,0.01814727485179901,0.04411081597208977,0.04919000715017319,0.04700195789337158,0.049209702759981155,0.04777374491095543,0.018237177282571793,0.04816748574376106,0.018255870789289474,0.018602432683110237,0.018878581002354622,0.049104928970336914,0.018356550484895706
2023-12-10,0.049134451895952225,0.04916694015264511,0.020292608067393303,0.045550089329481125,0.018304377794265747,0.01864050142467022,0.04796483740210533,0.04815001040697098,0.018588224425911903,0.049007732421159744,0.048251472413539886,0.01832076907157898,0.018262876197695732,0.018698636442422867,0.019804976880550385,0.048092953860759735,0.01836547628045082,0.01815493404865265,0.043938230723142624,0.049213163554668427,0.04738767072558403,0.049230851233005524,0.04778923839330673,0.01824595406651497,0.04823293536901474,0.0182608962059021,0.018596475943922997,0.018859773874282837,0.04912656545639038,0.018366452306509018
2023-12-11,0.04914773255586624,0.04917912185192108,0.02004840411245823,0.045698825269937515,0.018298212438821793,0.018605193123221397,0.04808839410543442,0.048263318836688995,0.018600964918732643,0.04901530593633652,0.04833991080522537,0.01831689290702343,0.018261972814798355,0.018664084374904633,0.01933453418314457,0.04817180335521698,0.018356986343860626,0.018156658858060837,0.04387664422392845,0.049221139401197433,0.047622986137866974,0.049234539270401,0.047771528363227844,0.018248530104756355,0.048295583575963974,0.018259761855006218,0.018593937158584595,0.018826432526111603,0.04913429543375969,0.018366267904639244
2023-12-12,0.048790574073791504,0.048824165016412735,0.02298731915652752,0.045558132231235504,0.018185345456004143,0.018490951508283615,0.047166336327791214,0.047742169350385666,0.018529130145907402,0.04864252731204033,0.047857865691185,0.018219133839011192,0.018154658377170563,0.0186895914375782,0.02291911654174328,0.04793253540992737,0.01825203001499176,0.01803147979080677,0.04553679749369621,0.04884973540902138,0.04698401317000389,0.04890197888016701,0.04622778668999672,0.018127113580703735,0.04807838052511215,0.018137311562895775,0.01877918839454651,0.01842116378247738,0.048739269375801086,0.018244177103042603
2023-12-13,0.04836441949009895,0.04842621833086014,0.025486180558800697,0.04570113867521286,0.018016448244452477,0.018399683758616447,0.04706711694598198,0.04728260263800621,0.01831362023949623,0.04828067123889923,0.04765158146619797,0.018073340877890587,0.01797758974134922,0.019197020679712296,0.025922954082489014,0.047542866319417953,0.01804749295115471,0.01787138357758522,0.045541275292634964,0.04844032600522041,0.04612036794424057,0.04848727956414223,0.04701152816414833,0.01795739307999611,0.04776909202337265,0.017981160432100296,0.018458208069205284,0.018229296430945396,0.04833453893661499,0.018047163262963295
2023-12-14,0.04706968367099762,0.047085415571928024,0.032614387571811676,0.04477247595787048,0.01751943677663803,0.017932411283254623,0.04544587805867195,0.04613591358065605,0.017860272899270058,0.04694046825170517,0.046447936445474625,0.0176194179803133,0.017490848898887634,0.02364630252122879,0.039962030947208405,0.046237438917160034,0.01754036732017994,0.0173892080783844,0.04541274532675743,0.0471174493432045,0.042676497250795364,0.04719380661845207,0.04619850590825081,0.017460990697145462,0.046426136046648026,0.01749163493514061,0.017988096922636032,0.017725232988595963,0.047013215720653534,0.017585819587111473
2023-12-15,0.04729359224438667,0.04727531969547272,0.029116688296198845,0.04603614658117294,0.017630957067012787,0.017949502915143967,0.04447149485349655,0.04619360342621803,0.017851117998361588,0.047159384936094284,0.046710532158613205,0.017723597586154938,0.017610670998692513,0.02007712982594967,0.043540943413972855,0.046492885798215866,0.017708182334899902,0.017472364008426666,0.04506222531199455,0.047313567250967026,0.0434892363846302,0.04740724712610245,0.045504070818424225,0.017540164291858673,0.04669412970542908,0.017564918845891953,0.018239198252558708,0.017992280423641205,0.04720643535256386,0.01767243631184101
2023-12-16,0.04789722338318825,0.04787737876176834,0.024690784513950348,0.046865809708833694,0.017890144139528275,0.018324078992009163,0.04616304114460945,0.04652445390820503,0.018116870895028114,0.047742199152708054,0.047222476452589035,0.01796267181634903,0.017905522137880325,0.018425386399030685,0.03703349083662033,0.046937208622694016,0.018017156049609184,0.017714548856019974,0.04353855550289154,0.04794168844819069,0.044825028628110886,0.048031989485025406,0.04637238010764122,0.017801322042942047,0.047124192118644714,0.017821598798036575,0.018326949328184128,0.019098781049251556,0.04784613847732544,0.017960933968424797
2023-12-17,0.04818393290042877,0.04819329082965851,0.02423834055662155,0.04702838510274887,0.017983518540859222,0.018434293568134308,0.04677893593907356,0.04683401435613632,0.018253767862915993,0.04803209379315376,0.047514937818050385,0.018059618771076202,0.018002239987254143,0.018328020349144936,0.03169317543506622,0.047199495136737823,0.01809309795498848,0.01782301627099514,0.0432615801692009,0.04824962094426155,0.04576364532113075,0.04832947626709938,0.046647392213344574,0.01791517809033394,0.04739446938037872,0.017932726070284843,0.018386898562312126,0.019210025668144226,0.048148032277822495,0.018086716532707214
2023-12-18,0.04842172563076019,0.04844805225729942,0.02386150136590004,0.047219034284353256,0.018061984330415726,0.01849290169775486,0.04724425449967384,0.04716088995337486,0.01835903897881508,0.048272181302309036,0.0477730855345726,0.01813090220093727,0.01807856746017933,0.018296459689736366,0.02696181833744049,0.04745403304696083,0.018156036734580994,0.017910804599523544,0.04327952489256859,0.04850068315863609,0.04658951237797737,0.048571109771728516,0.04684038460254669,0.018005777150392532,0.047651324421167374,0.01802007108926773,0.018439624458551407,0.019218239933252335,0.04839786887168884,0.018182625994086266
2023-12-19,0.04771912097930908,0.04775124415755272,0.0269805658608675,0.046609800308942795,0.017752433195710182,0.0182354636490345,0.04641218110918999,0.04642675071954727,0.018080079928040504,0.047539569437503815,0.04721272364258766,0.01791013777256012,0.017795467749238014,0.019479120150208473,0.0379437580704689,0.046839985996484756,0.01784716360270977,0.017639385536313057,0.04311556741595268,0.04778260737657547,0.04337666928768158,0.04785357788205147,0.04674862325191498,0.017727581784129143,0.04696394503116608,0.017741717398166656,0.01815464161336422,0.018777912482619286,0.047684527933597565,0.017897672951221466
2023-12-20,0.047622062265872955,0.04767530784010887,0.028867537155747414,0.04667486995458603,0.01772988960146904,0.01823936589062214,0.04647066444158554,0.046344589442014694,0.01801719330251217,0.047485485672950745,0.047097764909267426,0.01786714605987072,0.017762834206223488,0.018990982323884964,0.03604201227426529,0.04672622308135033,0.017792189493775368,0.017611322924494743,0.043778374791145325,0.047713752835989,0.044753268361091614,0.04778335988521576,0.04645966738462448,0.017702654004096985,0.04693855345249176,0.01771852932870388,0.018129508942365646,0.018512632697820663,0.04760715365409851,0.017885105684399605
2023-12-21,0.048396818339824677,0.04845669865608215,0.024809952825307846,0.04783196747303009,0.01808374561369419,0.018620893359184265,0.047473810613155365,0.046711016446352005,0.01839335635304451,0.048302456736564636,0.04790527746081352,0.01814459264278412,0.01812991127371788,0.01849229633808136,0.02468339540064335,0.04731067270040512,0.01814344711601734,0.017921777442097664,0.04290086776018143,0.04852282255887985,0.046602513641119,0.04861040413379669,0.04723462462425232,0.01801896095275879,0.047550465911626816,0.01804867386817932,0.018320027738809586,0.019757311791181564,0.048362746834754944,0.018258504569530487
2023-12-22,0.0484810397028923,0.048559561371803284,0.024457864463329315,0.04788622260093689,0.018111083656549454,0.018599465489387512,0.04768329858779907,0.04697686433792114,0.018458152189850807,0.04841936379671097,0.04805939272046089,0.01815786026418209,0.01815526932477951,0.0185391828417778,0.022298751398921013,0.04749199375510216,0.018162736669182777,0.017955055460333824,0.04352760314941406,0.048628948628902435,0.046943165361881256,0.048698849976062775,0.04732493683695793,0.018050067126750946,0.04766383394598961,0.01807871274650097,0.01833706721663475,0.019542375579476357,0.04845985025167465,0.018291572108864784
2023-12-23,0.048493366688489914,0.04854350537061691,0.024988172575831413,0.04754140228033066,0.01806759275496006,0.018364792689681053,0.04752388596534729,0.047307826578617096,0.018521541729569435,0.04836413264274597,0.048038288950920105,0.018119320273399353,0.018090229481458664,0.018652405589818954,0.02206340618431568,0.047735195606946945,0.018130464479327202,0.01793687790632248,0.045143235474824905,0.048602763563394547,0.047181181609630585,0.0486520454287529,0.046235304325819016,0.018030855804681778,0.04791548475623131,0.018035590648651123,0.01843944936990738,0.01862536184489727,0.04844414442777634,0.018212048336863518
2023-12-24,0.04863380640745163,0.04868059232831001,0.023958414793014526,0.04755519703030586,0.0181156937032938,0.018396364524960518,0.047713834792375565,0.04751165583729744,0.018579518422484398,0.04849633574485779,0.048159703612327576,0.01815732754766941,0.018130844458937645,0.018562383949756622,0.02074555680155754,0.04787689447402954,0.018181905150413513,0.017986129969358444,0.044966865330934525,0.04873976856470108,0.04745211452245712,0.04878217354416847,0.04639417678117752,0.018080735579133034,0.048042990267276764,0.01808357611298561,0.018470868468284607,0.018697835505008698,0.048587866127491,0.01825885660946369
2023-12-25,0.04872792959213257,0.048772990703582764,0.023217380046844482,0.04753455892205238,0.01814686506986618,0.018411487340927124,0.04783651977777481,0.04765041545033455,0.018620671704411507,0.048586491495370865,0.04824366420507431,0.018180666491389275,0.018156904727220535,0.018542340025305748,0.020033756271004677,0.047979023307561874,0.01821902021765709,0.018018949776887894,0.04474680870771408,0.04883322864770889,0.04759496822953224,0.04886798933148384,0.046516962349414825,0.018113184720277786,0.04812351241707802,0.018114784732460976,0.018490632995963097,0.018742572516202927,0.04868485406041145,0.018290957435965538
2023-12-26,0.048806194216012955,0.048850443214178085,0.02259482815861702,0.047512590885162354,0.018171949312090874,0.018422652035951614,0.04793994128704071,0.04775143414735794,0.01865519769489765,0.04866110906004906,0.04831257462501526,0.01819923147559166,0.018178677186369896,0.018524320796132088,0.019558068364858627,0.04806334152817726,0.0182507187128067,0.018046090379357338,0.04447229206562042,0.048911649733781815,0.04769989475607872,0.048939257860183716,0.04663272947072983,0.018139684572815895,0.04818691685795784,0.018140261992812157,0.01850089617073536,0.018793422728776932,0.048766374588012695,0.018317244946956635
2023-12-27,0.048816777765750885,0.048849694430828094,0.022473296150565147,0.04744739085435867,0.01815824583172798,0.01836424693465233,0.047932449728250504,0.04784860834479332,0.018647778779268265,0.04865731671452522,0.0482906848192215,0.018181532621383667,0.018166305497288704,0.018422134220600128,0.01979449950158596,0.048180870711803436,0.018251176923513412,0.01804380863904953,0.04515187069773674,0.048916611820459366,0.047876760363578796,0.04893587529659271,0.04569581151008606,0.018132193014025688,0.048280294984579086,0.018126165494322777,0.018586590886116028,0.018676022067666054,0.04879571124911308,0.018299199640750885
2023-12-28,0.048857733607292175,0.0488937608897686,0.022750144824385643,0.04698915779590607,0.018160609528422356,0.018326876685023308,0.04797691851854324,0.04805031418800354,0.018725095316767693,0.04868588224053383,0.04827537387609482,0.018180787563323975,0.01817243918776512,0.018411077558994293,0.01946759782731533,0.04835066571831703,0.018256623297929764,0.018055692315101624,0.04613512381911278,0.048954419791698456,0.04806509241461754,0.04896930605173111,0.04428835213184357,0.018144115805625916,0.04837150499224663,0.018131457269191742,0.01877634972333908,0.018436232581734657,0.0488407127559185,0.01830063760280609
2023-12-29,0.04873311147093773,0.04877093434333801,0.02397199161350727,0.04647291451692581,0.018120963126420975,0.018305355682969093,0.04777149856090546,0.04809025675058365,0.01861870288848877,0.04856039956212044,0.04810910299420357,0.018149537965655327,0.018122326582670212,0.018592748790979385,0.019961727783083916,0.04821501672267914,0.018196232616901398,0.018010921776294708,0.04661047086119652,0.04883084446191788,0.04779721051454544,0.048843566328287125,0.044627945870161057,0.018105963245034218,0.04825630784034729,0.0180925652384758,0.01880284771323204,0.018281249329447746,0.04872865229845047,0.01824868470430374
2023-12-30,0.04885329678654671,0.0488910973072052,0.02279871143400669,0.04598744958639145,0.018173646181821823,0.018356768414378166,0.047826964408159256,0.04828299582004547,0.018645362928509712,0.04869901016354561,0.04822060838341713,0.018191713839769363,0.018165187910199165,0.018684983253479004,0.0196493212133646,0.04834778606891632,0.018260233104228973,0.018054461106657982,0.04640020802617073,0.048949580639600754,0.047804031521081924,0.04895162954926491,0.044814594089984894,0.01814568229019642,0.04835580289363861,0.018139919266104698,0.018893711268901825,0.018320895731449127,0.04885093867778778,0.018283387646079063
2023-12-31,0.048919886350631714,0.04895665869116783,0.022021345794200897,0.04604397341609001,0.01819564215838909,0.01837841607630253,0.047928016632795334,0.0483507476747036,0.01865317113697529,0.04876328259706497,0.04829173907637596,0.018211204558610916,0.01818525791168213,0.018610095605254173,0.01930094137787819,0.04839246720075607,0.018282635137438774,0.01807660236954689,0.04614242911338806,0.04901304841041565,0.04790894314646721,0.04901007562875748,0.04518750309944153,0.01816769316792488,0.04840827360749245,0.01816183142364025,0.018839525058865547,0.018377844244241714,0.04891973361372948,0.018300989642739296
2024-01-01,0.04896705225110054,0.04900183528661728,0.02149742655456066,0.04607177898287773,0.018211470916867256,0.01839119754731655,0.0480070635676384,0.0484112948179245,0.01866845414042473,0.04880765080451965,0.048345599323511124,0.01822366937994957,0.018199963495135307,0.01855187490582466,0.019038524478673935,0.04842440411448479,0.018297292292118073,0.018092211335897446,0.0459556020796299,0.049056895077228546,0.0480135977268219,0.04905036836862564,0.045402172952890396,0.018183303996920586,0.04844639077782631,0.018177444115281105,0.018805306404829025,0.018419630825519562,0.048965614289045334,0.018314935266971588
2024-01-02,0.049003373831510544,0.049036722630262375,0.021116953343153,0.04612593725323677,0.01822243630886078,0.018394408747553825,0.048051536083221436,0.04846274107694626,0.018681727349758148,0.04883873835206032,0.04839596524834633,0.018232913687825203,0.018210673704743385,0.018520981073379517,0.018861856311559677,0.04844847321510315,0.018308954313397408,0.018103711307048798,0.04571637138724327,0.049090154469013214,0.048085156828165054,0.049079377204179764,0.04560272395610809,0.01819508895277977,0.04847674444317818,0.018188580870628357,0.01877019554376602,0.018452253192663193,0.04899929091334343,0.018325937911868095
2024-01-03,0.049160756170749664,0.04919815808534622,0.021945895627141,0.04001856967806816,0.018266724422574043,0.01833319291472435,0.04687308520078659,0.04876892641186714,0.019083304330706596,0.04905495420098305,0.04848330840468407,0.018257997930049896,0.01826470158994198,0.024551749229431152,0.02056296169757843,0.04889439046382904,0.018426978960633278,0.01815323531627655,0.04778940603137016,0.049233004450798035,0.04549165070056915,0.04921669140458107,0.040844403207302094,0.01821727119386196,0.04870784282684326,0.018230674788355827,0.020372308790683746,0.018204718828201294,0.04906792566180229,0.018325258046388626
2024-01-04,0.04920593276619911,0.04926026985049248,0.022994838654994965,0.03480307757854462,0.018270375207066536,0.01832040399312973,0.045701030641794205,0.048794493079185486,0.019520195201039314,0.049092069268226624,0.04850097745656967,0.01827865280210972,0.018267637118697166,0.031024040654301643,0.020497145131230354,0.04894917830824852,0.018474046140909195,0.01816396974027157,0.047596246004104614,0.04926297813653946,0.04312390461564064,0.04923412203788757,0.041317418217659,0.018226981163024902,0.04861363396048546,0.018239201977849007,0.02070324309170246,0.018188314512372017,0.04902181401848793,0.01835387758910656
2024-01-05,0.04935096576809883,0.04939163476228714,0.023677587509155273,0.035252660512924194,0.01833176240324974,0.018352441489696503,0.04523782804608345,0.048963308334350586,0.019871477037668228,0.04925575479865074,0.04875542223453522,0.018318358808755875,0.018318885937333107,0.027961106970906258,0.020255321636795998,0.049120575189590454,0.018543129786849022,0.018216587603092194,0.04785339906811714,0.0493924543261528,0.04457644373178482,0.049383267760276794,0.03967012092471123,0.018269354477524757,0.04878740385174751,0.018288196995854378,0.020891211926937103,0.01824026182293892,0.04905868321657181,0.018414441496133804
2024-01-06,0.049254316836595535,0.0492839552462101,0.02153022214770317,0.042378198355436325,0.018316954374313354,0.01840193197131157,0.04664066806435585,0.04874361678957939,0.019064409658312798,0.049151986837387085,0.048670440912246704,0.018299782648682594,0.018288252875208855,0.021031932905316353,0.019318683072924614,0.04888048395514488,0.018492860719561577,0.01818176731467247,0.046226173639297485,0.04929560050368309,0.04647840932011604,0.04927336797118187,0.04453209787607193,0.01824473775923252,0.048595160245895386,0.018260467797517776,0.019405273720622063,0.018277300521731377,0.04907743260264397,0.018403515219688416
2024-01-07,0.04926940053701401,0.049296289682388306,0.02097180485725403,0.04385768249630928,0.01831253618001938,0.018412375822663307,0.04723172262310982,0.04871493950486183,0.018970204517245293,0.04914398118853569,0.0486636757850647,0.018301717936992645,0.018293043598532677,0.019676193594932556,0.01892726868391037,0.04887028783559799,0.018484070897102356,0.018186429515480995,0.04563194885849953,0.04931563884019852,0.04729989171028137,0.04928828775882721,0.044718869030475616,0.018253659829497337,0.04859035462141037,0.01826023869216442,0.019174732267856598,0.018320409581065178,0.04913827031850815,0.01842404529452324
2024-01-08,0.04927391558885574,0.04930054768919945,0.02060084417462349,0.04461904615163803,0.018307480961084366,0.018414206802845,0.04753540828824043,0.04869849234819412,0.01892879419028759,0.04914049804210663,0.048679959028959274,0.01830056682229042,0.01829700917005539,0.019309835508465767,0.018780197948217392,0.048851609230041504,0.018481014296412468,0.018188264220952988,0.04499269276857376,0.04932782053947449,0.04758191108703613,0.049294907599687576,0.045017920434474945,0.018256239593029022,0.048565153032541275,0.018258938565850258,0.019028056412935257,0.01836051605641842,0.049166884273290634,0.01844121143221855
2024-01-09,0.048920273780822754,0.04900175705552101,0.02169704996049404,0.045833103358745575,0.01821911334991455,0.018443193286657333,0.04696664959192276,0.04831177741289139,0.01861785165965557,0.04887969046831131,0.04850839450955391,0.018239526078104973,0.01819794438779354,0.022233784198760986,0.019948920235037804,0.04827472195029259,0.018362635746598244,0.018077844753861427,0.04368358477950096,0.04903707280755043,0.04517457261681557,0.04895172268152237,0.04781379550695419,0.018157074227929115,0.048072490841150284,0.018174123018980026,0.018583741039037704,0.01837480068206787,0.04887187108397484,0.018370896577835083
2024-01-10,0.04857143014669418,0.04870511591434479,0.02360980585217476,0.04677218198776245,0.018116701394319534,0.018389472737908363,0.046982068568468094,0.047935690730810165,0.01848023571074009,0.0485946387052536,0.04828262701630592,0.01814604550600052,0.01809561625123024,0.022833140566945076,0.020423924550414085,0.04785425588488579,0.018227197229862213,0.017969155684113503,0.044024303555488586,0.04874720796942711,0.04513327777385712,0.04863792285323143,0.04794696345925331,0.0180607158690691,0.04782601818442345,0.018074339255690575,0.018385494127869606,0.018309349194169044,0.04857984930276871,0.018285192549228668
2024-01-11,0.04791786149144173,0.04802387207746506,0.024980749934911728,0.045987557619810104,0.017852619290351868,0.018189311027526855,0.046309515833854675,0.04739532247185707,0.018152309581637383,0.047923460602760315,0.04769764468073845,0.01791701279580593,0.017822206020355225,0.03341352194547653,0.024499688297510147,0.047227468341588974,0.017931513488292694,0.017713036388158798,0.04429219290614128,0.04805557802319527,0.04009604454040527,0.04797237366437912,0.047720834612846375,0.017796102911233902,0.04731833189725876,0.01782589592039585,0.018105098977684975,0.01802016980946064,0.047915082424879074,0.017927685752511024
2024-01-12,0.04776874557137489,0.047866202890872955,0.026154084131121635,0.04564531147480011,0.017806272953748703,0.018170341849327087,0.04635190591216087,0.0472911112010479,0.018158288672566414,0.04773826152086258,0.0474926121532917,0.017872106283903122,0.017780045047402382,0.034774232655763626,0.024892790243029594,0.046919792890548706,0.01786452904343605,0.017661746591329575,0.04504593834280968,0.0479106642305851,0.039028652012348175,0.047829702496528625,0.047596462070941925,0.017756517976522446,0.04720864072442055,0.01777622103691101,0.01804317533969879,0.01795133762061596,0.0477834977209568,0.017860881984233856
2024-01-13,0.047402869910001755,0.047465890645980835,0.03072153590619564,0.045723725110292435,0.017647700384259224,0.017866401001811028,0.04576024413108826,0.046995993703603745,0.018090447410941124,0.047323208302259445,0.04709681496024132,0.017698777839541435,0.017629319801926613,0.03136684373021126,0.026746468618512154,0.046655360609292984,0.01769185997545719,0.017518505454063416,0.045923225581645966,0.04751894623041153,0.0418962799012661,0.04747408255934715,0.04684682935476303,0.017608923837542534,0.046970184892416,0.01760854199528694,0.01798294670879841,0.017674531787633896,0.04737222194671631,0.01772131398320198
2024-01-14,0.0476970411837101,0.047765061259269714,0.030086638405919075,0.04577050358057022,0.017757819965481758,0.017973406240344048,0.04615360125899315,0.04728490859270096,0.018247362226247787,0.047605909407138824,0.04736125469207764,0.01781100407242775,0.017735641449689865,0.02779233641922474,0.024103764444589615,0.046906545758247375,0.017786290496587753,0.01762697845697403,0.046194542199373245,0.04781079664826393,0.04367941617965698,0.047773316502571106,0.04703280329704285,0.017721902579069138,0.04724368825554848,0.017720075324177742,0.01807635836303234,0.017778869718313217,0.047664862126111984,0.01783723384141922
2024-01-15,0.04807090014219284,0.048134565353393555,0.028319386765360832,0.04597799852490425,0.017889950424432755,0.018086925148963928,0.04667999967932701,0.04765808582305908,0.018405118957161903,0.0479593425989151,0.047695379704236984,0.01793396659195423,0.01786903664469719,0.0245908722281456,0.021230457350611687,0.04730584844946861,0.017913494259119034,0.017761114984750748,0.04646162688732147,0.048172663897275925,0.045036207884550095,0.048143431544303894,0.047275811433792114,0.017859427258372307,0.047600824385881424,0.017853552475571632,0.018205970525741577,0.017910363152623177,0.04802950844168663,0.017968248575925827
2024-01-16,0.04826869070529938,0.04833022505044937,0.027140984311699867,0.046124670654535294,0.01795855164527893,0.01814849302172661,0.047018200159072876,0.047826919704675674,0.01850314252078533,0.048145607113838196,0.04786108434200287,0.01799745298922062,0.017942937090992928,0.022570181638002396,0.020208891481161118,0.04750347137451172,0.01798144169151783,0.017832964658737183,0.04657675698399544,0.04836782068014145,0.04588291794061661,0.04834408313035965,0.04729951173067093,0.01793181337416172,0.04777888208627701,0.01792287640273571,0.018269680440425873,0.017989465966820717,0.048227015882730484,0.018045226112008095
2024-01-17,0.04835989326238632,0.04839742183685303,0.02557481825351715,0.04644651710987091,0.018081948161125183,0.01842222549021244,0.047635603696107864,0.04781247675418854,0.018881281837821007,0.048207759857177734,0.04792394861578941,0.018091663718223572,0.01807568408548832,0.02147437073290348,0.01975373923778534,0.04708052799105644,0.01810120977461338,0.01790688931941986,0.046678896993398666,0.04852401837706566,0.045661285519599915,0.04846936836838722,0.04741485044360161,0.018031466752290726,0.04779360070824623,0.01801500841975212,0.018296154215931892,0.018340613692998886,0.048366956412792206,0.018179740756750107
2024-01-18,0.04852283000946045,0.04853682592511177,0.02622053027153015,0.04575194790959358,0.018157869577407837,0.01850021630525589,0.04760146886110306,0.04734848439693451,0.019387057051062584,0.04819926992058754,0.04809613153338432,0.018169306218624115,0.018238762393593788,0.019905896857380867,0.01928030699491501,0.046342648565769196,0.018204519525170326,0.017996562644839287,0.04666569456458092,0.04875733330845833,0.04637773334980011,0.04866510629653931,0.04720664024353027,0.018140200525522232,0.04780138283967972,0.01812121458351612,0.018292400985956192,0.018569039180874825,0.04853173345327377,0.01841087080538273
2024-01-19,0.04838809370994568,0.04834309592843056,0.028640275821089745,0.04694313183426857,0.01812925934791565,0.018573876470327377,0.047399844974279404,0.046243343502283096,0.01927558332681656,0.04814432933926582,0.048024605959653854,0.018118498846888542,0.018161054700613022,0.019007520750164986,0.019678333774209023,0.04607871547341347,0.01816711574792862,0.017958825454115868,0.04633497819304466,0.04861513152718544,0.04645465314388275,0.04860015586018562,0.04698401317000389,0.01809205301105976,0.04775059223175049,0.01808825507760048,0.01822182722389698,0.018949875608086586,0.04824819788336754,0.01838478073477745
2024-01-20,0.047444116324186325,0.04728801175951958,0.03517713025212288,0.04578923434019089,0.017814571037888527,0.018341433256864548,0.046554576605558395,0.0454455204308033,0.01913992315530777,0.04734747111797333,0.046786561608314514,0.017775483429431915,0.017772408202290535,0.022239800542593002,0.030320068821310997,0.0456114336848259,0.017865683883428574,0.01761803589761257,0.046336229890584946,0.04766242951154709,0.04265868663787842,0.047727737575769424,0.045251406729221344,0.017718227580189705,0.046929892152547836,0.01772657036781311,0.018112244084477425,0.018375525251030922,0.047220177948474884,0.017949406057596207
2024-01-21,0.04797482490539551,0.04786117002367973,0.03157038614153862,0.046315617859363556,0.017985353246331215,0.018449056893587112,0.04710241034626961,0.04629994556307793,0.019120121374726295,0.04782915115356445,0.04732293635606766,0.017954079434275627,0.017949463799595833,0.020851613953709602,0.024350492283701897,0.046273164451122284,0.018025392666459084,0.017793606966733932,0.04637949913740158,0.04814627394080162,0.044308051466941833,0.04820609837770462,0.0460963100194931,0.01790081150829792,0.04738713428378105,0.01790435053408146,0.018227754160761833,0.018543073907494545,0.04775867983698845,0.018113022670149803
2024-01-22,0.04840119555592537,0.04834303259849548,0.027638785541057587,0.046598900109529495,0.01811130717396736,0.018510757014155388,0.047527704387903214,0.04695709049701691,0.019109874963760376,0.04821706563234329,0.04775987192988396,0.018098510801792145,0.01808340661227703,0.020041218027472496,0.020795512944459915,0.04682781547307968,0.018142716959118843,0.01793118752539158,0.04617726802825928,0.0485345833003521,0.04556950926780701,0.04858200252056122,0.04684660583734512,0.018046623095870018,0.04772385209798813,0.018043458461761475,0.018303977325558662,0.01863805018365383,0.0482013002038002,0.01823684759438038
2024-01-23,0.048027265816926956,0.04797552898526192,0.02917395904660225,0.04681872949004173,0.017962908372282982,0.01845017820596695,0.04714784026145935,0.04655192047357559,0.018392598256468773,0.04794999584555626,0.047389667481184006,0.017942048609256744,0.01790798269212246,0.021437831223011017,0.026277601718902588,0.046651214361190796,0.018024712800979614,0.017779722809791565,0.04531610757112503,0.04817837476730347,0.04382428526878357,0.048178404569625854,0.04684058949351311,0.017879774793982506,0.04738565534353256,0.017884977161884308,0.018170444294810295,0.018510058522224426,0.04790802299976349,0.01806166023015976
2024-01-24,0.04915326088666916,0.049097973853349686,0.020582040771842003,0.0480603463947773,0.018190234899520874,0.018485654145479202,0.04753517359495163,0.04811812937259674,0.018344132229685783,0.048980724066495895,0.04862723872065544,0.018293824046850204,0.01816529594361782,0.030890028923749924,0.022311482578516006,0.04848263040184975,0.018404729664325714,0.018110115081071854,0.032404039055109024,0.04912104457616806,0.04067724570631981,0.04917031154036522,0.04896949604153633,0.018153991550207138,0.048293448984622955,0.01822911761701107,0.018280448392033577,0.019774429500102997,0.0488557368516922,0.018237609416246414
2024-01-25,0.0496075265109539,0.04956930875778198,0.020677397027611732,0.048540983349084854,0.01837417483329773,0.01873673126101494,0.048185527324676514,0.04848460480570793,0.01849217526614666,0.0493963286280632,0.04901643469929695,0.018497014418244362,0.018331974744796753,0.024169733747839928,0.02057395502924919,0.04862456023693085,0.018540039658546448,0.018276914954185486,0.03057342767715454,0.049575675278902054,0.04304487258195877,0.0496111735701561,0.04949718341231346,0.018342066556215286,0.04849269986152649,0.018398286774754524,0.018416160717606544,0.02012636326253414,0.04936965927481651,0.01845705322921276
2024-01-26,0.04902641102671623,0.049030959606170654,0.023565398529171944,0.048540059477090836,0.018204832449555397,0.018619438633322716,0.04820771887898445,0.047665785998106,0.01824440248310566,0.04890099912881851,0.04848956689238548,0.018265405669808388,0.018157856538891792,0.020686311647295952,0.021400926634669304,0.047965727746486664,0.018285242840647697,0.01808083988726139,0.037247028201818466,0.04907893016934395,0.04551504924893379,0.049049317836761475,0.04879084601998329,0.01818111352622509,0.04806343838572502,0.01816372387111187,0.018224092200398445,0.019054066389799118,0.04893884062767029,0.018355699256062508
2024-01-27,0.04899192228913307,0.048962146043777466,0.021348077803850174,0.047845903784036636,0.018174633383750916,0.018421368673443794,0.0479060597717762,0.04814337566494942,0.018249671906232834,0.04875520244240761,0.04827899858355522,0.018257422372698784,0.018145186826586723,0.02482001483440399,0.021809639409184456,0.0478079728782177,0.018252411857247353,0.01805855520069599,0.0393562838435173,0.04901884123682976,0.043455902487039566,0.04897991940379143,0.04861051216721535,0.018180260434746742,0.04805421456694603,0.01813771203160286,0.018238477408885956,0.018565170466899872,0.048894260078668594,0.018279967829585075
2024-01-28,0.04903704300522804,0.04902656003832817,0.021165572106838226,0.04775131866335869,0.01818583905696869,0.018493399024009705,0.047922730445861816,0.048162247985601425,0.01829875446856022,0.04881099984049797,0.04844179004430771,0.018288150429725647,0.018163016065955162,0.02233586274087429,0.020593291148543358,0.04790244624018669,0.018255772069096565,0.018080350011587143,0.04083961993455887,0.049074918031692505,0.0449436716735363,0.04902532696723938,0.04855874553322792,0.01819745823740959,0.048189569264650345,0.018158135935664177,0.018263142555952072,0.018550416454672813,0.04897084832191467,0.0183129720389843
2024-01-29,0.04911560192704201,0.0491224005818367,0.020696591585874557,0.04753457009792328,0.018213648349046707,0.018553107976913452,0.04793225973844528,0.04813896119594574,0.01835966482758522,0.04890333116054535,0.04858020693063736,0.018313152715563774,0.018198886886239052,0.02070184424519539,0.01963997073471546,0.04798894748091698,0.01828557252883911,0.018115147948265076,0.041807182133197784,0.049167994409799576,0.0459933839738369,0.0491037555038929,0.048521798104047775,0.018227266147732735,0.048293691128492355,0.01819324679672718,0.01830262504518032,0.0185586865991354,0.04907488822937012,0.01836165226995945
2024-01-30,0.049092765897512436,0.04910358786582947,0.020937379449605942,0.04746071249246597,0.018217498436570168,0.018545694649219513,0.04787208139896393,0.04799811914563179,0.01834062673151493,0.04890643060207367,0.04849161580204964,0.018314432352781296,0.018193399533629417,0.021261295303702354,0.020494084805250168,0.047862086445093155,0.01828523725271225,0.018108071759343147,0.041306331753730774,0.049151740968227386,0.04550923779606819,0.049091022461652756,0.048552852123975754,0.01822613924741745,0.04819392412900925,0.01819566823542118,0.018300354480743408,0.018594298511743546,0.04904088005423546,0.018352486193180084
2024-01-31,0.04898151755332947,0.04901523143053055,0.020858213305473328,0.047201212495565414,0.018149742856621742,0.01847209222614765,0.04782440513372421,0.04812456667423248,0.01831646077334881,0.0488257110118866,0.04850178211927414,0.018276559188961983,0.018131960183382034,0.021228985860943794,0.021859999746084213,0.048164162784814835,0.018259892240166664,0.018067901954054832,0.04119562730193138,0.04904802516102791,0.0455680713057518,0.048992644995450974,0.04831281304359436,0.01815406046807766,0.0482867993414402,0.018128706142306328,0.018315648660063744,0.018470073118805885,0.04899292439222336,0.018274134024977684
2024-02-01,0.049285419285297394,0.04931841418147087,0.020190062001347542,0.047177381813526154,0.01827464997768402,0.018521318212151527,0.04817413538694382,0.0485016331076622,0.018450435250997543,0.04912323132157326,0.04873828589916229,0.01835513487458229,0.01824359782040119,0.01962273009121418,0.019123855978250504,0.048484981060028076,0.018395964056253433,0.018180537968873978,0.04004206135869026,0.04935244098305702,0.047123510390520096,0.0492880642414093,0.04827642813324928,0.018277298659086227,0.04856836423277855,0.018245184794068336,0.018453413620591164,0.018534917384386063,0.04927816987037659,0.01839829422533512
2024-02-02,0.04920077696442604,0.049261726438999176,0.019216135144233704,0.04558689892292023,0.018248705193400383,0.01843012124300003,0.04757321998476982,0.04854726046323776,0.018457937985658646,0.04909917339682579,0.0487026683986187,0.01833335869014263,0.018237655982375145,0.024034595116972923,0.018931737169623375,0.04846549779176712,0.018383562564849854,0.0181515384465456,0.041455697268247604,0.049286454916000366,0.04579957574605942,0.04919761046767235,0.04846767708659172,0.018230194225907326,0.04814105108380318,0.018211729824543,0.018413955345749855,0.01833648607134819,0.04921998083591461,0.018376899883151054
2024-02-03,0.04951561242341995,0.049545396119356155,0.019031690433621407,0.04603639617562294,0.018323451280593872,0.01849605143070221,0.04830697551369667,0.048741135746240616,0.01857161521911621,0.049388814717531204,0.04903609678149223,0.018389267846941948,0.018324095755815506,0.024033958092331886,0.019175615161657333,0.0489889495074749,0.01851794496178627,0.018254462629556656,0.03710414469242096,0.049572497606277466,0.04407284036278725,0.04949953034520149,0.04881702736020088,0.018317140638828278,0.04852733761072159,0.0182949248701334,0.018536413088440895,0.018558790907263756,0.04953469708561897,0.018487125635147095
2024-02-04,0.04946485161781311,0.04950834810733795,0.019063524901866913,0.046050723642110825,0.018304720520973206,0.018495522439479828,0.04831815883517265,0.04879031702876091,0.018539121374487877,0.04934817552566528,0.04902135953307152,0.018379759043455124,0.018305856734514236,0.02133021503686905,0.01888534426689148,0.04887917637825012,0.018467945978045464,0.01823880709707737,0.03901732340455055,0.04953106492757797,0.04585716128349304,0.04946159943938255,0.04869523644447327,0.018301701173186302,0.04849659278988838,0.01828559674322605,0.018489783629775047,0.01854671910405159,0.04947737604379654,0.0184478722512722
2024-02-05,0.049408089369535446,0.04945152997970581,0.01914363168179989,0.04619592800736427,0.01828661933541298,0.01849265582859516,0.0483885258436203,0.04876379296183586,0.01852690801024437,0.049292441457509995,0.04896729812026024,0.018361520022153854,0.018284570425748825,0.020047983154654503,0.018772661685943604,0.048792801797389984,0.01842007040977478,0.018218599259853363,0.04000208154320717,0.04947347566485405,0.04685882851481438,0.04940922558307648,0.0485282763838768,0.01828417181968689,0.04852338507771492,0.018267113715410233,0.0184666495770216,0.01852593570947647,0.04941939562559128,0.018425915390253067
2024-02-06,0.04952549934387207,0.049577780067920685,0.018986888229846954,0.04839367792010307,0.018343670293688774,0.01857650838792324,0.04873201996088028,0.0484936349093914,0.018533185124397278,0.04940439388155937,0.049129340797662735,0.01841134950518608,0.018351329490542412,0.018653659150004387,0.018492549657821655,0.048770464956760406,0.018481241539120674,0.018267979845404625,0.035763006657361984,0.04960397630929947,0.048396456986665726,0.04954558238387108,0.04879661276936531,0.018339725211262703,0.04847493767738342,0.018317190930247307,0.018408408388495445,0.019132742658257484,0.04954659938812256,0.018549596890807152
2024-02-07,0.04932526871562004,0.049382343888282776,0.019434012472629547,0.04844990745186806,0.018279803916811943,0.01858931966125965,0.04857884347438812,0.04833252727985382,0.018438024446368217,0.049198463559150696,0.048935722559690475,0.01836327835917473,0.01827571913599968,0.018527455627918243,0.01850416511297226,0.04852282628417015,0.01837836764752865,0.018197519704699516,0.038451507687568665,0.0494028702378273,0.048241302371025085,0.04935378208756447,0.048678744584321976,0.0182846337556839,0.048502955585718155,0.018253758549690247,0.01835455372929573,0.018971778452396393,0.049349650740623474,0.018440917134284973
2024-02-08,0.04915830120444298,0.04921879991889,0.01997704990208149,0.04730011895298958,0.01825634017586708,0.018618136644363403,0.04819812253117561,0.04830847308039665,0.01843440905213356,0.04901581257581711,0.048598624765872955,0.018352454528212547,0.018225062638521194,0.018872946500778198,0.019459916278719902,0.04814007505774498,0.018371030688285828,0.018148919567465782,0.04174337536096573,0.0492524653673172,0.047121740877628326,0.049177613109350204,0.04839769005775452,0.018257757648825645,0.048483580350875854,0.018217045813798904,0.01843865215778351,0.01870366744697094,0.049211371690034866,0.018340403214097023
2024-02-09,0.049471400678157806,0.04951303079724312,0.01935279555618763,0.04661663621664047,0.01842150092124939,0.018859006464481354,0.04851789027452469,0.048288825899362564,0.018713057041168213,0.04929746687412262,0.04877382889389992,0.018484285101294518,0.018384695053100586,0.019206440076231956,0.01984051614999771,0.04761592298746109,0.018599456176161766,0.018288567662239075,0.03803817182779312,0.04961705580353737,0.045691899955272675,0.04951794445514679,0.04892970994114876,0.01839485391974449,0.04844752699136734,0.01837063394486904,0.01850368268787861,0.02015570178627968,0.049559660255908966,0.018527939915657043
2024-02-10,0.04948431998491287,0.04949263483285904,0.019374452531337738,0.046591293066740036,0.01841425709426403,0.01884619891643524,0.04871383309364319,0.04822814464569092,0.018691526725888252,0.049204565584659576,0.04879506677389145,0.018465327098965645,0.018394174054265022,0.01870908960700035,0.01908864639699459,0.0473981574177742,0.018574511632323265,0.018292857334017754,0.037851814180612564,0.0496288500726223,0.046778131276369095,0.04950692504644394,0.04891716688871384,0.01842007413506508,0.04848010838031769,0.018386323004961014,0.01847965270280838,0.020650668069720268,0.049571406096220016,0.01856997422873974
2024-02-11,0.04949771985411644,0.04951859638094902,0.019257288426160812,0.04614010453224182,0.018404021859169006,0.0188368558883667,0.04867295175790787,0.04834231361746788,0.018698757514357567,0.049203649163246155,0.04885458946228027,0.0184676144272089,0.01839267835021019,0.018623538315296173,0.018915152177214622,0.0476546548306942,0.018564729019999504,0.0182943195104599,0.03840617090463638,0.04963133484125137,0.04700721800327301,0.04950902983546257,0.04882080480456352,0.018417606130242348,0.04857902601361275,0.018383927643299103,0.018500367179512978,0.020262187346816063,0.04958831146359444,0.018554456532001495
2024-02-12,0.049515653401613235,0.049538951367139816,0.01923198066651821,0.04591470584273338,0.018402252346277237,0.018829599022865295,0.048668958246707916,0.04839124530553818,0.018700093030929565,0.049204252660274506,0.048859018832445145,0.01847115345299244,0.018392929807305336,0.018560782074928284,0.018818574026226997,0.0477948859333992,0.018558138981461525,0.01829669624567032,0.03854919970035553,0.04963596537709236,0.04723149538040161,0.04952056705951691,0.048750970512628555,0.018421482294797897,0.04863015562295914,0.01838596910238266,0.018514784052968025,0.02006445825099945,0.04959767311811447,0.01854746975004673
2024-02-13,0.049413636326789856,0.04944659397006035,0.019249919801950455,0.046096861362457275,0.018360421061515808,0.018830329179763794,0.048496268689632416,0.04845427721738815,0.018629364669322968,0.049235571175813675,0.04869283735752106,0.018423132598400116,0.018322570249438286,0.018470948562026024,0.01901920512318611,0.048064935952425,0.018480699509382248,0.018245428800582886,0.04033698886632919,0.04949421435594559,0.04712817072868347,0.04943631589412689,0.0484488345682621,0.018346477299928665,0.04861963912844658,0.018322378396987915,0.018524684011936188,0.01952446438372135,0.04945261403918266,0.01843217946588993
2024-02-14,0.049824308604002,0.0498981848359108,0.019170762971043587,0.0460493266582489,0.018515553325414658,0.018837062641978264,0.04863354563713074,0.0485042929649353,0.019007394090294838,0.049614474177360535,0.04913348704576492,0.018601855263113976,0.018515685573220253,0.01869911700487137,0.018707275390625,0.048524875193834305,0.018719378858804703,0.01840260997414589,0.03435186669230461,0.04991874471306801,0.047258440405130386,0.04982922226190567,0.048869501799345016,0.018520357087254524,0.04853326827287674,0.01848882995545864,0.01865004375576973,0.01970970444381237,0.04981033876538277,0.018700510263442993
2024-02-15,0.04971371218562126,0.049761153757572174,0.019094621762633324,0.04566008225083351,0.018482649698853493,0.01880154013633728,0.04867793247103691,0.048573534935712814,0.019090844318270683,0.04946116358041763,0.04900110140442848,0.01855229027569294,0.018491636961698532,0.018650732934474945,0.01863742619752884,0.04826817661523819,0.018668442964553833,0.018364254385232925,0.036386486142873764,0.049801718443632126,0.0473448671400547,0.04971997067332268,0.048746075481176376,0.018475918099284172,0.04836902394890785,0.018445806577801704,0.01859508454799652,0.019798843190073967,0.049699217081069946,0.01866571605205536
2024-02-16,0.049433279782533646,0.04948188364505768,0.019581181928515434,0.044707804918289185,0.018357831984758377,0.018615668639540672,0.0481741689145565,0.04856487363576889,0.018906213343143463,0.04920100420713425,0.048810917884111404,0.01841798610985279,0.018362706527113914,0.01853555254638195,0.018568752333521843,0.048197731375694275,0.018469003960490227,0.01825612410902977,0.04215160757303238,0.0495227612555027,0.04804489016532898,0.04946368187665939,0.04770594462752342,0.01835845597088337,0.04845791682600975,0.018332799896597862,0.018566545099020004,0.018792282789945602,0.049427103251218796,0.01853337697684765
2024-02-17,0.04942339286208153,0.049478597939014435,0.019532328471541405,0.04550471156835556,0.01834513247013092,0.01853264309465885,0.048183806240558624,0.04854411631822586,0.018881767988204956,0.04921334609389305,0.048885345458984375,0.018399925902485847,0.0183465126901865,0.018578674644231796,0.01855074055492878,0.04842618480324745,0.018478376790881157,0.018247883766889572,0.04126253351569176,0.04951021075248718,0.04813041538000107,0.04945852607488632,0.0476311594247818,0.018341725692152977,0.04858415201306343,0.01831759326159954,0.018571650609374046,0.0187294390052557,0.049416232854127884,0.018492916598916054
2024-02-18,0.0494183748960495,0.04947096109390259,0.019554510712623596,0.045456692576408386,0.018345212563872337,0.01853093132376671,0.04825742170214653,0.048580680042505264,0.018901556730270386,0.049185000360012054,0.04886370524764061,0.018397849053144455,0.01835194230079651,0.018549228087067604,0.018528897315263748,0.04842604324221611,0.018484679982066154,0.018248209729790688,0.04134746640920639,0.049509208649396896,0.048224177211523056,0.049452878534793854,0.04741153120994568,0.018345030024647713,0.04858255386352539,0.01831812597811222,0.018589166924357414,0.018740883097052574,0.04941987246274948,0.018507275730371475
2024-02-19,0.049434464424848557,0.049487411975860596,0.01955171301960945,0.04537000507116318,0.018355250358581543,0.018545107915997505,0.04832020774483681,0.048599641770124435,0.018939727917313576,0.04918709024786949,0.04886084049940109,0.018407652154564857,0.018363695591688156,0.01854635402560234,0.018528757616877556,0.04843942075967789,0.01850508525967598,0.018256518989801407,0.041121918708086014,0.049529071897268295,0.04823129251599312,0.04946759715676308,0.04732148349285126,0.01835603266954422,0.0485844686627388,0.01832745410501957,0.018609927967190742,0.018784409388899803,0.04944170266389847,0.018525607883930206
2024-02-20,0.04944802448153496,0.0495016872882843,0.01953434757888317,0.04534346982836723,0.018363650888204575,0.018553931266069412,0.04837104305624962,0.0486144945025444,0.01896677166223526,0.04919549450278282,0.048854950815439224,0.018415549769997597,0.0183713398873806,0.01854505017399788,0.01852615922689438,0.048468150198459625,0.01852104440331459,0.01826280541718006,0.04089400917291641,0.04954391345381737,0.04825204983353615,0.04948145151138306,0.04725515842437744,0.018363680690526962,0.048584938049316406,0.018334127962589264,0.018626585602760315,0.018812960013747215,0.049457475543022156,0.01853572018444538
2024-02-21,0.04964783415198326,0.04973364621400833,0.019750576466321945,0.04189148545265198,0.01844712719321251,0.018540559336543083,0.04809493571519852,0.04880551993846893,0.019246239215135574,0.04936585575342178,0.04894459247589111,0.01848657615482807,0.01846660114824772,0.018691863864660263,0.018578847870230675,0.048970382660627365,0.01864067278802395,0.018347242847085,0.04365961626172066,0.049770254641771317,0.048754408955574036,0.04968855902552605,0.04363420605659485,0.0184621661901474,0.04898005351424217,0.018432186916470528,0.019142204895615578,0.018547486513853073,0.04966547712683678,0.018612854182720184
2024-02-22,0.04967338219285011,0.049754880368709564,0.0195382721722126,0.04210780933499336,0.01843053661286831,0.01850282773375511,0.04833942651748657,0.049052249640226364,0.019197987392544746,0.04944240301847458,0.04892532527446747,0.01848144829273224,0.018427900969982147,0.018674196675419807,0.018544962629675865,0.0492175929248333,0.01862831972539425,0.018337920308113098,0.04213973507285118,0.049753397703170776,0.04880392178893089,0.04969649389386177,0.04447220265865326,0.01844315230846405,0.04903201013803482,0.018410252407193184,0.01924446038901806,0.018502404913306236,0.04967241734266281,0.018552163615822792
2024-02-23,0.0484655387699604,0.048575155436992645,0.025723712518811226,0.04514461010694504,0.01800335943698883,0.018153224140405655,0.04670979455113411,0.047569550573825836,0.018341075628995895,0.04844705015420914,0.0479184091091156,0.01804593950510025,0.01796143129467964,0.02001241408288479,0.02525407262146473,0.04795253649353981,0.01815875805914402,0.01790282502770424,0.04484909027814865,0.04860248044133186,0.046563513576984406,0.04855046421289444,0.045776933431625366,0.017974333837628365,0.0480814166367054,0.017965691164135933,0.018686488270759583,0.018016299232840538,0.04851483553647995,0.018078934401273727
2024-02-24,0.04746243357658386,0.0475323460996151,0.03279223293066025,0.044814787805080414,0.017655303701758385,0.017720405012369156,0.045417074114084244,0.046571794897317886,0.01793268695473671,0.04740393906831741,0.04667062684893608,0.017659462988376617,0.017592575401067734,0.025667639449238777,0.032556306570768356,0.04689180850982666,0.017806287854909897,0.01752699352800846,0.04506706818938255,0.04758235812187195,0.04395781457424164,0.0475366972386837,0.04462172091007233,0.017620792612433434,0.04705086722970009,0.017600037157535553,0.018557818606495857,0.017592918127775192,0.04742560163140297,0.017711682245135307
2024-02-25,0.04789917543530464,0.04797971248626709,0.030079076066613197,0.04507841169834137,0.017817582935094833,0.01789757050573826,0.045984186232089996,0.04703989624977112,0.018136173486709595,0.04782544821500778,0.04711839556694031,0.017834031954407692,0.017765922471880913,0.024506891146302223,0.027666451409459114,0.04728841409087181,0.01795569807291031,0.01769130490720272,0.04530465230345726,0.048026084899902344,0.044757723808288574,0.04797140136361122,0.04526378959417343,0.017793729901313782,0.04741165414452553,0.01776839606463909,0.018587565049529076,0.017771005630493164,0.04788079857826233,0.017898958176374435
2024-02-26,0.04810141399502754,0.04818851500749588,0.029042214155197144,0.045362506061792374,0.017895393073558807,0.018002863973379135,0.046285975724458694,0.04719027504324913,0.018252894282341003,0.04802558571100235,0.04735923185944557,0.017922310158610344,0.017848912626504898,0.02308264747262001,0.025768477469682693,0.04741581156849861,0.01801610179245472,0.01776978373527527,0.045351915061473846,0.0482344776391983,0.04536972939968109,0.04818066954612732,0.045523688197135925,0.0178745798766613,0.04757767915725708,0.017849378287792206,0.01855641044676304,0.017868148162961006,0.048085372895002365,0.017997054383158684
2024-02-27,0.048897456377744675,0.04898010194301605,0.023556336760520935,0.04542335122823715,0.018171699717640877,0.018263809382915497,0.04711313545703888,0.04789323732256889,0.01871965080499649,0.04880845174193382,0.04818602651357651,0.018184317275881767,0.018133625388145447,0.020051470026373863,0.0197884663939476,0.04818098247051239,0.018298273906111717,0.018058178946375847,0.04563343524932861,0.04901544749736786,0.04706060141324997,0.04895465448498726,0.04607416316866875,0.018153270706534386,0.04831341281533241,0.018125370144844055,0.018646173179149628,0.01817493699491024,0.04886406287550926,0.018275931477546692
2024-02-28,0.049113839864730835,0.0492037832736969,0.02175542712211609,0.046258360147476196,0.0182766392827034,0.018329545855522156,0.04746080935001373,0.04793618991971016,0.018893685191869736,0.04905783012509346,0.04842352494597435,0.0182550847530365,0.018226897343993187,0.01865563914179802,0.018496068194508553,0.048180416226387024,0.018338026478886604,0.018140578642487526,0.04492941126227379,0.04923661798238754,0.04857394099235535,0.04919058084487915,0.046045925468206406,0.018237685784697533,0.0483260378241539,0.018217558041214943,0.01851104199886322,0.018300097435712814,0.049003925174474716,0.01842483878135681
2024-02-29,0.04901833459734917,0.049087755382061005,0.021028613671660423,0.04722192883491516,0.01825706474483013,0.01832755282521248,0.047905635088682175,0.04804868623614311,0.019085172563791275,0.04896426573395729,0.0486285500228405,0.018229221925139427,0.018246879801154137,0.018474726006388664,0.018407592549920082,0.04812419041991234,0.018308036029338837,0.018125979229807854,0.04587385058403015,0.04916944354772568,0.048773255199193954,0.049148447811603546,0.04441623017191887,0.018207527697086334,0.04845500364899635,0.018201204016804695,0.01851828396320343,0.018404975533485413,0.0489116795361042,0.01842990703880787
2024-03-01,0.048898402601480484,0.04895210266113281,0.022086460143327713,0.047508127987384796,0.01822264865040779,0.018352851271629333,0.04792396351695061,0.04760072007775307,0.018713703379034996,0.048879921436309814,0.0484200119972229,0.018179429695010185,0.018198486417531967,0.018430083990097046,0.018882930278778076,0.04775269329547882,0.01825265772640705,0.018076905980706215,0.045678310096263885,0.04905105009675026,0.04845422878861427,0.04902452975511551,0.04580209031701088,0.01815875619649887,0.04827476665377617,0.018162671476602554,0.01839463971555233,0.01849980466067791,0.0487980991601944,0.018368972465395927
2024-03-02,0.04880589246749878,0.04882324859499931,0.023110434412956238,0.04820045456290245,0.018183007836341858,0.018247105181217194,0.048216044902801514,0.047049760818481445,0.01859317161142826,0.048718590289354324,0.048280633985996246,0.018132610246539116,0.018207073211669922,0.01848236285150051,0.019002309069037437,0.047180525958538055,0.01818622462451458,0.01803942210972309,0.04520098492503166,0.048967305570840836,0.048414357006549835,0.048943858593702316,0.04659416526556015,0.018149590119719505,0.04808430373668671,0.01814080961048603,0.01823493465781212,0.01875992864370346,0.048671942204236984,0.018378937616944313
2024-03-03,0.04887705296278,0.048911307007074356,0.02229662984609604,0.0482313446700573,0.018201375380158424,0.01829160377383232,0.04824673384428024,0.04719280079007149,0.018541991710662842,0.04880993068218231,0.04835786297917366,0.018155919387936592,0.01821284182369709,0.018450431525707245,0.018778890371322632,0.047461193054914474,0.018210966140031815,0.018060501664876938,0.044772543013095856,0.04902525991201401,0.04843574017286301,0.048998769372701645,0.04686642810702324,0.018166558817029,0.04814537614583969,0.018160037696361542,0.01826147362589836,0.018740937113761902,0.048755496740341187,0.018382009118795395
2024-03-04,0.04892170429229736,0.048963312059640884,0.021871289238333702,0.048216529190540314,0.01820928044617176,0.018327830359339714,0.048224564641714096,0.04720064997673035,0.01851748861372471,0.04886572062969208,0.048436474055051804,0.01817007176578045,0.01821884512901306,0.018422089517116547,0.018678076565265656,0.0476294681429863,0.01822863332927227,0.01807514950633049,0.04464565962553024,0.04906497150659561,0.048454027622938156,0.04903458058834076,0.0468711294233799,0.018175266683101654,0.048192981630563736,0.0181726161390543,0.018284466117620468,0.018720479682087898,0.048809587955474854,0.018396979197859764
2024-03-05,0.0489395447075367,0.048988040536642075,0.021265383809804916,0.04842871055006981,0.01819870062172413,0.018381064757704735,0.04866642877459526,0.046480707824230194,0.01854809746146202,0.0488654226064682,0.04866005852818489,0.01818285696208477,0.018264003098011017,0.018246347084641457,0.018639380112290382,0.04756651818752289,0.018262719735503197,0.01810501702129841,0.04485388472676277,0.04915777966380119,0.048745907843112946,0.04908924922347069,0.045507848262786865,0.018206363543868065,0.04849848523736,0.018196187913417816,0.01830855943262577,0.019290948286652565,0.048986852169036865,0.018468961119651794
2024-03-06,0.04910903051495552,0.0492091029882431,0.020332496613264084,0.04846473038196564,0.01836136169731617,0.018450334668159485,0.048710618168115616,0.04656974971294403,0.01912056654691696,0.04903057962656021,0.0489693321287632,0.018317723646759987,0.01851336844265461,0.018374787643551826,0.018397342413663864,0.04809696227312088,0.01848548837006092,0.018229344859719276,0.0453682541847229,0.04945078119635582,0.04909423738718033,0.04936043545603752,0.04078526422381401,0.018358128145337105,0.04879016429185867,0.018352393060922623,0.018631957471370697,0.01926509477198124,0.04915013164281845,0.01865016482770443
2024-03-07,0.04914598539471626,0.04925546795129776,0.020725924521684647,0.04793033003807068,0.018358834087848663,0.01844196952879429,0.048617374151945114,0.04714589565992355,0.019435957074165344,0.04904811829328537,0.049005720764398575,0.018328530713915825,0.01853984035551548,0.018413865938782692,0.018411675468087196,0.0481143556535244,0.018458889797329903,0.018240896984934807,0.04668308049440384,0.04947885125875473,0.049105577170848846,0.04938412085175514,0.038782406598329544,0.01837076246738434,0.048876795917749405,0.018359621986746788,0.018734635785222054,0.01880982331931591,0.04913685470819473,0.018657827749848366
2024-03-08,0.04915255680680275,0.049243416637182236,0.020167920738458633,0.048095230013132095,0.01830899715423584,0.01843222975730896,0.048696838319301605,0.047560159116983414,0.018986554816365242,0.0490560457110405,0.049049243330955505,0.018301164731383324,0.018482673913240433,0.01834963820874691,0.018431751057505608,0.048234786838293076,0.01840849220752716,0.01821739226579666,0.046525612473487854,0.04943903908133507,0.049058832228183746,0.04932739958167076,0.039605457335710526,0.01833239756524563,0.04890333116054535,0.01831931062042713,0.018676338717341423,0.018814949318766594,0.0492173507809639,0.018604882061481476
2024-03-09,0.04909871518611908,0.04922890663146973,0.019896037876605988,0.04793244227766991,0.018298016861081123,0.018418075516819954,0.048353709280490875,0.04751158505678177,0.018976807594299316,0.04904017597436905,0.048956725746393204,0.018292689695954323,0.018435945734381676,0.018353654071688652,0.018339339643716812,0.04813428223133087,0.01838097721338272,0.018186409026384354,0.045859407633543015,0.04935123026371002,0.04886753112077713,0.04923199117183685,0.04261156544089317,0.01831246167421341,0.04870426282286644,0.018298670649528503,0.01855967566370964,0.018721289932727814,0.04909497871994972,0.01855243556201458
2024-03-10,0.049123842269182205,0.0492485873401165,0.019536444917321205,0.047663334757089615,0.0183029193431139,0.01841961033642292,0.048409637063741684,0.04765922203660011,0.01899125427007675,0.04904884099960327,0.04893220588564873,0.018298419192433357,0.01842697337269783,0.01837729476392269,0.018314240500330925,0.04825688153505325,0.0183982215821743,0.018190383911132812,0.04519572854042053,0.04935742914676666,0.04884236305952072,0.049252256751060486,0.04351399466395378,0.01830797642469406,0.04865367338061333,0.01829867996275425,0.018562275916337967,0.018750369548797607,0.04913204163312912,0.018535001203417778
2024-03-11,0.04915086179971695,0.04926612600684166,0.019356045871973038,0.0474652461707592,0.018300067633390427,0.018434720113873482,0.048426318913698196,0.04780016839504242,0.01902073808014393,0.04906044155359268,0.048947639763355255,0.018305528908967972,0.018409498035907745,0.018383847549557686,0.018314303830266,0.04834049195051193,0.01841145008802414,0.01819252036511898,0.04457984119653702,0.04936036095023155,0.04875541105866432,0.04925474151968956,0.044197943061590195,0.01830139011144638,0.048650115728378296,0.018291832879185677,0.01855364628136158,0.01878962479531765,0.04916038736701012,0.018518609926104546
2024-03-12,0.04929165169596672,0.049404267221689224,0.02031133696436882,0.0447310246527195,0.018393637612462044,0.01850700005888939,0.04803040623664856,0.04784507676959038,0.019501173868775368,0.04899291694164276,0.04902297630906105,0.018408579751849174,0.018572555854916573,0.018772825598716736,0.018501412123441696,0.04805725812911987,0.0185631662607193,0.018276454880833626,0.04531254991889,0.04957347735762596,0.04852774739265442,0.049356866627931595,0.04300016164779663,0.01842697709798813,0.0486660897731781,0.01841014064848423,0.01876150444149971,0.01868627220392227,0.049331583082675934,0.018762977793812752
2024-03-13,0.04940906912088394,0.049495629966259,0.020765388384461403,0.04642219841480255,0.018444504588842392,0.018452977761626244,0.047165922820568085,0.046771857887506485,0.019318033009767532,0.049281660467386246,0.04890095442533493,0.018378878012299538,0.018561962991952896,0.018709421157836914,0.018519733101129532,0.04833393916487694,0.01862873136997223,0.018300093710422516,0.047562744468450546,0.04965723305940628,0.04850223660469055,0.04944511130452156,0.039913859218358994,0.01845310814678669,0.04888429120182991,0.01841805689036846,0.01888543926179409,0.018505003303289413,0.04925078898668289,0.018661176785826683
2024-03-14,0.04908371716737747,0.04907859116792679,0.023454301059246063,0.04766039922833443,0.018249042332172394,0.018335463479161263,0.04719369858503342,0.04669297859072685,0.01871287263929844,0.04891566187143326,0.048770513385534286,0.018231134861707687,0.01830104924738407,0.018345724791288376,0.0194748155772686,0.047923777252435684,0.01834220252931118,0.018141498789191246,0.046973928809165955,0.04923051968216896,0.04865763708949089,0.049162667244672775,0.041476015001535416,0.018239613622426987,0.04873035475611687,0.018233271315693855,0.01856035180389881,0.01843518391251564,0.04893918335437775,0.01845385693013668
2024-03-15,0.0488680824637413,0.048877887427806854,0.021100452169775963,0.048155881464481354,0.018160715699195862,0.018368994817137718,0.047994568943977356,0.04759657382965088,0.018512945622205734,0.04873300716280937,0.04878608509898186,0.018172195181250572,0.01823321171104908,0.018224842846393585,0.019051766023039818,0.0478692464530468,0.018265288323163986,0.018073521554470062,0.04591001942753792,0.04904698207974434,0.04843592643737793,0.048948485404253006,0.04514802619814873,0.018153565004467964,0.048631828278303146,0.018148716539144516,0.01836450584232807,0.018881630152463913,0.04892772436141968,0.01835726574063301
2024-03-16,0.04918510094285011,0.04915698990225792,0.019056685268878937,0.048318032175302505,0.01827499270439148,0.018396075814962387,0.04857620969414711,0.048313919454813004,0.018795890733599663,0.04890872910618782,0.048953618854284286,0.018278755247592926,0.018331188708543777,0.018248729407787323,0.018305987119674683,0.0484025664627552,0.018427077680826187,0.0181726086884737,0.041672930121421814,0.049280714243650436,0.048738159239292145,0.049228668212890625,0.04596705734729767,0.01826675608754158,0.04876544326543808,0.018244486302137375,0.018455466255545616,0.019699588418006897,0.04916124418377876,0.01841636188328266
2024-03-17,0.04924889653921127,0.0492413192987442,0.018944205716252327,0.0483483150601387,0.018300341442227364,0.01843421347439289,0.04865304380655289,0.04839393496513367,0.018846217542886734,0.04899114742875099,0.04896046593785286,0.018308356404304504,0.018337147310376167,0.0182754285633564,0.018315458670258522,0.048488788306713104,0.01846867799758911,0.018192127346992493,0.040128063410520554,0.0493343360722065,0.048645634204149246,0.04927857592701912,0.046492479741573334,0.018288439139723778,0.048766687512397766,0.018261907622218132,0.01846424862742424,0.019939465448260307,0.04922354966402054,0.018428493291139603
2024-03-18,0.049303602427244186,0.049308937042951584,0.01888776198029518,0.04837245121598244,0.01832049898803234,0.018467450514435768,0.04871947318315506,0.048448968678712845,0.01888301596045494,0.04904874786734581,0.04897628352046013,0.018334751948714256,0.018349185585975647,0.018298937007784843,0.018330005928874016,0.0485372468829155,0.01850033737719059,0.018210338428616524,0.03883596509695053,0.049385808408260345,0.04857677221298218,0.04932473227381706,0.046838805079460144,0.018309209495782852,0.04877084121108055,0.01827939786016941,0.018470514565706253,0.02017803303897381,0.0492832250893116,0.018448606133461
2024-03-19,0.04945686087012291,0.04945958033204079,0.018967155367136,0.04837203770875931,0.018368151038885117,0.01850198209285736,0.04883498325943947,0.04852788895368576,0.018984084948897362,0.04908134788274765,0.04912204295396805,0.018407853320240974,0.018417559564113617,0.018369829282164574,0.018392542377114296,0.04854502156376839,0.018570570275187492,0.01827002689242363,0.03601403161883354,0.049550194293260574,0.048810482025146484,0.04947822540998459,0.046981122344732285,0.01838037371635437,0.048816535621881485,0.0183416660875082,0.01850580982863903,0.020438628271222115,0.04945090040564537,0.018582457676529884
2024-03-20,0.04950440302491188,0.04950495809316635,0.018833516165614128,0.04841854050755501,0.018367821350693703,0.018514055758714676,0.04888509586453438,0.04878511279821396,0.018793728202581406,0.04920221120119095,0.049146078526973724,0.018411140888929367,0.018399598076939583,0.018387600779533386,0.018465422093868256,0.048664309084415436,0.018551504239439964,0.018271511420607567,0.03511696681380272,0.04957322031259537,0.04874231666326523,0.049516335129737854,0.04743553698062897,0.018361877650022507,0.04890011250972748,0.01833568885922432,0.018493125215172768,0.02038661018013954,0.049508240073919296,0.018523257225751877
2024-03-21,0.04950197786092758,0.04952273145318031,0.018992429599165916,0.04869817942380905,0.018356025218963623,0.01858806237578392,0.04857884347438812,0.048352066427469254,0.01851906254887581,0.04938194528222084,0.04912401735782623,0.018394120037555695,0.01834910735487938,0.01837805286049843,0.01912759616971016,0.04860874265432358,0.01850452646613121,0.018259607255458832,0.0352119579911232,0.049567945301532745,0.048558227717876434,0.04953208193182945,0.04788530617952347,0.018321827054023743,0.048954419791698456,0.0183166041970253,0.018438998609781265,0.02002427913248539,0.049500737339258194,0.018450584262609482
2024-03-22,0.04893018305301666,0.04897178336977959,0.019725535064935684,0.04840816929936409,0.018131008371710777,0.018532373011112213,0.04672207683324814,0.04626724123954773,0.018160104751586914,0.048944417387247086,0.04866667464375496,0.018173927441239357,0.018084825947880745,0.01857123151421547,0.03685624897480011,0.048027992248535156,0.018372561782598495,0.01803908869624138,0.030846213921904564,0.048998549580574036,0.04525429755449295,0.04896740987896919,0.048320233821868896,0.018064871430397034,0.048387929797172546,0.018080543726682663,0.018168959766626358,0.020217111334204674,0.04892607405781746,0.018182439729571342
2024-03-23,0.049621667712926865,0.049652572721242905,0.019175220280885696,0.04900343716144562,0.018379319459199905,0.018661901354789734,0.047935910522937775,0.04757382720708847,0.01843866892158985,0.04958358779549599,0.04932013899087906,0.018428323790431023,0.018340714275836945,0.018545184284448624,0.02380327321588993,0.04891351982951164,0.018665282055735588,0.0182891134172678,0.029742835089564323,0.049671705812215805,0.0471951887011528,0.04962288588285446,0.04890656843781471,0.018325630575418472,0.04906182363629341,0.01833043247461319,0.018424641340970993,0.02033669874072075,0.049613550305366516,0.018436221405863762
2024-03-24,0.04964049905538559,0.049666568636894226,0.019168078899383545,0.04878716170787811,0.018393557518720627,0.018670596182346344,0.04808362200856209,0.04783652350306511,0.018494265154004097,0.04956768453121185,0.049278371036052704,0.01845064014196396,0.018359079957008362,0.018555305898189545,0.02195053920149803,0.04888684302568436,0.018656395375728607,0.0182985570281744,0.03152787685394287,0.0496867373585701,0.04734190180897713,0.04963468760251999,0.04872589185833931,0.018344946205615997,0.04905872419476509,0.018345315009355545,0.018461046740412712,0.02004808560013771,0.049625277519226074,0.018455173820257187
2024-03-25,0.049651771783828735,0.049674514681100845,0.019149068742990494,0.04857579618692398,0.018401945009827614,0.01867865025997162,0.04818905517458916,0.0480014942586422,0.018537797033786774,0.04954810068011284,0.04924018308520317,0.01846667379140854,0.01837105117738247,0.018559737130999565,0.02085900865495205,0.048869989812374115,0.018644770607352257,0.01830418035387993,0.03268975019454956,0.04969339445233345,0.0474524050951004,0.049639735370874405,0.04859905317425728,0.01835927553474903,0.04904840141534805,0.01835550181567669,0.01848665438592434,0.019853662699460983,0.04963048920035362,0.018467944115400314
2024-03-26,0.04988303780555725,0.049891434609889984,0.018735066056251526,0.04830944910645485,0.01849830336868763,0.018886417150497437,0.048960279673337936,0.04838830605149269,0.018724637106060982,0.04962858185172081,0.04930844157934189,0.01859462633728981,0.01850029267370701,0.018499035388231277,0.018817735835909843,0.04879365488886833,0.018747858703136444,0.018398534506559372,0.029133955016732216,0.04991612955927849,0.047955453395843506,0.04984722286462784,0.04885246604681015,0.018487773835659027,0.04887082800269127,0.018464166671037674,0.018570728600025177,0.021817563101649284,0.049869559705257416,0.018648426979780197
2024-03-27,0.049939434975385666,0.04996783658862114,0.018877508118748665,0.048101238906383514,0.018513165414333344,0.018922530114650726,0.048841606825590134,0.04824542999267578,0.01876295916736126,0.049716535955667496,0.049352046102285385,0.018634160980582237,0.018523523584008217,0.01858370378613472,0.018926626071333885,0.048913903534412384,0.018741576001048088,0.018418869003653526,0.029694814234972,0.04997543618083,0.04774254932999611,0.04991519823670387,0.04897230863571167,0.018506480380892754,0.04873467609286308,0.018486395478248596,0.018595069646835327,0.02077874168753624,0.049911193549633026,0.018704505637288094
2024-03-28,0.04957152530550957,0.04958677291870117,0.020395589992403984,0.04713890329003334,0.018370021134614944,0.018653811886906624,0.046449124813079834,0.047489430755376816,0.018561020493507385,0.0493914969265461,0.04881861433386803,0.018526291474699974,0.018356386572122574,0.021767817437648773,0.02744034118950367,0.04869983717799187,0.018666407093405724,0.018271837383508682,0.033161796629428864,0.04959147050976753,0.042684007436037064,0.049569934606552124,0.04848901182413101,0.01833730936050415,0.04820379987359047,0.018337460234761238,0.018563391640782356,0.018906448036432266,0.04946080967783928,0.01853925921022892
2024-03-29,0.04936128854751587,0.049392540007829666,0.020135510712862015,0.046369150280952454,0.018292982131242752,0.01866140030324459,0.04656233638525009,0.04736429825425148,0.018490996211767197,0.049223218113183975,0.048668790608644485,0.018447544425725937,0.018297551199793816,0.022337008267641068,0.02996770665049553,0.04857279360294342,0.018587276339530945,0.018201205879449844,0.03562556579709053,0.049404967576265335,0.04112877696752548,0.04936477169394493,0.04791701212525368,0.018262408673763275,0.04800097644329071,0.018259134143590927,0.01857670396566391,0.018738463521003723,0.04930375516414642,0.018483852967619896
2024-03-30,0.04945937171578407,0.04949433356523514,0.019855942577123642,0.04631105065345764,0.01832815632224083,0.01871560700237751,0.04710825905203819,0.04772718995809555,0.018583253026008606,0.04930336773395538,0.04881724715232849,0.01848253235220909,0.01834021508693695,0.020729543641209602,0.025897927582263947,0.04870438575744629,0.01859481818974018,0.01824059709906578,0.037278663367033005,0.04950331524014473,0.04305114597082138,0.04946211352944374,0.047772955149412155,0.018303735181689262,0.04828938469290733,0.01829707622528076,0.018637632951140404,0.018783273175358772,0.04942299798130989,0.018503816798329353
2024-03-31,0.04951737821102142,0.04954902082681656,0.019719721749424934,0.0463874526321888,0.018353525549173355,0.018740231171250343,0.04753272607922554,0.04794291779398918,0.018624119460582733,0.04934462159872055,0.04885898530483246,0.018496686592698097,0.018363412469625473,0.019796159118413925,0.023362092673778534,0.048744674772024155,0.018594874069094658,0.018262619152665138,0.03788929805159569,0.049557700753211975,0.04453454166650772,0.04951760917901993,0.04771815240383148,0.018330855295062065,0.04843674227595329,0.01832135021686554,0.01865849643945694,0.018845073878765106,0.04948445409536362,0.018514549359679222
2024-04-01,0.04954023286700249,0.049568891525268555,0.019590049982070923,0.04637713357806206,0.018366359174251556,0.018758485093712807,0.04785092547535896,0.04807344451546669,0.01864778809249401,0.04935586079955101,0.048858411610126495,0.018497975543141365,0.018373694270849228,0.019273430109024048,0.021823732182383537,0.048751022666692734,0.01858871430158615,0.018271928653120995,0.03833532705903053,0.04957817867398262,0.04554133862257004,0.04953865706920624,0.04764443635940552,0.01834440417587757,0.04851948842406273,0.01833302527666092,0.018667878583073616,0.018902672454714775,0.0495111458003521,0.01851533353328705
2024-04-02,0.04975830391049385,0.04977020248770714,0.018919946625828743,0.04734526574611664,0.018449602648615837,0.018964527174830437,0.04856608062982559,0.04854333773255348,0.018654759973287582,0.04954783245921135,0.049150511622428894,0.018575288355350494,0.018454624339938164,0.01866142638027668,0.019135741516947746,0.048740532249212265,0.018610898405313492,0.018347270786762238,0.034386854618787766,0.04977508634328842,0.0469934344291687,0.04973730444908142,0.04876561835408211,0.018426068127155304,0.04860854148864746,0.018416309729218483,0.018559711053967476,0.019816845655441284,0.04972356930375099,0.018594596534967422
2024-04-03,0.04970192536711693,0.04970191419124603,0.018672730773687363,0.0487988255918026,0.01844749227166176,0.018778381869196892,0.04911736771464348,0.04863470420241356,0.018801307305693626,0.04951990768313408,0.049424562603235245,0.018503202125430107,0.018512705340981483,0.018447231501340866,0.018468599766492844,0.04875202476978302,0.018588336184620857,0.018333548679947853,0.029199771583080292,0.04970923438668251,0.048538289964199066,0.0497208870947361,0.049036819487810135,0.018399057909846306,0.04859894886612892,0.018413817510008812,0.01846897415816784,0.022512922063469887,0.049580492079257965,0.01861603744328022
2024-04-04,0.04977351054549217,0.049792900681495667,0.01855131983757019,0.048399101942777634,0.018469838425517082,0.018780693411827087,0.04937417060136795,0.04836992174386978,0.018970757722854614,0.04958108067512512,0.049412354826927185,0.018515245988965034,0.018545987084507942,0.018428292125463486,0.01845315285027027,0.04830325022339821,0.018643105402588844,0.018367454409599304,0.02480056695640087,0.04982569441199303,0.04870814457535744,0.049816861748695374,0.04935401678085327,0.01843162439763546,0.04814130440354347,0.01844482123851776,0.0184558667242527,0.02686547487974167,0.049714695662260056,0.0187088456004858
2024-04-05,0.0496988371014595,0.04970664903521538,0.018473424017429352,0.045972924679517746,0.018451986834406853,0.018790850415825844,0.04943549633026123,0.044863853603601456,0.02005601115524769,0.04945686459541321,0.049393180757761,0.018495962023735046,0.018536046147346497,0.01837596297264099,0.018398957327008247,0.04834292083978653,0.01861308142542839,0.018338419497013092,0.020603986456990242,0.04973288252949715,0.04899805039167404,0.049736686050891876,0.04701096564531326,0.018421944230794907,0.04854194447398186,0.018424425274133682,0.018431464210152626,0.038330964744091034,0.04965929314494133,0.018706047907471657
2024-04-06,0.049587175250053406,0.04963075369596481,0.018532808870077133,0.04744426906108856,0.018401753157377243,0.018772905692458153,0.049350377172231674,0.043964583426713943,0.01981915533542633,0.04936034977436066,0.049264293164014816,0.01846580021083355,0.018522147089242935,0.018346024677157402,0.018365897238254547,0.048160187900066376,0.01853288523852825,0.01829642429947853,0.021017849445343018,0.0496375672519207,0.048722267150878906,0.04963686689734459,0.04773459583520889,0.018388107419013977,0.048376522958278656,0.018369469791650772,0.018369873985648155,0.03865615651011467,0.04952375590801239,0.01874910108745098
2024-04-07,0.04963569715619087,0.049663882702589035,0.01851365529000759,0.047240667045116425,0.018421154469251633,0.0187717005610466,0.04937997832894325,0.044761184602975845,0.02003670670092106,0.04942430555820465,0.04941250756382942,0.018483014777302742,0.018535343930125237,0.018369466066360474,0.01838936284184456,0.048328254371881485,0.018544133752584457,0.018318213522434235,0.021513160318136215,0.04968094080686569,0.04893583431839943,0.04969758540391922,0.04738510772585869,0.018396766856312752,0.04852650314569473,0.018402576446533203,0.01840050518512726,0.03655599057674408,0.04958226904273033,0.018693577498197556
2024-04-08,0.04967011138796806,0.04968512803316116,0.01852443255484104,0.04707131162285805,0.018429776653647423,0.018766559660434723,0.04939722642302513,0.045222602784633636,0.020134931430220604,0.04942653700709343,0.04943184554576874,0.01849299483001232,0.01853807456791401,0.018385009840130806,0.018402433022856712,0.04839910566806793,0.018567977473139763,0.018329476937651634,0.021900657564401627,0.04970564320683479,0.048885807394981384,0.0497213676571846,0.04731559380888939,0.018407922238111496,0.04856337606906891,0.018410691991448402,0.018419116735458374,0.03548746183514595,0.049606841057538986,0.01869988813996315
2024-04-09,0.049599554389715195,0.04960791766643524,0.018518544733524323,0.04796735569834709,0.01840406470000744,0.018723823130130768,0.0493289940059185,0.046846430748701096,0.019655345007777214,0.04934464767575264,0.04934360459446907,0.018456902354955673,0.018526272848248482,0.018363106995821,0.01837417483329773,0.048219695687294006,0.018531229346990585,0.018305866047739983,0.02486877329647541,0.04964405670762062,0.048746176064014435,0.049653179943561554,0.04802341014146805,0.01838306523859501,0.04850064590573311,0.018381964415311813,0.018396733328700066,0.03110276535153389,0.04953821748495102,0.018643507733941078
2024-04-10,0.049594298005104065,0.0495939627289772,0.018583927303552628,0.04757102206349373,0.018446722999215126,0.018780352547764778,0.04922669753432274,0.04699437692761421,0.01992238685488701,0.04932977259159088,0.049326710402965546,0.018482407554984093,0.018575072288513184,0.0184189286082983,0.018408507108688354,0.04812619462609291,0.018641209229826927,0.018317248672246933,0.026081660762429237,0.04965214058756828,0.048051174730062485,0.04963698238134384,0.04826294258236885,0.018397632986307144,0.04836157709360123,0.01840464025735855,0.018419358879327774,0.030225194990634918,0.049505364149808884,0.018661532551050186
2024-04-11,0.04962148517370224,0.049641162157058716,0.018596502020955086,0.04699363932013512,0.018458448350429535,0.018780188634991646,0.04925473779439926,0.04318956285715103,0.021543405950069427,0.049384087324142456,0.04945237189531326,0.018497880548238754,0.01863410510122776,0.018464146181941032,0.018421998247504234,0.04818166792392731,0.018651533871889114,0.018329186365008354,0.022452589124441147,0.04969264939427376,0.048156872391700745,0.049676887691020966,0.046550869941711426,0.018411433324217796,0.04845339059829712,0.018419718369841576,0.018408894538879395,0.0374007485806942,0.049506619572639465,0.018773145973682404
2024-04-12,0.049370888620615005,0.04938393086194992,0.01852281577885151,0.04802127182483673,0.018376756459474564,0.018832670524716377,0.04913583770394325,0.04534688964486122,0.019786972552537918,0.04906871169805527,0.04914078488945961,0.018449213355779648,0.018520459532737732,0.01835361123085022,0.01839529164135456,0.04777922108769417,0.018661590293049812,0.0182489063590765,0.021042542532086372,0.04945552349090576,0.04732760787010193,0.04942605644464493,0.04876707121729851,0.018340155482292175,0.04770047217607498,0.01835104636847973,0.018322905525565147,0.03973589465022087,0.049336988478899,0.018797865137457848
2024-04-13,0.04938775673508644,0.049111686646938324,0.018618958070874214,0.045730382204055786,0.01841105706989765,0.018629711121320724,0.04925404489040375,0.040944114327430725,0.02489880658686161,0.04872703179717064,0.049105338752269745,0.018380429595708847,0.01852869987487793,0.018338965252041817,0.018388919532299042,0.04712523892521858,0.01870950683951378,0.018239473924040794,0.019009854644536972,0.049425024539232254,0.04787624254822731,0.04936029762029648,0.046421315521001816,0.01833944581449032,0.0477091521024704,0.018312880769371986,0.01831957884132862,0.04605463147163391,0.04924318194389343,0.019398268312215805
2024-04-14,0.04943351447582245,0.04927704483270645,0.01862439326941967,0.04573776572942734,0.018419470638036728,0.018690332770347595,0.04927266389131546,0.04130793362855911,0.024049770087003708,0.04891771078109741,0.049120206385850906,0.01841299794614315,0.018535377457737923,0.01836448907852173,0.01840420998632908,0.04759267717599869,0.018760034814476967,0.018266716971993446,0.019453061744570732,0.049480754882097244,0.04781605675816536,0.04944135993719101,0.046233657747507095,0.018369557335972786,0.047904122620821,0.018348658457398415,0.018355267122387886,0.044818490743637085,0.049345020204782486,0.019246619194746017
2024-04-15,0.049512576311826706,0.04942358285188675,0.018648024648427963,0.04540322348475456,0.01844659261405468,0.018764229491353035,0.04931696876883507,0.04176323860883713,0.023397022858262062,0.0490700900554657,0.049190521240234375,0.01845848374068737,0.018558204174041748,0.018400289118289948,0.018438730388879776,0.04781157523393631,0.018793947994709015,0.018302783370018005,0.020076420158147812,0.04957902058959007,0.04788153991103172,0.04953230544924736,0.04607051983475685,0.0184056144207716,0.04803160950541496,0.018392318859696388,0.018402287736535072,0.0433625802397728,0.04944048449397087,0.019125226885080338
2024-04-16,0.050377123057842255,0.05038037896156311,0.019032100215554237,0.04156426340341568,0.01873859204351902,0.01909421943128109,0.050065699964761734,0.03645111247897148,0.025785038247704506,0.04997749254107475,0.050092052668333054,0.01879115216434002,0.018858693540096283,0.018749365583062172,0.018754806369543076,0.049058880656957626,0.019058654084801674,0.018612027168273926,0.01983623392879963,0.05045618489384651,0.04880945384502411,0.05041773244738579,0.037416063249111176,0.01872844621539116,0.049222372472286224,0.01871689036488533,0.018746377900242805,0.04456888511776924,0.05027938261628151,0.0193603727966547
2024-04-17,0.05072815343737602,0.05074848607182503,0.018987689167261124,0.035732701420784,0.018861163407564163,0.019254960119724274,0.05038128048181534,0.03561113029718399,0.02808874472975731,0.0503244586288929,0.05032319575548172,0.018903495743870735,0.018956374377012253,0.018835829570889473,0.018828056752681732,0.04923020303249359,0.019251806661486626,0.01873728819191456,0.01987546868622303,0.05080900713801384,0.04879336059093475,0.05071011558175087,0.03698418661952019,0.018849965184926987,0.04948614165186882,0.01882997900247574,0.018867280334234238,0.044909700751304626,0.050682201981544495,0.01941755786538124
2024-04-18,0.05012037977576256,0.050171203911304474,0.018718499690294266,0.03955451026558876,0.018634339794516563,0.018970951437950134,0.04983909800648689,0.04155778884887695,0.024475116282701492,0.04981487989425659,0.0497843474149704,0.0186650101095438,0.01872660592198372,0.01867576502263546,0.018620481714606285,0.04876503720879555,0.019083919003605843,0.01852184161543846,0.02097962610423565,0.05024782940745354,0.04733613505959511,0.050097957253456116,0.04414680227637291,0.018609387800097466,0.0489378347992897,0.018604231998324394,0.018645204603672028,0.040534183382987976,0.05015326663851738,0.019007759168744087
2024-04-19,0.0512256994843483,0.05126309394836426,0.019106460735201836,0.030821148306131363,0.0190406646579504,0.019329288974404335,0.050712503492832184,0.036674391478300095,0.029363436624407768,0.05090534687042236,0.05079249292612076,0.019055642187595367,0.019093910232186317,0.019078005105257034,0.01901148445904255,0.049938905984163284,0.019478673115372658,0.01891942322254181,0.020965471863746643,0.051325757056474686,0.048550646752119064,0.05119560286402702,0.03486466780304909,0.019013550132513046,0.05025478079915047,0.018997427076101303,0.019083593040704727,0.04134777933359146,0.05122748389840126,0.019362714141607285
2024-04-20,0.05229056254029274,0.05235494300723076,0.01954866759479046,0.026783285662531853,0.019451804459095,0.01965338923037052,0.05118468776345253,0.036661144345998764,0.03119654208421707,0.05197719857096672,0.05165974423289299,0.019461633637547493,0.01950172893702984,0.019555971026420593,0.01939978636801243,0.05109782516956329,0.019826920703053474,0.01931234821677208,0.023646118119359016,0.05238812044262886,0.04958142340183258,0.05226544290781021,0.028380772098898888,0.019431425258517265,0.05142815411090851,0.0193925853818655,0.019601792097091675,0.031018996611237526,0.052269041538238525,0.019677942618727684
2024-04-21,0.05192491039633751,0.051985010504722595,0.019390802830457687,0.030809752643108368,0.01931530237197876,0.01951969601213932,0.050769880414009094,0.040554530918598175,0.026347914710640907,0.05159981548786163,0.051248498260974884,0.01934204250574112,0.019367381930351257,0.019395476207137108,0.01925645023584366,0.05079951137304306,0.019675295799970627,0.019173752516508102,0.024430349469184875,0.05200721323490143,0.04951714351773262,0.051886752247810364,0.033611319959163666,0.019298261031508446,0.050931163132190704,0.019256988540291786,0.019452372565865517,0.02770225517451763,0.05190247297286987,0.01952768862247467
2024-04-22,0.05149932578206062,0.05154824256896973,0.01922192983329296,0.033782027661800385,0.019151389598846436,0.019351396709680557,0.0503658764064312,0.043875228613615036,0.023946763947606087,0.05113422870635986,0.050797466188669205,0.019193649291992188,0.019209420308470726,0.019216928631067276,0.019094407558441162,0.05039779841899872,0.019498974084854126,0.0190146341919899,0.025491423904895782,0.05156794562935829,0.04920721799135208,0.05145646259188652,0.03776994347572327,0.01913907751441002,0.05041521415114403,0.01909882202744484,0.019297325983643532,0.02543153427541256,0.0514700748026371,0.01935528591275215
2024-04-23,0.05035146325826645,0.05040695518255234,0.018942032009363174,0.041677672415971756,0.01875113695859909,0.018888922408223152,0.04902358725667,0.04748424515128136,0.020615607500076294,0.049967631697654724,0.049479421228170395,0.018778255209326744,0.01881268434226513,0.01887057162821293,0.018697332590818405,0.04931743070483208,0.019045202061533928,0.018603680655360222,0.035807523876428604,0.05044214800000191,0.04848316311836243,0.050344616174697876,0.042129289358854294,0.018735595047473907,0.049322523176670074,0.018689943477511406,0.018999576568603516,0.020110638812184334,0.050333332270383835,0.01888773962855339
2024-04-24,0.04984179139137268,0.04990728199481964,0.01865307055413723,0.04567203298211098,0.018550928682088852,0.01873415894806385,0.04864633083343506,0.048470254987478256,0.019180074334144592,0.04957831650972366,0.04914937540888786,0.01859852485358715,0.018594209104776382,0.018583310768008232,0.01850139908492565,0.048856474459171295,0.0187972579151392,0.018412524834275246,0.035626187920570374,0.049930769950151443,0.04831487685441971,0.0498495027422905,0.046823929995298386,0.018525805324316025,0.048722196370363235,0.018505601212382317,0.018739156424999237,0.019738081842660904,0.04983195662498474,0.018664686009287834
2024-04-25,0.04969644919037819,0.0497438982129097,0.01863028109073639,0.047061435878276825,0.018480125814676285,0.018679333850741386,0.04870250076055527,0.04861829802393913,0.018889471888542175,0.04942065104842186,0.049128446727991104,0.018555443733930588,0.01851598545908928,0.018507754430174828,0.018452176824212074,0.04892557114362717,0.018676914274692535,0.018348338082432747,0.0353182815015316,0.04974723607301712,0.04848460480570793,0.049685921519994736,0.047406911849975586,0.018470250070095062,0.048789069056510925,0.01844744384288788,0.018679363653063774,0.0196871105581522,0.04967192932963371,0.018578920513391495
2024-04-26,0.04985427111387253,0.04986906796693802,0.018916549161076546,0.04603354632854462,0.01854819804430008,0.01871827244758606,0.0488465391099453,0.0488504096865654,0.019248902797698975,0.04895278811454773,0.04894052818417549,0.018763797357678413,0.01862974278628826,0.018694909289479256,0.018573077395558357,0.049170199781656265,0.01889750175178051,0.018406780436635017,0.0341140441596508,0.049812402576208115,0.047630902379751205,0.04973962530493736,0.04767455905675888,0.018642572686076164,0.048856619745492935,0.018526164814829826,0.018929606303572655,0.019677327945828438,0.0498226061463356,0.018658500164747238
2024-04-27,0.04989447444677353,0.049929141998291016,0.018819063901901245,0.047139331698417664,0.018571747466921806,0.01888914778828621,0.048980291932821274,0.04882305487990379,0.018870634958148003,0.0493738129734993,0.04914170131087303,0.018763922154903412,0.018598435446619987,0.018669402226805687,0.01864401251077652,0.04908540099859238,0.018883738666772842,0.01842118799686432,0.030364077538251877,0.049893442541360855,0.047450508922338486,0.049808479845523834,0.049054283648729324,0.018604878336191177,0.048764828592538834,0.01854536682367325,0.018760886043310165,0.020693087950348854,0.04989869147539139,0.018662991002202034
2024-04-28,0.04986722394824028,0.049904964864254,0.018824871629476547,0.04702363908290863,0.01856323704123497,0.018885882571339607,0.04892806336283684,0.048825301229953766,0.01883932389318943,0.049385275691747665,0.049107350409030914,0.01874813809990883,0.01858403906226158,0.018675750121474266,0.018641019240021706,0.0490797683596611,0.01885911263525486,0.01841134764254093,0.031130192801356316,0.049870654940605164,0.04754606634378433,0.04978872835636139,0.04896541312336922,0.018589559942483902,0.04874012619256973,0.018534934148192406,0.01877056062221527,0.020382605493068695,0.049873337149620056,0.018653525039553642
2024-04-29,0.04984769597649574,0.049887776374816895,0.018834993243217468,0.046877965331077576,0.018558179959654808,0.01888890564441681,0.04888476803898811,0.04883618280291557,0.018813490867614746,0.0493941567838192,0.04907521232962608,0.01873900555074215,0.018572203814983368,0.01868453249335289,0.018643168732523918,0.04907745122909546,0.01884227991104126,0.018404249101877213,0.03173477202653885,0.0498536042869091,0.04760843887925148,0.04977317154407501,0.048905130475759506,0.018578888848423958,0.048720017075538635,0.018528131768107414,0.0187829677015543,0.02015036717057228,0.04985583946108818,0.0186464823782444
2024-04-30,0.050008345395326614,0.050057243555784225,0.018867366015911102,0.045908764004707336,0.018642788752913475,0.019003529101610184,0.04908851534128189,0.04906463250517845,0.018824061378836632,0.049521565437316895,0.04901813715696335,0.018808769062161446,0.018615733832120895,0.018685588613152504,0.01870911382138729,0.049252137541770935,0.019042883068323135,0.01847296766936779,0.029398128390312195,0.050039008259773254,0.04787692055106163,0.04989307373762131,0.04889505356550217,0.01866886019706726,0.04889438673853874,0.01860875077545643,0.018960950896143913,0.020380331203341484,0.05006662756204605,0.018725605681538582
2024-05-01,0.05032423511147499,0.05044136568903923,0.018780730664730072,0.04149676486849785,0.01872164197266102,0.018828533589839935,0.04965871572494507,0.04951605945825577,0.019630003720521927,0.04989258944988251,0.04934844374656677,0.018941428512334824,0.018748588860034943,0.01870023086667061,0.018733980134129524,0.04935033246874809,0.019080165773630142,0.018622541800141335,0.028890924528241158,0.05052068084478378,0.048861194401979446,0.05028367415070534,0.04728196561336517,0.018804801627993584,0.04925709217786789,0.01874890923500061,0.019098419696092606,0.020021503791213036,0.05047919973731041,0.01893525943160057
2024-05-02,0.05028348043560982,0.05053211748600006,0.018943745642900467,0.03528330847620964,0.018746931105852127,0.018799392506480217,0.049644965678453445,0.049355167895555496,0.020664386451244354,0.05005091801285744,0.04898914694786072,0.019017938524484634,0.018750065937638283,0.018739687278866768,0.018927672877907753,0.04888903349637985,0.019047893583774567,0.018664199858903885,0.03532426431775093,0.05067203938961029,0.04795970395207405,0.050436895340681076,0.047313760966062546,0.01881135255098343,0.04941065236926079,0.018812021240592003,0.019112534821033478,0.019292015582323074,0.05061794072389603,0.01890675537288189
2024-05-03,0.050135739147663116,0.05028407648205757,0.018984787166118622,0.040307752788066864,0.01867613196372986,0.018897242844104767,0.04943202808499336,0.04914524406194687,0.019249852746725082,0.049877673387527466,0.04891807958483696,0.018734002485871315,0.018652498722076416,0.01869892328977585,0.01869344711303711,0.04931790381669998,0.019119812175631523,0.018547210842370987,0.03336286544799805,0.050324730575084686,0.0487193800508976,0.050103843212127686,0.047672614455223083,0.018689513206481934,0.04898281767964363,0.01864287070930004,0.019126130267977715,0.019560586661100388,0.05030836910009384,0.018833983689546585
2024-05-04,0.050118882209062576,0.05024517700076103,0.019307684153318405,0.04347987473011017,0.01871207356452942,0.019222473725676537,0.04929996281862259,0.049571502953767776,0.01905808597803116,0.05000593885779381,0.049227628856897354,0.018719840794801712,0.018640583381056786,0.018693452700972557,0.01877724938094616,0.04938047006726265,0.019044578075408936,0.01852669194340706,0.0276993066072464,0.05024472996592522,0.0486711747944355,0.050106193870306015,0.048897478729486465,0.018645379692316055,0.04888724163174629,0.018633658066391945,0.018914109095931053,0.020113758742809296,0.05026575177907944,0.018888989463448524
2024-05-05,0.04995459318161011,0.05002002790570259,0.018964404240250587,0.04403845593333244,0.018588488921523094,0.018963053822517395,0.049480944871902466,0.04942089319229126,0.018792567774653435,0.049681250005960464,0.04901406913995743,0.018647586926817894,0.018555738031864166,0.018606014549732208,0.018669161945581436,0.049199171364307404,0.018934303894639015,0.018456025049090385,0.030516820028424263,0.050070323050022125,0.048829253762960434,0.04992455616593361,0.048849575221538544,0.01856439746916294,0.04868121072649956,0.01854940876364708,0.018879354000091553,0.020286353304982185,0.05008301883935928,0.0187789686024189
2024-05-06,0.04988635703921318,0.04995019733905792,0.01897364668548107,0.044483982026576996,0.018567193299531937,0.018961066380143166,0.04942215606570244,0.049327656626701355,0.018762465566396713,0.04960455745458603,0.0489211268723011,0.01862199231982231,0.01853078231215477,0.018554143607616425,0.018644653260707855,0.049102284014225006,0.018894361332058907,0.01843182183802128,0.03126205503940582,0.04999813809990883,0.04873444512486458,0.04985741153359413,0.04875792935490608,0.018549088388681412,0.048766911029815674,0.01852850243449211,0.01887299120426178,0.02029646933078766,0.050013281404972076,0.01872226409614086
2024-05-07,0.049709029495716095,0.04977138713002205,0.01916750892996788,0.0465407520532608,0.01851741597056389,0.01912550814449787,0.0491756945848465,0.049048926681280136,0.01858672872185707,0.049416352063417435,0.04872329533100128,0.018602890893816948,0.018467523157596588,0.01849389635026455,0.01873529888689518,0.0487850047647953,0.01876586675643921,0.018369589000940323,0.03165268152952194,0.04980894923210144,0.04829727113246918,0.049696460366249084,0.048952989280223846,0.018516164273023605,0.04871445894241333,0.018486477434635162,0.018783656880259514,0.02060551941394806,0.04983586445450783,0.018646780401468277
2024-05-08,0.04922311380505562,0.04932905361056328,0.020703183487057686,0.0471266470849514,0.018335111439228058,0.018658829852938652,0.04853877052664757,0.04873959347605705,0.01849549263715744,0.0489267036318779,0.04858444258570671,0.018448732793331146,0.01830444671213627,0.01847555674612522,0.018862061202526093,0.04876882582902908,0.018581708893179893,0.01820221170783043,0.03806846961379051,0.04934803023934364,0.04820740222930908,0.04925401508808136,0.04773842170834541,0.018360380083322525,0.048594094812870026,0.018310289829969406,0.018937785178422928,0.01902785897254944,0.04936521127820015,0.01848350651562214
2024-05-09,0.04907442256808281,0.049175526946783066,0.021862169727683067,0.04707423225045204,0.018285105004906654,0.01865803822875023,0.04831887409090996,0.04850834980607033,0.018443457782268524,0.0487641766667366,0.04840834438800812,0.01843133568763733,0.018257133662700653,0.01856672391295433,0.01979597844183445,0.04855387657880783,0.01850951462984085,0.01814783364534378,0.03894621506333351,0.04919319227337837,0.047794051468372345,0.049132052809000015,0.0476236417889595,0.018302349373698235,0.048458460718393326,0.018258947879076004,0.018901368603110313,0.01892109587788582,0.04921138659119606,0.018421966582536697
2024-05-10,0.04886095970869064,0.04893403500318527,0.02237219177186489,0.047016266733407974,0.01817070133984089,0.018585918471217155,0.048125576227903366,0.048236243426799774,0.018326368182897568,0.04856877028942108,0.048193786293268204,0.018324661999940872,0.01815374754369259,0.018449412658810616,0.022491421550512314,0.048345040529966354,0.01838328316807747,0.018057873472571373,0.04076195880770683,0.04896474629640579,0.047342270612716675,0.04891906678676605,0.04670347645878792,0.018189579248428345,0.048389121890068054,0.01814797706902027,0.018925543874502182,0.018786493688821793,0.048983365297317505,0.01829015091061592
2024-05-11,0.04849984124302864,0.04855404421687126,0.022699637338519096,0.04631046578288078,0.01803474687039852,0.018398961052298546,0.047264184802770615,0.04800993204116821,0.018137484788894653,0.04829896241426468,0.04789320379495621,0.01817532256245613,0.018001055344939232,0.018753377720713615,0.028837643563747406,0.0480346605181694,0.018266508355736732,0.017914554104208946,0.042459387332201004,0.048590920865535736,0.0461670458316803,0.048523128032684326,0.04603550583124161,0.01802004687488079,0.04811602458357811,0.017995469272136688,0.018961584195494652,0.018346942961215973,0.048598986119031906,0.018100449815392494
2024-05-12,0.04860863462090492,0.04865805432200432,0.022091984748840332,0.04620203748345375,0.018086027354002,0.018467476591467857,0.047361310571432114,0.04814500734210014,0.018179461359977722,0.048411618918180466,0.04797431454062462,0.018214719370007515,0.01804812252521515,0.018880683928728104,0.02742769755423069,0.04810924828052521,0.018316948786377907,0.01795610785484314,0.042645834386348724,0.04870019480586052,0.04608142375946045,0.04862504452466965,0.04628801718354225,0.018062638118863106,0.04819299653172493,0.018040472641587257,0.01897617056965828,0.01839742623269558,0.048708654940128326,0.018141569569706917
2024-05-13,0.04871998354792595,0.048765525221824646,0.021549995988607407,0.04613427072763443,0.01813519187271595,0.01853504218161106,0.04749893397092819,0.04827085882425308,0.018218761309981346,0.04852628335356712,0.04805337265133858,0.018252786248922348,0.018093233928084373,0.01892184279859066,0.025872671976685524,0.048179641366004944,0.018355606123805046,0.01799769327044487,0.042791545391082764,0.048811256885528564,0.046158939599990845,0.048732079565525055,0.046539172530174255,0.018105514347553253,0.04827464744448662,0.01808488368988037,0.018966378644108772,0.0184518750756979,0.0488203763961792,0.018181711435317993
2024-05-14,0.04881678894162178,0.04883388429880142,0.021723318845033646,0.04498770460486412,0.01818167231976986,0.018661029636859894,0.04754209518432617,0.04839764162898064,0.01824716106057167,0.048472411930561066,0.04808724671602249,0.018320102244615555,0.018151963129639626,0.018892765045166016,0.024849021807312965,0.048124879598617554,0.01836826093494892,0.018039679154753685,0.0432930514216423,0.0489003024995327,0.04620197415351868,0.04880638048052788,0.04658064991235733,0.018180621787905693,0.0484178327023983,0.01816171407699585,0.019098903983831406,0.01849948614835739,0.048929691314697266,0.018231727182865143
2024-05-15,0.04886979982256889,0.04888404533267021,0.02094811014831066,0.04587998986244202,0.018222259357571602,0.018974360078573227,0.04799787700176239,0.048461876809597015,0.018216094002127647,0.048619456589221954,0.047991812229156494,0.01836046203970909,0.018143653869628906,0.018724888563156128,0.024545663967728615,0.04806990548968315,0.018378466367721558,0.018050311133265495,0.04151957854628563,0.0489291287958622,0.04595726355910301,0.0488562174141407,0.04788404703140259,0.018179623410105705,0.0483439601957798,0.018163373693823814,0.01877559907734394,0.018861204385757446,0.04897439107298851,0.018216513097286224
2024-05-16,0.04743344709277153,0.04749519005417824,0.02578403241932392,0.04360618069767952,0.017743883654475212,0.01886492408812046,0.046091657131910324,0.04688863456249237,0.017704373225569725,0.04746253415942192,0.04676750302314758,0.017861075699329376,0.01760188303887844,0.02738690748810768,0.044831614941358566,0.046956583857536316,0.018119502812623978,0.01752769947052002,0.04275600612163544,0.047503482550382614,0.03539057821035385,0.04737548902630806,0.04696649685502052,0.017612740397453308,0.04661949723958969,0.017670737579464912,0.018713567405939102,0.018030157312750816,0.04755277559161186,0.017680831253528595
2024-05-17,0.04733239486813545,0.04737350717186928,0.03256817162036896,0.04313698783516884,0.017597109079360962,0.017978448420763016,0.04456925764679909,0.04653547704219818,0.017825748771429062,0.04720766469836235,0.04690251871943474,0.017762530595064163,0.01754819042980671,0.025549590587615967,0.04061038792133331,0.04699695482850075,0.017984570935368538,0.017483023926615715,0.044413451105356216,0.047338590025901794,0.040261875838041306,0.047230370342731476,0.04350284859538078,0.01763307861983776,0.046656928956508636,0.017657658085227013,0.0196433924138546,0.01759115792810917,0.04736650735139847,0.01774163357913494
2024-05-18,0.04785627871751785,0.04791296273469925,0.030454350635409355,0.044589750468730927,0.017790282145142555,0.018134035170078278,0.044408269226551056,0.046721771359443665,0.01787973754107952,0.04762323200702667,0.04733724519610405,0.01791858673095703,0.017774976789951324,0.02087707445025444,0.03344229981303215,0.047310326248407364,0.017976749688386917,0.017682891339063644,0.04609419405460358,0.04794863238930702,0.04427062347531319,0.047833401709795,0.0444483757019043,0.01783100701868534,0.04751363769173622,0.017815107479691505,0.018959658220410347,0.01776733808219433,0.04792860895395279,0.01789860986173153
2024-05-19,0.048221342265605927,0.04826422035694122,0.027386294677853584,0.044882986694574356,0.017942996695637703,0.01832519844174385,0.045405786484479904,0.047314830124378204,0.01797722838819027,0.047941796481609344,0.04756077006459236,0.018045060336589813,0.017921358346939087,0.019993718713521957,0.028679748997092247,0.04754652455449104,0.018079902976751328,0.017818044871091843,0.04643620550632477,0.048327602446079254,0.04512566700577736,0.04821092262864113,0.0456521101295948,0.017964014783501625,0.047946684062480927,0.01793738082051277,0.01886138878762722,0.017923293635249138,0.04831079766154289,0.017996111884713173
2024-05-20,0.048449598252773285,0.048485759645700455,0.02521258033812046,0.044935788959264755,0.01802782714366913,0.018449122086167336,0.04622969403862953,0.04775018244981766,0.01805475726723671,0.048151519149541855,0.047815434634685516,0.018137114122509956,0.0180088821798563,0.01958194002509117,0.025860395282506943,0.04770829156041145,0.018141770735383034,0.017900584265589714,0.046304281800985336,0.0485515333712101,0.04575357213616371,0.04843457415699959,0.04635471850633621,0.0180488470941782,0.04815327748656273,0.018025938421487808,0.01880555972456932,0.018042301759123802,0.048548366874456406,0.01807571016252041
2024-05-21,0.048756249248981476,0.048795346170663834,0.022646276280283928,0.04672766104340553,0.018134605139493942,0.01870146207511425,0.04673288017511368,0.04791324585676193,0.018112335354089737,0.04845356196165085,0.04832344129681587,0.01825813762843609,0.0181471798568964,0.018645329400897026,0.021738113835453987,0.04749246686697006,0.018190674483776093,0.01801440678536892,0.045103736221790314,0.04887530952692032,0.047289974987506866,0.048768915235996246,0.047644395381212234,0.018161803483963013,0.04836561530828476,0.018156738951802254,0.018410811200737953,0.018328676000237465,0.04887047037482262,0.018240217119455338
2024-05-22,0.04883142188191414,0.0488855205476284,0.02222200483083725,0.04715609923005104,0.018146179616451263,0.018684417009353638,0.047111622989177704,0.047799937427043915,0.018132662400603294,0.048474326729774475,0.04845081642270088,0.018275083974003792,0.01820145547389984,0.018463291227817535,0.019744446501135826,0.047575943171978,0.018190110102295876,0.018045876175165176,0.045423347502946854,0.04896976798772812,0.04796117916703224,0.04886946827173233,0.04758019372820854,0.018210196867585182,0.04837164655327797,0.018194373697042465,0.018382679671049118,0.018354685977101326,0.04896179959177971,0.018329394981265068
2024-05-23,0.04879104346036911,0.04884222149848938,0.023481834679841995,0.0472443625330925,0.01814698614180088,0.01879929192364216,0.04739204794168472,0.047634322196245193,0.01811390370130539,0.04835403338074684,0.048357490450143814,0.01830589957535267,0.01819886825978756,0.018613187596201897,0.01976526528596878,0.04741643741726875,0.018192263320088387,0.018032124266028404,0.04424132779240608,0.048925355076789856,0.04754938557744026,0.048805270344018936,0.04805455729365349,0.018247434869408607,0.0482739582657814,0.0182171817868948,0.01834113895893097,0.01841646060347557,0.0489150807261467,0.0183313749730587
2024-05-24,0.04925816133618355,0.04930921271443367,0.02050396054983139,0.048665937036275864,0.018332963809370995,0.01903100311756134,0.048391737043857574,0.04764633625745773,0.018295058980584145,0.048877596855163574,0.04876307398080826,0.018493086099624634,0.018371812999248505,0.018426677212119102,0.01883888803422451,0.04770796000957489,0.018399452790617943,0.018201040104031563,0.037606094032526016,0.049375470727682114,0.04813035577535629,0.04926948621869087,0.04879441484808922,0.01844092272222042,0.04841063916683197,0.01837814599275589,0.018394509330391884,0.01977415196597576,0.04934116080403328,0.01857059635221958
2024-05-25,0.0496232770383358,0.04965681582689285,0.019387949258089066,0.049301642924547195,0.018435662612318993,0.018948866054415703,0.04912436380982399,0.04842395707964897,0.018433772027492523,0.04921789467334747,0.04908169060945511,0.018614931032061577,0.018455352634191513,0.018414847552776337,0.018588384613394737,0.04857794940471649,0.018561290577054024,0.018314605578780174,0.029768647626042366,0.049681033939123154,0.0486040934920311,0.04961727187037468,0.049105167388916016,0.018538542091846466,0.048742085695266724,0.018440991640090942,0.018490221351385117,0.021555764600634575,0.04965689778327942,0.01863599196076393
2024-05-26,0.049616701900959015,0.04965253919363022,0.01936391368508339,0.04922224581241608,0.01843229867517948,0.018914060667157173,0.04911777004599571,0.04855132848024368,0.018459513783454895,0.04920046776533127,0.049083251506090164,0.01861625909805298,0.01845376193523407,0.018430113792419434,0.01857779547572136,0.048619844019412994,0.018565870821475983,0.018312394618988037,0.03024759143590927,0.04966997727751732,0.04845278337597847,0.04960809275507927,0.04907060042023659,0.01852964051067829,0.04878561571240425,0.01843182183802128,0.018500594422221184,0.021256277337670326,0.049648717045784,0.018608080223202705
2024-05-27,0.04961772635579109,0.04965607821941376,0.019316790625452995,0.04916051775217056,0.01843252032995224,0.018890727311372757,0.04911423474550247,0.04864029213786125,0.018494077026844025,0.049192216247320175,0.049093034118413925,0.01862516440451145,0.01845782995223999,0.018450239673256874,0.018566997721791267,0.04864627867937088,0.018571482971310616,0.01831309124827385,0.030536193400621414,0.04966617003083229,0.048311252146959305,0.04960952326655388,0.04905253276228905,0.01852322928607464,0.04879993945360184,0.01842617616057396,0.01850764825940132,0.02108910121023655,0.04964623227715492,0.018592767417430878
2024-05-28,0.049614422023296356,0.04965454712510109,0.019274016842246056,0.04909968376159668,0.018429264426231384,0.018871746957302094,0.04909615218639374,0.0486801452934742,0.01852446049451828,0.04917418211698532,0.04910869523882866,0.018630435690283775,0.018462782725691795,0.018467269837856293,0.01855948381125927,0.048659030348062515,0.018573027104139328,0.018312351778149605,0.03088637813925743,0.04965945705771446,0.0481758676469326,0.04960585758090019,0.04903244227170944,0.018516389653086662,0.048805952072143555,0.018421169370412827,0.018510418012738228,0.02097022347152233,0.04964112490415573,0.018583044409751892
2024-05-29,0.04956453666090965,0.04958297684788704,0.01858527958393097,0.04924134165048599,0.018376609310507774,0.018920639529824257,0.049325983971357346,0.048431385308504105,0.0185161754488945,0.048900917172431946,0.049197591841220856,0.0186281967908144,0.018440231680870056,0.01833055168390274,0.018425732851028442,0.04864262789487839,0.018640782684087753,0.01829230785369873,0.022486388683319092,0.04958629235625267,0.0480826236307621,0.04951859265565872,0.04924318566918373,0.018485205247998238,0.04870767891407013,0.01839064061641693,0.01842101663351059,0.030825497582554817,0.049619123339653015,0.018589874729514122
2024-05-30,0.049269899725914,0.049293458461761475,0.01849508099257946,0.049033135175704956,0.018286870792508125,0.018914945423603058,0.04915744811296463,0.04761512577533722,0.018541885539889336,0.048489466309547424,0.0489509217441082,0.018547508865594864,0.018380099907517433,0.0182203222066164,0.018313443288207054,0.0480797104537487,0.018631819635629654,0.018199028447270393,0.020419495180249214,0.049305494874715805,0.047805305570364,0.04924868792295456,0.049091070890426636,0.018391964957118034,0.04816298186779022,0.018305538222193718,0.018296489492058754,0.0386270135641098,0.04933502897620201,0.01859072782099247
2024-05-31,0.049437347799539566,0.04952971637248993,0.018649403005838394,0.04871565103530884,0.01834036037325859,0.018844055011868477,0.04915629327297211,0.044104207307100296,0.01876933127641678,0.04866872727870941,0.049232304096221924,0.018795933574438095,0.018431538715958595,0.01829986646771431,0.01845242641866207,0.048842187970876694,0.018677465617656708,0.018253497779369354,0.01886567659676075,0.04947337135672569,0.04795677214860916,0.04940928891301155,0.04760752618312836,0.01861051842570305,0.04899456724524498,0.018402833491563797,0.0184283759444952,0.04094831272959709,0.04952719062566757,0.018575245514512062
2024-06-01,0.049966126680374146,0.050017986446619034,0.018858950585126877,0.04872376471757889,0.018518220633268356,0.01893572323024273,0.049318015575408936,0.04831459000706673,0.01872405782341957,0.04923737421631813,0.049567632377147675,0.018931761384010315,0.018573828041553497,0.018524210900068283,0.018698787316679955,0.04925078898668289,0.01876116171479225,0.018431849777698517,0.021020306274294853,0.04995999485254288,0.047918953001499176,0.049929264932870865,0.04906080663204193,0.018706021830439568,0.04933210089802742,0.018555570393800735,0.018662812188267708,0.026818720623850822,0.05001133680343628,0.018669208511710167
2024-06-02,0.0500008761882782,0.05003766342997551,0.018912041559815407,0.048668503761291504,0.01852906495332718,0.018921097740530968,0.04933791980147362,0.04867220297455788,0.01876145973801613,0.04921203479170799,0.04956377297639847,0.01891055889427662,0.01858166791498661,0.018536249175667763,0.01869603432714939,0.049209143966436386,0.018780285492539406,0.018442930653691292,0.021564388647675514,0.04998231306672096,0.04784297198057175,0.04995664581656456,0.049261126667261124,0.018694423139095306,0.04928339272737503,0.018556896597146988,0.018661359325051308,0.025705229490995407,0.05003015697002411,0.018687553703784943
2024-06-03,0.0500185526907444,0.05005129799246788,0.01894535683095455,0.04858093708753586,0.018535904586315155,0.018905822187662125,0.049357820302248,0.048872776329517365,0.01879076659679413,0.04920392110943794,0.04955749213695526,0.018891727551817894,0.018586795777082443,0.01854735054075718,0.01869966834783554,0.049171820282936096,0.018799344077706337,0.01845058985054493,0.021951911970973015,0.050003644078969955,0.04780694842338562,0.04997307434678078,0.0493583120405674,0.018686728551983833,0.04923892766237259,0.018559260293841362,0.018665922805666924,0.025036411359906197,0.05004578083753586,0.018705151975154877
2024-06-04,0.0501553900539875,0.050180934369564056,0.01902887038886547,0.04825727269053459,0.018569719046354294,0.018945565447211266,0.04935421794652939,0.049421560019254684,0.018792806193232536,0.049455415457487106,0.04966946691274643,0.01889268308877945,0.018596120178699493,0.01868322119116783,0.018881579861044884,0.04915238916873932,0.018855327740311623,0.018496030941605568,0.02213232032954693,0.05015014484524727,0.04668067768216133,0.050119537860155106,0.04991254583001137,0.018656985834240913,0.049117498099803925,0.018592944368720055,0.01867726445198059,0.023653240874409676,0.05016811564564705,0.01875009946525097
2024-06-05,0.05034112185239792,0.050326354801654816,0.01889238879084587,0.047600843012332916,0.018606986850500107,0.01895025372505188,0.04929271712899208,0.04982610419392586,0.018826548010110855,0.049684733152389526,0.0497908741235733,0.018990501761436462,0.01861768588423729,0.019028322771191597,0.018963996320962906,0.04948918893933296,0.018898960202932358,0.018542969599366188,0.021202631294727325,0.050261665135622025,0.044759564101696014,0.050306882709264755,0.0501902736723423,0.018647348508238792,0.049378737807273865,0.018658651039004326,0.01873810775578022,0.02418736182153225,0.05028830096125603,0.018709959462285042
2024-06-06,0.05026989057660103,0.050232481211423874,0.01886787638068199,0.04755000025033951,0.01859535463154316,0.01903977431356907,0.049455855041742325,0.04972991347312927,0.018770623952150345,0.049840349704027176,0.049695201218128204,0.018997175619006157,0.01861666329205036,0.01893930695950985,0.01903635635972023,0.04937249422073364,0.018864039331674576,0.01851523481309414,0.021339070051908493,0.050192948430776596,0.04447780176997185,0.050223153084516525,0.05018867179751396,0.01861243136227131,0.049390457570552826,0.01866338588297367,0.018750866875052452,0.02483193203806877,0.050219133496284485,0.018721552565693855
2024-06-07,0.05027132108807564,0.0502648651599884,0.019181178882718086,0.047884851694107056,0.018601464107632637,0.019119860604405403,0.04930252954363823,0.049460139125585556,0.018747033551335335,0.04978355020284653,0.04958989843726158,0.01899084821343422,0.018605364486575127,0.01913558691740036,0.01944122463464737,0.04924609512090683,0.018848810344934464,0.018522603437304497,0.022499488666653633,0.050218380987644196,0.044355183839797974,0.05024763196706772,0.05019413307309151,0.018637826666235924,0.049283143132925034,0.01866413652896881,0.01871291920542717,0.023254547268152237,0.050234388560056686,0.018701044842600822
2024-06-08,0.049989763647317886,0.05004895105957985,0.021459011361002922,0.048428989946842194,0.01854557916522026,0.01921745017170906,0.04885029420256615,0.048597291111946106,0.0186160895973444,0.04961158707737923,0.049306128174066544,0.01894155703485012,0.01851705275475979,0.019062059000134468,0.02136310376226902,0.04863784462213516,0.018718188628554344,0.01843959651887417,0.023972388356924057,0.05001441016793251,0.04522199556231499,0.05001083016395569,0.049937598407268524,0.018611280247569084,0.04886239022016525,0.018581140786409378,0.018600638955831528,0.02117476798593998,0.04998388513922691,0.01867814175784588
2024-06-09,0.049992263317108154,0.05005701631307602,0.02125425450503826,0.04824024438858032,0.018555762246251106,0.019223874434828758,0.04890533164143562,0.04871831461787224,0.018632372841238976,0.04959786683320999,0.04929544776678085,0.01894611492753029,0.018527690321207047,0.01908930018544197,0.020991288125514984,0.04860391467809677,0.01872466690838337,0.018444446846842766,0.024463674053549767,0.05002511292695999,0.045366428792476654,0.050010330975055695,0.04993744194507599,0.018627120181918144,0.04886959120631218,0.018588310107588768,0.018613962456583977,0.021007105708122253,0.050001032650470734,0.01868969202041626
2024-06-10,0.0499861016869545,0.05005650967359543,0.02109885960817337,0.04805164411664009,0.01856067217886448,0.01923416182398796,0.04894258454442024,0.04879920184612274,0.018646709620952606,0.04958037659525871,0.04928874596953392,0.018947483971714973,0.01853351853787899,0.019105907529592514,0.02074209228157997,0.04856884479522705,0.018726710230112076,0.018445884808897972,0.02494111843407154,0.05002664402127266,0.04548470675945282,0.0500013642013073,0.04992818087339401,0.018635567277669907,0.048878442496061325,0.01858992874622345,0.018622690811753273,0.020870082080364227,0.05000874027609825,0.018696438521146774
2024-06-11,0.049962110817432404,0.05002420023083687,0.020853206515312195,0.047759778797626495,0.018564816564321518,0.01922820694744587,0.048869434744119644,0.048644330352544785,0.018679790198802948,0.04947984963655472,0.04905705899000168,0.018917594105005264,0.01854267716407776,0.01896294765174389,0.02073046565055847,0.048250943422317505,0.018729515373706818,0.01844109408557415,0.026784302666783333,0.05000462383031845,0.045656468719244,0.0499776266515255,0.049791861325502396,0.018648702651262283,0.04879913106560707,0.018578486517071724,0.018639422953128815,0.020731613039970398,0.049986280500888824,0.018703512847423553
2024-06-12,0.050141096115112305,0.050166308879852295,0.020547734573483467,0.04767494276165962,0.018679311498999596,0.019066298380494118,0.04918794333934784,0.04851503297686577,0.01890162192285061,0.049435339868068695,0.04894617944955826,0.01899113692343235,0.01861392892897129,0.018916016444563866,0.019436202943325043,0.04762858897447586,0.018827173858880997,0.018504807725548744,0.023965828120708466,0.05014725401997566,0.04642828181385994,0.05012719705700874,0.050078246742486954,0.018794436007738113,0.048449669033288956,0.01867605373263359,0.01863163709640503,0.023628102615475655,0.0500541590154171,0.018839431926608086
2024-06-13,0.050043266266584396,0.05003959685564041,0.01960228569805622,0.04747854545712471,0.018635982647538185,0.01913469098508358,0.049250196665525436,0.048176124691963196,0.018980244174599648,0.049220193177461624,0.048916030675172806,0.018946291878819466,0.01859241910278797,0.01875113695859909,0.019163018092513084,0.04706520214676857,0.01877659745514393,0.01847752369940281,0.024625113233923912,0.05004999041557312,0.046724870800971985,0.050042130053043365,0.04991289973258972,0.018744809553027153,0.04825768992304802,0.018637577071785927,0.01858999952673912,0.026348168030381203,0.04997880011796951,0.018838612362742424
2024-06-14,0.04991758614778519,0.04992987960577011,0.019172487780451775,0.04706157371401787,0.018569476902484894,0.018976502120494843,0.04921181872487068,0.04860788583755493,0.019238652661442757,0.049037788063287735,0.04920424148440361,0.01884574070572853,0.018570682033896446,0.018618866801261902,0.018841685727238655,0.047370750457048416,0.018745306879281998,0.01844046264886856,0.025407934561371803,0.049939487129449844,0.04751364514231682,0.0499173104763031,0.049719419330358505,0.018651623278856277,0.04861574247479439,0.01857903227210045,0.018561458215117455,0.02605442889034748,0.04992322623729706,0.018755227327346802
2024-06-15,0.04991335794329643,0.04992833361029625,0.019385607913136482,0.04739580675959587,0.018576519563794136,0.019043896347284317,0.04914968088269234,0.04872293397784233,0.019188715144991875,0.049053411930799484,0.049223270267248154,0.01886717602610588,0.01857793889939785,0.01870819926261902,0.01890522427856922,0.04741058126091957,0.01875183917582035,0.01843786984682083,0.026573501527309418,0.049930572509765625,0.046904128044843674,0.04987993463873863,0.04974626377224922,0.01866289973258972,0.04872962459921837,0.018577544018626213,0.018566306680440903,0.024527709931135178,0.04991614446043968,0.018745047971606255
2024-06-16,0.04991750419139862,0.04992879554629326,0.019450576975941658,0.047162044793367386,0.018577901646494865,0.019043538719415665,0.04914756864309311,0.048807960003614426,0.01919778622686863,0.049045760184526443,0.04919346049427986,0.018855199217796326,0.01857699826359749,0.018715327605605125,0.018906308338046074,0.04746248200535774,0.018752889707684517,0.01843951642513275,0.027264472097158432,0.04993554204702377,0.046957578510046005,0.0498831681907177,0.0496966578066349,0.018663113936781883,0.04877592250704765,0.01857653632760048,0.01858137547969818,0.023814408108592033,0.04992436617612839,0.018745245411992073
2024-06-17,0.049920424818992615,0.04992993548512459,0.019523125141859055,0.046967290341854095,0.01857975870370865,0.019048789516091347,0.049143340438604355,0.048868533223867416,0.01919601485133171,0.04903983324766159,0.049165207892656326,0.018849773332476616,0.018576685339212418,0.018723521381616592,0.0189144816249609,0.047503646463155746,0.018754765391349792,0.01844101771712303,0.02775971032679081,0.04994009807705879,0.04699454456567764,0.04988642781972885,0.04965519532561302,0.01866450347006321,0.04879944026470184,0.018577028065919876,0.01859472505748272,0.023302128538489342,0.04993139207363129,0.018748722970485687
2024-06-18,0.04971367493271828,0.049709469079971313,0.019855372607707977,0.047230321913957596,0.018501970916986465,0.01904119737446308,0.04908570274710655,0.048865653574466705,0.018918292596936226,0.048850350081920624,0.048901595175266266,0.01874464564025402,0.01849149726331234,0.018670814111828804,0.018945341929793358,0.04742131009697914,0.01862502470612526,0.018368754535913467,0.030913956463336945,0.049755748361349106,0.04732208698987961,0.04971788078546524,0.04932553321123123,0.018596943467855453,0.04877934232354164,0.018503369763493538,0.018548425287008286,0.022163523361086845,0.04976349696516991,0.018668700009584427
2024-06-19,0.0493808388710022,0.049403343349695206,0.02151978388428688,0.04772883653640747,0.018394440412521362,0.01905113458633423,0.04869595542550087,0.048593997955322266,0.018642738461494446,0.04864155128598213,0.04862096905708313,0.01866883784532547,0.01836680993437767,0.018681103363633156,0.019402531906962395,0.04744328185915947,0.01848381944000721,0.01825270801782608,0.03448864445090294,0.04944067820906639,0.047230057418346405,0.04941200092434883,0.048912882804870605,0.01849791407585144,0.04867205396294594,0.018395569175481796,0.01848980039358139,0.0204889178276062,0.04945235326886177,0.018546471372246742
2024-06-20,0.0493910014629364,0.04941482096910477,0.021566223353147507,0.04751388728618622,0.018401799723505974,0.01905958727002144,0.048690177500247955,0.04862505942583084,0.018666811287403107,0.048650339245796204,0.048613809049129486,0.018669920042157173,0.018372852355241776,0.018689440563321114,0.019323205575346947,0.0474659726023674,0.018493691459298134,0.018258022144436836,0.034676048904657364,0.0494527667760849,0.047255657613277435,0.04941994696855545,0.048881471157073975,0.018502451479434967,0.04866354167461395,0.018403036519885063,0.018507564440369606,0.020347628742456436,0.04946266487240791,0.018560655415058136
2024-06-21,0.04889077693223953,0.0489342100918293,0.02477000467479229,0.04682367667555809,0.01822931319475174,0.019067520275712013,0.04795046150684357,0.04770065099000931,0.0184396393597126,0.04841509088873863,0.04800528287887573,0.018450893461704254,0.01819438673555851,0.01861536130309105,0.021991640329360962,0.04681224003434181,0.0182869341224432,0.018080908805131912,0.04006671905517578,0.0489957332611084,0.04662203788757324,0.0489756315946579,0.04795229807496071,0.01828201301395893,0.048194557428359985,0.01822354830801487,0.01840038038790226,0.019275512546300888,0.04896257445216179,0.018390005454421043
2024-06-22,0.048161424696445465,0.048179078847169876,0.028508037328720093,0.04414259269833565,0.018015790730714798,0.01910233311355114,0.04684463515877724,0.047045741230249405,0.018247051164507866,0.047747980803251266,0.04689747467637062,0.018201788887381554,0.01792498491704464,0.020353667438030243,0.03254944086074829,0.04574704170227051,0.018041208386421204,0.01781405694782734,0.04367908462882042,0.04825979098677635,0.04297866299748421,0.04821459949016571,0.04711649939417839,0.01799096167087555,0.04724825918674469,0.01796329766511917,0.01835431158542633,0.018420638516545296,0.04818598926067352,0.01806364767253399
2024-06-23,0.048272810876369476,0.0482964962720871,0.028569482266902924,0.043771207332611084,0.018051965162158012,0.0191379114985466,0.04689423739910126,0.04723319038748741,0.01832600124180317,0.04787568002939224,0.0470014289021492,0.018258044496178627,0.017967132851481438,0.02002309262752533,0.030738256871700287,0.04590257629752159,0.018078021705150604,0.017856672406196594,0.04371735453605652,0.048368364572525024,0.043489135801792145,0.048334576189517975,0.047170717269182205,0.018035179004073143,0.04740302264690399,0.018004409968852997,0.01837381348013878,0.01841760240495205,0.04830368235707283,0.01812787726521492
2024-06-24,0.04842780530452728,0.04846267029643059,0.027986830100417137,0.043416984379291534,0.018099471926689148,0.019176295027136803,0.04700285941362381,0.04745472967624664,0.01841941848397255,0.04805155098438263,0.0471910797059536,0.01833280548453331,0.018026182428002357,0.019855773076415062,0.029059600085020065,0.04610058292746544,0.018134096637368202,0.01791568659245968,0.04340878501534462,0.04852555692195892,0.04380565509200096,0.048500608652830124,0.04734494909644127,0.018092473968863487,0.04759429022669792,0.018060754984617233,0.01839297078549862,0.0184769369661808,0.04847385361790657,0.018208717927336693
2024-06-25,0.04784173518419266,0.04788343235850334,0.031976960599422455,0.040913861244916916,0.01786516048014164,0.018703581765294075,0.04499925300478935,0.04680604115128517,0.018139323219656944,0.04750823229551315,0.04634946584701538,0.018109360709786415,0.017782755196094513,0.02339579164981842,0.03949199244379997,0.04609958082437515,0.017968961969017982,0.017687562853097916,0.04432128742337227,0.047919273376464844,0.039054036140441895,0.04788513481616974,0.04640977084636688,0.017847687005996704,0.04706209525465965,0.017811069265007973,0.018484238535165787,0.01789657585322857,0.04785991460084915,0.017925867810845375
2024-06-26,0.048980262130498886,0.04903259500861168,0.024349255487322807,0.044207002967596054,0.018280908465385437,0.019373344257473946,0.04762189835309982,0.047695308923721313,0.018454864621162415,0.048622433096170425,0.047830089926719666,0.018464727327227592,0.01818491891026497,0.02006063237786293,0.02670862339437008,0.04655149579048157,0.018356990069150925,0.018100447952747345,0.040094003081321716,0.04908103495836258,0.043823838233947754,0.048967961221933365,0.048463478684425354,0.01825304701924324,0.04744571074843407,0.018232589587569237,0.018478715792298317,0.01891438663005829,0.04899927228689194,0.01837017387151718
2024-06-27,0.04968397319316864,0.04970835894346237,0.021028028801083565,0.04516422376036644,0.01853465847671032,0.019528469070792198,0.04873618856072426,0.04839947447180748,0.018688982352614403,0.04913013055920601,0.04867275804281235,0.018688227981328964,0.018449053168296814,0.019656075164675713,0.020249297842383385,0.04687925800681114,0.018605155870318413,0.018354758620262146,0.03583111613988876,0.04976635426282883,0.0453706756234169,0.04960891976952553,0.04943429306149483,0.018542008474469185,0.04787523299455643,0.018520131707191467,0.01861134171485901,0.019973870366811752,0.04968075454235077,0.018628155812621117
2024-06-28,0.04978375509381294,0.04979490488767624,0.020121976733207703,0.04330875352025032,0.01855526864528656,0.019513072445988655,0.04916158691048622,0.0485289990901947,0.018768297508358955,0.049139443784952164,0.04864247143268585,0.018680892884731293,0.01851116307079792,0.019653379917144775,0.019677551463246346,0.04709102585911751,0.018682505935430527,0.018398238345980644,0.03760042041540146,0.04989946633577347,0.0451081283390522,0.04966698959469795,0.04938025772571564,0.018589086830615997,0.04801091179251671,0.01854671537876129,0.01868465542793274,0.019975660368800163,0.04985154792666435,0.018672730773687363
2024-06-29,0.05052001774311066,0.050954416394233704,0.021382641047239304,0.044957879930734634,0.018992360681295395,0.019583357498049736,0.04861894249916077,0.0372500903904438,0.02057606354355812,0.05078933387994766,0.050618212670087814,0.01892782375216484,0.018955303356051445,0.019007043913006783,0.019415240734815598,0.04926103726029396,0.01959872804582119,0.01877952553331852,0.02476324699819088,0.05095189809799194,0.046650439500808716,0.05028277635574341,0.04976150393486023,0.019027281552553177,0.04986678436398506,0.019075971096754074,0.018903320655226707,0.022395936772227287,0.05085541680455208,0.01927737519145012
2024-06-30,0.050480280071496964,0.05060521140694618,0.020305825397372246,0.04130635783076286,0.018791453912854195,0.019388407468795776,0.048685815185308456,0.04594794288277626,0.01946363039314747,0.05009355768561363,0.050066862255334854,0.018867185339331627,0.018824385479092598,0.0191226564347744,0.019232196733355522,0.04804065823554993,0.019132230430841446,0.01867816597223282,0.02926727570593357,0.05068814754486084,0.0463101826608181,0.05025641992688179,0.04976200684905052,0.018857445567846298,0.04943917691707611,0.01884712278842926,0.01881391741335392,0.020916441455483437,0.050613678991794586,0.019195297732949257
2024-07-01,0.05039728060364723,0.05043087527155876,0.019752107560634613,0.04012823849916458,0.01871407777070999,0.019277725368738174,0.04912944510579109,0.048395559191703796,0.019163573160767555,0.049709469079971313,0.049755096435546875,0.01886456459760666,0.01873912289738655,0.01937294565141201,0.019235506653785706,0.04782668128609657,0.019020089879631996,0.01862817257642746,0.0315186083316803,0.05055113881826401,0.04560268297791481,0.0502144992351532,0.04988747462630272,0.018784936517477036,0.049128469079732895,0.018756793811917305,0.018786951899528503,0.020646758377552032,0.05050957202911377,0.019071659073233604
2024-07-02,0.04996757581830025,0.0499870628118515,0.020829731598496437,0.04489406198263168,0.018543871119618416,0.019290177151560783,0.04859469458460808,0.04785687103867531,0.01870926283299923,0.04912593215703964,0.04940483346581459,0.018815133720636368,0.018582405522465706,0.01921004056930542,0.019860446453094482,0.048230450600385666,0.01881313882768154,0.018461111932992935,0.03165851905941963,0.05006544664502144,0.045336030423641205,0.0498875230550766,0.04976348206400871,0.01863524690270424,0.04859495162963867,0.018610358238220215,0.018634360283613205,0.020684996619820595,0.05006542056798935,0.018886897712945938
2024-07-03,0.04979485645890236,0.04984898865222931,0.020885828882455826,0.04779054969549179,0.01850808784365654,0.019377639517188072,0.048876743763685226,0.04723173752427101,0.018591513857245445,0.04914596304297447,0.04930899292230606,0.018756985664367676,0.01851586438715458,0.01893424615263939,0.01972223073244095,0.04819163680076599,0.01876015216112137,0.01840069890022278,0.029580488801002502,0.049907732754945755,0.045874617993831635,0.049741342663764954,0.04974406957626343,0.01857704669237137,0.048114560544490814,0.01854356937110424,0.018543589860200882,0.022065216675400734,0.049888454377651215,0.01877659372985363
2024-07-04,0.04982185736298561,0.04984620586037636,0.020601024851202965,0.04767204821109772,0.018498564139008522,0.019419539719820023,0.04890495911240578,0.047579217702150345,0.018570058047771454,0.04888813570141792,0.04930839687585831,0.01879453845322132,0.018553320318460464,0.01867871917784214,0.01934686303138733,0.04788553714752197,0.018722165375947952,0.018414508551359177,0.028367668390274048,0.04994205757975578,0.047278087586164474,0.04976750910282135,0.04967861995100975,0.018627172335982323,0.04841671139001846,0.01856442354619503,0.018534578382968903,0.022386761382222176,0.04995707795023918,0.01897367276251316
2024-07-05,0.049831800162792206,0.04984555020928383,0.020285535603761673,0.047430600970983505,0.01850527711212635,0.019434437155723572,0.04898253083229065,0.047854989767074585,0.018586860969662666,0.04885857552289963,0.04929254949092865,0.01879071444272995,0.018564777448773384,0.01867629773914814,0.019227920100092888,0.04772331938147545,0.01871967501938343,0.018420632928609848,0.028542660176753998,0.04995916411280632,0.0474194698035717,0.04977569729089737,0.04963251203298569,0.018634185194969177,0.048404913395643234,0.01856929250061512,0.018544355407357216,0.022504063323140144,0.04997510462999344,0.01900647021830082
2024-07-06,0.04974474012851715,0.04978519305586815,0.02095603197813034,0.04735616594552994,0.018459023907780647,0.019381023943424225,0.04874978959560394,0.04743527993559837,0.018527913838624954,0.04882362484931946,0.04937630891799927,0.018739128485322,0.0185464546084404,0.018824487924575806,0.01939651370048523,0.047458428889513016,0.01862243376672268,0.018390223383903503,0.03050929866731167,0.04990283399820328,0.047494854778051376,0.04968864843249321,0.04956704378128052,0.018599171191453934,0.048453912138938904,0.0185544416308403,0.01849394477903843,0.02118552476167679,0.04989996552467346,0.01907741278409958
2024-07-07,0.049801670014858246,0.049841128289699554,0.02074575051665306,0.04717259854078293,0.01848234422504902,0.01942642405629158,0.04883459582924843,0.04767937585711479,0.01855548284947872,0.048904333263635635,0.04938855022192001,0.018768278881907463,0.018557967618107796,0.01882166601717472,0.019350511953234673,0.04745706543326378,0.0186453927308321,0.018410062417387962,0.02980797551572323,0.049953870475292206,0.047535497695207596,0.0497497096657753,0.04961536079645157,0.01861794851720333,0.04847126081585884,0.01857256144285202,0.018517039716243744,0.021287133917212486,0.04995206370949745,0.019076494500041008
2024-07-08,0.04985089227557182,0.049892425537109375,0.02068239450454712,0.04701053351163864,0.01850222423672676,0.01946365088224411,0.04887925088405609,0.04786814749240875,0.01857960969209671,0.04898786172270775,0.04939534515142441,0.018795842304825783,0.01856546849012375,0.018841562792658806,0.019356301054358482,0.04749080166220665,0.018666571006178856,0.01842663064599037,0.029211241751909256,0.04999648407101631,0.04747031629085541,0.04980175942182541,0.04966595396399498,0.018633443862199783,0.04848937317728996,0.018587062135338783,0.01853712648153305,0.021288208663463593,0.049994587898254395,0.019068952649831772
2024-07-09,0.04967678338289261,0.04971515014767647,0.020812541246414185,0.0466943234205246,0.01843985728919506,0.01934579201042652,0.04851590469479561,0.04745926335453987,0.018513336777687073,0.04870052635669708,0.049287647008895874,0.018697625026106834,0.018536638468503952,0.018706869333982468,0.019232043996453285,0.04710175096988678,0.018578805029392242,0.01837366446852684,0.033260270953178406,0.04985994100570679,0.04813658073544502,0.049655403941869736,0.049204446375370026,0.018577545881271362,0.048337820917367935,0.018534056842327118,0.018498027697205544,0.020514031872153282,0.04985731095075607,0.01917610503733158
2024-07-10,0.049739573150873184,0.04976619407534599,0.020663732662796974,0.04798280820250511,0.01846097782254219,0.019437231123447418,0.04857473447918892,0.04688665270805359,0.01854281686246395,0.048749398440122604,0.04933032765984535,0.018745826557278633,0.01857602596282959,0.018775174394249916,0.019239651039242744,0.04750632122159004,0.01865868829190731,0.01839606836438179,0.029949016869068146,0.04990668594837189,0.048061612993478775,0.04975293576717377,0.049313608556985855,0.018569447100162506,0.04798828437924385,0.01856083981692791,0.01851501502096653,0.02209634520113468,0.0498993843793869,0.01935463771224022
2024-07-11,0.049145784229040146,0.049212727695703506,0.023247841745615005,0.046857792884111404,0.018270021304488182,0.019229721277952194,0.0478789322078228,0.04685947299003601,0.018371891230344772,0.04826880618929863,0.04879074543714523,0.018509404733777046,0.01838323287665844,0.018831947818398476,0.019572759047150612,0.04666050896048546,0.018383564427495003,0.018198831006884575,0.039906278252601624,0.049378179013729095,0.047521527856588364,0.0491633377969265,0.04839715734124184,0.0184161439538002,0.04798583313822746,0.01835635118186474,0.01837020181119442,0.019388845190405846,0.04936227947473526,0.01907992735505104
2024-07-12,0.04928202927112579,0.04929639399051666,0.02186143584549427,0.041313882917165756,0.018340732902288437,0.01868937350809574,0.04812868684530258,0.048344217240810394,0.018679767847061157,0.048234015703201294,0.04870231822133064,0.018442349508404732,0.018428396433591843,0.019004683941602707,0.019237224012613297,0.04700515791773796,0.018510038033127785,0.018259188160300255,0.046791139990091324,0.04953855648636818,0.04790669307112694,0.04929979518055916,0.045635439455509186,0.01847095973789692,0.048378705978393555,0.01840934343636036,0.018773525953292847,0.0186820849776268,0.04951515421271324,0.018838772550225258
2024-07-13,0.04954749718308449,0.04954436421394348,0.020438864827156067,0.04128839448094368,0.018419934436678886,0.01877373829483986,0.04801199585199356,0.048422880470752716,0.0189922247081995,0.04897656291723251,0.04845403507351875,0.018503442406654358,0.018452074378728867,0.019265921786427498,0.01929868385195732,0.04825018346309662,0.01858234778046608,0.018319303169846535,0.04752245545387268,0.049678605049848557,0.04702867940068245,0.04951214790344238,0.043209075927734375,0.01848495379090309,0.048673633486032486,0.018411977216601372,0.019048815593123436,0.01857713609933853,0.04965092986822128,0.018659107387065887
2024-07-14,0.049422211945056915,0.04943178594112396,0.020748324692249298,0.04150537773966789,0.01838671788573265,0.018793512135744095,0.04806932434439659,0.04831820726394653,0.018806837499141693,0.048853807151317596,0.048373688012361526,0.01846647821366787,0.018413543701171875,0.019104136154055595,0.019355738535523415,0.04794912040233612,0.018529005348682404,0.01828310638666153,0.04708798602223396,0.049592841416597366,0.04730527102947235,0.049419183284044266,0.04460286349058151,0.01844712346792221,0.04867172613739967,0.018380772322416306,0.01890130154788494,0.01858951337635517,0.049576036632061005,0.018614519387483597
2024-07-15,0.049359776079654694,0.049375928938388824,0.021039368584752083,0.04125947877764702,0.018376091495156288,0.01883583702147007,0.04813060536980629,0.0483524464070797,0.018736444413661957,0.04880915954709053,0.04833628237247467,0.018458228558301926,0.018391381949186325,0.019135788083076477,0.01953468844294548,0.0477721132338047,0.01851140335202217,0.01826607435941696,0.04666001722216606,0.049547769129276276,0.04729770869016647,0.049376290291547775,0.04539595916867256,0.018428634852170944,0.048634570091962814,0.01837218552827835,0.01885545253753662,0.01861622743308544,0.04953726753592491,0.018596816807985306
2024-07-16,0.049238625913858414,0.04927761107683182,0.020937776193022728,0.04433684051036835,0.018324684351682663,0.018704885616898537,0.04799256846308708,0.0479501336812973,0.01867045648396015,0.04880600795149803,0.04834407567977905,0.01840057596564293,0.018354084342718124,0.018953632563352585,0.02001267485320568,0.04778311401605606,0.018496902659535408,0.018221594393253326,0.045980047434568405,0.04943913593888283,0.047328539192676544,0.049323663115501404,0.04465024545788765,0.018353892490267754,0.0483611635863781,0.01831101067364216,0.018739277496933937,0.018709251657128334,0.04940355196595192,0.018593953922390938
2024-07-17,0.04884307086467743,0.048864852637052536,0.022651109844446182,0.04333535581827164,0.018123503774404526,0.018509728834033012,0.0475904680788517,0.048169925808906555,0.018599877133965492,0.04860900714993477,0.048005182296037674,0.018275264650583267,0.018099157139658928,0.02008214220404625,0.026354897767305374,0.04829365387558937,0.01830044575035572,0.01802971586585045,0.04607691988348961,0.04887524992227554,0.045708756893873215,0.04887524992227554,0.04296209290623665,0.01813291385769844,0.047880690544843674,0.01811269484460354,0.019188741222023964,0.01826818846166134,0.04890237748622894,0.018278764560818672
2024-07-18,0.04840638116002083,0.04841003939509392,0.02564316615462303,0.039749957621097565,0.01791859231889248,0.01808554120361805,0.04453100264072418,0.04778094217181206,0.018622756004333496,0.04813520982861519,0.04752413555979729,0.018061630427837372,0.017911456525325775,0.029064467176795006,0.038635216653347015,0.048153821378946304,0.018155110999941826,0.01784510165452957,0.04770568013191223,0.04837125539779663,0.03804583474993706,0.04839415103197098,0.035631850361824036,0.017933784052729607,0.047846343368291855,0.017907122150063515,0.021315112709999084,0.017877455800771713,0.04835514351725578,0.01798173226416111
2024-07-19,0.04993453621864319,0.04996882751584053,0.020106898620724678,0.041274599730968475,0.018486415967345238,0.018640754744410515,0.04570476710796356,0.04876019433140755,0.019121309742331505,0.04965640977025032,0.04889834672212601,0.018599627539515495,0.018522948026657104,0.02191944792866707,0.024410342797636986,0.04964037612080574,0.01874718815088272,0.018416987732052803,0.04851137474179268,0.04996330663561821,0.04125118628144264,0.049905646592378616,0.035312216728925705,0.018515005707740784,0.049412138760089874,0.018467998132109642,0.020928330719470978,0.0184729415923357,0.049889370799064636,0.018560608848929405
2024-07-20,0.049754831939935684,0.049789536744356155,0.02019253745675087,0.038289785385131836,0.018479138612747192,0.01860021986067295,0.047817789018154144,0.049196623265743256,0.019381435588002205,0.049123845994472504,0.04896293208003044,0.018574222922325134,0.018535694107413292,0.021387461572885513,0.01936379075050354,0.04898131638765335,0.018642321228981018,0.018392205238342285,0.04788443446159363,0.04988964647054672,0.04719898849725723,0.04977068677544594,0.03869478404521942,0.01854204386472702,0.049286168068647385,0.01848132163286209,0.019808845594525337,0.01849403977394104,0.04984293133020401,0.018640408292412758
2024-07-21,0.049708571285009384,0.04972660541534424,0.02002209611237049,0.038991011679172516,0.018463343381881714,0.01858695223927498,0.04811274632811546,0.04922572523355484,0.019322950392961502,0.04905722290277481,0.04889293760061264,0.01855529099702835,0.01850677654147148,0.020898448303341866,0.019204292446374893,0.04895894601941109,0.018630849197506905,0.018371639773249626,0.047409284859895706,0.04982826113700867,0.047315459698438644,0.04972391948103905,0.03963887691497803,0.018520046025514603,0.04925054684281349,0.018459394574165344,0.01972237229347229,0.0184997096657753,0.04979319125413895,0.01860257238149643
2024-07-22,0.049650147557258606,0.049654316157102585,0.019900323823094368,0.039719752967357635,0.01844119280576706,0.018570033833384514,0.04825521633028984,0.04921805113554001,0.0192573182284832,0.04898187890648842,0.04883205145597458,0.018534425646066666,0.018474381417036057,0.020607098937034607,0.01909380778670311,0.048916950821876526,0.018611803650856018,0.018345849588513374,0.04684068262577057,0.04975306987762451,0.047272928059101105,0.049663905054330826,0.04091888293623924,0.018491318449378014,0.0491778627038002,0.018432144075632095,0.019583912566304207,0.01850723661482334,0.049727510660886765,0.018565885722637177
2024-07-23,0.04939824342727661,0.04945730045437813,0.020442450419068336,0.04347473010420799,0.018372293561697006,0.018504347652196884,0.048449404537677765,0.04876651242375374,0.019310565665364265,0.04894833266735077,0.04863045737147331,0.01841586083173752,0.018397891893982887,0.019060607999563217,0.018677612766623497,0.04856036975979805,0.018521765246987343,0.01827840507030487,0.04678872600197792,0.04959169775247574,0.04837493598461151,0.04950648546218872,0.0407617911696434,0.018404517322778702,0.048844631761312485,0.018349435180425644,0.019049104303121567,0.018540380522608757,0.04953760653734207,0.018583500757813454
2024-07-24,0.049474913626909256,0.04957208409905434,0.019481606781482697,0.0436648353934288,0.018393252044916153,0.018491754308342934,0.048488568514585495,0.04882175102829933,0.01923232711851597,0.04911232367157936,0.048997849225997925,0.018438469618558884,0.018444331362843513,0.018773257732391357,0.018543120473623276,0.04867906495928764,0.018563641235232353,0.018309861421585083,0.04550627991557121,0.04969728738069534,0.048929937183856964,0.04959062859416008,0.04130008444190025,0.018414128571748734,0.048813097178936005,0.01837930828332901,0.01889830455183983,0.01867089606821537,0.04964715987443924,0.01866982877254486
2024-07-25,0.05075111985206604,0.05096999928355217,0.01974986307322979,0.036659371107816696,0.018934305757284164,0.01896337978541851,0.04967692866921425,0.04641705006361008,0.02340662106871605,0.05055738613009453,0.05022191256284714,0.018930375576019287,0.01897600293159485,0.01945548504590988,0.01897578127682209,0.05013781413435936,0.019276315346360207,0.018827063962817192,0.04355309158563614,0.05111087113618851,0.05024215579032898,0.05093621090054512,0.025657206773757935,0.0189480222761631,0.050290796905756,0.01888447441160679,0.01965218037366867,0.01956486515700817,0.05102992057800293,0.01924341730773449
2024-07-26,0.05018192529678345,0.05019000917673111,0.02041398175060749,0.03760664165019989,0.018814943730831146,0.018823478370904922,0.04791837930679321,0.04728810116648674,0.026385536417365074,0.0499274805188179,0.049367453902959824,0.018786441534757614,0.018791882321238518,0.02107967995107174,0.019226863980293274,0.04928167909383774,0.0194969791918993,0.01862022653222084,0.04654066264629364,0.05042974278330803,0.04762823134660721,0.050315942615270615,0.02763473056256771,0.018752964213490486,0.04912711679935455,0.018703196197748184,0.019403258338570595,0.019748423248529434,0.05029592290520668,0.01921810768544674
2024-07-27,0.05082247778773308,0.05085574463009834,0.020289815962314606,0.027763474732637405,0.01901930943131447,0.018938612192869186,0.04822128266096115,0.049035150557756424,0.02940811961889267,0.050920404493808746,0.05032500997185707,0.01891462132334709,0.018912604078650475,0.020699117332696915,0.019501997157931328,0.05050129070878029,0.020659906789660454,0.01882133260369301,0.04492945596575737,0.05097659304738045,0.04829426482319832,0.0508122593164444,0.023028885945677757,0.018903516232967377,0.04987771436572075,0.018922818824648857,0.020778920501470566,0.01969158463180065,0.050870150327682495,0.019303549081087112
2024-07-28,0.05028710141777992,0.050281915813684464,0.019777024164795876,0.03434872627258301,0.018809305503964424,0.018817171454429626,0.04893558844923973,0.04933032765984535,0.02482343465089798,0.050170350819826126,0.04967459291219711,0.018739886581897736,0.018721938133239746,0.019866889342665672,0.019196974113583565,0.049824465066194534,0.019631527364253998,0.018632173538208008,0.04705680534243584,0.05045901983976364,0.047658734023571014,0.05027063563466072,0.028731802478432655,0.018728619441390038,0.04927310347557068,0.018733849748969078,0.020172223448753357,0.01960880123078823,0.050463564693927765,0.018973413854837418
2024-07-29,0.04982643947005272,0.049786526709795,0.019569439813494682,0.039108823984861374,0.018625380471348763,0.018668511882424355,0.04867000877857208,0.04936379939317703,0.021548867225646973,0.04947677254676819,0.049151595681905746,0.01858263462781906,0.01857271045446396,0.019280221313238144,0.01891249418258667,0.04912238568067551,0.019162273034453392,0.018458658829331398,0.04668568819761276,0.05000392720103264,0.04762260243296623,0.049828801304101944,0.03627004846930504,0.018564827740192413,0.04890180006623268,0.018550971522927284,0.019621973857283592,0.01929542049765587,0.050005968660116196,0.018760470673441887
2024-07-30,0.04994723200798035,0.049938227981328964,0.01931760460138321,0.03566062077879906,0.018658239394426346,0.018725290894508362,0.04902564361691475,0.049670588225126266,0.02079559490084648,0.04957427829504013,0.048985354602336884,0.018623454496264458,0.018611790612339973,0.019415397197008133,0.018894188106060028,0.049234770238399506,0.01918622851371765,0.018494322896003723,0.04647045210003853,0.050116196274757385,0.04715298116207123,0.049900662153959274,0.03955373540520668,0.01861431822180748,0.04901450499892235,0.018589874729514122,0.019855922088027,0.01909261755645275,0.05014215037226677,0.018737802281975746
2024-07-31,0.04984655603766441,0.050127968192100525,0.01873740926384926,0.04351676255464554,0.01863063871860504,0.018686186522245407,0.049146298319101334,0.04734735190868378,0.020440882071852684,0.04958806931972504,0.04904058203101158,0.01861247979104519,0.018687790259718895,0.018763689324259758,0.018689142540097237,0.048713214695453644,0.019246680662035942,0.018521733582019806,0.03874759003520012,0.050288330763578415,0.046967197209596634,0.05011285841464996,0.04105653241276741,0.01861819438636303,0.0490061491727829,0.018592145293951035,0.018838198855519295,0.022375375032424927,0.050244275480508804,0.018809746950864792
2024-08-01,0.05006064847111702,0.05016019567847252,0.01867121085524559,0.043924544006586075,0.01861223392188549,0.018823646008968353,0.04922168701887131,0.04799175262451172,0.019167155027389526,0.04975119233131409,0.04898406192660332,0.018636712804436684,0.01865379698574543,0.01866532675921917,0.018911028280854225,0.04881135746836662,0.019116679206490517,0.01851991005241871,0.03213612362742424,0.05028417706489563,0.04637206345796585,0.05017279461026192,0.04625861346721649,0.018599290400743484,0.04879840090870857,0.018584124743938446,0.018794771283864975,0.024283353239297867,0.0502689965069294,0.018764132633805275
2024-08-02,0.049906786531209946,0.04997815936803818,0.01871338300406933,0.039831358939409256,0.018563471734523773,0.0187392495572567,0.04950777813792229,0.04919645935297012,0.019714809954166412,0.049438465386629105,0.04898157715797424,0.018583232536911964,0.01858396828174591,0.018721232190728188,0.01858622208237648,0.04846406728029251,0.018862485885620117,0.01846209354698658,0.03890460729598999,0.050117287784814835,0.047479480504989624,0.049948643893003464,0.04611225426197052,0.018572507426142693,0.0491718128323555,0.018534965813159943,0.018797677010297775,0.02075258269906044,0.050104714930057526,0.018668614327907562
2024-08-03,0.04977380484342575,0.04978075623512268,0.018964434042572975,0.038329847157001495,0.01847817935049534,0.018561437726020813,0.049201786518096924,0.049247317016124725,0.022273700684309006,0.04888155311346054,0.04898251220583916,0.018531857058405876,0.01855573244392872,0.01885411888360977,0.018495017662644386,0.048133734613657,0.01865564100444317,0.0183913242071867,0.04409957304596901,0.04989619925618172,0.047781772911548615,0.04975180700421333,0.04373735934495926,0.01852833852171898,0.04914025589823723,0.018457671627402306,0.018757466226816177,0.019281288608908653,0.04984009638428688,0.018635408952832222
2024-08-04,0.049805786460638046,0.049818817526102066,0.01895490102469921,0.0388166680932045,0.018477655947208405,0.018574202433228493,0.04923872649669647,0.049311891198158264,0.02144797146320343,0.048928238451480865,0.04899751767516136,0.018547089770436287,0.018552670255303383,0.018892593681812286,0.018508905544877052,0.04828893393278122,0.018660949543118477,0.018395960330963135,0.04287654161453247,0.04991341009736061,0.04780179634690285,0.04978704825043678,0.04480510577559471,0.018529314547777176,0.04908715561032295,0.01845918782055378,0.018760986626148224,0.01923936977982521,0.04987437650561333,0.018646176904439926
2024-08-05,0.0497610904276371,0.049774348735809326,0.01899728924036026,0.039901066571474075,0.01844945177435875,0.018555836752057076,0.04918958619236946,0.049340855330228806,0.02082923613488674,0.048890694975852966,0.04900037869811058,0.018535364419221878,0.01852056011557579,0.01885908842086792,0.018501443788409233,0.048378076404333115,0.01862310618162155,0.018372798338532448,0.042121466249227524,0.049851492047309875,0.04784127324819565,0.049741726368665695,0.04563812166452408,0.018505629152059555,0.04903083294630051,0.018434302881360054,0.018735405057668686,0.01917184703052044,0.049823954701423645,0.01862362213432789
2024-08-06,0.050904884934425354,0.050938598811626434,0.019661668688058853,0.0262786652892828,0.018894465640187263,0.018935248255729675,0.05030684545636177,0.046514373272657394,0.0377398245036602,0.05008292570710182,0.05029091238975525,0.018917372450232506,0.018961504101753235,0.019113874062895775,0.01888158917427063,0.049088772386312485,0.01912008225917816,0.018809335306286812,0.03580327704548836,0.051040660589933395,0.04955395683646202,0.05088738724589348,0.029865121468901634,0.0189374890178442,0.05036557465791702,0.0188614409416914,0.01909923367202282,0.02204706519842148,0.05092528834939003,0.019172584637999535
2024-08-07,0.05017605796456337,0.05019763484597206,0.019061921164393425,0.036027323454618454,0.018588820472359657,0.018657132983207703,0.04968614876270294,0.04918457195162773,0.024470316246151924,0.049372270703315735,0.04955581948161125,0.01865137368440628,0.018650315701961517,0.018749184906482697,0.01858232170343399,0.04873774200677872,0.01879674568772316,0.018520954996347427,0.037646956741809845,0.05026666447520256,0.048988644033670425,0.05013841390609741,0.042894817888736725,0.0186363086104393,0.0494479201734066,0.018568191677331924,0.018786141648888588,0.01992334984242916,0.05021262541413307,0.01882331445813179
2024-08-08,0.049888428300619125,0.04988681897521019,0.018805373460054398,0.04157654568552971,0.018444476649165154,0.018512461334466934,0.049539342522621155,0.04957795888185501,0.021112749353051186,0.049138929694890976,0.049482475966215134,0.01854315958917141,0.018507570028305054,0.01852586679160595,0.01844027265906334,0.04898001626133919,0.018598301336169243,0.01839170977473259,0.03526356443762779,0.049912095069885254,0.04912056773900986,0.04984883591532707,0.04707638546824455,0.01848754473030567,0.04920806363224983,0.018436934798955917,0.018626732751727104,0.019549472257494926,0.04988541081547737,0.018631888553500175
2024-08-09,0.049788303673267365,0.04980308189988136,0.018814176321029663,0.04224391281604767,0.01840512454509735,0.01849948614835739,0.04937012493610382,0.04951930046081543,0.019955655559897423,0.04922875761985779,0.04936383292078972,0.018504304811358452,0.018452515825629234,0.018523594364523888,0.018423132598400116,0.04892401769757271,0.018533173948526382,0.018353452906012535,0.037079233676195145,0.04982050880789757,0.04885758087038994,0.04976813122630119,0.047718074172735214,0.018440622836351395,0.04910906404256821,0.018399318680167198,0.018599066883325577,0.01914183795452118,0.049799446016550064,0.018561137840151787
2024-08-10,0.04973907768726349,0.049761153757572174,0.01880938932299614,0.042947910726070404,0.018396349623799324,0.018537521362304688,0.049347154796123505,0.049479786306619644,0.0194767527282238,0.04922584444284439,0.049277741461992264,0.018505146726965904,0.018443509936332703,0.018495570868253708,0.01842407137155533,0.048824284225702286,0.018509516492486,0.01834024302661419,0.03724897652864456,0.04978165030479431,0.04885736480355263,0.049730218946933746,0.04785849526524544,0.018433673307299614,0.04899308457970619,0.01839299686253071,0.01860053278505802,0.019225863739848137,0.04976871982216835,0.018567364662885666
2024-08-11,0.04974471777677536,0.04976457729935646,0.01882893033325672,0.04321439191699028,0.018400266766548157,0.018558427691459656,0.04935064539313316,0.049484219402074814,0.019390909001231194,0.04921000823378563,0.04926842078566551,0.01851840876042843,0.01844886690378189,0.018499746918678284,0.018435737118124962,0.04881630465388298,0.018511595204472542,0.018342582508921623,0.036809977144002914,0.04978315159678459,0.04880297929048538,0.04973571375012398,0.04800188168883324,0.018440518528223038,0.04898051545023918,0.018398746848106384,0.018605656921863556,0.019305305555462837,0.04977351799607277,0.018573300912976265
2024-08-12,0.04975081980228424,0.04977172613143921,0.018845729529857635,0.04340140521526337,0.018406013026833534,0.01858477294445038,0.049354564398527145,0.049481987953186035,0.0193190760910511,0.049204789102077484,0.04925619438290596,0.018532557412981987,0.01845651865005493,0.01850714720785618,0.018450962379574776,0.048801060765981674,0.01851768232882023,0.018346449360251427,0.036435723304748535,0.04978957399725914,0.04873557388782501,0.049743641167879105,0.048110075294971466,0.018448902294039726,0.04895540326833725,0.018406428396701813,0.018615243956446648,0.01940290629863739,0.049782853573560715,0.01858428306877613
2024-08-13,0.04989028349518776,0.04990929365158081,0.01876700669527054,0.043165333569049835,0.0184550229460001,0.01866913214325905,0.04950929805636406,0.049645524471998215,0.019127076491713524,0.04936053976416588,0.049383483827114105,0.018590962514281273,0.018504612147808075,0.018548619002103806,0.01851491816341877,0.048899874091148376,0.018570734187960625,0.018396412953734398,0.033775635063648224,0.04992782324552536,0.04872193560004234,0.049878720194101334,0.048761289566755295,0.01849619299173355,0.04898294433951378,0.018461154773831367,0.01864122971892357,0.0198746956884861,0.04993116110563278,0.018639039248228073
2024-08-14,0.050046104937791824,0.05007259547710419,0.018762266263365746,0.04292174056172371,0.018510036170482635,0.018850143998861313,0.049599260091781616,0.049766603857278824,0.018934668973088264,0.0496777780354023,0.04954668506979942,0.01866335980594158,0.018530869856476784,0.018625447526574135,0.01863240823149681,0.04890468716621399,0.01861567050218582,0.018448898568749428,0.03125981613993645,0.05007883161306381,0.04803892970085144,0.050027769058942795,0.049609970301389694,0.018537936732172966,0.04904385283589363,0.01851692609488964,0.018629740923643112,0.02041582018136978,0.05008380860090256,0.01864727959036827
2024-08-15,0.04993654415011406,0.0499604158103466,0.01875339448451996,0.04305694252252579,0.01847698912024498,0.018861524760723114,0.04939241334795952,0.049674831330776215,0.018802190199494362,0.04957428574562073,0.049363695085048676,0.01863056607544422,0.018487747758626938,0.01858842372894287,0.018611980602145195,0.048714883625507355,0.018564874306321144,0.01840970478951931,0.03375351056456566,0.04996900260448456,0.04805823415517807,0.04991581290960312,0.04938143864274025,0.018508030101656914,0.048995938152074814,0.018480703234672546,0.018618019297719002,0.019876753911376,0.049976896494627,0.01860433630645275
2024-08-16,0.04927312210202217,0.04930054396390915,0.020958423614501953,0.04548998549580574,0.018262291327118874,0.018875285983085632,0.04821723327040672,0.048733457922935486,0.018465556204319,0.04888130724430084,0.048453979194164276,0.0184754841029644,0.01825072430074215,0.018637582659721375,0.02104208618402481,0.04792119190096855,0.01833411492407322,0.01817687414586544,0.040719155222177505,0.049310099333524704,0.04631008580327034,0.04928852617740631,0.048382680863142014,0.018307674676179886,0.04856861010193825,0.018258435651659966,0.018521184101700783,0.01888873055577278,0.04931662231683731,0.01837902143597603
2024-08-17,0.04931941628456116,0.04934772476553917,0.020942578092217445,0.04541771858930588,0.018292399123311043,0.018981745466589928,0.048256222158670425,0.048776838928461075,0.01845010370016098,0.0489315539598465,0.04845566675066948,0.018517717719078064,0.01827235147356987,0.018683981150388718,0.022058773785829544,0.04782632738351822,0.018370522186160088,0.018197551369667053,0.03884631022810936,0.04936239495873451,0.04607497528195381,0.04934144392609596,0.0486382320523262,0.018328746780753136,0.04856797680258751,0.018289096653461456,0.018527837470173836,0.019146157428622246,0.04937482625246048,0.018402719870209694
2024-08-18,0.04942446947097778,0.04945385083556175,0.020478172227740288,0.04531227797269821,0.018337668851017952,0.018971137702465057,0.04842415079474449,0.04892204329371452,0.01849198527634144,0.04901905730366707,0.0485520176589489,0.018553664907813072,0.018314877524971962,0.01869041845202446,0.021073168143630028,0.047945521771907806,0.01841752417385578,0.018238021060824394,0.03809480741620064,0.049470510333776474,0.04645858332514763,0.04944600537419319,0.04875634238123894,0.018375622108578682,0.048685941845178604,0.018336310982704163,0.018567441031336784,0.019265547394752502,0.04948575422167778,0.018437042832374573
2024-08-19,0.049502234905958176,0.049533721059560776,0.020111098885536194,0.04535752534866333,0.018367569893598557,0.018961133435368538,0.04856090620160103,0.049032580107450485,0.018518900498747826,0.049090590327978134,0.048654183745384216,0.018580006435513496,0.018344834446907043,0.018694618716835976,0.02040283940732479,0.04804251343011856,0.018448006361722946,0.018266990780830383,0.037292320281267166,0.0495503693819046,0.046754807233810425,0.049521226435899734,0.04888089373707771,0.01840813457965851,0.04876095429062843,0.018368693068623543,0.018582817167043686,0.01937832497060299,0.04956692084670067,0.018464230000972748
2024-08-20,0.04954761266708374,0.04957747459411621,0.019935885444283485,0.044832393527030945,0.01838148757815361,0.018948866054415703,0.04846261814236641,0.049046482890844345,0.01851211115717888,0.0491468645632267,0.04856765642762184,0.018577365204691887,0.018352841958403587,0.018839893862605095,0.02067294530570507,0.04810059815645218,0.018476786091923714,0.01828155480325222,0.03806397691369057,0.04959701746702194,0.04624508321285248,0.04955549165606499,0.04879281297326088,0.01842508092522621,0.04884490370750427,0.01837635599076748,0.018648890778422356,0.019116489216685295,0.04961257800459862,0.018459923565387726
2024-08-21,0.04947083070874214,0.04951074719429016,0.01991838961839676,0.044815946370363235,0.018353722989559174,0.01884625293314457,0.048265453428030014,0.04898323491215706,0.018488124012947083,0.04911293461918831,0.04853785037994385,0.018539713695645332,0.018326016142964363,0.01910383440554142,0.020181287080049515,0.048179950565099716,0.018436208367347717,0.018252549692988396,0.04001713544130325,0.049522366374731064,0.046019021421670914,0.049473244696855545,0.048687659204006195,0.01840176060795784,0.04881573095917702,0.0183494184166193,0.018642693758010864,0.018800565972924232,0.04952898249030113,0.018418358638882637
2024-08-22,0.04924881458282471,0.049282923340797424,0.020363803952932358,0.04459169879555702,0.018267108127474785,0.018742648884654045,0.048080526292324066,0.04873725399374962,0.018450327217578888,0.048888541758060455,0.04835272952914238,0.018450850620865822,0.01824890449643135,0.019713647663593292,0.02163148671388626,0.04801826551556587,0.01833968050777912,0.01817215420305729,0.04232047125697136,0.049301497638225555,0.045086514204740524,0.0492691732943058,0.04829937219619751,0.018310854211449623,0.048646219074726105,0.018266810104250908,0.018623316660523415,0.018657229840755463,0.049304474145174026,0.018332742154598236
2024-08-23,0.049249738454818726,0.04927326366305351,0.020494986325502396,0.04443143308162689,0.01827673800289631,0.018698960542678833,0.04815017059445381,0.04885321483016014,0.018478374928236008,0.04887627437710762,0.048348527401685715,0.01842513680458069,0.01825086399912834,0.019127514213323593,0.020609689876437187,0.04799879342317581,0.018342990428209305,0.018174201250076294,0.04273972287774086,0.04930227994918823,0.04641183465719223,0.049269430339336395,0.048022013157606125,0.018310219049453735,0.04869536682963371,0.01826709508895874,0.01865209825336933,0.018621979281306267,0.049304865300655365,0.01834225095808506
2024-08-24,0.04909892380237579,0.04911793768405914,0.021300116553902626,0.04356088489294052,0.018208205699920654,0.018608836457133293,0.04784439131617546,0.04871835187077522,0.018382135778665543,0.04875935986638069,0.04810786619782448,0.01834346354007721,0.018175601959228516,0.01959126628935337,0.02280307374894619,0.04793829098343849,0.01827709935605526,0.018112409859895706,0.04398936405777931,0.049147024750709534,0.04551910609006882,0.049116671085357666,0.047741517424583435,0.01823538914322853,0.04863680899143219,0.018194343894720078,0.018681878224015236,0.018390094861388206,0.049149543046951294,0.018249977380037308
2024-08-25,0.04921763762831688,0.04923902451992035,0.020768841728568077,0.04357297345995903,0.0182450320571661,0.01862039789557457,0.048008229583501816,0.048879560083150864,0.01840835250914097,0.0488753616809845,0.04826865345239639,0.018387321382761,0.018213793635368347,0.01932119019329548,0.0215931199491024,0.048064395785331726,0.01830950565636158,0.018152356147766113,0.04330531507730484,0.049260418862104416,0.046121351420879364,0.049227625131607056,0.04804041236639023,0.01827589049935341,0.04874179884791374,0.01823330484330654,0.018657375127077103,0.01843826286494732,0.04926547780632973,0.01828698068857193
2024-08-26,0.04929580166935921,0.04931851103901863,0.020451584830880165,0.043665554374456406,0.018268993124365807,0.018643006682395935,0.04813788831233978,0.04898553341627121,0.01841966062784195,0.048950351774692535,0.04838012531399727,0.018421541899442673,0.01824025996029377,0.019210966303944588,0.02108716033399105,0.04813762754201889,0.01833203062415123,0.01817871630191803,0.042409058660268784,0.04933493956923485,0.046379633247852325,0.04930056631565094,0.04831482470035553,0.018302373588085175,0.04879186674952507,0.018259936943650246,0.018632180988788605,0.018492041155695915,0.049342475831508636,0.018314886838197708
2024-08-27,0.04908082261681557,0.04909540340304375,0.020699642598628998,0.04210294038057327,0.018188923597335815,0.01846257783472538,0.04728444665670395,0.04882805049419403,0.018346212804317474,0.04870900511741638,0.04807116091251373,0.018344324082136154,0.018165478482842445,0.021555716171860695,0.02457330748438835,0.04811263084411621,0.01827586628496647,0.01809731312096119,0.04449618607759476,0.04911258816719055,0.04419912025332451,0.04907261207699776,0.04772123694419861,0.018217947334051132,0.048593077808618546,0.018172578886151314,0.0188213512301445,0.018255285918712616,0.04912237450480461,0.01822175458073616
2024-08-28,0.049274373799562454,0.04929076135158539,0.020153554156422615,0.04219554364681244,0.01825188659131527,0.018536359071731567,0.04768849164247513,0.04903911054134369,0.01840805821120739,0.04886430874466896,0.04827798530459404,0.018450168892741203,0.018237970769405365,0.01989087089896202,0.02272036485373974,0.04825025424361229,0.018322179093956947,0.01816610060632229,0.043466705828905106,0.049298059195280075,0.04605896770954132,0.04926617071032524,0.047863319516181946,0.018295207992196083,0.0487268827855587,0.018243232741951942,0.018796099349856377,0.018349943682551384,0.04931297525763512,0.018304070457816124
2024-08-29,0.049299661070108414,0.04930975288152695,0.0203445702791214,0.04114023968577385,0.01826820895075798,0.01853656768798828,0.047651711851358414,0.04912514239549637,0.018454240635037422,0.04885701462626457,0.048276521265506744,0.018458161503076553,0.018251551315188408,0.020210126414895058,0.021471314132213593,0.04821601137518883,0.018316421657800674,0.018176300451159477,0.044711481779813766,0.049318697303533554,0.04650947451591492,0.049293022602796555,0.047688767313957214,0.018309423699975014,0.048733361065387726,0.01825670525431633,0.018846124410629272,0.018312139436602592,0.04933347553014755,0.018323801457881927
2024-08-30,0.04884729161858559,0.048863597214221954,0.0225068312138319,0.04229780286550522,0.018105797469615936,0.018416522070765495,0.04696270450949669,0.048650193959474564,0.018258636817336082,0.048455964773893356,0.047908782958984375,0.018312765285372734,0.018081407994031906,0.02074277028441429,0.025749120861291885,0.047806937247514725,0.01815439760684967,0.01801207661628723,0.04469292238354683,0.04887109249830246,0.04541018605232239,0.048853933811187744,0.047626834362745285,0.01813778467476368,0.04831494763493538,0.01809348538517952,0.01867675967514515,0.018145021051168442,0.04888206347823143,0.018161334097385406
2024-08-31,0.048727162182331085,0.04875335842370987,0.022237271070480347,0.04241492599248886,0.018049215897917747,0.018284810706973076,0.046411044895648956,0.04847295209765434,0.018197307363152504,0.04843294620513916,0.04788010194897652,0.018212037160992622,0.018029486760497093,0.022995853796601295,0.027279261499643326,0.04801448434591293,0.018136855214834213,0.01796501688659191,0.04484628513455391,0.04875773936510086,0.04377732425928116,0.04873502627015114,0.047395575791597366,0.0180648323148489,0.04820132255554199,0.01803428679704666,0.018772413954138756,0.018064571544528008,0.04875743389129639,0.01809913106262684
2024-09-01,0.0489116795361042,0.04894324019551277,0.021645916625857353,0.043316908180713654,0.01811317913234234,0.01838582381606102,0.04693930223584175,0.048627372831106186,0.01825069449841976,0.048630665987730026,0.04809621721506119,0.018278848379850388,0.018098585307598114,0.021241657435894012,0.025200679898262024,0.048156142234802246,0.01819693297147751,0.018033836036920547,0.04402398318052292,0.04894842579960823,0.0447528138756752,0.048925191164016724,0.04769919440150261,0.01813313364982605,0.04833695665001869,0.018103156238794327,0.018706735223531723,0.01817290298640728,0.048947639763355255,0.018182141706347466
2024-09-02,0.04906103014945984,0.04909592121839523,0.02113484777510166,0.04387550428509712,0.018166065216064453,0.0184633731842041,0.04738224297761917,0.04876771196722984,0.018304551020264626,0.04877740517258644,0.04826732724905014,0.01833510585129261,0.018156560137867928,0.02015121653676033,0.023230135440826416,0.048252709209918976,0.018242457881569862,0.018089842051267624,0.043394412845373154,0.04910213500261307,0.04570849984884262,0.04907862842082977,0.04786108806729317,0.018191644921898842,0.04845469072461128,0.018159911036491394,0.01867538131773472,0.018267076462507248,0.04910161718726158,0.01825096271932125
2024-09-03,0.0491768941283226,0.04921350255608559,0.020683469250798225,0.04427983611822128,0.01820618286728859,0.01852046325802803,0.04773595184087753,0.04887646436691284,0.018347449600696564,0.04888802766799927,0.04839669167995453,0.018375393003225327,0.01820072904229164,0.019473057240247726,0.02178160287439823,0.04831581562757492,0.018276499584317207,0.018133016303181648,0.04274766147136688,0.049221109598875046,0.04647517576813698,0.049197643995285034,0.04796504229307175,0.018236655741930008,0.04854590445756912,0.018202953040599823,0.0186490286141634,0.018352000042796135,0.0492209866642952,0.01830480247735977
2024-09-04,0.04915587976574898,0.04918628931045532,0.021565845236182213,0.044131141155958176,0.01822032406926155,0.01834484562277794,0.04773388057947159,0.048858750611543655,0.018432768061757088,0.04882511869072914,0.04821356385946274,0.018334873020648956,0.01819918490946293,0.02118859253823757,0.01920676790177822,0.048135869204998016,0.018259024247527122,0.018122676759958267,0.04356558993458748,0.049203041940927505,0.04705172777175903,0.049166902899742126,0.04772982746362686,0.018277300521731377,0.048372965306043625,0.018209056928753853,0.018589185550808907,0.01823081262409687,0.04914932698011398,0.01833879016339779
2024-09-05,0.04916051775217056,0.04921017214655876,0.021437814459204674,0.04406004771590233,0.018208499997854233,0.018295785412192345,0.04780586436390877,0.048858147114515305,0.01868278719484806,0.04879605025053024,0.0484451986849308,0.01831967756152153,0.018218565732240677,0.020347153767943382,0.018757276237010956,0.04830460995435715,0.0182680394500494,0.01813049055635929,0.04461032897233963,0.04922427982091904,0.04750378429889679,0.04918660223484039,0.046793341636657715,0.01826874352991581,0.048552848398685455,0.018200576305389404,0.018625371158123016,0.018221646547317505,0.049169011414051056,0.018336748704314232
2024-09-06,0.049224723130464554,0.04926815629005432,0.022352119907736778,0.04462793469429016,0.018246082589030266,0.018306875601410866,0.04823882505297661,0.048833973705768585,0.01876262202858925,0.048802632838487625,0.04833902046084404,0.018337443470954895,0.018250830471515656,0.019890712574124336,0.0187264084815979,0.04799667373299599,0.018304666504263878,0.01815548911690712,0.041869133710861206,0.0492975153028965,0.047853417694568634,0.049263548105955124,0.047709871083498,0.018310965970158577,0.04836779087781906,0.018233204260468483,0.018469296395778656,0.018323486670851707,0.049221448600292206,0.018415110185742378
2024-09-07,0.04927343502640724,0.04932839423418045,0.020991511642932892,0.043978963047266006,0.01825854927301407,0.01831449195742607,0.04838612675666809,0.048878103494644165,0.019321290776133537,0.04873095452785492,0.04853331297636032,0.0183592326939106,0.018317824229598045,0.019746944308280945,0.018528275191783905,0.04808958247303963,0.018334994092583656,0.018181966617703438,0.0430285818874836,0.049359459429979324,0.047948770225048065,0.04932708293199539,0.04714842513203621,0.018320852890610695,0.04844684898853302,0.018249258399009705,0.018497660756111145,0.01837971806526184,0.049290984869003296,0.018448403105139732
2024-09-08,0.049308452755212784,0.0493655800819397,0.02043754979968071,0.04377684369683266,0.018264157697558403,0.018326949328184128,0.048457808792591095,0.048952367156744,0.019354721531271935,0.04877099394798279,0.04863106086850166,0.01836680993437767,0.01833328604698181,0.01955055631697178,0.018495680764317513,0.048222772777080536,0.01834471896290779,0.018194809556007385,0.04314117506146431,0.049393653869628906,0.04801859334111214,0.04936354607343674,0.047131650149822235,0.018320655450224876,0.048513010144233704,0.01825704425573349,0.018517347052693367,0.01840093731880188,0.04933904856443405,0.018448133021593094
2024-09-09,0.04933440685272217,0.049393802881240845,0.02005704492330551,0.043638382107019424,0.018268968909978867,0.018338611349463463,0.04849971830844879,0.04901254549622536,0.01935685984790325,0.04880716651678085,0.048710230737924576,0.01837424375116825,0.018345413729548454,0.019402967765927315,0.01847485639154911,0.048327118158340454,0.018352646380662918,0.01820434257388115,0.04315218701958656,0.04941853880882263,0.04805556684732437,0.04938944801688194,0.047163113951683044,0.018320871517062187,0.048563774675130844,0.018263429403305054,0.01853339374065399,0.018418772146105766,0.049374476075172424,0.01844719424843788
2024-09-10,0.049297768622636795,0.04933934658765793,0.019792458042502403,0.04486367851495743,0.018240375444293022,0.018315421417355537,0.04868551343679428,0.04903972148895264,0.019105393439531326,0.04880155622959137,0.04876866191625595,0.018328513950109482,0.018300140276551247,0.018778106197714806,0.018396684899926186,0.048510219901800156,0.018311696127057076,0.01818579062819481,0.04340047016739845,0.04937059059739113,0.048558495938777924,0.04935343191027641,0.04629095643758774,0.018287042155861855,0.0487024188041687,0.018238984048366547,0.018544379621744156,0.01843760907649994,0.04933827742934227,0.01841631531715393
2024-09-11,0.049194224178791046,0.04921566694974899,0.019604431465268135,0.044816259294748306,0.018197275698184967,0.01829192228615284,0.04845927655696869,0.048860445618629456,0.019239146262407303,0.04880707338452339,0.04870825260877609,0.018272196874022484,0.01826644130051136,0.01933998614549637,0.01843375340104103,0.04832256957888603,0.018245024606585503,0.01814238540828228,0.04574870318174362,0.04925335943698883,0.04796630144119263,0.0492369681596756,0.04604416340589523,0.018227312713861465,0.04848743975162506,0.018193818628787994,0.018455317243933678,0.018390750512480736,0.04919043555855751,0.018389057368040085
2024-09-12,0.04917877912521362,0.04919523373246193,0.019261913374066353,0.04713353142142296,0.01818382553756237,0.018299749121069908,0.048695553094148636,0.048820026218891144,0.01870112493634224,0.04889723286032677,0.04877786338329315,0.01826872117817402,0.018221652135252953,0.018958143889904022,0.018424324691295624,0.048200640827417374,0.018239475786685944,0.018122820183634758,0.04314667731523514,0.0492074154317379,0.04761625826358795,0.04919680207967758,0.048184171319007874,0.018218429759144783,0.04812922701239586,0.01818932220339775,0.01832222007215023,0.0187216829508543,0.04912048578262329,0.018366800621151924
2024-09-13,0.04909954592585564,0.04912127926945686,0.019364487379789352,0.04734893888235092,0.018167147412896156,0.018352091312408447,0.048685941845178604,0.04862801358103752,0.018440362066030502,0.0489073283970356,0.048594001680612564,0.018240366131067276,0.018182771280407906,0.018938465043902397,0.018755989149212837,0.04796835407614708,0.018207544460892677,0.018095673993229866,0.04444181174039841,0.04914107918739319,0.04714173451066017,0.04913020879030228,0.04822724685072899,0.018195489421486855,0.04797667637467384,0.018172554671764374,0.018306497484445572,0.018800772726535797,0.04905996471643448,0.01830766536295414
2024-09-14,0.049134597182273865,0.049149397760629654,0.019490886479616165,0.04660061374306679,0.01819736137986183,0.01835174858570099,0.04855123162269592,0.04849404841661453,0.018410202115774155,0.04898138716816902,0.048301149159669876,0.018228068947792053,0.01819540187716484,0.020106399431824684,0.019475100561976433,0.04770920053124428,0.01822773739695549,0.01810900680720806,0.04560874029994011,0.04918409511446953,0.04589111730456352,0.04917334392666817,0.04786647483706474,0.018213607370853424,0.0477605015039444,0.018200552091002464,0.01837785728275776,0.01862710528075695,0.04906260594725609,0.018320389091968536
2024-09-15,0.04915808513760567,0.04917830228805542,0.01934024877846241,0.04622926563024521,0.018200548365712166,0.01838097907602787,0.04859918728470802,0.04864275082945824,0.01841895282268524,0.04899893328547478,0.04837624728679657,0.018244216218590736,0.018203625455498695,0.019281256943941116,0.019003205001354218,0.047798316925764084,0.01821845769882202,0.01811837963759899,0.04561842605471611,0.04920802265405655,0.04691515117883682,0.04919655993580818,0.0478835292160511,0.018219852820038795,0.04799894616007805,0.018203284591436386,0.018375441431999207,0.018559010699391365,0.04911801591515541,0.018312862142920494
2024-09-16,0.04917376488447189,0.04919608682394028,0.019226398319005966,0.04596729204058647,0.018200013786554337,0.01840837672352791,0.048607468605041504,0.04872835427522659,0.018433328717947006,0.04900302737951279,0.04845598340034485,0.018258441239595413,0.018206430599093437,0.018838943913578987,0.01875775121152401,0.047871679067611694,0.018212011083960533,0.018124215304851532,0.045545000582933426,0.04922105744481087,0.047489508986473083,0.049209512770175934,0.0479135662317276,0.018221601843833923,0.04817402362823486,0.018201906234025955,0.018362611532211304,0.01853238232433796,0.04915226250886917,0.018306978046894073
2024-09-17,0.04928187280893326,0.04932977259159088,0.01936672255396843,0.042668990790843964,0.01824655570089817,0.018419913947582245,0.047775279730558395,0.048773765563964844,0.018541114404797554,0.04916903004050255,0.048390667885541916,0.01829165779054165,0.01828194409608841,0.02259039133787155,0.020243270322680473,0.04837331175804138,0.018308354541659355,0.018175678327679634,0.04668121412396431,0.0493658110499382,0.044321417808532715,0.049323584884405136,0.04654453694820404,0.018253197893500328,0.04834555834531784,0.018237018957734108,0.018726050853729248,0.018310049548745155,0.049299776554107666,0.018363462761044502
2024-09-18,0.048928141593933105,0.04897433891892433,0.01998942531645298,0.04445941746234894,0.018147515133023262,0.018457675352692604,0.047254033386707306,0.048280127346515656,0.018398741260170937,0.04883747175335884,0.048123762011528015,0.018216188997030258,0.01818975806236267,0.02231224998831749,0.024342849850654602,0.04746454954147339,0.01817632094025612,0.018052449449896812,0.04594486951828003,0.04901744797825813,0.043947119265794754,0.0489899218082428,0.04748312756419182,0.018125753849744797,0.04783181473612785,0.018127037212252617,0.018409013748168945,0.018314223736524582,0.04893370717763901,0.01827102154493332
2024-09-19,0.04906204342842102,0.049087341874837875,0.020667577162384987,0.0449606254696846,0.01821015030145645,0.018544483929872513,0.04760096222162247,0.04842720553278923,0.01843230612576008,0.04889281094074249,0.048059359192848206,0.018298150971531868,0.018228396773338318,0.020131230354309082,0.022753072902560234,0.04683935269713402,0.018199224025011063,0.01809806004166603,0.04453292116522789,0.04913228005170822,0.04632401466369629,0.049124013632535934,0.0480462908744812,0.018192075192928314,0.04776372015476227,0.01818803884088993,0.018333902582526207,0.018465781584382057,0.04903947934508324,0.018365098163485527
2024-09-20,0.04902796074748039,0.04905970022082329,0.019966870546340942,0.04623556509613991,0.018163934350013733,0.018817320466041565,0.047718215733766556,0.04830174148082733,0.01825437881052494,0.04889647662639618,0.04824244976043701,0.018311722204089165,0.018173648044466972,0.019473645836114883,0.025197239592671394,0.04684385284781456,0.018168659880757332,0.018077073618769646,0.04253222793340683,0.04908532276749611,0.04521021619439125,0.049069005995988846,0.048727136105298996,0.01815224066376686,0.04788940027356148,0.018148545175790787,0.01820245385169983,0.018727313727140427,0.04905077442526817,0.01827499084174633
2024-09-21,0.04928838089108467,0.04932603985071182,0.019984478130936623,0.04608125239610672,0.0182670708745718,0.018883872777223587,0.04789561778306961,0.048575568944215775,0.018349720165133476,0.04912130907177925,0.04836725816130638,0.018438078463077545,0.01826411671936512,0.019014587625861168,0.022875826805830002,0.04689204320311546,0.018271993845701218,0.018172547221183777,0.040569279342889786,0.04934209585189819,0.046271804720163345,0.0493185929954052,0.049032531678676605,0.018267370760440826,0.04808345064520836,0.018251586705446243,0.01829291135072708,0.018808258697390556,0.04931134358048439,0.01838110014796257
2024-09-22,0.049416907131671906,0.04945812746882439,0.019569652155041695,0.04621957615017891,0.018306246027350426,0.018883226439356804,0.048118796199560165,0.04874458536505699,0.018402190878987312,0.04925331473350525,0.04860110953450203,0.018474968150258064,0.018308188766241074,0.01881677657365799,0.020997241139411926,0.04723880812525749,0.01831626705825329,0.018219079822301865,0.039728160947561264,0.04946925863623619,0.04691099375486374,0.049445293843746185,0.04914845898747444,0.018310412764549255,0.04825617000460625,0.01829543337225914,0.01833450421690941,0.01889120414853096,0.04944129288196564,0.01842363364994526
2024-09-23,0.049477748572826385,0.04952148348093033,0.019370054826140404,0.046267587691545486,0.018321866169571877,0.01887425221502781,0.04825008660554886,0.04884340614080429,0.018426863476634026,0.0493200346827507,0.04874807968735695,0.01849004067480564,0.01832674816250801,0.018771551549434662,0.020250942558050156,0.04748719930648804,0.018336737528443336,0.01824084296822548,0.03903946280479431,0.049529604613780975,0.047162219882011414,0.04950467497110367,0.049213070422410965,0.018328338861465454,0.048351746052503586,0.018315037712454796,0.018353920429944992,0.018930239602923393,0.049503497779369354,0.018442600965499878
2024-09-24,0.049559444189071655,0.049606941640377045,0.01895827054977417,0.04611332714557648,0.018337737768888474,0.018767040222883224,0.04824685677886009,0.04889038950204849,0.018449945375323296,0.049422554671764374,0.048900872468948364,0.018497152253985405,0.018352242186665535,0.01865660399198532,0.01973794773221016,0.04811782389879227,0.01837334595620632,0.018268393352627754,0.03856957331299782,0.049609649926424026,0.04738544300198555,0.049582552164793015,0.049074687063694,0.018349258229136467,0.04852752387523651,0.018335921689867973,0.01841346174478531,0.018863361328840256,0.04958297312259674,0.01844870112836361
2024-09-25,0.049885183572769165,0.04993804916739464,0.018710259348154068,0.04558940231800079,0.018466295674443245,0.018820859491825104,0.048872195184230804,0.049161624163389206,0.018681414425373077,0.04966922476887703,0.04923250153660774,0.018634067848324776,0.01849302649497986,0.018573373556137085,0.019123639911413193,0.048135023564100266,0.018534818664193153,0.01839606650173664,0.033277951180934906,0.04994683712720871,0.04798218980431557,0.04991377145051956,0.04929850250482559,0.018489548936486244,0.04878953471779823,0.018469111993908882,0.018540499731898308,0.019865626469254494,0.04992460086941719,0.018584834411740303
2024-09-26,0.05018927901983261,0.0502389632165432,0.018617670983076096,0.04316087067127228,0.01857726462185383,0.018892046064138412,0.04959384351968765,0.04975713789463043,0.018920626491308212,0.04990917816758156,0.04967654496431351,0.018761813640594482,0.018622959032654762,0.01862519048154354,0.018807409331202507,0.04821472242474556,0.01865226961672306,0.018511326983571053,0.02786087803542614,0.05025358498096466,0.04851197451353073,0.05021842196583748,0.04971817880868912,0.01860395073890686,0.04899849370121956,0.01859869249165058,0.018643828108906746,0.021922951564192772,0.05024079978466034,0.018699146807193756
2024-09-27,0.050170451402664185,0.05023109167814255,0.018587887287139893,0.043930552899837494,0.018571026623249054,0.01891787350177765,0.04971183091402054,0.049686890095472336,0.018895775079727173,0.04991165176033974,0.04971762001514435,0.01876343972980976,0.01861124113202095,0.01858040690422058,0.01875005103647709,0.048086922615766525,0.018659187480807304,0.018506329506635666,0.02532068081200123,0.050246164202690125,0.04863642528653145,0.05019505321979523,0.049832213670015335,0.018600501120090485,0.04902317747473717,0.01859435811638832,0.018614299595355988,0.02371862903237343,0.05023765563964844,0.018690751865506172
2024-09-28,0.05028718337416649,0.05034078285098076,0.018673961982131004,0.04240535944700241,0.01860904134809971,0.01903330534696579,0.04954367130994797,0.04985292628407478,0.018792206421494484,0.050070203840732574,0.04966491833329201,0.018818972632288933,0.018628686666488647,0.01869913563132286,0.01919287070631981,0.04850306361913681,0.018698934465646744,0.018542133271694183,0.02811664156615734,0.05034961551427841,0.048008713871240616,0.05028801038861275,0.049889810383319855,0.018634606152772903,0.04914215952157974,0.018624765798449516,0.018695782870054245,0.02083132416009903,0.050346944481134415,0.01871434599161148
2024-09-29,0.0502474270761013,0.0503016822040081,0.018667247146368027,0.04284324869513512,0.018592119216918945,0.019024310633540154,0.04953832924365997,0.04980151727795601,0.018775762990117073,0.05003269761800766,0.049645282328128815,0.01880291849374771,0.01861153542995453,0.018674416467547417,0.019109034910798073,0.04854578897356987,0.01867762580513954,0.018526971340179443,0.02822916768491268,0.05030796676874161,0.048079755157232285,0.05024878308176994,0.04986824840307236,0.018620438873767853,0.049113184213638306,0.018609944730997086,0.018677879124879837,0.020820170640945435,0.050305139273405075,0.018701480701565742
2024-09-30,0.050194237381219864,0.05024951323866844,0.018663017079234123,0.04329608753323555,0.018571382388472557,0.01901623234152794,0.049507223069667816,0.049739569425582886,0.018749361857771873,0.0499858632683754,0.049607183784246445,0.01878267712891102,0.018590914085507393,0.018654124811291695,0.019080331549048424,0.04858176410198212,0.018652334809303284,0.01850713975727558,0.02861185185611248,0.05025359243154526,0.04807688295841217,0.05019708350300789,0.049830593168735504,0.01860121078789234,0.04907918721437454,0.018591048195958138,0.018659114837646484,0.020737171173095703,0.05025067552924156,0.018682586029171944
2024-10-01,0.05033043026924133,0.05037999898195267,0.018686922267079353,0.0428408719599247,0.01863354817032814,0.01907462626695633,0.04953480139374733,0.04985985532402992,0.018828032538294792,0.05008170008659363,0.04970831423997879,0.018855471163988113,0.01865040510892868,0.018757551908493042,0.018966233357787132,0.04858655855059624,0.01872258633375168,0.018557781353592873,0.026982836425304413,0.05037916451692581,0.04775655269622803,0.050319693982601166,0.05007920041680336,0.01866055838763714,0.0490274578332901,0.01865616999566555,0.01869829185307026,0.021263975650072098,0.050375670194625854,0.018744755536317825
2024-10-02,0.050213225185871124,0.05025406554341316,0.018635772168636322,0.04314311593770981,0.018582429736852646,0.018982868641614914,0.04924982413649559,0.049721404910087585,0.018800757825374603,0.04997634515166283,0.04958130791783333,0.018772244453430176,0.018621763214468956,0.018824702128767967,0.01916484348475933,0.04860936850309372,0.018678782507777214,0.01851191371679306,0.03032037429511547,0.05025968700647354,0.046751197427511215,0.05019821971654892,0.04973695054650307,0.01860247738659382,0.04899997636675835,0.018595462664961815,0.018682807683944702,0.020584410056471825,0.05025108531117439,0.018692631274461746
2024-10-03,0.050273433327674866,0.0502992682158947,0.01860111765563488,0.04520267993211746,0.018592992797493935,0.018932942301034927,0.04933292046189308,0.049761027097702026,0.018827559426426888,0.05003548413515091,0.049818601459264755,0.01875470019876957,0.018618948757648468,0.01876308023929596,0.018723661080002785,0.04881296306848526,0.01871911808848381,0.018525922670960426,0.02661009505391121,0.05030161887407303,0.04664283245801926,0.050215743482112885,0.05003635212779045,0.018608730286359787,0.049013685435056686,0.018595309928059578,0.018622932955622673,0.021761955693364143,0.050286583602428436,0.018707742914557457
2024-10-04,0.05021398514509201,0.0502399243414402,0.018574098125100136,0.04606642574071884,0.018586626276373863,0.018963634967803955,0.04940430447459221,0.049614597111940384,0.018855582922697067,0.04990895837545395,0.04974956065416336,0.01875351369380951,0.018625812605023384,0.018687641248106956,0.01863636076450348,0.04862971603870392,0.018752213567495346,0.018509821966290474,0.024770045652985573,0.0502438023686409,0.04610247537493706,0.05012733116745949,0.05005600303411484,0.01861122064292431,0.048805855214595795,0.018590591847896576,0.01859583519399166,0.02437673695385456,0.050231751054525375,0.01871568150818348
2024-10-05,0.05021152272820473,0.050248585641384125,0.018614571541547775,0.04671096056699753,0.018593765795230865,0.01899114064872265,0.04937681555747986,0.04955853894352913,0.01879117079079151,0.04988643899559975,0.04974210262298584,0.01881459169089794,0.01862298883497715,0.018662527203559875,0.018714865669608116,0.04864371940493584,0.018780944868922234,0.018511835485696793,0.0232001394033432,0.050243306905031204,0.04639429226517677,0.050162557512521744,0.05011896416544914,0.018619803711771965,0.04888080805540085,0.018603742122650146,0.0185996163636446,0.02476867102086544,0.05023868381977081,0.018692301586270332
2024-10-06,0.05027152597904205,0.05030231177806854,0.018642019480466843,0.04653794690966606,0.018609484657645226,0.018970979377627373,0.04929722845554352,0.04970439895987511,0.01882445625960827,0.04991014301776886,0.04979371279478073,0.018843160942196846,0.01863747648894787,0.0187218114733696,0.018733756616711617,0.048760008066892624,0.018812885507941246,0.018531035631895065,0.02306979149580002,0.050293244421482086,0.0462094284594059,0.05021843686699867,0.05017218366265297,0.018635593354701996,0.04895943030714989,0.018625227734446526,0.018624216318130493,0.0242899339646101,0.050288960337638855,0.018709206953644753
2024-10-07,0.05032481998205185,0.05034949630498886,0.01866544596850872,0.046288616955280304,0.018624359741806984,0.018957991153001785,0.04922770708799362,0.04981016367673874,0.01886134222149849,0.04992545023560524,0.049834851175546646,0.018866438418626785,0.01864977553486824,0.018766630440950394,0.018740590661764145,0.048852719366550446,0.018841559067368507,0.018548501655459404,0.022944875061511993,0.05033698305487633,0.04609936103224754,0.05026872456073761,0.050214774906635284,0.018651042133569717,0.04901949688792229,0.018644224852323532,0.018646787852048874,0.02397913858294487,0.05033271387219429,0.01872541382908821
2024-10-08,0.05024440586566925,0.05024059861898422,0.01863078773021698,0.047595392912626266,0.01858643628656864,0.018893277272582054,0.048950474709272385,0.049663059413433075,0.01881413720548153,0.049749795347452164,0.049791157245635986,0.0188517477363348,0.01859571412205696,0.018715444952249527,0.0186906810849905,0.04909791424870491,0.01894126459956169,0.018511628732085228,0.021185578778386116,0.05020933970808983,0.045020781457424164,0.05014951154589653,0.05017034709453583,0.01861000992357731,0.04904917627573013,0.018611488863825798,0.01860247738659382,0.02694830857217312,0.05020732060074806,0.018671784549951553
2024-10-09,0.05007944628596306,0.050064876675605774,0.018535496667027473,0.04713306203484535,0.018514124676585197,0.018807625398039818,0.049126382917165756,0.0496390201151371,0.018823126330971718,0.049489907920360565,0.04965522512793541,0.01879752427339554,0.018538154661655426,0.0186244398355484,0.018583791330456734,0.04901047423481941,0.018846500664949417,0.01844988763332367,0.021175595000386238,0.05002906545996666,0.04555240646004677,0.04999633505940437,0.04998219758272171,0.018542980775237083,0.04897954314947128,0.01856052689254284,0.018552234396338463,0.029270309954881668,0.05004338175058365,0.01859636791050434
2024-10-10,0.05019558593630791,0.050179462879896164,0.01876942627131939,0.04634435847401619,0.01854252815246582,0.018799113109707832,0.04879048094153404,0.04981418699026108,0.018843717873096466,0.04950049892067909,0.04979025572538376,0.01887129805982113,0.018578119575977325,0.018831688910722733,0.018939530476927757,0.04918671026825905,0.01878468319773674,0.018492454662919044,0.024676842615008354,0.050145722925662994,0.04630475118756294,0.050158869475126266,0.049999579787254333,0.018578222021460533,0.04943449795246124,0.018629711121320724,0.01866939477622509,0.023375840857625008,0.050164319574832916,0.018608052283525467
2024-10-11,0.05022740364074707,0.0501973032951355,0.018851730972528458,0.04538635164499283,0.01854860410094261,0.018798664212226868,0.04915083572268486,0.04988034814596176,0.01895308867096901,0.0495641753077507,0.0497233122587204,0.018813006579875946,0.018558718264102936,0.018734095618128777,0.018986696377396584,0.04928213730454445,0.018795544281601906,0.01850094646215439,0.024737533181905746,0.05015955865383148,0.04654689133167267,0.050203852355480194,0.04998023808002472,0.018572306260466576,0.04942550137639046,0.01859976164996624,0.0186868067830801,0.023342227563261986,0.050177715718746185,0.018614666536450386
2024-10-12,0.050185978412628174,0.05017266422510147,0.01929606683552265,0.04663325101137161,0.01852557621896267,0.018734391778707504,0.048750586807727814,0.04974246025085449,0.01883859932422638,0.04963202401995659,0.049657415598630905,0.01880243606865406,0.018520614132285118,0.018736490979790688,0.019858263432979584,0.04954713582992554,0.01884317956864834,0.01848337985575199,0.024444609880447388,0.050125230103731155,0.046359140425920486,0.05017925426363945,0.04989193007349968,0.01854429394006729,0.049560677260160446,0.018569111824035645,0.01872880756855011,0.021927328780293465,0.05013766139745712,0.01857144571840763
2024-10-13,0.05018877610564232,0.05017808452248573,0.01918528787791729,0.046324603259563446,0.018526999279856682,0.018734922632575035,0.048884738236665726,0.049795642495155334,0.01884579472243786,0.049636803567409515,0.049680694937705994,0.018790753558278084,0.018523013219237328,0.01872275397181511,0.019338911399245262,0.049521416425704956,0.018803836777806282,0.01848474331200123,0.025013530626893044,0.05013727769255638,0.04693916067481041,0.05017734691500664,0.049889855086803436,0.018549388274550438,0.049556914716959,0.018570588901638985,0.01871197484433651,0.021557455882430077,0.050148945301771164,0.018579883500933647
2024-10-14,0.05019276589155197,0.05018492043018341,0.019090767949819565,0.045964255928993225,0.01852855645120144,0.01873667538166046,0.0489552840590477,0.049841564148664474,0.01885809190571308,0.049650032073259354,0.04970710724592209,0.01878350041806698,0.01852579601109028,0.018718454986810684,0.019049663096666336,0.049489010125398636,0.018769579008221626,0.01848621480166912,0.0255716722458601,0.05014932155609131,0.04735909029841423,0.050175461918115616,0.04988785460591316,0.018553676083683968,0.04954521358013153,0.018571825698018074,0.018694408237934113,0.02121046744287014,0.050158675760030746,0.01859010010957718
2024-10-15,0.050029654055833817,0.05005130171775818,0.01908697560429573,0.04529228433966637,0.018467653542757034,0.018633641302585602,0.04876028746366501,0.04962621256709099,0.01872243918478489,0.04955505207180977,0.0497223399579525,0.018672022968530655,0.01848277449607849,0.018635710701346397,0.018853040412068367,0.049197714775800705,0.01862218789756298,0.01843355782330036,0.029542431235313416,0.05005135387182236,0.04848792776465416,0.050006285309791565,0.049619123339653015,0.018515167757868767,0.04945344477891922,0.018514610826969147,0.018602602183818817,0.01973293535411358,0.05004610866308212,0.018583182245492935
2024-10-16,0.04932209849357605,0.04940379410982132,0.02156398817896843,0.047632668167352676,0.018250340595841408,0.01839076168835163,0.048128582537174225,0.04764755815267563,0.01847023330628872,0.048889875411987305,0.049087125808000565,0.018351692706346512,0.018299266695976257,0.018265647813677788,0.018760403618216515,0.04816710203886032,0.01834108494222164,0.018212707713246346,0.03985209763050079,0.04945995658636093,0.04922182485461235,0.04939042776823044,0.04620906338095665,0.01833953708410263,0.048913996666669846,0.018293337896466255,0.01843392848968506,0.018684890121221542,0.049406860023736954,0.01860913261771202
2024-10-17,0.04940409958362579,0.04947531968355179,0.02096027508378029,0.04628000780940056,0.0182954091578722,0.018530193716287613,0.04783153906464577,0.04793917015194893,0.018586253747344017,0.04907534644007683,0.04920804873108864,0.018431907519698143,0.01834356039762497,0.018340034410357475,0.020601285621523857,0.048106253147125244,0.018408052623271942,0.018248120322823524,0.038573846220970154,0.049531832337379456,0.04895639419555664,0.049476392567157745,0.04613346606492996,0.018347585573792458,0.04884181544184685,0.018347160890698433,0.018553730100393295,0.019051749259233475,0.04948149621486664,0.01863959990441799
2024-10-18,0.049137793481349945,0.049242228269577026,0.023284072056412697,0.046781010925769806,0.018209414556622505,0.018492860719561577,0.04743804782629013,0.045459598302841187,0.018464019522070885,0.04902930185198784,0.04870518669486046,0.01827218383550644,0.01824631169438362,0.018215471878647804,0.024918049573898315,0.04810155928134918,0.018361786380410194,0.018166542053222656,0.040884751826524734,0.04932737722992897,0.048678431659936905,0.04930373653769493,0.04299873858690262,0.018222751095891,0.04838109388947487,0.018224196508526802,0.018546396866440773,0.01902015507221222,0.049241431057453156,0.01864548586308956
2024-10-19,0.049047697335481644,0.04910123348236084,0.02507859840989113,0.04642835259437561,0.018161335960030556,0.018474936485290527,0.047720927745103836,0.045670293271541595,0.018481893464922905,0.04876453056931496,0.048659566789865494,0.01823834888637066,0.018202997744083405,0.018191587179899216,0.023805897682905197,0.04763048514723778,0.018282823264598846,0.018122611567378044,0.039591092616319656,0.04919515177607536,0.048451151698827744,0.049181003123521805,0.04534822329878807,0.01819029077887535,0.04836513474583626,0.018194975331425667,0.018399536609649658,0.019316554069519043,0.049099210649728775,0.018603598698973656
2024-10-20,0.04914546757936478,0.049188073724508286,0.02348467893898487,0.046536628156900406,0.018188847228884697,0.01848471537232399,0.04767493158578873,0.047006476670503616,0.018453743308782578,0.048792000859975815,0.04885187745094299,0.018296867609024048,0.018232176080346107,0.018233463168144226,0.022249551489949226,0.047758862376213074,0.018284015357494354,0.018147611990571022,0.038882724940776825,0.049260213971138,0.04847811162471771,0.04924057424068451,0.0467589795589447,0.018227925524115562,0.04856686666607857,0.01823307015001774,0.018388791009783745,0.01922439970076084,0.049183011054992676,0.018545420840382576
2024-10-21,0.049227483570575714,0.04927939921617508,0.022681809961795807,0.04666423052549362,0.0182176660746336,0.01850689947605133,0.04768010601401329,0.04748096317052841,0.018445054069161415,0.0488576740026474,0.0489775612950325,0.01834433525800705,0.018263613805174828,0.018266526982188225,0.02125241793692112,0.04789826273918152,0.018301716074347496,0.018175283446907997,0.038228172808885574,0.04933614656329155,0.04853661358356476,0.049313317984342575,0.04746885970234871,0.01826412044465542,0.04864479601383209,0.018268071115016937,0.018392980098724365,0.019200999289751053,0.04927218705415726,0.01855272613465786
2024-10-22,0.04977388679981232,0.04978872090578079,0.020582858473062515,0.04703829064965248,0.01839936524629593,0.018767060711979866,0.048089031130075455,0.048214949667453766,0.01856463961303234,0.04917822778224945,0.04949510470032692,0.01861351542174816,0.0184536874294281,0.018460698425769806,0.021179744973778725,0.048657894134521484,0.01856398582458496,0.018362225964665413,0.0279972106218338,0.0498189777135849,0.04829013720154762,0.04981996491551399,0.04911544919013977,0.018444513902068138,0.048841603100299835,0.018486304208636284,0.018555400893092155,0.021909663453698158,0.04979166015982628,0.01874522678554058
2024-10-23,0.049735404551029205,0.0497906431555748,0.02096978761255741,0.04796113073825836,0.01838553696870804,0.018881045281887054,0.048475608229637146,0.047358784824609756,0.0185148473829031,0.04938289523124695,0.04952029883861542,0.018554391339421272,0.01842431165277958,0.018402963876724243,0.021230028942227364,0.04846302792429924,0.018521761521697044,0.018350990489125252,0.02702913247048855,0.04982290789484978,0.04795806109905243,0.04978474602103233,0.049255095422267914,0.018434878438711166,0.04891689121723175,0.01844085194170475,0.018466752022504807,0.022443469613790512,0.049784429371356964,0.01873931474983692
2024-10-24,0.04913635179400444,0.04916664958000183,0.025572961196303368,0.04890475794672966,0.01816210150718689,0.018782898783683777,0.047994405031204224,0.04536420851945877,0.018262725323438644,0.04871973767876625,0.04899963364005089,0.01834806054830551,0.018222829326987267,0.018208729103207588,0.024162815883755684,0.047784507274627686,0.018289480358362198,0.018128948286175728,0.028635017573833466,0.0492049865424633,0.04750824347138405,0.049194104969501495,0.04878033697605133,0.018215904012322426,0.048510707914829254,0.018220266327261925,0.018220840021967888,0.023574400693178177,0.04913978651165962,0.01858367770910263
2024-10-25,0.04964055120944977,0.04963947460055351,0.022685421630740166,0.04933255910873413,0.018338896334171295,0.018753962591290474,0.04821774736046791,0.047109462320804596,0.018528945744037628,0.04913979023694992,0.049480851739645004,0.018526198342442513,0.01837264746427536,0.018386928364634514,0.01986013539135456,0.04870523139834404,0.01853286102414131,0.01830107718706131,0.02398129180073738,0.049635451287031174,0.047226812690496445,0.049670059233903885,0.04945054650306702,0.01837710663676262,0.04889313131570816,0.01839313469827175,0.01838366687297821,0.026252835988998413,0.04953350871801376,0.018649637699127197
2024-10-26,0.049563564360141754,0.049544557929039,0.020602978765964508,0.04923122748732567,0.018295634537935257,0.018800565972924232,0.048395056277513504,0.04708880931138992,0.018454333767294884,0.0490076057612896,0.04937251657247543,0.018537087365984917,0.01831861399114132,0.018328966572880745,0.01988319866359234,0.04868285357952118,0.018560634925961494,0.018262319266796112,0.020761676132678986,0.049519672989845276,0.04604915902018547,0.04957013577222824,0.049512337893247604,0.018327288329601288,0.04867582023143768,0.01835615374147892,0.018322236835956573,0.03397059068083763,0.04946566000580788,0.01853874698281288
2024-10-27,0.04964330047369003,0.04962978512048721,0.02041551284492016,0.04924197122454643,0.01832522824406624,0.01880805194377899,0.04846392944455147,0.04729047045111656,0.01848313771188259,0.04908813536167145,0.04947388172149658,0.018559139221906662,0.018356842920184135,0.018368037417531013,0.01967894472181797,0.048708003014326096,0.018563542515039444,0.018293030560016632,0.021196484565734863,0.04961628094315529,0.04631571099162102,0.04964931309223175,0.049583811312913895,0.018359631299972534,0.04874980449676514,0.01838773488998413,0.018351275473833084,0.03224937617778778,0.04956267029047012,0.018586963415145874
2024-10-28,0.04972546547651291,0.04971917346119881,0.020253198221325874,0.049227338284254074,0.01835666596889496,0.018814923241734505,0.04855542629957199,0.04745224118232727,0.018521461635828018,0.04918292164802551,0.049570389091968536,0.018585441634058952,0.018393969163298607,0.018405873328447342,0.01950855366885662,0.048739708960056305,0.018570691347122192,0.01832478679716587,0.021677013486623764,0.0497129000723362,0.04662826284766197,0.04973138868808746,0.049653876572847366,0.0183941088616848,0.04882505163550377,0.01841828040778637,0.01838233508169651,0.03037884272634983,0.049658577889204025,0.018631212413311005
2024-10-29,0.04982966557145119,0.04984190687537193,0.01993691734969616,0.04900304973125458,0.018406379967927933,0.018792307004332542,0.04876336827874184,0.04777974262833595,0.01861913502216339,0.04933109134435654,0.04973134770989418,0.018582841381430626,0.018461549654603004,0.018445195630192757,0.0188254676759243,0.0484195314347744,0.018557241186499596,0.018372830003499985,0.02353009767830372,0.049869585782289505,0.048093829303979874,0.049838483333587646,0.049732256680727005,0.018448028713464737,0.04885561019182205,0.01846301183104515,0.018417587503790855,0.026463409885764122,0.049801334738731384,0.01878700964152813
2024-10-30,0.04963243380188942,0.04964816942811012,0.01985522359609604,0.048904161900281906,0.01832711324095726,0.018705934286117554,0.04893450811505318,0.0464322492480278,0.018545515835285187,0.04912630841135979,0.049536045640707016,0.018514292314648628,0.018394729122519493,0.018376916646957397,0.0186656154692173,0.047933805733919144,0.018474865704774857,0.018297648057341576,0.02161199226975441,0.04968321695923805,0.04758699610829353,0.049637217074632645,0.04960159584879875,0.0183692816644907,0.04824699088931084,0.018372001126408577,0.018321579322218895,0.03376694768667221,0.04958575591444969,0.018910860642790794
2024-10-31,0.04940510541200638,0.04940040409564972,0.020973794162273407,0.04892948642373085,0.01822403445839882,0.018632730469107628,0.0487588532269001,0.04559428244829178,0.018431730568408966,0.04882384464144707,0.04924079775810242,0.018473921343684196,0.018269898369908333,0.018366269767284393,0.018792688846588135,0.0481291189789772,0.018400466069579124,0.018199600279331207,0.02105664275586605,0.04940728098154068,0.044583145529031754,0.04939735308289528,0.049410562962293625,0.01826065219938755,0.04802524298429489,0.018262745812535286,0.018219130113720894,0.04037591442465782,0.04928211122751236,0.018672119826078415
2024-11-01,0.049684058874845505,0.049667876213788986,0.01980334147810936,0.04878263548016548,0.018332459032535553,0.01852075196802616,0.04853072389960289,0.04693124443292618,0.019075680524110794,0.04877813160419464,0.04947346821427345,0.0185526255518198,0.018401192501187325,0.018493501469492912,0.018556766211986542,0.04865580424666405,0.01876067742705345,0.018305351957678795,0.020364871248602867,0.04966050013899803,0.045819055289030075,0.04966361075639725,0.049517396837472916,0.01835971139371395,0.04803779721260071,0.01837158389389515,0.018352849408984184,0.03619224578142166,0.049461912363767624,0.018892278894782066
2024-11-02,0.04997021332383156,0.04997119680047035,0.019216306507587433,0.04898935556411743,0.018440844491124153,0.018712975084781647,0.04885438084602356,0.04837244749069214,0.01901291497051716,0.04957959055900574,0.04972446337342262,0.018681136891245842,0.018467236310243607,0.018656650558114052,0.018829941749572754,0.04923265054821968,0.01878480240702629,0.018404163420200348,0.019997714087367058,0.04992316663265228,0.04333500936627388,0.04996525123715401,0.04993196949362755,0.018448179587721825,0.04832402989268303,0.01846321113407612,0.018452072516083717,0.03279959782958031,0.04979009926319122,0.01866832934319973
2024-11-03,0.05004586651921272,0.05004506930708885,0.019172046333551407,0.04893491417169571,0.01847032643854618,0.01874581165611744,0.04885692894458771,0.04858678579330444,0.019031818956136703,0.04965296760201454,0.04979253187775612,0.01869977079331875,0.018495600670576096,0.01867051050066948,0.01882016658782959,0.04925106093287468,0.018787557259202003,0.01843227818608284,0.020315801724791527,0.049999937415122986,0.044201284646987915,0.05004119127988815,0.04999474063515663,0.018477194011211395,0.04847300797700882,0.018494008108973503,0.018482115119695663,0.030465658754110336,0.04988059774041176,0.018682487308979034
2024-11-04,0.05009738728404045,0.05009619891643524,0.019168155267834663,0.04892493784427643,0.018492180854082108,0.01877106912434101,0.048838499933481216,0.048731885850429535,0.01902800239622593,0.049693845212459564,0.049829818308353424,0.018714532256126404,0.018515998497605324,0.01866600662469864,0.018804995343089104,0.04921994358301163,0.01878327876329422,0.018452057614922523,0.02067301981151104,0.050054822117090225,0.045056987553834915,0.05009302869439125,0.05003184825181961,0.018500354140996933,0.04860932379961014,0.01851615123450756,0.018503351137042046,0.028489209711551666,0.04994837939739227,0.018694698810577393
2024-11-05,0.04989856109023094,0.04987237975001335,0.019026154652237892,0.04835774376988411,0.01842270977795124,0.01859382912516594,0.048642758280038834,0.04792536422610283,0.019427288323640823,0.04921075701713562,0.04957873374223709,0.01862190105021,0.018468497321009636,0.018513867631554604,0.018601341173052788,0.04882022738456726,0.018750445917248726,0.01838274486362934,0.021058937534689903,0.04984395578503609,0.04610128700733185,0.04988807067275047,0.04967654496431351,0.018440067768096924,0.04821981117129326,0.018441714346408844,0.018437083810567856,0.03237650915980339,0.04966207593679428,0.0187386441975832
2024-11-06,0.05006169155240059,0.05005139112472534,0.018783459439873695,0.048549145460128784,0.018481586128473282,0.01869923435151577,0.048580147325992584,0.048340074717998505,0.018981682136654854,0.04957500845193863,0.049819573760032654,0.01867247000336647,0.01853366568684578,0.01856367290019989,0.01864456757903099,0.049004681408405304,0.018741875886917114,0.018442092463374138,0.021072030067443848,0.05002741515636444,0.04690183699131012,0.05005347356200218,0.049921147525310516,0.018495405092835426,0.048513662070035934,0.01852000690996647,0.018491379916667938,0.02883928455412388,0.0499112643301487,0.018727080896496773
2024-11-07,0.04994065687060356,0.04999464005231857,0.02051250822842121,0.04929622262716293,0.018506798893213272,0.01906583085656166,0.047266267240047455,0.043262187391519547,0.0185027364641428,0.049942027777433395,0.0496702566742897,0.018897347152233124,0.01844171993434429,0.019119638949632645,0.03724469244480133,0.049731504172086716,0.019159002229571342,0.018400980159640312,0.02066565863788128,0.04989761486649513,0.0393802747130394,0.049969859421253204,0.04972880333662033,0.018433481454849243,0.047657374292612076,0.018479809165000916,0.01862218603491783,0.02180539257824421,0.04984331876039505,0.018561333417892456
2024-11-08,0.04986657202243805,0.04988701269030571,0.01927259750664234,0.049245547503232956,0.018412431702017784,0.018848774954676628,0.048173993825912476,0.047199562191963196,0.01849467307329178,0.04981742799282074,0.049687497317790985,0.01867835409939289,0.01839533820748329,0.018739288672804832,0.027829160913825035,0.049549367278814316,0.01884303241968155,0.018363773822784424,0.021004602313041687,0.049835462123155594,0.04513534903526306,0.04987284168601036,0.04969203844666481,0.01839550770819187,0.04814529046416283,0.018430400639772415,0.018478998914361,0.023363137617707253,0.04980040341615677,0.01854158751666546
2024-11-09,0.05015178024768829,0.05016911402344704,0.019332723692059517,0.048601072281599045,0.01850038394331932,0.018811846151947975,0.04796073958277702,0.04794646427035332,0.018634941428899765,0.050042301416397095,0.04999041557312012,0.01871463656425476,0.018494725227355957,0.01868932880461216,0.02167561464011669,0.04974013566970825,0.018796151503920555,0.018469152972102165,0.022959228605031967,0.050131089985370636,0.04694834351539612,0.050148289650678635,0.049897368997335434,0.018503814935684204,0.048806190490722656,0.018549200147390366,0.018582647666335106,0.021998273208737373,0.05009887367486954,0.01865514926612377
2024-11-10,0.05020177364349365,0.05021568760275841,0.019057724624872208,0.04814862087368965,0.01852061040699482,0.01879720948636532,0.0480172261595726,0.048361990600824356,0.01865602284669876,0.05001261085271835,0.05000502988696098,0.018719781190156937,0.018526168540120125,0.018670158460736275,0.01985086314380169,0.04961669072508812,0.018738213926553726,0.01848962903022766,0.024419380351901054,0.050196416676044464,0.04753068462014198,0.05019798502326012,0.04993028566241264,0.018530404195189476,0.049050625413656235,0.01856156624853611,0.018587155267596245,0.021553561091423035,0.050156716257333755,0.01867908611893654
2024-11-11,0.05017279088497162,0.050184257328510284,0.0189207773655653,0.04778534919023514,0.018512262031435966,0.018770474940538406,0.04814281687140465,0.04865344613790512,0.018647905439138412,0.04992222785949707,0.049942705780267715,0.018703795969486237,0.018525265157222748,0.018646059557795525,0.019274741411209106,0.04947403818368912,0.01868700049817562,0.01848023571074009,0.02575857751071453,0.05017611384391785,0.047808848321437836,0.05016898363828659,0.04989448934793472,0.018525877967476845,0.049140240997076035,0.01854531839489937,0.018571674823760986,0.021162670105695724,0.05013551935553551,0.01866559498012066
2024-11-12,0.05023858696222305,0.050252411514520645,0.019069552421569824,0.04606299474835396,0.018531959503889084,0.01879197545349598,0.04803541302680969,0.048840176314115524,0.018742291256785393,0.05010031536221504,0.05009641870856285,0.018728984519839287,0.018534639850258827,0.0187943484634161,0.02056192234158516,0.049677517265081406,0.018750028684735298,0.01850280910730362,0.0252802986651659,0.05022136867046356,0.047730717808008194,0.05023271590471268,0.049807678908109665,0.01853889971971512,0.04873427003622055,0.018607122823596,0.018635597079992294,0.020979417487978935,0.05020098388195038,0.018718652427196503
2024-11-13,0.04999470338225365,0.0499817356467247,0.019024988636374474,0.04722033441066742,0.0184329766780138,0.018675291910767555,0.04688165336847305,0.04831176996231079,0.018595313653349876,0.04968075454235077,0.04993056133389473,0.018651334568858147,0.018477974459528923,0.018696537241339684,0.02187034860253334,0.049065809696912766,0.018597709015011787,0.018413078039884567,0.023780038580298424,0.049973778426647186,0.047587256878614426,0.05000503361225128,0.049802109599113464,0.018440086394548416,0.04886552691459656,0.018573986366391182,0.018483908846974373,0.02541681006550789,0.049924883991479874,0.018643714487552643
2024-11-14,0.050052154809236526,0.050028443336486816,0.019267963245511055,0.04778524115681648,0.018458345904946327,0.01871131919324398,0.04697710648179054,0.047699302434921265,0.018582874909043312,0.04958982765674591,0.049937911331653595,0.018641699105501175,0.01851716637611389,0.01863294094800949,0.020668068900704384,0.04857071116566658,0.018603388220071793,0.01843564584851265,0.024007966741919518,0.050052326172590256,0.04737532138824463,0.050061553716659546,0.049936797469854355,0.018472326919436455,0.049019955098629,0.018581289798021317,0.018482573330402374,0.026198143139481544,0.04996718466281891,0.018684443086385727
2024-11-15,0.04995403811335564,0.049924086779356,0.019099002704024315,0.047962550073862076,0.01844857633113861,0.018798215314745903,0.04742560535669327,0.04661126434803009,0.018495261669158936,0.04942440241575241,0.04972654953598976,0.018626194447278976,0.01855900138616562,0.018538501113653183,0.019933534786105156,0.047057297080755234,0.018591536208987236,0.018408996984362602,0.022230099886655807,0.04999052360653877,0.04762991517782211,0.04996757209300995,0.04986420273780823,0.01847478747367859,0.04845920950174332,0.018616730347275734,0.018444722518324852,0.0319991335272789,0.04990645870566368,0.01883193850517273
2024-11-16,0.049919936805963516,0.04988143593072891,0.01881273277103901,0.04764747619628906,0.018442803993821144,0.018722793087363243,0.04847627133131027,0.047533053904771805,0.018524767830967903,0.049260012805461884,0.0497266910970211,0.018595600500702858,0.018544789403676987,0.018473930656909943,0.018777836114168167,0.04783950001001358,0.018579602241516113,0.018402354791760445,0.023522337898612022,0.049954548478126526,0.0487331748008728,0.04993783310055733,0.049768805503845215,0.018477564677596092,0.048654165118932724,0.018582267686724663,0.018453557044267654,0.029094470664858818,0.049905821681022644,0.018753938376903534
2024-11-17,0.0499267503619194,0.04989930987358093,0.01875946670770645,0.04719226807355881,0.018438147380948067,0.018723459914326668,0.048761192709207535,0.04827209189534187,0.018554260954260826,0.04919648915529251,0.04977941885590553,0.01859227754175663,0.01854417659342289,0.018476277589797974,0.018709180876612663,0.0482984222471714,0.01857517473399639,0.018405981361865997,0.025034494698047638,0.04996337741613388,0.04876605048775673,0.049931757152080536,0.049737248569726944,0.018480494618415833,0.04877084866166115,0.018550746142864227,0.018471285700798035,0.02648181840777397,0.04994216561317444,0.018765300512313843
2024-11-18,0.04989718273282051,0.04988043010234833,0.0187337975949049,0.04674756899476051,0.018426038324832916,0.018719596788287163,0.04887755960226059,0.048652809113264084,0.01856246590614319,0.04913090169429779,0.04978126659989357,0.018588002771139145,0.018538909032940865,0.018465030938386917,0.018673164770007133,0.0485418476164341,0.01856123097240925,0.018397873267531395,0.026329031214118004,0.04994100332260132,0.048808883875608444,0.049898795783519745,0.04963782802224159,0.01847023516893387,0.0488629974424839,0.018522944301366806,0.018479416146874428,0.025175822898745537,0.049937788397073746,0.018759608268737793
2024-11-19,0.04981306567788124,0.049761246889829636,0.018905336037278175,0.04730620235204697,0.018389467149972916,0.018636196851730347,0.048926886171102524,0.04863136634230614,0.018526693806052208,0.048887450248003006,0.04965231940150261,0.0185387060046196,0.018484754487872124,0.018435465171933174,0.01866742968559265,0.04864722117781639,0.018527250736951828,0.01836196891963482,0.027611274272203445,0.04983718693256378,0.04898917302489281,0.049820106476545334,0.049415264278650284,0.018434828147292137,0.04888084530830383,0.01848343014717102,0.01845918409526348,0.0244147926568985,0.04983475059270859,0.018720107153058052
2024-11-20,0.04975438863039017,0.049658894538879395,0.01948610134422779,0.048303741961717606,0.01836044155061245,0.01856481283903122,0.04855320602655411,0.04821234196424484,0.01848658174276352,0.04867776855826378,0.04965169355273247,0.01849450170993805,0.01844330132007599,0.018397001549601555,0.0188266821205616,0.04870494455099106,0.018520021811127663,0.01833859644830227,0.025211602449417114,0.04976681247353554,0.049059584736824036,0.04977481812238693,0.049231093376874924,0.01839975081384182,0.04890284314751625,0.01847151108086109,0.018432242795825005,0.02677462063729763,0.04973475635051727,0.01880534552037716
2024-11-21,0.04989545792341232,0.04981698840856552,0.019339073449373245,0.048175398260354996,0.018408937379717827,0.018612762913107872,0.04835875332355499,0.04838750138878822,0.01851390115916729,0.048841625452041626,0.04975350946187973,0.018557418137788773,0.018475772812962532,0.01847921870648861,0.018947847187519073,0.048952367156744,0.018613332882523537,0.018386343494057655,0.024403925985097885,0.04989960417151451,0.048750121146440506,0.049898456782102585,0.04945511370897293,0.0184487234801054,0.0490492545068264,0.018518436700105667,0.018489724025130272,0.02592393569648266,0.0498783253133297,0.01876814477145672
2024-11-22,0.04974097013473511,0.049644485116004944,0.02052062563598156,0.047787632793188095,0.018366418778896332,0.018528267741203308,0.04813539236783981,0.0478130578994751,0.018429774791002274,0.04847324639558792,0.04957382008433342,0.018474798649549484,0.01844080351293087,0.018394241109490395,0.01899191550910473,0.048317842185497284,0.018488965928554535,0.018341712653636932,0.03140201419591904,0.04979977011680603,0.04939081147313118,0.04976898804306984,0.04852011427283287,0.018445191904902458,0.04902433604001999,0.01849634386599064,0.018474675714969635,0.021563254296779633,0.04976824298501015,0.018882330507040024
2024-11-23,0.04957415536046028,0.049525849521160126,0.02031872607767582,0.045761290937662125,0.01832699216902256,0.018473302945494652,0.04796221852302551,0.04793073236942291,0.01838190108537674,0.04871976748108864,0.049349602311849594,0.018400516360998154,0.01837855391204357,0.018361466005444527,0.019251849502325058,0.04833696410059929,0.01844634860754013,0.018296102061867714,0.03872732073068619,0.049689967185258865,0.04932522401213646,0.049623601138591766,0.04665180295705795,0.018400277942419052,0.04899030551314354,0.018410902470350266,0.01855231635272503,0.01939322054386139,0.04967283830046654,0.018765898421406746
2024-11-24,0.0496075265109539,0.049582354724407196,0.01985299400985241,0.04557983577251434,0.018340367823839188,0.01849406585097313,0.048019908368587494,0.048165593296289444,0.018392719328403473,0.048820216208696365,0.04943469539284706,0.01841840334236622,0.018394606187939644,0.018371490761637688,0.019100870937108994,0.04845120385289192,0.018460962921380997,0.018309563398361206,0.03806803375482559,0.04972752556204796,0.049304038286209106,0.04964499548077583,0.04712725430727005,0.018415452912449837,0.049062930047512054,0.018420226871967316,0.01855841465294361,0.019414586946368217,0.04971553757786751,0.018743598833680153
2024-11-25,0.04967712238430977,0.04966743290424347,0.019587835296988487,0.04555695503950119,0.018363812938332558,0.01851700060069561,0.04798290133476257,0.048334866762161255,0.018414663150906563,0.04892084375023842,0.049512822180986404,0.01844644546508789,0.018420318141579628,0.018394967541098595,0.019021015614271164,0.04856409877538681,0.01849440485239029,0.018333200365304947,0.036811407655477524,0.049792636185884476,0.04928110912442207,0.049699634313583374,0.04763597249984741,0.018439969047904015,0.049121465533971786,0.0184409748762846,0.018569277599453926,0.01947253942489624,0.04978296160697937,0.018741415813565254
2024-11-26,0.049558185040950775,0.049578625708818436,0.01929304003715515,0.04340566322207451,0.018320003524422646,0.018473457545042038,0.04726723954081535,0.04893667250871658,0.01836411841213703,0.049206964671611786,0.04926399141550064,0.018410570919513702,0.01833856850862503,0.018545659258961678,0.02023383416235447,0.048886414617300034,0.018480325117707253,0.018276048824191093,0.04053259640932083,0.049637436866760254,0.0481053926050663,0.04955326020717621,0.04811860993504524,0.01835355907678604,0.049049995839595795,0.018351804465055466,0.018657458946108818,0.018706878647208214,0.04963656887412071,0.018456939607858658
2024-11-27,0.0496111735701561,0.04964261129498482,0.019025830551981926,0.04118707403540611,0.01833706721663475,0.01852208562195301,0.04724588245153427,0.04898941144347191,0.01836608722805977,0.04923936724662781,0.049451541155576706,0.018433095887303352,0.01838310994207859,0.01860583946108818,0.020258355885744095,0.04886429384350777,0.018472863361239433,0.018301455304026604,0.04158985614776611,0.04971298202872276,0.04813291132450104,0.04960218816995621,0.04850534722208977,0.01837332546710968,0.04915459826588631,0.01839769259095192,0.018629135563969612,0.018762635067105293,0.049717169255018234,0.018485052511096
2024-11-28,0.04960891976952553,0.04964437708258629,0.019004691392183304,0.04061456769704819,0.018334483727812767,0.018491992726922035,0.04713698476552963,0.04908347502350807,0.01837167888879776,0.049301762133836746,0.04941749572753906,0.01842610165476799,0.018370360136032104,0.01877530664205551,0.02036946453154087,0.0489916168153286,0.018474437296390533,0.01829705387353897,0.042420223355293274,0.049701981246471405,0.04785965755581856,0.04960596188902855,0.048333790153265,0.01836245507001877,0.04915005341172218,0.018381554633378983,0.0186851155012846,0.018623873591423035,0.04970423877239227,0.01845640502870083
2024-11-29,0.04964954033493996,0.049688875675201416,0.01894143782556057,0.04091954231262207,0.018350837752223015,0.018516577780246735,0.04729520156979561,0.04910576716065407,0.018388310447335243,0.049359049648046494,0.04945135489106178,0.01844385638833046,0.01838470809161663,0.018724270164966583,0.02013866789638996,0.04902423173189163,0.018494313582777977,0.01831238344311714,0.04150335490703583,0.04974325746297836,0.047873228788375854,0.0496487021446228,0.048516180366277695,0.018377624452114105,0.04915422201156616,0.01839718036353588,0.01867208071053028,0.018707426264882088,0.04974543675780296,0.01847238279879093
2024-11-30,0.04967721179127693,0.04971828684210777,0.01895849034190178,0.04306194931268692,0.018363317474722862,0.01857338473200798,0.047569725662469864,0.049056340008974075,0.018393972888588905,0.04942616447806358,0.04942787438631058,0.01847217231988907,0.018383750692009926,0.0185987688601017,0.020371105521917343,0.04905479773879051,0.018515929579734802,0.018320465460419655,0.03824351727962494,0.04976033791899681,0.04783222824335098,0.04968664050102234,0.04882800579071045,0.018385445699095726,0.04908451810479164,0.018401453271508217,0.01863732561469078,0.01895100064575672,0.049763429909944534,0.018482454121112823
2024-12-01,0.04971601814031601,0.04975978285074234,0.018887540325522423,0.043175045400857925,0.018377065658569336,0.01858224906027317,0.047654006630182266,0.04906892403960228,0.018412651494145393,0.049472007900476456,0.049481119960546494,0.018484607338905334,0.01840117946267128,0.018589243292808533,0.01997404359281063,0.049084391444921494,0.018525505438447,0.018335025757551193,0.03779193386435509,0.04980044439435005,0.047988198697566986,0.04972837120294571,0.04885391891002655,0.018398843705654144,0.04909443482756615,0.018416298553347588,0.018631841987371445,0.01901029236614704,0.04980171471834183,0.018503233790397644
2024-12-02,0.04971637204289436,0.04976033419370651,0.018856095150113106,0.04355742037296295,0.018377143889665604,0.01858922280371189,0.04774633049964905,0.049054089933633804,0.018415866419672966,0.049479223787784576,0.04947933182120323,0.018488243222236633,0.018401551991701126,0.01857142150402069,0.019825827330350876,0.04907247796654701,0.018519319593906403,0.01833452470600605,0.03744247555732727,0.04979819059371948,0.048042360693216324,0.04973071441054344,0.04887889325618744,0.01839829981327057,0.04907068982720375,0.018415063619613647,0.01861431822180748,0.019061341881752014,0.04979865252971649,0.018504196777939796
2024-12-03,0.04971033334732056,0.04975680634379387,0.019058043137192726,0.044907890260219574,0.018374893814325333,0.018774237483739853,0.04800303652882576,0.048698022961616516,0.018398160114884377,0.049438416957855225,0.04948774725198746,0.01853152923285961,0.01840474084019661,0.018504826352000237,0.021360298618674278,0.048795346170663834,0.01850655861198902,0.018334699794650078,0.034003473818302155,0.04979657009243965,0.04750225320458412,0.04972748085856438,0.0492948554456234,0.01840580254793167,0.04899347200989723,0.018430117517709732,0.01852305606007576,0.019943786785006523,0.04980112984776497,0.0185325238853693
2024-12-04,0.04990747943520546,0.049948688596487045,0.01895761303603649,0.04585009440779686,0.01844661869108677,0.01894542947411537,0.048429861664772034,0.04888897389173508,0.018471701070666313,0.0496421679854393,0.049573738127946854,0.018659187480807304,0.018460115417838097,0.018566807731986046,0.020508689805865288,0.049032874405384064,0.018575116991996765,0.018398571759462357,0.03063562698662281,0.049958791583776474,0.04680264741182327,0.04991540685296059,0.04972229152917862,0.018478412181138992,0.04897528886795044,0.018490618094801903,0.018550409004092216,0.020672515034675598,0.049969177693128586,0.018565213307738304
2024-12-05,0.05003487318754196,0.0500735379755497,0.018834037706255913,0.044819023460149765,0.018475012853741646,0.019165409728884697,0.04887745529413223,0.04865565896034241,0.018497180193662643,0.04962802678346634,0.049805812537670135,0.018698958680033684,0.01850852370262146,0.018546199426054955,0.019680121913552284,0.04824243485927582,0.01856638677418232,0.01844511553645134,0.028355147689580917,0.05010034888982773,0.04712248593568802,0.05002618208527565,0.05003120005130768,0.018536513671278954,0.04895181208848953,0.01857515424489975,0.018502414226531982,0.0234843697398901,0.050114307552576065,0.0186463575810194
2024-12-06,0.050088126212358475,0.050144027918577194,0.018920525908470154,0.0443454273045063,0.018508046865463257,0.019245672971010208,0.0485631488263607,0.04848058149218559,0.018531225621700287,0.04971154034137726,0.04987842217087746,0.018677227199077606,0.018564946949481964,0.018568772822618484,0.01969832368195057,0.048218078911304474,0.01861983723938465,0.018475070595741272,0.02889391779899597,0.05018205568194389,0.04684216529130936,0.05009157955646515,0.05008232966065407,0.018556931987404823,0.04891979321837425,0.01859031431376934,0.018542740494012833,0.023110507056117058,0.050186701118946075,0.018762050196528435
2024-12-07,0.0499345101416111,0.04999344050884247,0.018949322402477264,0.04575468599796295,0.01846407912671566,0.01940232701599598,0.048395536839962006,0.04771026223897934,0.018492063507437706,0.0496908500790596,0.049653682857751846,0.018581539392471313,0.01850430853664875,0.01850251853466034,0.01937415637075901,0.04793200269341469,0.01856616511940956,0.018417388200759888,0.03212394565343857,0.05002038925886154,0.04644382372498512,0.04994049295783043,0.04991701617836952,0.018490219488739967,0.04856863245368004,0.018521180376410484,0.018490102142095566,0.022499576210975647,0.05000336468219757,0.018662476912140846
2024-12-08,0.05002349242568016,0.050085827708244324,0.01889837346971035,0.04489724338054657,0.018495362251996994,0.019206577911973,0.048543110489845276,0.04814378544688225,0.018547503277659416,0.04976516216993332,0.049805350601673126,0.01864742301404476,0.018545001745224,0.018545599654316902,0.019213974475860596,0.04838074743747711,0.01860414631664753,0.01845381036400795,0.030496817082166672,0.05011399835348129,0.046632129698991776,0.05004832148551941,0.049989644438028336,0.018527809530496597,0.048763833940029144,0.018563836812973022,0.01852727308869362,0.022725127637386322,0.050106097012758255,0.018702572211623192
2024-12-09,0.05002862587571144,0.05008922889828682,0.018824875354766846,0.04455951228737831,0.01849898137152195,0.019063280895352364,0.04871644452214241,0.04825502261519432,0.018568910658359528,0.049758173525333405,0.04984845221042633,0.018657241016626358,0.018554821610450745,0.0185590460896492,0.019106315448880196,0.048562876880168915,0.018608596175909042,0.01845819316804409,0.030051549896597862,0.050123706459999084,0.04694759100675583,0.05006325989961624,0.049955565482378006,0.018530715256929398,0.048728134483098984,0.018574219197034836,0.018537187948822975,0.02295769937336445,0.05011538788676262,0.018696319311857224
2024-12-10,0.05027177929878235,0.05033188313245773,0.01878436468541622,0.045569032430648804,0.01860850490629673,0.019298292696475983,0.04918452352285385,0.04900846257805824,0.018699871376156807,0.05011748895049095,0.04985125735402107,0.018826309591531754,0.018637675791978836,0.01878090761601925,0.019074000418186188,0.0489702969789505,0.018716754391789436,0.018536873161792755,0.026409665122628212,0.05032547935843468,0.044628605246543884,0.05030547454953194,0.050273340195417404,0.018605485558509827,0.04823127016425133,0.018640510737895966,0.018609100952744484,0.023661477491259575,0.05031276494264603,0.018728526309132576
2024-12-11,0.050171710550785065,0.05021834373474121,0.018728356808423996,0.046453382819890976,0.018552914261817932,0.019375303760170937,0.049517977982759476,0.04871729388833046,0.018634973093867302,0.04986228793859482,0.049721937626600266,0.018821176141500473,0.018573377281427383,0.018628252670168877,0.018952365964651108,0.048702701926231384,0.018685633316636086,0.018494615331292152,0.02428371086716652,0.050211574882268906,0.0437571257352829,0.05016745626926422,0.05021011084318161,0.018594764173030853,0.048687342554330826,0.018598154187202454,0.018544849008321762,0.027273468673229218,0.05022389069199562,0.01863495074212551
2024-12-12,0.049890436232089996,0.04992280155420303,0.018586482852697372,0.04761895164847374,0.018439434468746185,0.01928701065480709,0.04931401088833809,0.04805644229054451,0.018534986302256584,0.0495789498090744,0.049536749720573425,0.01871003583073616,0.01845652237534523,0.018468862399458885,0.018818199634552002,0.04833834990859032,0.01856052875518799,0.018387483432888985,0.022055335342884064,0.04991059750318527,0.04401496425271034,0.04989961162209511,0.049929820001125336,0.018475810065865517,0.048519279807806015,0.01849665306508541,0.01842367835342884,0.03332924470305443,0.04991575703024864,0.018522964790463448
2024-12-13,0.04998715966939926,0.0500296913087368,0.018707772716879845,0.04720306396484375,0.01847950927913189,0.019346579909324646,0.049306321889162064,0.04770771786570549,0.018599221482872963,0.04970087110996246,0.0496625192463398,0.018736977130174637,0.018503200262784958,0.018501874059438705,0.018895849585533142,0.04830507934093475,0.01859230361878872,0.018428366631269455,0.022364983335137367,0.050023410469293594,0.04502369463443756,0.05000588670372963,0.05002244561910629,0.018513355404138565,0.04829114302992821,0.018534332513809204,0.018464146181941032,0.03142222762107849,0.05001254752278328,0.018627727404236794
2024-12-14,0.04995434358716011,0.04999997094273567,0.0186715479940176,0.046670135110616684,0.018469342961907387,0.019169986248016357,0.04938722401857376,0.047808945178985596,0.018662484362721443,0.04962678253650665,0.049607694149017334,0.018703656271100044,0.018503865227103233,0.018476756289601326,0.018739141523838043,0.04821232333779335,0.01858164183795452,0.018418166786432266,0.02306712605059147,0.04999556764960289,0.045962877571582794,0.04997367039322853,0.04998139292001724,0.018506919965147972,0.04827134683728218,0.018520181998610497,0.0184551440179348,0.03099834732711315,0.04998651519417763,0.01861695572733879
2024-12-15,0.049970317631959915,0.05001373589038849,0.018666861578822136,0.04644026234745979,0.018477721139788628,0.019143948331475258,0.04939120635390282,0.04795706644654274,0.018692173063755035,0.04960973560810089,0.04959985613822937,0.018721256405115128,0.01851504296064377,0.01848716102540493,0.018734028562903404,0.04829047992825508,0.018590254709124565,0.018424691632390022,0.023806866258382797,0.05000719428062439,0.04597019404172897,0.04998663440346718,0.04998110979795456,0.018520206212997437,0.048329100012779236,0.01852823793888092,0.018467670306563377,0.03005814366042614,0.05000123754143715,0.01861765794456005
2024-12-16,0.04998494312167168,0.050027016550302505,0.018678033724427223,0.046320315450429916,0.018484383821487427,0.01912619359791279,0.049376655369997025,0.04796786978840828,0.018716687336564064,0.04958714544773102,0.049598436802625656,0.018736789003014565,0.018524805083870888,0.018494660034775734,0.01873389631509781,0.04830671474337578,0.018597086891531944,0.018431002274155617,0.024364041164517403,0.050019726157188416,0.04607592523097992,0.0499999038875103,0.04997920244932175,0.01853311061859131,0.048361849039793015,0.018535826355218887,0.01847812719643116,0.029317576438188553,0.05001470446586609,0.01862727664411068
2024-12-17,0.04964907094836235,0.04966571927070618,0.018496008589863777,0.046815067529678345,0.01834958791732788,0.01889048144221306,0.0493197925388813,0.048419661819934845,0.018762236461043358,0.04925897717475891,0.04926712065935135,0.018584242090582848,0.01837061159312725,0.018345890566706657,0.01850508712232113,0.048295486718416214,0.01843329146504402,0.01829713210463524,0.0255799051374197,0.04963909462094307,0.046205371618270874,0.049669403582811356,0.04961589351296425,0.018381565809249878,0.04850361868739128,0.01838630996644497,0.01834590546786785,0.031891804188489914,0.049644835293293,0.01841079816222191
2024-12-18,0.04961671680212021,0.049642112106084824,0.01864096149802208,0.047080133110284805,0.01834329031407833,0.018853725865483284,0.049279164522886276,0.04772377759218216,0.018841277807950974,0.04921096935868263,0.049219079315662384,0.01856960728764534,0.018362950533628464,0.01834060810506344,0.018555670976638794,0.04828524589538574,0.018444105982780457,0.018290193751454353,0.026005668565630913,0.04961887374520302,0.04580330848693848,0.04964364692568779,0.04956778138875961,0.018381943926215172,0.048427533358335495,0.018370434641838074,0.018340935930609703,0.03250802308320999,0.049603212624788284,0.018429093062877655
2024-12-19,0.049878839403390884,0.04991263523697853,0.018568120896816254,0.042562659829854965,0.018446845933794975,0.018916863948106766,0.04961270093917847,0.04075753688812256,0.020166443660855293,0.04943564906716347,0.049375273287296295,0.018687451258301735,0.018455389887094498,0.018413910642266273,0.018538719043135643,0.048673056066036224,0.018661215901374817,0.018387174233794212,0.019563207402825356,0.04988249018788338,0.0460611954331398,0.04987933859229088,0.04924953728914261,0.01850239187479019,0.04837903380393982,0.01844998635351658,0.01843523606657982,0.04566263407468796,0.04985376074910164,0.01863071322441101
2024-12-20,0.049836985766887665,0.04987512528896332,0.018578285351395607,0.04428854584693909,0.018419070169329643,0.018855508416891098,0.04970208555459976,0.03649849444627762,0.020420724526047707,0.049433425068855286,0.0494212731719017,0.018652457743883133,0.018429692834615707,0.01838717795908451,0.01848723739385605,0.04885604977607727,0.01861570030450821,0.018368367105722427,0.01909615285694599,0.049850862473249435,0.04694939777255058,0.0498465970158577,0.04895554110407829,0.018482616171240807,0.0485476516187191,0.018418027088046074,0.018404515460133553,0.04786688834428787,0.04981930926442146,0.018636193126440048
2024-12-21,0.04949519783258438,0.04952719807624817,0.01844792626798153,0.046464160084724426,0.01830057054758072,0.018763113766908646,0.04929899051785469,0.04331802576780319,0.019429141655564308,0.0490240752696991,0.04915568605065346,0.018507830798625946,0.018328050151467323,0.018270548433065414,0.018408114090561867,0.04832923784852028,0.01853935606777668,0.01824970915913582,0.019278550520539284,0.04951079562306404,0.04667600989341736,0.04951811209321022,0.04927531257271767,0.01834408938884735,0.047996051609516144,0.018319500610232353,0.018287448212504387,0.044938307255506516,0.049498576670885086,0.018500277772545815
2024-12-22,0.049507007002830505,0.04954201355576515,0.01845388114452362,0.04652683064341545,0.018308954313397408,0.018762480467557907,0.049309130758047104,0.04307887703180313,0.01947113871574402,0.04902654513716698,0.049142416566610336,0.01851416751742363,0.018338844180107117,0.018276846036314964,0.018403474241495132,0.04827718064188957,0.01854354701936245,0.018256371840834618,0.01938663423061371,0.04952741041779518,0.04692472517490387,0.04953524470329285,0.049255743622779846,0.018354013562202454,0.047941192984580994,0.01832689344882965,0.01829487457871437,0.04468079283833504,0.0495111458003521,0.018521565943956375
2024-12-23,0.049524109810590744,0.04956139996647835,0.0184615608304739,0.046674806624650955,0.01831996627151966,0.018774067983031273,0.04930524900555611,0.04341279715299606,0.019421663135290146,0.04903198406100273,0.04912906885147095,0.01852301135659218,0.01835228130221367,0.01828603819012642,0.018409021198749542,0.04818963259458542,0.018549876287579536,0.018265338614583015,0.019594283774495125,0.049548644572496414,0.047069862484931946,0.04955877363681793,0.049283139407634735,0.018365049734711647,0.04787139967083931,0.01833903044462204,0.018305091187357903,0.04380599781870842,0.04952980577945709,0.018537066876888275
2024-12-24,0.04942987114191055,0.049464404582977295,0.018387900665402412,0.047289129346609116,0.0182948000729084,0.018885767087340355,0.04922953248023987,0.04408001899719238,0.01906624250113964,0.04892027750611305,0.049037568271160126,0.01852317526936531,0.01832548715174198,0.0182512104511261,0.01839909888803959,0.0478397011756897,0.01857484132051468,0.018234869465231895,0.019147278741002083,0.04945012927055359,0.0464085154235363,0.04946620762348175,0.04939807951450348,0.01833270862698555,0.047392431646585464,0.018319623544812202,0.018268294632434845,0.045627105981111526,0.04944172874093056,0.018514087423682213
2024-12-25,0.049460552632808685,0.049478527158498764,0.01851002871990204,0.04829441010951996,0.01832316629588604,0.01913321204483509,0.049067940562963486,0.04606292024254799,0.018673336133360863,0.04898006096482277,0.049001067876815796,0.018605727702379227,0.018339375033974648,0.01829015091061592,0.018592646345496178,0.04799382761120796,0.0186032522469759,0.0182476956397295,0.02017534337937832,0.049437932670116425,0.04505940154194832,0.049501173198223114,0.04949382692575455,0.018347077071666718,0.047520581632852554,0.018368560820817947,0.01829651929438114,0.04223714768886566,0.049436651170253754,0.01846800185739994
2024-12-26,0.04949041083455086,0.04951161891222,0.018523095175623894,0.048134103417396545,0.01833636499941349,0.019108368083834648,0.04906328022480011,0.04608117789030075,0.018696574494242668,0.04898626357316971,0.04899328574538231,0.01862386241555214,0.018351979553699493,0.01830373704433441,0.018604950979351997,0.04795313999056816,0.01862662099301815,0.018259670585393906,0.020246978849172592,0.04947373643517494,0.04498783126473427,0.04952879622578621,0.04952818900346756,0.018361210823059082,0.04750940576195717,0.018381645902991295,0.018310170620679855,0.042067255824804306,0.04946881905198097,0.018487539142370224
2024-12-27,0.049592409282922745,0.049608148634433746,0.0186017919331789,0.048112113028764725,0.018369650468230247,0.019163692370057106,0.049038320779800415,0.046858567744493484,0.018664231523871422,0.049086570739746094,0.049078889191150665,0.01869814284145832,0.018378159031271935,0.018363473936915398,0.01870076172053814,0.048126570880413055,0.018614523112773895,0.01829208806157112,0.02092127501964569,0.04955734685063362,0.04482118785381317,0.04962626099586487,0.049610212445259094,0.018395353108644485,0.047873347997665405,0.01842809095978737,0.018351420760154724,0.03902425616979599,0.049557723104953766,0.01848543994128704
2024-12-28,0.04964499548077583,0.04964172840118408,0.018523145467042923,0.04746027663350105,0.018368570134043694,0.01885930635035038,0.04908948019146919,0.04723264276981354,0.018892070278525352,0.048976268619298935,0.04907574504613876,0.018644943833351135,0.01839425601065159,0.018363608047366142,0.018545866012573242,0.04825080558657646,0.018664957955479622,0.018305359408259392,0.02050064504146576,0.049600690603256226,0.04565851390361786,0.04967048764228821,0.04958469048142433,0.01839553564786911,0.04779110848903656,0.018417097628116608,0.018368549644947052,0.038965389132499695,0.04959607869386673,0.018517225980758667
2024-12-29,0.04971170052886009,0.04971020296216011,0.018545055761933327,0.04722357541322708,0.01839415915310383,0.018884029239416122,0.04911687597632408,0.0472881942987442,0.018927117809653282,0.049047067761421204,0.0491039901971817,0.01866551674902439,0.018418077379465103,0.018389666453003883,0.01856299676001072,0.04825650528073311,0.018689211457967758,0.018330400809645653,0.02058824896812439,0.04967354238033295,0.045774221420288086,0.04973623529076576,0.04963449016213417,0.01842125505208969,0.04777783527970314,0.01843997649848461,0.018394963815808296,0.03807668015360832,0.0496649369597435,0.01855318434536457
2024-12-30,0.049755875021219254,0.049757424741983414,0.018563304096460342,0.04702470079064369,0.01841154135763645,0.01889636553823948,0.04913198947906494,0.04733004793524742,0.01896415837109089,0.04910232499241829,0.04912501573562622,0.01868051290512085,0.018432192504405975,0.018406985327601433,0.018575340509414673,0.04826195910573006,0.018713608384132385,0.018347598612308502,0.020587535575032234,0.04972238466143608,0.04595406353473663,0.049779921770095825,0.04965796694159508,0.018439851701259613,0.047727979719638824,0.018457887694239616,0.0184144526720047,0.037479281425476074,0.04971306398510933,0.018584702163934708
2024-12-31,0.04978010803461075,0.049785178154706955,0.018457410857081413,0.042528603225946426,0.018434884026646614,0.018933013081550598,0.04949139058589935,0.039649996906518936,0.020877588540315628,0.049299657344818115,0.04940645769238472,0.018638240173459053,0.018455594778060913,0.018382536247372627,0.018467506393790245,0.04849008470773697,0.018802672624588013,0.018361566588282585,0.018786458298563957,0.0497649684548378,0.04798853024840355,0.04979370906949043,0.04829585179686546,0.01845681294798851,0.04767170548439026,0.018460281193256378,0.01841435767710209,0.04758449271321297,0.049763768911361694,0.018776630982756615
2025-01-01,0.04989127442240715,0.049907755106687546,0.018509171903133392,0.040455494076013565,0.018481962382793427,0.01896481402218342,0.04953157901763916,0.04117482155561447,0.02097746916115284,0.049507297575473785,0.049514252692461014,0.01868375763297081,0.018488187342882156,0.018431417644023895,0.018528921529650688,0.048650357872247696,0.018843060359358788,0.01840248703956604,0.018914615735411644,0.04987303912639618,0.0481298491358757,0.04990461841225624,0.04812963679432869,0.018495451658964157,0.04754222556948662,0.01851191371679306,0.018468135967850685,0.04638032987713814,0.04988059774041176,0.018825452774763107
2025-01-02,0.04987439513206482,0.04989278316497803,0.018504969775676727,0.04049380123615265,0.018475715070962906,0.018954027444124222,0.04951281473040581,0.0421733558177948,0.020848527550697327,0.049505267292261124,0.049508146941661835,0.018679330125451088,0.018480636179447174,0.018426042050123215,0.018525848165154457,0.04865877330303192,0.018827585503458977,0.01839625835418701,0.01897638477385044,0.04985557124018669,0.048143330961465836,0.049882229417562485,0.04808769002556801,0.018491873517632484,0.04747503995895386,0.0185060054063797,0.018466683104634285,0.045678287744522095,0.04986831173300743,0.018830301240086555
2025-01-03,0.04984121769666672,0.04986381158232689,0.01848292350769043,0.04088430106639862,0.018471939489245415,0.018891723826527596,0.04942946135997772,0.045723091810941696,0.02058662287890911,0.04954170435667038,0.049556806683540344,0.018690096214413643,0.018489334732294083,0.018442023545503616,0.01852140761911869,0.04876122251152992,0.018856987357139587,0.0183855053037405,0.019189829006791115,0.04980930685997009,0.04783821851015091,0.04983552545309067,0.048412151634693146,0.01847461238503456,0.04677318036556244,0.018510954454541206,0.01847374252974987,0.04256564751267433,0.04982741177082062,0.01886914111673832
2025-01-04,0.04959718883037567,0.049595776945352554,0.018386658281087875,0.04672068729996681,0.018343541771173477,0.018704939633607864,0.04919875040650368,0.04809065908193588,0.01922626607120037,0.04907810315489769,0.04926993325352669,0.018605895340442657,0.018383558839559555,0.018332835286855698,0.018393466249108315,0.04846091940999031,0.01871481165289879,0.018286166712641716,0.019516872242093086,0.04955361783504486,0.04727563261985779,0.04957389086484909,0.049265023320913315,0.01837765984237194,0.046732690185308456,0.01839209347963333,0.018354365602135658,0.03928392380475998,0.049571506679058075,0.018712500110268593
2025-01-05,0.04966017231345177,0.04966450110077858,0.018409883603453636,0.04652296379208565,0.01837005838751793,0.018743177875876427,0.049260783940553665,0.048359040170907974,0.019189342856407166,0.04916943237185478,0.04932582750916481,0.018639186397194862,0.01840304397046566,0.018356679007411003,0.01842346042394638,0.048503294587135315,0.018743177875876427,0.018310770392417908,0.019625408574938774,0.049619633704423904,0.04738764837384224,0.04962971433997154,0.04934040829539299,0.018407080322504044,0.04661429673433304,0.01842055283486843,0.018384668976068497,0.038116659969091415,0.04964650049805641,0.018752610310912132
2025-01-06,0.049720242619514465,0.0497310571372509,0.01843399554491043,0.04633669927716255,0.018396178260445595,0.018777109682559967,0.0493231825530529,0.04855505749583244,0.019164223223924637,0.04926291108131409,0.049384549260139465,0.018666353076696396,0.018424568697810173,0.018381424248218536,0.018451886251568794,0.04855736345052719,0.018763476982712746,0.018334446474909782,0.019757425412535667,0.04968655854463577,0.0475243516266346,0.04968481883406639,0.04939984530210495,0.018434513360261917,0.04657822847366333,0.018446985632181168,0.018413517624139786,0.03690328449010849,0.04971807077527046,0.018787682056427002
2025-01-07,0.04968113824725151,0.049654390662908554,0.01840042509138584,0.046677254140377045,0.018389277160167694,0.01918419636785984,0.049458399415016174,0.04864226281642914,0.019063957035541534,0.04934199899435043,0.049356527626514435,0.018626809120178223,0.018372053280472755,0.01835606060922146,0.018433036282658577,0.04830626770853996,0.018880030140280724,0.01831808313727379,0.018931841477751732,0.04961833730340004,0.04795465245842934,0.04956117644906044,0.049162980169057846,0.0184439979493618,0.0450940802693367,0.018454544246196747,0.018390847370028496,0.038646068423986435,0.049706172198057175,0.018893113359808922
2025-01-08,0.05036237835884094,0.0503297820687294,0.018751002848148346,0.04534801468253136,0.018673231825232506,0.019193191081285477,0.04951546713709831,0.04901759326457977,0.019262094050645828,0.04990575835108757,0.049877457320690155,0.018857277929782867,0.01867600344121456,0.01868647336959839,0.018726415932178497,0.04883044213056564,0.01908848248422146,0.018574588000774384,0.022331280633807182,0.050347067415714264,0.04816247150301933,0.050218090415000916,0.0495249442756176,0.018703898414969444,0.046717703342437744,0.018686184659600258,0.018691841512918472,0.02549036778509617,0.05036036670207977,0.01909012347459793
2025-01-09,0.050076719373464584,0.050082750618457794,0.018527384847402573,0.04234834760427475,0.018520377576351166,0.01868394762277603,0.049522560089826584,0.04849036782979965,0.02008197084069252,0.04967860132455826,0.04979110509157181,0.018662691116333008,0.018539825454354286,0.01848423480987549,0.018506983295083046,0.04923316091299057,0.01896607130765915,0.018460992723703384,0.020249053835868835,0.050071123987436295,0.04907742142677307,0.04994816333055496,0.04810432717204094,0.018558545038104057,0.04772154614329338,0.01854882575571537,0.01855948194861412,0.03346969932317734,0.05008591338992119,0.018947750329971313
2025-01-10,0.05006890371441841,0.05007599666714668,0.018519660457968712,0.04316403716802597,0.018519150093197823,0.018677573651075363,0.0495137944817543,0.04879371449351311,0.019793957471847534,0.04965910688042641,0.049764234572649,0.018673405051231384,0.018533818423748016,0.01848488673567772,0.018506864085793495,0.049256011843681335,0.018989434465765953,0.01845778338611126,0.020237699151039124,0.050061386078596115,0.04893975332379341,0.049940381199121475,0.04851001873612404,0.018558470532298088,0.04777563735842705,0.01854543387889862,0.01856249012053013,0.032442107796669006,0.05008126050233841,0.018892984837293625
2025-01-11,0.05053291842341423,0.05054521933197975,0.018719831481575966,0.03495404124259949,0.01868479698896408,0.018857745453715324,0.04990208521485329,0.043785132467746735,0.022414056584239006,0.05005557835102081,0.050147633999586105,0.018838807940483093,0.018687745556235313,0.018653186038136482,0.018681179732084274,0.04989118501543999,0.01910378225147724,0.01862075924873352,0.01948760449886322,0.05052746832370758,0.04891873151063919,0.05040225386619568,0.04483213648200035,0.01874452829360962,0.04939182102680206,0.018686089664697647,0.018715038895606995,0.03973880037665367,0.050532493740320206,0.018947280943393707
2025-01-12,0.050524819642305374,0.05053609982132912,0.018719706684350967,0.03539227321743965,0.01868172362446785,0.01886865124106407,0.04986206814646721,0.044126883149147034,0.02209494821727276,0.05002891644835472,0.050117529928684235,0.01885228417813778,0.01868331804871559,0.018654916435480118,0.018684634938836098,0.04984574019908905,0.01909714750945568,0.018617451190948486,0.019478943198919296,0.05051484704017639,0.048803362995386124,0.050387125462293625,0.04531256854534149,0.018749089911580086,0.04930029436945915,0.018686238676309586,0.018711745738983154,0.03918183967471123,0.050523508340120316,0.01896127499639988
2025-01-13,0.050461478531360626,0.05046514794230461,0.018699629232287407,0.036577921360731125,0.018656732514500618,0.018857140094041824,0.04977859929203987,0.04456634819507599,0.021550919860601425,0.049902137368917465,0.05000369995832443,0.01883704960346222,0.018659092485904694,0.018631108105182648,0.018669722601771355,0.04972261190414429,0.01905771903693676,0.0185940433293581,0.019562097266316414,0.05044429004192352,0.048601340502500534,0.050331465899944305,0.04611140489578247,0.018729155883193016,0.04916773736476898,0.01866169087588787,0.018688006326556206,0.03861895576119423,0.05045468360185623,0.01893795281648636
2025-01-14,0.05156714841723442,0.051563408225774765,0.019194383174180984,0.028414474800229073,0.019056320190429688,0.019146520644426346,0.05052461102604866,0.04692642763257027,0.024498650804162025,0.05115482211112976,0.051160670816898346,0.019154809415340424,0.019064750522375107,0.019192324951291084,0.019134048372507095,0.0510961078107357,0.019406607374548912,0.01899896189570427,0.022388046607375145,0.05156023055315018,0.04917624220252037,0.051490481942892075,0.040735747665166855,0.01907823421061039,0.050549425184726715,0.019043846055865288,0.019213708117604256,0.02670150063931942,0.05153138190507889,0.019276106730103493
2025-01-15,0.050789594650268555,0.05077483877539635,0.01889801025390625,0.03710510954260826,0.018779251724481583,0.018834048882126808,0.04988158494234085,0.050046853721141815,0.020564595237374306,0.05044802278280258,0.05038850009441376,0.01887274719774723,0.018774718046188354,0.018927499651908875,0.018898988142609596,0.050403036177158356,0.019299928098917007,0.018718162551522255,0.02468441054224968,0.05076570436358452,0.04903210327029228,0.05072661116719246,0.04714999347925186,0.018784163519740105,0.048769231885671616,0.018776029348373413,0.019042417407035828,0.022051354870200157,0.050781119614839554,0.019031433388590813
2025-01-16,0.05008510872721672,0.05010576546192169,0.0189922247081995,0.04215286672115326,0.018536636605858803,0.018732091411948204,0.049165550619363785,0.049556914716959,0.018955670297145844,0.050016943365335464,0.04970276355743408,0.01864336058497429,0.018484944477677345,0.018814969807863235,0.021415796130895615,0.049774423241615295,0.0191364549100399,0.018462102860212326,0.030779855325818062,0.05006904900074005,0.04707251116633415,0.050051454454660416,0.04815210774540901,0.018518120050430298,0.04827648773789406,0.018539350479841232,0.019072482362389565,0.019977910444140434,0.05012781172990799,0.018628276884555817
2025-01-17,0.048680420964956284,0.04867593199014664,0.020517682656645775,0.04517035186290741,0.01803811825811863,0.018308689817786217,0.0470656156539917,0.048042211681604385,0.01823253370821476,0.04861293360590935,0.04826100543141365,0.0181327685713768,0.017973000183701515,0.01841798424720764,0.033480431884527206,0.048336759209632874,0.018422069028019905,0.017942488193511963,0.040795836597681046,0.04865942522883415,0.0456993468105793,0.048671361058950424,0.04614608362317085,0.017987556755542755,0.047777608036994934,0.017997220158576965,0.018668286502361298,0.018522782251238823,0.04869451746344566,0.01806895062327385
2025-01-18,0.048633553087711334,0.04863300547003746,0.02014588937163353,0.046580396592617035,0.01801127754151821,0.01839187927544117,0.047647420316934586,0.04747141897678375,0.018054911866784096,0.048499695956707,0.04785669967532158,0.018102748319506645,0.017965739592909813,0.018013758584856987,0.032951634377241135,0.04836678132414818,0.01838657446205616,0.017933908849954605,0.040966201573610306,0.04865710809826851,0.04655825346708298,0.048653095960617065,0.04482155293226242,0.01799589954316616,0.04820684343576431,0.01797688938677311,0.018994241952896118,0.018803751096129417,0.04869178310036659,0.018027137964963913
2025-01-19,0.049037348479032516,0.049060456454753876,0.019516749307513237,0.04618772491812706,0.018172286450862885,0.018568098545074463,0.04798625409603119,0.04811261594295502,0.01822752133011818,0.048915185034275055,0.048314716666936874,0.01827489770948887,0.018125206232070923,0.01819002628326416,0.026308078318834305,0.04865938052535057,0.018473437055945396,0.01808658055961132,0.040400587022304535,0.049082670360803604,0.047147899866104126,0.04904584214091301,0.046195704489946365,0.018155410885810852,0.04853147268295288,0.018137719482183456,0.018873954191803932,0.018908945843577385,0.04910486936569214,0.01819833554327488
2025-01-20,0.04929177835583687,0.0493292361497879,0.019198600202798843,0.04559382051229477,0.018275847658514977,0.018685348331928253,0.048158302903175354,0.04844342917203903,0.01835329458117485,0.04917748644948006,0.04860186204314232,0.018383195623755455,0.01822718419134617,0.01830630749464035,0.022863976657390594,0.04878808185458183,0.018529100343585014,0.018183333799242973,0.039804574102163315,0.049351174384355545,0.047430846840143204,0.049290820956230164,0.04702414944767952,0.01825595647096634,0.04869811609387398,0.018241817131638527,0.018778864294290543,0.01905822940170765,0.04936312511563301,0.018312130123376846
2025-01-21,0.04946961626410484,0.0495169460773468,0.01898312009871006,0.04513735696673393,0.018340609967708588,0.01874430477619171,0.04829303175210953,0.04854397103190422,0.018434561789035797,0.04933803901076317,0.04885665699839592,0.018442802131175995,0.018306197598576546,0.018369901925325394,0.02084640972316265,0.048842478543519974,0.018575284630060196,0.018253235146403313,0.03902686759829521,0.04954780265688896,0.04770742729306221,0.04946025088429451,0.047496672719717026,0.018330175429582596,0.048808660358190536,0.018320810049772263,0.018717769533395767,0.019327662885189056,0.049553919583559036,0.018407514318823814
2025-01-22,0.049538109451532364,0.0495893657207489,0.019177518784999847,0.04651574045419693,0.0183425173163414,0.01892273873090744,0.04873974248766899,0.04790465906262398,0.018459178507328033,0.04946814477443695,0.04890325292944908,0.01847473718225956,0.018313376232981682,0.018316403031349182,0.02704515866935253,0.04924588277935982,0.018769580870866776,0.01828206516802311,0.03100382164120674,0.04958261549472809,0.047669414430856705,0.0495910681784153,0.043883223086595535,0.018349219113588333,0.048659224063158035,0.01835623010993004,0.01945667527616024,0.021335238590836525,0.04962284862995148,0.01848231442272663
2025-01-23,0.04965038225054741,0.04970630630850792,0.018820177763700485,0.04663568735122681,0.01837937906384468,0.019312722608447075,0.04877644404768944,0.047348182648420334,0.01850864663720131,0.04966387525200844,0.04923369735479355,0.018503140658140182,0.01833980530500412,0.018343569710850716,0.025971025228500366,0.04920913651585579,0.018907316029071808,0.018316999077796936,0.025443322956562042,0.04968898743391037,0.04611172527074814,0.049671996384859085,0.0473124235868454,0.01836511306464672,0.048089947551488876,0.01839539036154747,0.0188027024269104,0.02623736672103405,0.049716826528310776,0.01853770576417446
2025-01-24,0.04920962452888489,0.04928482323884964,0.019103828817605972,0.04581966623663902,0.018222222104668617,0.019426265731453896,0.04855409264564514,0.04798560217022896,0.018319815397262573,0.049247391521930695,0.04886217042803764,0.018403390422463417,0.018174894154071808,0.01825876720249653,0.03224054351449013,0.048785168677568436,0.018659451976418495,0.018154669553041458,0.028612850233912468,0.049252863973379135,0.04488396272063255,0.04921179637312889,0.04800137132406235,0.018211783841252327,0.047605160623788834,0.018253235146403313,0.018733562901616096,0.02285844273865223,0.04930468648672104,0.018357891589403152
2025-01-25,0.04897231236100197,0.04901735112071037,0.019665934145450592,0.04405656084418297,0.01811680942773819,0.01942511461675167,0.04834631830453873,0.048010725528001785,0.01826898381114006,0.04898802936077118,0.048696666955947876,0.018318582326173782,0.01807507313787937,0.018260804936289787,0.03708692640066147,0.048526421189308167,0.018491065129637718,0.018059533089399338,0.030302762985229492,0.04896707832813263,0.04463944211602211,0.04896096512675285,0.047448962926864624,0.018113788217306137,0.04701133817434311,0.018182316794991493,0.01873064786195755,0.021894821897149086,0.049045223742723465,0.018319493159651756
2025-01-26,0.04913995414972305,0.049180299043655396,0.019580001011490822,0.043004345148801804,0.01817682757973671,0.019451117143034935,0.04844168573617935,0.0481940358877182,0.018300486728549004,0.04912925511598587,0.048855818808078766,0.018369367346167564,0.018142182379961014,0.01828855834901333,0.03360056132078171,0.04851490631699562,0.018452482298016548,0.018122974783182144,0.03156720846891403,0.049156829714775085,0.0456867478787899,0.049133412539958954,0.047892000526189804,0.018179116770625114,0.047335654497146606,0.018247077241539955,0.018637461587786674,0.02160147950053215,0.0492204874753952,0.018397603183984756
2025-01-27,0.049353063106536865,0.04938695952296257,0.019419537857174873,0.04196852445602417,0.018253294751048088,0.01946861855685711,0.048592209815979004,0.04844525083899498,0.018359273672103882,0.04930928349494934,0.04906196519732475,0.01844143494963646,0.018224868923425674,0.018337508663535118,0.030066538602113724,0.048550669103860855,0.018471302464604378,0.018202006816864014,0.032252952456474304,0.049383025616407394,0.04653150588274002,0.04934818670153618,0.04827098548412323,0.018259750679135323,0.047651369124650955,0.01832670532166958,0.018618425354361534,0.021519137546420097,0.04943681135773659,0.018488923087716103
2025-01-28,0.048264551907777786,0.04825367406010628,0.026386559009552002,0.03703245893120766,0.01783880963921547,0.01813391037285328,0.04519975930452347,0.04772769287228584,0.018006930127739906,0.04811042174696922,0.04802948608994484,0.01796037331223488,0.017812296748161316,0.021208710968494415,0.03645201027393341,0.04776059836149216,0.017921019345521927,0.017791874706745148,0.04628683254122734,0.04827883839607239,0.045716479420661926,0.0482819601893425,0.04538736119866371,0.017842434346675873,0.04763699695467949,0.01790020428597927,0.01858716644346714,0.017914514988660812,0.048294100910425186,0.01798199862241745
2025-01-29,0.04775875806808472,0.047699667513370514,0.03045995905995369,0.038130298256874084,0.017651645466685295,0.0182180292904377,0.044711194932460785,0.04701622948050499,0.017745275050401688,0.04754680395126343,0.04754744842648506,0.01778600551187992,0.01762744039297104,0.02089856192469597,0.041298963129520416,0.04692504554986954,0.01772593893110752,0.017606893554329872,0.04548952728509903,0.047769464552402496,0.044291265308856964,0.04777343571186066,0.046376366168260574,0.017656369134783745,0.04697221517562866,0.017729362472891808,0.018060456961393356,0.017868492752313614,0.04779612645506859,0.017862770706415176
2025-01-30,0.047925084829330444,0.0478755384683609,0.030344102531671524,0.04041576385498047,0.01773097552359104,0.018203485757112503,0.04511253908276558,0.04722661152482033,0.01777682639658451,0.047723107039928436,0.047574348747730255,0.017830435186624527,0.017693182453513145,0.01996494270861149,0.03661270812153816,0.04690605774521828,0.017782652750611305,0.017667723819613457,0.04534332454204559,0.047955840826034546,0.04496289789676666,0.047945067286491394,0.0469621866941452,0.017728125676512718,0.047159288078546524,0.01778300479054451,0.018031220883131027,0.017915800213813782,0.04794418066740036,0.017902912572026253
2025-01-31,0.04678162559866905,0.046752698719501495,0.0373268760740757,0.04238717630505562,0.017336547374725342,0.01748734712600708,0.04176800325512886,0.04627792537212372,0.017606375738978386,0.04659773409366608,0.04623552784323692,0.017443394288420677,0.017268870025873184,0.030416402965784073,0.04149241745471954,0.04641763120889664,0.017390284687280655,0.017239300534129143,0.04588352143764496,0.04674575477838516,0.04172428697347641,0.04682192578911781,0.04453152418136597,0.017282113432884216,0.0460318885743618,0.017298473045229912,0.01806102693080902,0.01730073057115078,0.04669451341032982,0.017398104071617126
2025-02-01,0.04774381220340729,0.047742150723934174,0.03206644952297211,0.04272808879613876,0.01767425239086151,0.017866075038909912,0.045280713587999344,0.0473780520260334,0.017950773239135742,0.047597408294677734,0.04730268940329552,0.017797548323869705,0.01761499047279358,0.02325654774904251,0.03185412660241127,0.047333378344774246,0.0177324116230011,0.017592741176486015,0.04528112709522247,0.04772552102804184,0.04462018981575966,0.04777758568525314,0.04668675363063812,0.017642267048358917,0.04679706320166588,0.017660534009337425,0.01809951849281788,0.01772380620241165,0.0477103553712368,0.017763135954737663
2025-02-02,0.048853687942028046,0.04886261001229286,0.02445564791560173,0.043211814016103745,0.018072837963700294,0.018257660791277885,0.04707367345690727,0.04849054291844368,0.018330931663513184,0.04869921877980232,0.048397548496723175,0.01817762479186058,0.018023496493697166,0.019795525819063187,0.022715071216225624,0.0484309121966362,0.0181582011282444,0.018002072349190712,0.04415160417556763,0.048852112144231796,0.04642316699028015,0.04887992888689041,0.047963086515665054,0.01805642805993557,0.04794061928987503,0.01806454546749592,0.01841781847178936,0.018238143995404243,0.04884742572903633,0.01815594732761383
2025-02-03,0.04922766610980034,0.049242377281188965,0.021544957533478737,0.04340669885277748,0.018204377964138985,0.018393872305750847,0.04778602346777916,0.04879867658019066,0.018457716330885887,0.04903952032327652,0.048757873475551605,0.01829761266708374,0.018169265240430832,0.01886785216629505,0.020439356565475464,0.04872500151395798,0.01830780878663063,0.018143733963370323,0.04282670468091965,0.049249060451984406,0.04720712825655937,0.04925522208213806,0.04831342399120331,0.01820111833512783,0.048363786190748215,0.018200568854808807,0.018488582223653793,0.018535438925027847,0.04924609139561653,0.018302537500858307
2025-02-04,0.04975374415516853,0.049786899238824844,0.02008015848696232,0.040844209492206573,0.0183855090290308,0.01855720579624176,0.04884552210569382,0.049149639904499054,0.018643010407686234,0.04948466271162033,0.0493507944047451,0.01847846619784832,0.018382206559181213,0.01887020282447338,0.019513150677084923,0.04895904287695885,0.018518397584557533,0.018343940377235413,0.03809165209531784,0.049819059669971466,0.04804380610585213,0.049777790904045105,0.04884489253163338,0.018418898805975914,0.048612482845783234,0.018421707674860954,0.01859680376946926,0.019020158797502518,0.04981561377644539,0.0185904111713171
2025-02-05,0.049637410789728165,0.04966741427779198,0.01927776448428631,0.04576022922992706,0.018353890627622604,0.018565334379673004,0.04862011969089508,0.04853319749236107,0.018570445477962494,0.04932622238993645,0.049292970448732376,0.01842365227639675,0.01836291141808033,0.018422799184918404,0.018776608631014824,0.04868879169225693,0.018491284921765327,0.018312903121113777,0.036542925983667374,0.04973265528678894,0.0485658198595047,0.04969441890716553,0.04824087768793106,0.01837504282593727,0.04882824793457985,0.01836443692445755,0.01849254034459591,0.01979144662618637,0.049712248146533966,0.018575333058834076
2025-02-06,0.04967150464653969,0.04969838634133339,0.01927204057574272,0.046255405992269516,0.018365798518061638,0.018550176173448563,0.048457663506269455,0.048349443823099136,0.018571384251117706,0.049355391412973404,0.049365825951099396,0.018429266288876534,0.018383724614977837,0.018421955406665802,0.018775587901473045,0.04877951368689537,0.01851455494761467,0.018327774479985237,0.03598067909479141,0.04977182298898697,0.048870816826820374,0.04973669722676277,0.04780418425798416,0.018386119976639748,0.04871257394552231,0.01838199980556965,0.018504975363612175,0.019887320697307587,0.04974876716732979,0.018668608739972115
2025-02-07,0.05020827054977417,0.05020802095532417,0.01879435032606125,0.04516981542110443,0.018574828281998634,0.0187434870749712,0.04845269024372101,0.04919939115643501,0.018844055011868477,0.05000820755958557,0.04986186698079109,0.01863059028983116,0.01857002079486847,0.018647760152816772,0.01893233135342598,0.04968401789665222,0.018980879336595535,0.0185150858014822,0.028099829331040382,0.050251949578523636,0.04818732663989067,0.05021670088171959,0.048106685280799866,0.018558790907263756,0.04838171228766441,0.018577303737401962,0.01876412145793438,0.021732645109295845,0.05023752897977829,0.01885974407196045
2025-02-08,0.05028948560357094,0.050288666039705276,0.01879323273897171,0.04343361407518387,0.01859884522855282,0.018758099526166916,0.04878433421254158,0.049479611217975616,0.018853845074772835,0.04998745024204254,0.0500912070274353,0.01866753213107586,0.01863006129860878,0.01865473948419094,0.018903473392128944,0.04968934506177902,0.019004127010703087,0.018553422763943672,0.027065929025411606,0.05036032199859619,0.04887305945158005,0.05027730017900467,0.04783305153250694,0.018606258556246758,0.04851990193128586,0.018640056252479553,0.018831124529242516,0.022144945338368416,0.050363898277282715,0.01902298629283905
2025-02-09,0.05021977424621582,0.0502239465713501,0.018794523552060127,0.0434999093413353,0.01857001893222332,0.018738364800810814,0.04897613450884819,0.049491267651319504,0.01880260929465294,0.049876775592565536,0.049997974187135696,0.01864461414515972,0.018602341413497925,0.01861574873328209,0.01885898783802986,0.04957897216081619,0.01891711726784706,0.01852685585618019,0.027625180780887604,0.05029258877038956,0.04887312650680542,0.05021131783723831,0.04826664924621582,0.018585199490189552,0.04869622364640236,0.018609700724482536,0.018792256712913513,0.02187509275972843,0.050299372524023056,0.018937358632683754
2025-02-10,0.05017261952161789,0.05017774924635887,0.018787717446684837,0.04387771710753441,0.01855028234422207,0.01872692070901394,0.049017976969480515,0.04943951219320297,0.018761100247502327,0.04979058355093002,0.049918632954359055,0.018628764897584915,0.018583498895168304,0.018586603924632072,0.01881984807550907,0.049496524035930634,0.018863409757614136,0.018507977947592735,0.027930719777941704,0.05024447292089462,0.048790980130434036,0.050165776163339615,0.04854348674416542,0.01857016608119011,0.048829253762960434,0.01858474314212799,0.01875586435198784,0.02175426296889782,0.05025004222989082,0.018872786313295364
2025-02-11,0.05032386630773544,0.050328753888607025,0.018827900290489197,0.04206648841500282,0.018605556339025497,0.01882084459066391,0.049382615834474564,0.04990004003047943,0.018897490575909615,0.04997570440173149,0.04996258392930031,0.018730811774730682,0.01860463246703148,0.01867608167231083,0.019001102074980736,0.049732647836208344,0.01890525035560131,0.018552834168076515,0.0268655214458704,0.05033595860004425,0.04787615314126015,0.05029825121164322,0.04931177198886871,0.01862725242972374,0.04907222464680672,0.01863851398229599,0.018885871395468712,0.02165469340980053,0.05036601796746254,0.018772495910525322
2025-02-12,0.05033688247203827,0.05034651979804039,0.018746130168437958,0.04099339619278908,0.018597882241010666,0.018743865191936493,0.04893104359507561,0.049882203340530396,0.018900645896792412,0.04994640126824379,0.04973253607749939,0.018751787021756172,0.0186116062104702,0.018744800239801407,0.018907206133008003,0.04971978813409805,0.01886136829853058,0.018549956381320953,0.030582472681999207,0.050343260169029236,0.047361407428979874,0.05031765624880791,0.049255721271038055,0.018639933317899704,0.049463480710983276,0.018615927547216415,0.01887447200715542,0.0201525017619133,0.05035804957151413,0.01873113214969635
2025-02-13,0.05042204633355141,0.0504332073032856,0.01884714886546135,0.04507778212428093,0.01861337572336197,0.01876414380967617,0.04879240691661835,0.04981407895684242,0.018821967765688896,0.05009656772017479,0.050009217113256454,0.018760763108730316,0.018619587644934654,0.018755123019218445,0.018935784697532654,0.04991568252444267,0.018839146941900253,0.018573420122265816,0.024086615070700645,0.050420455634593964,0.04791465029120445,0.050425056368112564,0.04985613375902176,0.018624383956193924,0.04927375912666321,0.01863355003297329,0.018772665411233902,0.020741056650877,0.05040377378463745,0.018756473436951637
2025-02-14,0.0505286268889904,0.05051286518573761,0.018982840701937675,0.04377887025475502,0.018647680059075356,0.018816526979207993,0.047836072742938995,0.04985490068793297,0.01887458749115467,0.05013324320316315,0.05001777783036232,0.018802518025040627,0.018648825585842133,0.018927421420812607,0.019239746034145355,0.05002908781170845,0.01893494836986065,0.018608957529067993,0.025554658845067024,0.05048709735274315,0.04681210219860077,0.05052860081195831,0.04989062622189522,0.018650410696864128,0.04935191944241524,0.018682006746530533,0.018874701112508774,0.020750444382429123,0.050466813147068024,0.018775124102830887
2025-02-15,0.050346724689006805,0.050324928015470505,0.018792832270264626,0.04602191969752312,0.01858590357005596,0.018853383138775826,0.048694267868995667,0.04972830042243004,0.018778115510940552,0.049982041120529175,0.0498490110039711,0.018736733123660088,0.018582118675112724,0.018696578219532967,0.018990326672792435,0.04975666105747223,0.018825391307473183,0.01854299008846283,0.02384926937520504,0.050303876399993896,0.047204021364450455,0.05034607648849487,0.04979286342859268,0.018588954582810402,0.04907488450407982,0.01860983669757843,0.018732352182269096,0.022395126521587372,0.050304047763347626,0.01871047355234623
2025-02-16,0.050285693258047104,0.05025894567370415,0.01876836083829403,0.046601008623838425,0.018560955300927162,0.01885121315717697,0.048874255269765854,0.04976111277937889,0.018748268485069275,0.04991014674305916,0.04978508874773979,0.01872118003666401,0.018552564084529877,0.01865210384130478,0.01894504576921463,0.049726326018571854,0.018797004595398903,0.018518740311264992,0.023489119485020638,0.05022935941815376,0.047146301716566086,0.05028173699975014,0.04979148879647255,0.01856679469347,0.04915766417980194,0.01858535036444664,0.018706252798438072,0.022825298830866814,0.0502425916492939,0.018660126253962517
2025-02-17,0.05023485794663429,0.05020540580153465,0.018750878050923347,0.046846408396959305,0.018541494384407997,0.018834322690963745,0.04894544184207916,0.04975421726703644,0.018724780529737473,0.04983174800872803,0.049738217145204544,0.018711205571889877,0.01853189244866371,0.018615111708641052,0.018916191533207893,0.04968048259615898,0.01877538673579693,0.018499406054615974,0.0233392883092165,0.050171464681625366,0.04716131091117859,0.050228118896484375,0.0498017780482769,0.01855035498738289,0.04919208586215973,0.018567143008112907,0.01868351548910141,0.023343678563833237,0.050193481147289276,0.018630336970090866
2025-02-18,0.05018061026930809,0.050150949507951736,0.018735261633992195,0.046966150403022766,0.018522029742598534,0.018807556480169296,0.048962242901325226,0.04970884695649147,0.0187032762914896,0.04974774643778801,0.049691151827573776,0.018701206892728806,0.018512945622205734,0.01858227699995041,0.01889798417687416,0.049633387476205826,0.01876288838684559,0.01847969926893711,0.02322533167898655,0.05011492222547531,0.04713479056954384,0.050171397626399994,0.049812451004981995,0.01853325590491295,0.049176257103681564,0.01854982227087021,0.018661711364984512,0.02412300743162632,0.050141699612140656,0.018609151244163513
2025-02-19,0.04999876394867897,0.04999944940209389,0.019454242661595345,0.04854721203446388,0.018466465175151825,0.019068285822868347,0.04910433292388916,0.048926498740911484,0.018587185069918633,0.049767863005399704,0.04954666271805763,0.018648164346814156,0.0184499379247427,0.018457837402820587,0.01941189356148243,0.04913930594921112,0.01861315593123436,0.01841900497674942,0.021003026515245438,0.04997067153453827,0.04767882823944092,0.0500231496989727,0.04979069158434868,0.01847568154335022,0.04880094900727272,0.018487628549337387,0.018532469868659973,0.026012351736426353,0.04995986446738243,0.018658407032489777
2025-02-20,0.049930378794670105,0.049941811710596085,0.02001667581498623,0.049189161509275436,0.01843017153441906,0.018947409465909004,0.04895615950226784,0.048725418746471405,0.018500182777643204,0.04977298527956009,0.04965857416391373,0.018586862832307816,0.018418101593852043,0.018443774431943893,0.020555615425109863,0.04939666762948036,0.01857859268784523,0.018392028287053108,0.02176540717482567,0.04992178827524185,0.04793978109955788,0.04995346814393997,0.04970033839344978,0.018436236307024956,0.04894855245947838,0.01844070665538311,0.018498830497264862,0.023436695337295532,0.049893446266651154,0.018624158576130867
2025-02-21,0.049858707934617996,0.04984692856669426,0.019375810399651527,0.04908531904220581,0.018417278304696083,0.018877534195780754,0.04876367747783661,0.04906875267624855,0.018460888415575027,0.0496634878218174,0.049581535160541534,0.01859280839562416,0.018406806513667107,0.01848294399678707,0.02190578170120716,0.04936230927705765,0.01860896497964859,0.018364042043685913,0.022503606975078583,0.04982477426528931,0.04691605269908905,0.0498625710606575,0.049694910645484924,0.018408948555588722,0.04882601648569107,0.018417807295918465,0.018489757552742958,0.023948753252625465,0.04981369525194168,0.018569570034742355
2025-02-22,0.0493878573179245,0.04933905974030495,0.02168853022158146,0.04920978099107742,0.018245523795485497,0.01851160079240799,0.047830887138843536,0.04858618974685669,0.018276436254382133,0.04924912005662918,0.04921025410294533,0.01834188401699066,0.01824311912059784,0.018440749496221542,0.026421215385198593,0.04917905479669571,0.01844869740307331,0.01818670704960823,0.02553120255470276,0.04931161552667618,0.04689649119973183,0.049398425966501236,0.04911588877439499,0.018215293064713478,0.048491157591342926,0.018232766538858414,0.018359461799263954,0.0220122579485178,0.04920433461666107,0.01843447983264923
2025-02-23,0.049567997455596924,0.049535591155290604,0.02007012628018856,0.049188628792762756,0.01830570213496685,0.0185776948928833,0.048278603702783585,0.04891263321042061,0.01836124248802662,0.04941055551171303,0.04939665645360947,0.018426815047860146,0.018305571749806404,0.01851728931069374,0.023448433727025986,0.04933060705661774,0.018488576635718346,0.01825273409485817,0.027103880420327187,0.04950297251343727,0.04674976319074631,0.04957165941596031,0.0493299700319767,0.018282441422343254,0.04871543496847153,0.018296100199222565,0.018425045534968376,0.021744215860962868,0.04945056885480881,0.01845252513885498
2025-02-24,0.04966224730014801,0.049635980278253555,0.019463863223791122,0.049072593450546265,0.018337907269597054,0.018610406666994095,0.04854782298207283,0.04908736050128937,0.01840396411716938,0.04948984831571579,0.0494706965982914,0.018470389768481255,0.01833917200565338,0.01855248026549816,0.021940097212791443,0.04939316585659981,0.01849873550236225,0.018287094309926033,0.027595670893788338,0.049606192857027054,0.046756431460380554,0.04966258257627487,0.0494505874812603,0.018320167437195778,0.04880009591579437,0.01833212934434414,0.018448738381266594,0.021724123507738113,0.049576982855796814,0.01846243627369404
2025-02-25,0.04965056851506233,0.04961974918842316,0.019634386524558067,0.04895080253481865,0.018321657553315163,0.018497392535209656,0.048267461359500885,0.04912223294377327,0.01839999109506607,0.04949067905545235,0.04944723844528198,0.01841818355023861,0.01832599751651287,0.018682701513171196,0.0224898774176836,0.049445074051618576,0.018485121428966522,0.018278736621141434,0.028942907229065895,0.04959642142057419,0.046927839517593384,0.04965369403362274,0.049314748495817184,0.01830192655324936,0.04873330891132355,0.01831192336976528,0.01846032589673996,0.02021786756813526,0.04955071210861206,0.018460489809513092
2025-02-26,0.04930649325251579,0.04925264045596123,0.02011914551258087,0.048000480979681015,0.01819889061152935,0.018311694264411926,0.047543443739414215,0.0489310659468174,0.018372831866145134,0.049098577350378036,0.04903000220656395,0.01826753467321396,0.018207164481282234,0.01876983419060707,0.021474741399288177,0.049095794558525085,0.01833861693739891,0.018152760341763496,0.037920136004686356,0.04923665151000023,0.04723139479756355,0.04930778220295906,0.04825339838862419,0.01817692443728447,0.04841981455683708,0.01818249747157097,0.018471430987119675,0.018802519887685776,0.04916698485612869,0.018358798697590828
2025-02-27,0.04957203194499016,0.04950982332229614,0.019216177985072136,0.04783197119832039,0.018304899334907532,0.018445070832967758,0.04830894246697426,0.04914097860455513,0.018548907712101936,0.049309179186820984,0.04925074055790901,0.018375365063548088,0.018317677080631256,0.018533403053879738,0.019502459093928337,0.04929017275571823,0.018472202122211456,0.018255140632390976,0.03541154786944389,0.04950650781393051,0.04772563651204109,0.04957063868641853,0.04847324267029762,0.018286341801285744,0.04849483445286751,0.018288496881723404,0.018543871119618416,0.019560689106583595,0.04945766180753708,0.018495403230190277
2025-02-28,0.04932652413845062,0.04924442619085312,0.01976381056010723,0.04773223400115967,0.018210457637906075,0.01831577718257904,0.047974295914173126,0.04902238771319389,0.018465111032128334,0.04902084171772003,0.04904060438275337,0.018285946920514107,0.018232189118862152,0.0185457281768322,0.020827412605285645,0.049135997891426086,0.0183833260089159,0.018162423744797707,0.03870707377791405,0.049234386533498764,0.04739473760128021,0.04932662844657898,0.04760259762406349,0.018190598115324974,0.04849094897508621,0.018192587420344353,0.018606796860694885,0.019001554697752,0.0491970032453537,0.018365636467933655
2025-03-01,0.04917021840810776,0.04906590282917023,0.019917994737625122,0.047602713108062744,0.01815471425652504,0.018219999969005585,0.0475335530936718,0.0489511601626873,0.01843913458287716,0.04889118671417236,0.048934824764728546,0.018207183107733727,0.018170690163969994,0.018654271960258484,0.020889941602945328,0.049014218151569366,0.018312642350792885,0.018103009089827538,0.04198235273361206,0.049061793833971024,0.04731590673327446,0.0491684153676033,0.04696245118975639,0.018125582486391068,0.04846862331032753,0.018130479380488396,0.01861618645489216,0.018657084554433823,0.0489957369863987,0.018282104283571243
2025-03-02,0.04925209656357765,0.049154408276081085,0.019453024491667747,0.04739334434270859,0.018185539171099663,0.018259480595588684,0.04782366380095482,0.049048375338315964,0.018453462049365044,0.04896893352270126,0.04899672791361809,0.018239324912428856,0.018200507387518883,0.01858704350888729,0.01996864192187786,0.04907146841287613,0.018327748402953148,0.01813347637653351,0.04155592992901802,0.04915579780936241,0.04753800854086876,0.04924938455224037,0.04740582033991814,0.0181584469974041,0.04852309077978134,0.018162628635764122,0.018568260595202446,0.018754029646515846,0.04911104217171669,0.018300345167517662
2025-03-03,0.0493103563785553,0.04922156780958176,0.019153667613863945,0.047198351472616196,0.018208248540759087,0.01828857511281967,0.04805012047290802,0.0491197407245636,0.018459759652614594,0.04901989921927452,0.04903804138302803,0.018265651538968086,0.018222028389573097,0.018539149314165115,0.019398147240281105,0.049101345241069794,0.018336221575737,0.018155276775360107,0.041076138615608215,0.04922378808259964,0.047702327370643616,0.049306634813547134,0.04779630899429321,0.01818302646279335,0.0485648550093174,0.018186448141932487,0.01853114925324917,0.01883658766746521,0.04919448867440224,0.01831204444169998
2025-03-04,0.04922542721033096,0.04914259910583496,0.019955554977059364,0.04709411785006523,0.018181435763835907,0.018246788531541824,0.04761127755045891,0.049015555530786514,0.018459932878613472,0.04894563928246498,0.04894206300377846,0.018234858289361,0.01818903349339962,0.01877012848854065,0.019552338868379593,0.04899679496884346,0.01830410212278366,0.018124697729945183,0.04235227406024933,0.049142755568027496,0.04753049835562706,0.049226097762584686,0.04763868451118469,0.018150553107261658,0.04841024801135063,0.01815396547317505,0.018509965389966965,0.01850707270205021,0.049072425812482834,0.018313182517886162
2025-03-05,0.04925999417901039,0.049202460795640945,0.019647585228085518,0.047442514449357986,0.018174927681684494,0.018211359158158302,0.048239484429359436,0.04902716353535652,0.018615184351801872,0.048917535692453384,0.04900413006544113,0.01823451928794384,0.01819862797856331,0.018874695524573326,0.018815195187926292,0.04903184995055199,0.018287280574440956,0.018133757635951042,0.04124041274189949,0.04919266328215599,0.0477137565612793,0.04925764724612236,0.04815473034977913,0.018156887963414192,0.04838571324944496,0.018155943602323532,0.018394004553556442,0.018553229048848152,0.04912295565009117,0.018353771418333054
2025-03-06,0.04951762408018112,0.04947477579116821,0.018837938085198402,0.04577742516994476,0.018266918137669563,0.01832517981529236,0.04887387901544571,0.04934421554207802,0.0187236201018095,0.04921580106019974,0.04924089461565018,0.018321316689252853,0.01828397437930107,0.01851932518184185,0.018513932824134827,0.04927130043506622,0.01838509924709797,0.01823020912706852,0.03854576125741005,0.04948096722364426,0.04828188940882683,0.04951024055480957,0.04863167926669121,0.018259137868881226,0.04871170222759247,0.01825513131916523,0.018443714827299118,0.018914062529802322,0.049463849514722824,0.018378466367721558
2025-03-07,0.050197161734104156,0.05016304925084114,0.01871826872229576,0.039892908185720444,0.018510613590478897,0.01856541447341442,0.04953113570809364,0.04981100186705589,0.019494177773594856,0.04991665109992027,0.04997357726097107,0.01858416013419628,0.0185253769159317,0.0187639519572258,0.018673067912459373,0.04999571293592453,0.01860153302550316,0.018476832658052444,0.033002112060785294,0.05015135556459427,0.04919084906578064,0.05018399655818939,0.04730464518070221,0.018506905063986778,0.0495251789689064,0.018503820523619652,0.018704336136579514,0.019774654880166054,0.05014145374298096,0.018616022542119026
2025-03-08,0.050507597625255585,0.050477284938097,0.0187467560172081,0.03662161901593208,0.018614673987030983,0.018654393032193184,0.049863580614328384,0.050100177526474,0.01989961415529251,0.050237126648426056,0.050310950726270676,0.018692702054977417,0.01864055171608925,0.019133029505610466,0.01877964846789837,0.05036601796746254,0.018692243844270706,0.01858871802687645,0.03225795552134514,0.0504566989839077,0.04943383112549782,0.05049903690814972,0.045688945800065994,0.018614694476127625,0.0498509407043457,0.018613994121551514,0.018882574513554573,0.019610915333032608,0.05044068396091461,0.018723012879490852
2025-03-09,0.050404831767082214,0.050380460917949677,0.018690338358283043,0.037500787526369095,0.018577110022306442,0.01862315833568573,0.04984686151146889,0.050049278885126114,0.019552072510123253,0.0501382015645504,0.05017603561282158,0.01865304447710514,0.018600663170218468,0.01892511360347271,0.0187024287879467,0.05023185908794403,0.01865159161388874,0.01855163276195526,0.03233949467539787,0.0503670834004879,0.049435850232839584,0.05039675161242485,0.04693612828850746,0.01857992261648178,0.04972131550312042,0.018577031791210175,0.01880456507205963,0.01954733021557331,0.050358355045318604,0.018680714070796967
2025-03-10,0.050288520753383636,0.05026903748512268,0.018638834357261658,0.038684431463479996,0.018534688279032707,0.018586190417408943,0.04979158937931061,0.049982983618974686,0.019286565482616425,0.050021011382341385,0.05002833902835846,0.018610041588544846,0.01855672337114811,0.01878170482814312,0.018633687868714333,0.050081104040145874,0.018606428056955338,0.018509596586227417,0.03263990208506584,0.050260648131370544,0.0494111031293869,0.05028079077601433,0.047791268676519394,0.01854049786925316,0.049578599631786346,0.018535127863287926,0.0187307707965374,0.019447728991508484,0.05025610700249672,0.018636025488376617
2025-03-11,0.050657495856285095,0.050631292164325714,0.018808189779520035,0.03323303163051605,0.01866460032761097,0.01870616525411606,0.050087668001651764,0.05024543032050133,0.020132945850491524,0.05045151337981224,0.05044464021921158,0.018714221194386482,0.018685881048440933,0.018980911001563072,0.018779946491122246,0.050531428307294846,0.01872011087834835,0.018642786890268326,0.036803487688302994,0.050616294145584106,0.049837131053209305,0.05065277963876724,0.041889216750860214,0.018664278090000153,0.05013089254498482,0.018662655726075172,0.01902579329907894,0.019245127215981483,0.0505974255502224,0.01875665970146656
2025-03-12,0.05190694332122803,0.05189298838376999,0.019224248826503754,0.027346422895789146,0.01912855915725231,0.019177619367837906,0.05143628269433975,0.04980785772204399,0.02263452671468258,0.05174664780497551,0.051722459495067596,0.019175907596945763,0.019136914983391762,0.019191304221749306,0.019165657460689545,0.05176546424627304,0.01918819174170494,0.01910334639251232,0.026034248992800713,0.051880188286304474,0.05154182389378548,0.05190319940447807,0.03385080769658089,0.019127756357192993,0.05144607275724411,0.019124824553728104,0.019334204494953156,0.021906109526753426,0.0518612414598465,0.019238170236349106
2025-03-13,0.05150557681918144,0.0515020452439785,0.019019294530153275,0.028820017352700233,0.018989786505699158,0.01905832625925541,0.051220014691352844,0.048500142991542816,0.021800123155117035,0.05136345326900482,0.0512695237994194,0.01902920752763748,0.018992837518453598,0.018979137763381004,0.018983013927936554,0.05125236511230469,0.01905910298228264,0.018958905711770058,0.023121733218431473,0.051499418914318085,0.051295407116413116,0.051503442227840424,0.040089190006256104,0.018987981602549553,0.05092253535985947,0.018982019275426865,0.01907142996788025,0.025638027116656303,0.051491543650627136,0.019094353541731834
2025-03-14,0.051287196576595306,0.051285091787576675,0.018935808911919594,0.030694248154759407,0.01890452206134796,0.01896899938583374,0.05103129893541336,0.04786987975239754,0.02131924033164978,0.051140449941158295,0.05107923224568367,0.018954608589410782,0.018909694626927376,0.0189009141176939,0.018903914839029312,0.051068756729364395,0.0189866591244936,0.018877286463975906,0.02112479694187641,0.05127900466322899,0.05104651302099228,0.05128638446331024,0.043081823736429214,0.018904931843280792,0.050655316561460495,0.018899785354733467,0.018965935334563255,0.027352619916200638,0.051271047443151474,0.019014138728380203
2025-03-15,0.050589028745889664,0.05058624967932701,0.01866680197417736,0.03905264288187027,0.018647151067852974,0.01872061751782894,0.05032820627093315,0.04876747727394104,0.01959431916475296,0.05045241490006447,0.05040545389056206,0.018705246970057487,0.018652943894267082,0.018641572445631027,0.018648261204361916,0.050353243947029114,0.01872044801712036,0.018619760870933533,0.021208904683589935,0.05057820305228233,0.05029367282986641,0.05058835446834564,0.047901250422000885,0.018646573647856712,0.04995153844356537,0.01864474266767502,0.018686003983020782,0.026049986481666565,0.050569869577884674,0.018729019910097122
2025-03-16,0.050474878400564194,0.050473690032958984,0.0186285600066185,0.0405816026031971,0.018607208505272865,0.01869736798107624,0.050211697816848755,0.049008384346961975,0.01930839568376541,0.05032907798886299,0.05026674643158913,0.018673429265618324,0.01861300691962242,0.018601927906274796,0.018611110746860504,0.05019994080066681,0.018682783469557762,0.01857871562242508,0.021615222096443176,0.05046595260500908,0.05011517554521561,0.05047331005334854,0.048764582723379135,0.01860865019261837,0.04977105185389519,0.018605606630444527,0.01864401437342167,0.025238625705242157,0.05046026036143303,0.018689094111323357
2025-03-17,0.050399135798215866,0.05039979889988899,0.018605249002575874,0.041734274476766586,0.01858084462583065,0.018687063828110695,0.050128739327192307,0.0491618737578392,0.01913536712527275,0.05024481937289238,0.050168607383966446,0.018654732033610344,0.01858719438314438,0.018576322123408318,0.018588000908493996,0.050083890557289124,0.018657837063074112,0.018551692366600037,0.021988889202475548,0.05039234086871147,0.049968067556619644,0.05039645731449127,0.04922044277191162,0.0185848455876112,0.04963747411966324,0.018580172210931778,0.018615709617733955,0.024617288261651993,0.050388459116220474,0.018664469942450523
2025-03-18,0.05020581930875778,0.050202447921037674,0.01855361834168434,0.04327332600951195,0.018507095053792,0.018611466512084007,0.04983306676149368,0.04991188645362854,0.018763206899166107,0.05004674941301346,0.04994967207312584,0.018579190596938133,0.018516061827540398,0.01852206140756607,0.01853770576417446,0.04991466924548149,0.018571853637695312,0.018479464575648308,0.027417028322815895,0.05019311606884003,0.04954366013407707,0.050198670476675034,0.04960044473409653,0.018510114401578903,0.04947306215763092,0.018508125096559525,0.018586603924632072,0.02022268809378147,0.050191860646009445,0.018575206398963928
2025-03-19,0.050241392105817795,0.0502360574901104,0.018593722954392433,0.04309044033288956,0.01851961389183998,0.018622247502207756,0.04985163360834122,0.04992973431944847,0.018797509372234344,0.05004856362938881,0.04995390400290489,0.018600866198539734,0.018527984619140625,0.01855459250509739,0.01857049949467182,0.04994423687458038,0.01859331503510475,0.01849239505827427,0.02723856270313263,0.05022522807121277,0.04940396919846535,0.05023279786109924,0.04971526935696602,0.018525641411542892,0.04946470633149147,0.018520625308156013,0.01860111765563488,0.02008621022105217,0.050225235521793365,0.018591929227113724
2025-03-20,0.050166480243206024,0.05016061291098595,0.018552839756011963,0.04641151428222656,0.018493134528398514,0.018601221963763237,0.049688372761011124,0.04992610588669777,0.018619198352098465,0.04996264725923538,0.04987133666872978,0.01858176290988922,0.018494635820388794,0.018529802560806274,0.018562447279691696,0.04983532801270485,0.01859777420759201,0.018464162945747375,0.025445735082030296,0.050150491297245026,0.04878728464245796,0.05014756694436073,0.050001684576272964,0.01850060559809208,0.04941052198410034,0.018492605537176132,0.01854422688484192,0.02029992826282978,0.0501527339220047,0.01854719966650009
2025-03-21,0.05031541734933853,0.050311069935560226,0.01858706772327423,0.04535716399550438,0.01855037920176983,0.01868509128689766,0.049875009804964066,0.050055790692567825,0.01869022101163864,0.05004341900348663,0.04994440823793411,0.018673166632652283,0.018551316112279892,0.018572503700852394,0.01860303059220314,0.049857042729854584,0.018664518371224403,0.01851966232061386,0.023477774113416672,0.05029759928584099,0.04868171364068985,0.05028478428721428,0.050203751772642136,0.018570968881249428,0.04946651682257652,0.01855326071381569,0.01858978159725666,0.021104959771037102,0.05030714347958565,0.018605370074510574
2025-03-22,0.05033844709396362,0.0503382533788681,0.018594438210129738,0.045699041336774826,0.018562564626336098,0.01868012733757496,0.049984730780124664,0.04993594437837601,0.018726913258433342,0.04996824264526367,0.04986988753080368,0.018702378496527672,0.018560143187642097,0.018563199788331985,0.01858590543270111,0.0498005636036396,0.018723517656326294,0.018529921770095825,0.021645206958055496,0.05032653734087944,0.048988498747348785,0.05029812082648277,0.05024699494242668,0.018601665273308754,0.049472495913505554,0.018564464524388313,0.018587056547403336,0.02214835397899151,0.050339389592409134,0.018616922199726105
2025-03-23,0.05036214366555214,0.050361212342977524,0.018603216856718063,0.04532331973314285,0.01857154257595539,0.01870478317141533,0.049983445554971695,0.050003912299871445,0.01874343492090702,0.049973852932453156,0.049884133040905,0.01872548647224903,0.01857048273086548,0.018577946349978447,0.018596932291984558,0.049765460193157196,0.018727868795394897,0.01853867433965206,0.021794818341732025,0.05034884810447693,0.04879055172204971,0.05031530186533928,0.050282012671232224,0.018613485619425774,0.04945584759116173,0.018575547263026237,0.018594367429614067,0.022219602018594742,0.05036254972219467,0.018629195168614388
2025-03-24,0.05038671940565109,0.050385233014822006,0.018613936379551888,0.045005980879068375,0.01858018897473812,0.018724054098129272,0.04997023940086365,0.05006343871355057,0.01875775307416916,0.049993764609098434,0.0499056912958622,0.018741851672530174,0.018579905852675438,0.01859259605407715,0.018609026446938515,0.04975578933954239,0.01873677410185337,0.01854768395423889,0.021883072331547737,0.050372492522001266,0.04862517863512039,0.05033620819449425,0.0503116212785244,0.018621640279889107,0.04944716766476631,0.018586277961730957,0.018603751435875893,0.022234397009015083,0.05038606747984886,0.018641559407114983
2025-03-25,0.05029965192079544,0.050301674753427505,0.018565110862255096,0.04550912603735924,0.018555136397480965,0.018793338909745216,0.049895066767930984,0.050047144293785095,0.01862950809299946,0.05007288232445717,0.04988895729184151,0.01868724822998047,0.018550900742411613,0.01856512948870659,0.018604356795549393,0.04965472221374512,0.018679911270737648,0.018517399206757545,0.02282155118882656,0.0502983033657074,0.04839862883090973,0.05024641752243042,0.05022601783275604,0.0185786671936512,0.0493694506585598,0.01855795457959175,0.01857897825539112,0.02218271791934967,0.05030841752886772,0.018615588545799255
2025-03-26,0.050148263573646545,0.05015309527516365,0.018493114039301872,0.046755507588386536,0.01849963515996933,0.018731724470853806,0.04982762783765793,0.0498664416372776,0.018548419699072838,0.04991801828145981,0.04976906254887581,0.018642766401171684,0.018497196957468987,0.01848279871046543,0.018536407500505447,0.04951995611190796,0.018645325675606728,0.01846224255859852,0.020879684016108513,0.050149668008089066,0.04872169345617294,0.05009724944829941,0.05009672790765762,0.018526991829276085,0.04924429953098297,0.0185049157589674,0.018513482064008713,0.025049274787306786,0.05016259849071503,0.018555792048573494
2025-03-27,0.050213102251291275,0.050218597054481506,0.018526248633861542,0.04633253067731857,0.0185200534760952,0.018735604360699654,0.04992654174566269,0.049981728196144104,0.018573978915810585,0.0499398447573185,0.04979066923260689,0.018674038350582123,0.0185246579349041,0.01850965805351734,0.018589742481708527,0.04966907575726509,0.01865529641509056,0.018486401066184044,0.022092217579483986,0.05021508038043976,0.048837170004844666,0.05017231032252312,0.050095461308956146,0.018557684496045113,0.04946592450141907,0.018527500331401825,0.018567539751529694,0.022800451144576073,0.050231438130140305,0.01856941729784012
2025-03-28,0.05029793828725815,0.05029334872961044,0.01856720820069313,0.045566413551568985,0.018543638288974762,0.01870407722890377,0.049918320029973984,0.05009324848651886,0.01864158920943737,0.04993342235684395,0.04984983429312706,0.018707579001784325,0.01854678802192211,0.018557392060756683,0.018621936440467834,0.0498054102063179,0.018692536279559135,0.018514756113290787,0.022084524855017662,0.050282999873161316,0.048684243112802505,0.05026376247406006,0.05016582831740379,0.01857791654765606,0.04957728832960129,0.018558472394943237,0.01860712468624115,0.022448325529694557,0.05030259117484093,0.01859143003821373
2025-03-29,0.05032119154930115,0.05029456317424774,0.01860370859503746,0.04493192210793495,0.018548810854554176,0.01864500343799591,0.049826834350824356,0.05001196637749672,0.01885661855340004,0.04967495799064636,0.049794528633356094,0.018696874380111694,0.018549133092164993,0.018560634925961494,0.018578970804810524,0.04983938857913017,0.018750475719571114,0.018521305173635483,0.02150154672563076,0.050271306186914444,0.04897255823016167,0.05028553307056427,0.050016142427921295,0.01858615130186081,0.049667928367853165,0.018563592806458473,0.018622735515236855,0.023601984605193138,0.0502992644906044,0.018604332581162453
2025-03-30,0.050328876823186874,0.05030358210206032,0.0186022836714983,0.04488234966993332,0.018553119152784348,0.018652210012078285,0.04985854774713516,0.050030458718538284,0.018837712705135345,0.04970976337790489,0.04978965222835541,0.018696710467338562,0.018553374335169792,0.01856144703924656,0.018580548465251923,0.049830228090286255,0.018748754635453224,0.018524780869483948,0.021787071600556374,0.050283610820770264,0.04901978000998497,0.0502927340567112,0.05003846436738968,0.018590567633509636,0.049640387296676636,0.01856648363173008,0.018626069650053978,0.02319059893488884,0.05030973628163338,0.01861007884144783
2025-03-31,0.05033630132675171,0.05031244829297066,0.018604207783937454,0.044972267001867294,0.018557539209723473,0.018660826608538628,0.04986225441098213,0.05005740001797676,0.01881156675517559,0.049741897732019424,0.04977647215127945,0.0186995267868042,0.018557492643594742,0.01856476068496704,0.018585240468382835,0.04981927573680878,0.01875205896794796,0.01852814480662346,0.022191008552908897,0.050293926149606705,0.04898237809538841,0.0502995103597641,0.05008161440491676,0.018594345077872276,0.04959908872842789,0.01856987178325653,0.01863095909357071,0.02262420579791069,0.05031853914260864,0.01861480437219143
2025-04-01,0.05077601224184036,0.05075462535023689,0.01877520978450775,0.03791515901684761,0.018718188628554344,0.01876772940158844,0.0500764362514019,0.050220925360918045,0.019534936174750328,0.05025550723075867,0.05017722025513649,0.018811244517564774,0.01871972717344761,0.018769562244415283,0.018735939636826515,0.05038568004965782,0.01890997774899006,0.018689461052417755,0.024208804592490196,0.050741251558065414,0.049677133560180664,0.05074244737625122,0.048761505633592606,0.01874920167028904,0.050216373056173325,0.01872488670051098,0.01887403056025505,0.020785152912139893,0.05074881389737129,0.01877676136791706
2025-04-02,0.05046318471431732,0.0504477359354496,0.018590157851576805,0.03812885656952858,0.018592841923236847,0.018686050549149513,0.050075557082891464,0.04964721202850342,0.019133761525154114,0.04989165812730789,0.05000913143157959,0.018760595470666885,0.018596922978758812,0.018598079681396484,0.018598156049847603,0.05005360394716263,0.01874212548136711,0.018570534884929657,0.019497238099575043,0.05042138323187828,0.04941076412796974,0.050434041768312454,0.04959799349308014,0.018637267872691154,0.04986894503235817,0.018612010404467583,0.018645018339157104,0.030194038525223732,0.050449542701244354,0.018645644187927246
2025-04-03,0.05019468814134598,0.050180450081825256,0.018491951748728752,0.04324062541127205,0.01849469728767872,0.018612686544656754,0.04991789534687996,0.04972844570875168,0.018741527572274208,0.049623191356658936,0.0497208833694458,0.018677713349461555,0.018503790721297264,0.018495269119739532,0.018511014059185982,0.04978617653250694,0.0186435766518116,0.01847299374639988,0.01982739381492138,0.050157371908426285,0.04911543428897858,0.05016807094216347,0.049789201468229294,0.01854170672595501,0.04957904666662216,0.01851903274655342,0.018554743379354477,0.028980309143662453,0.0501888208091259,0.018541250377893448
2025-04-04,0.051890090107917786,0.05188892409205437,0.019126780331134796,0.020900972187519073,0.01911485381424427,0.019168037921190262,0.05153663083910942,0.04642842710018158,0.031036779284477234,0.05160973593592644,0.051403313875198364,0.019237104803323746,0.019123774021863937,0.01916615664958954,0.019120262935757637,0.05154504254460335,0.01925588771700859,0.01909645088016987,0.020242543891072273,0.05186305567622185,0.05101669952273369,0.0518687479197979,0.03325244039297104,0.01917540468275547,0.051515333354473114,0.01912545971572399,0.01923937350511551,0.030951226130127907,0.05187307670712471,0.019227465614676476
2025-04-05,0.05154462158679962,0.051553428173065186,0.019047914072871208,0.019710399210453033,0.018993699923157692,0.019073771312832832,0.05134492367506027,0.031495533883571625,0.04580385982990265,0.05130387842655182,0.05131550878286362,0.019088318571448326,0.01900658570230007,0.018994662910699844,0.01898188143968582,0.05091552808880806,0.019081370905041695,0.01897079311311245,0.01928776688873768,0.05154828354716301,0.050884973257780075,0.05149157717823982,0.026106256991624832,0.019053595140576363,0.051234155893325806,0.018991300836205482,0.01901174709200859,0.045482754707336426,0.05153579264879227,0.019145095720887184
2025-04-06,0.051756709814071655,0.05176540091633797,0.019103409722447395,0.02025703713297844,0.019071368500590324,0.019155602902173996,0.05147358402609825,0.03461909294128418,0.03840872272849083,0.051531702280044556,0.05151588097214699,0.019147859886288643,0.019078530371189117,0.01907208189368248,0.019062504172325134,0.05126306787133217,0.01916230283677578,0.019048715010285378,0.01943884789943695,0.05175668001174927,0.05114710330963135,0.051706936210393906,0.031058767810463905,0.019118189811706543,0.05132143944501877,0.019070763140916824,0.01909213699400425,0.04081302881240845,0.05174888297915459,0.019233709201216698
2025-04-07,0.05174405872821808,0.051751431077718735,0.019084516912698746,0.020976420491933823,0.019068794324994087,0.01915687508881092,0.05144062638282776,0.037946972995996475,0.03195933997631073,0.05154440551996231,0.05147050321102142,0.019139904528856277,0.01907179318368435,0.019066592678427696,0.019059736281633377,0.05127633735537529,0.019171996042132378,0.019044378772377968,0.01953211985528469,0.05174315720796585,0.05112319812178612,0.051702506840229034,0.0360867977142334,0.019102783873677254,0.051210418343544006,0.019066812470555305,0.01909169740974903,0.038420554250478745,0.0517352931201458,0.019210010766983032
2025-04-08,0.051059432327747345,0.05106920003890991,0.01883317343890667,0.022390468046069145,0.018813209608197212,0.018961070105433464,0.050931427627801895,0.034902699291706085,0.0291387178003788,0.05093134939670563,0.050898149609565735,0.018874216824769974,0.018816456198692322,0.018802663311362267,0.01880497857928276,0.050638891756534576,0.0189139973372221,0.01879160851240158,0.01895531825721264,0.051064666360616684,0.05044448375701904,0.05102994292974472,0.0430091917514801,0.01883331872522831,0.05059461668133736,0.01881241239607334,0.018811456859111786,0.046868711709976196,0.05106131732463837,0.018942857161164284
