Date,Open,High,Low,Close
2017-11-09,41.00217119035197,41.23398190686511,40.54089355335277,41.18246841430664
2017-11-10,41.14957810254525,41.21302714519802,40.95218506507507,41.046180725097656
2017-11-13,40.77123648552998,41.00622920302583,40.74773577949868,40.881683349609375
2017-11-14,40.66313586592022,40.766533229249134,40.22604929365969,40.263648986816406
2017-11-15,39.94170636190828,40.02395523471581,39.568068858887536,39.73256301879883
2017-11-16,40.22605257954832,40.38819813204052,40.01926142170273,40.20725631713867
2017-11-17,40.193152160760846,40.2754010448114,39.86416379596713,39.9840087890625
2017-11-20,40.01690462665156,40.08035365857268,39.84536096255787,39.94405746459961
2017-11-21,40.13205117379335,40.81822939595705,40.13205117379335,40.6866340637207
2017-11-22,40.73832158424986,41.12370934554571,40.6654744442645,41.11431121826172
2017-11-24,41.14721126133546,41.241206879771696,41.04146170846596,41.116661071777344
2017-11-27,41.13547617975591,41.14252567446985,40.73363705253974,40.90988159179688
2017-11-28,40.95921739960652,41.09316133830544,40.385834790866966,40.6701774597168
2017-11-29,40.56677845854678,40.63492474285582,39.28136849844814,39.8265495300293
2017-11-30,40.04979877142327,40.4516378122689,39.5821656559573,40.38349151611328
2017-12-01,39.93699845247975,40.3411860801524,39.59625984160655,40.19549179077149
2017-12-04,40.53153492429495,40.56443375483458,39.861807962801805,39.90175628662109
2017-12-05,39.72787384880943,40.30595759308411,39.57277777282052,39.86417007446289
2017-12-06,39.36126880478112,39.99574824150857,39.11687802692654,39.71610641479492
2017-12-07,39.72082104725848,40.05216165864754,39.69262306695456,39.788970947265625
2017-12-08,40.06389916876704,40.18374413234362,39.6714618639578,39.80070495605469
2017-12-11,39.76076595505482,40.62788963172496,39.664418083046094,40.57619094848633
2017-12-12,40.45398970557846,40.51038924141335,40.29184776324786,40.348243713378906
2017-12-13,40.53624030957972,40.78063113721467,40.4187439608563,40.48219299316406
2017-12-14,40.5127368724377,40.684284111707655,40.33649236124257,40.47043991088867
2017-12-15,40.80178668622983,40.92868117596768,40.5268456370442,40.881683349609375
2017-12-18,41.0955179677709,41.64069908023622,41.09081711052366,41.45740509033203
2017-12-19,41.1307650650606,41.21536256623707,40.909871390560745,41.01561737060547
2017-12-20,41.09316375067494,41.22241042592137,40.71247680331575,40.970970153808594
2017-12-21,40.92867132591499,41.363409182938334,40.91222370421487,41.12606430053711
2017-12-22,41.04851629214197,41.222412152092,41.00621933431013,41.12606430053711
2017-12-26,40.1367499484313,40.29419461173564,39.87355571191482,40.08270263671875
2017-12-27,39.97225966208692,40.13205297678031,39.88061265261182,40.08975601196289
2017-12-28,40.183752948541546,40.383498184029406,40.06155573674765,40.20255279541016
2017-12-29,40.0709610787701,40.08740870520327,39.7654698144957,39.76781845092773
2018-01-02,39.986353061174896,40.489237224924096,39.774857509538,40.47983551025391
2018-01-03,40.54329210948591,41.01797838932272,40.40934812888944,40.47279357910156
2018-01-04,40.54563035600941,40.76417538562877,40.43753574472939,40.6607780456543
2018-01-05,40.75713404190461,41.21066822709516,40.665487033276754,41.123722076416016
2018-01-08,40.970970153808594,41.26705960334316,40.87227008492711,40.970970153808594
2018-01-09,41.01797675734986,41.13782174424207,40.75008522111124,40.96627807617188
2018-01-10,40.69133175288106,40.9592232542741,40.65373206496888,40.95687103271485
2018-01-11,41.02737624645928,41.238871836202,41.00387912695732,41.18952178955078
2018-01-12,41.401004910477496,41.678298112455614,41.27645908815704,41.61484909057617
2018-01-16,41.80519391095226,42.15533427468017,41.39160810901401,41.403358459472656
2018-01-17,41.39396122603157,42.12244000488861,41.14017227430858,42.08719253540039
2018-01-18,42.150639532127954,42.3221867851627,41.887448855050266,42.12479019165039
2018-01-19,41.97205320161995,42.19999644500981,41.690062632327695,41.936805725097656
2018-01-22,41.66419892337951,41.77699439506781,41.49970478014586,41.59370040893555
2018-01-23,41.664204031032014,42.16708823668298,41.55140854551602,41.60310363769531
2018-01-24,41.65245730262938,41.664207655116506,40.70073612243834,40.9404296875
2018-01-25,41.00857223731912,41.11196959260525,40.07330235344657,40.209598541259766
2018-01-26,40.41874803548978,40.41874803548978,39.96286158277214,40.3036003112793
2018-01-29,39.986370429043305,39.986370429043305,39.260243633485445,39.46938705444336
2018-01-30,38.89833484831245,39.3307204835372,38.70329050959941,39.236724853515625
2018-01-31,39.21323040732901,39.58217066469852,39.12628425640672,39.344825744628906
2018-02-01,39.28372114205843,39.62445976977568,39.18737329432293,39.42706680297852
2018-02-02,39.00879143925842,39.19678633201018,37.62233582840989,37.7163314819336
2018-02-05,37.38734080820621,38.51060565150299,36.65886198826042,36.77400970458984
2018-02-06,36.38391663016176,38.47300138641009,36.18887227786028,38.31085586547852
2018-02-07,38.32495890960423,38.397806073513465,37.38029082924668,37.4907341003418
2018-02-08,37.66696452323977,37.83381085690176,36.430904664357946,36.459102630615234
2018-02-09,37.06077669019042,37.25425438426023,35.44923304181064,36.90504837036133
2018-02-12,37.39819763005348,38.66997215623607,37.1646050679829,38.39155197143555
2018-02-13,38.21223129709824,38.87289425642231,38.1414453371129,38.776153564453125
2018-02-14,38.46941020351671,39.53118862012898,38.43166081828254,39.4910774230957
2018-02-15,40.062074354021306,40.84071251207356,39.87567485452374,40.81711959838867
2018-02-16,40.668486686756864,41.248927333878974,40.529276556055,40.685001373291016
2018-02-20,40.59532709454087,41.116776233766096,40.44667697053456,40.54813766479492
2018-02-21,40.77938119188139,41.0837561695638,40.34994896564741,40.36410903930664
2018-02-22,40.53633895124801,41.04363161587473,40.515104248149626,40.70150375366211
2018-02-23,40.97755732443422,41.44473869878098,40.94688258156515,41.40934753417969
2018-02-26,41.6099213773139,42.32721016237523,41.57688841221877,42.22811126708984
2018-02-27,42.25877797888751,42.58438754419969,42.0369837124594,42.091251373291016
2018-02-28,42.296533475796856,42.61742666505022,42.011035062021165,42.02754974365234
2018-03-01,42.12664591864816,42.41922614891614,40.73925793718014,41.2913818359375
2018-03-02,40.77228852258508,41.5981161111778,40.68970432359679,41.576881408691406
2018-03-05,41.340940455918776,41.937895680395584,41.17813383100266,41.720821380615234
2018-03-06,41.97800123308853,42.058223628667385,41.55800916173692,41.68542098999024
2018-03-07,41.27723102212656,41.49194710116886,41.11914442776275,41.298465728759766
2018-03-08,41.4046481035812,41.79160729706052,41.307911005454166,41.74913787841797
2018-03-09,41.9897974776981,42.471135428411415,41.85530382068654,42.46641540527344
2018-03-12,42.53955695638834,43.03505494616022,42.52068406563816,42.87696838378906
2018-03-13,43.0822477521012,43.2969638045281,42.29181487826127,42.46405792236328
2018-03-14,42.54665419068317,42.59384363528402,41.95441531992231,42.103065490722656
2018-03-15,42.11721578593315,42.527771454416616,42.01575867494015,42.15260696411133
2018-03-16,42.15260237354801,42.26349952019365,41.90957337566236,42.00395584106445
2018-03-19,41.838796600679935,41.87418777971863,40.97521582890189,41.36217498779297
2018-03-20,41.3480110168457,41.71609361338216,41.27722507128344,41.3480110168457
2018-03-21,41.30082492065965,41.31262318028808,40.40893121766546,40.41129302978516
2018-03-22,40.111632022544505,40.74397837568599,39.78130237542928,39.84029006958008
2018-03-23,39.731750235606576,40.09275462767348,38.91772079467773,38.91772079467773
2018-03-26,39.6562451825391,40.84307719400487,39.27164429918902,40.76521301269531
2018-03-27,40.979920001887805,41.32676785407275,39.38489440431955,39.71994400024414
2018-03-28,39.46277291423723,40.11635766506289,38.97671482240663,39.28108978271485
2018-03-29,39.594896380512,40.52454294910797,39.38018032526311,39.58781814575195
2018-04-02,39.3188487676036,39.86153643255992,38.806835864679655,39.32828521728516
2018-04-03,39.55478740867901,39.81669291050325,38.90356457185909,39.73175048828125
2018-04-04,38.90356460438284,40.58589116765485,38.877609875339886,40.491512298583984
2018-04-05,40.72038744410746,41.109704804360064,40.60241205005233,40.77229690551758
2018-04-06,40.34050078068768,40.69678512382936,39.6869161827004,39.72938919067383
2018-04-09,40.08333239021384,40.84073261840668,40.076254152591424,40.123443603515625
2018-04-10,40.81948749052326,41.05543828526616,40.47263953422531,40.87847518920898
2018-04-11,40.637799981120445,41.03655735721723,40.51274636143984,40.68735122680664
2018-04-12,40.916204598002885,41.29136528133908,40.82890040604669,41.08844757080078
2018-04-13,41.239482281560186,41.48958956409498,41.02004975642731,41.227684020996094
2018-04-16,41.298467764591,41.57217155354456,41.25127832519431,41.48487091064453
2018-04-17,41.642948619651534,42.221027229535785,41.624072127859385,42.05586242675781
2018-04-18,41.9544009527617,42.19271350692094,41.73496849036599,41.96147918701172
2018-04-19,40.998807645922376,41.38340858264556,40.73926393919508,40.77229690551758
2018-04-20,40.25320567071418,40.39949400643583,39.03333693459778,39.10176467895508
2018-04-23,39.36365562109331,39.38489031996644,38.71714940848751,38.98849487304688
2018-04-24,39.08995282656589,39.24568115578882,38.03997291042103,38.44580841064453
2018-04-25,38.37030948804236,39.03097230251353,38.32076184714256,38.61333847045898
2018-04-26,38.72424436108592,39.104125295229466,38.5472812600934,38.747840881347656
2018-04-27,38.69592558764949,38.77378977239509,37.90077265907979,38.29953002929688
2018-04-30,38.25469785272939,39.4651228027348,38.18627011618109,38.99322128295898
2018-05-01,39.26457233868837,39.922873467208575,38.99558857860266,39.8992805480957
2018-05-02,41.34565033529137,41.940247253815606,41.00824247935094,41.66182708740234
2018-05-03,41.49901103102388,41.88125001994796,41.159241440726014,41.73731994628906
2018-05-04,42.058222675018506,43.473927225089255,42.03934618231215,43.37482833862305
2018-05-07,43.69336083223612,44.28087953182669,43.5919037316787,43.68864440917969
2018-05-08,43.64853244905982,43.93875087617197,43.33707571727283,43.89863967895508
2018-05-09,44.01660982252339,44.21716578474799,43.70279491658349,44.20772933959961
2018-05-10,44.29740393762778,44.91795208569619,44.27616562964586,44.840087890625
2018-05-11,44.88272861593328,45.01773731530681,44.399530836411245,44.669551849365234
2018-05-14,44.76902697979306,44.892195521034246,44.496638697297,44.56532669067383
2018-05-15,44.24081767737541,44.30950926772032,43.842893648280686,44.16028594970703
2018-05-16,44.07266099123978,44.638757775907,44.05607901163132,44.57243347167969
2018-05-17,44.5297933988256,44.745337415133605,44.14134215417004,44.290565490722656
2018-05-18,44.33793984401655,44.48479227123444,44.08686816617711,44.12950134277344
2018-05-21,44.52979883739464,44.83061285215697,44.27162161580014,44.442161560058594
2018-05-22,44.6198036736102,44.73823398074754,44.240825245088246,44.330833435058594
2018-05-23,44.1389817572192,44.64823068808503,43.99923123267172,44.61507034301758
2018-05-24,44.71218274091747,44.72876110585403,44.10582009820154,44.56532669067383
2018-05-25,44.58428405473451,44.92062578112492,44.44690442887807,44.66718673706055
2018-05-29,44.43506727286444,44.70745562303043,44.26215636544409,44.50612258911133
2018-05-30,44.463482772046696,44.52980346679687,44.24083317643963,44.41137313842773
2018-05-31,44.345044842727695,44.58427276391412,44.08923494359256,44.26214218139648
2018-06-01,44.52743870551148,45.06510982479944,44.47059084353173,45.06037521362305
2018-06-04,45.39197328622363,45.813584939827706,45.32328529029768,45.43697738647461
2018-06-05,45.73068475212057,45.93675234900616,45.56251211021858,45.78752899169922
2018-06-06,45.86333277590749,45.96991935476888,45.45829943918578,45.946231842041016
2018-06-07,45.98411109133765,45.9983221473192,45.55776134086376,45.82304763793945
2018-06-08,45.28064929680684,45.47724406684225,44.94904583783544,45.40618515014648
2018-06-11,45.323282758257605,45.470135191540656,45.05326178604334,45.29485702514648
2018-06-12,45.33275042239878,45.62172064565773,45.275902576867104,45.543556213378906
2018-06-13,45.5767274033438,45.68568489633382,45.10774431222766,45.16932678222656
2018-06-14,45.37065772306261,45.37539594798751,45.05563262838003,45.19301223754883
2018-06-15,45.01062065022284,45.04141368553589,44.59137636580046,44.72875595092773
2018-06-18,44.50136264245452,44.81875492168734,44.34029558417476,44.70506286621094
2018-06-19,43.85238429490193,44.13424907044722,43.45208918436833,43.98265838623047
2018-06-20,44.138975680951184,44.34030502892865,43.9921196465491,44.174503326416016
2018-06-21,44.35214814180685,44.61269625214072,43.805000724311725,43.92816925048828
2018-06-22,44.08449445308653,44.09159998206894,43.74815282916349,43.80026245117188
2018-06-25,43.44023663146714,43.800265788904376,42.80781920439769,43.14889907836914
2018-06-26,43.34312026167635,44.181605152219255,43.23653010580411,43.68419647216797
2018-06-27,43.87368200089584,44.35924688816164,43.58945004212246,43.620243072509766
2018-06-28,43.60603396475285,44.10580993015344,43.53497506833367,43.93763732910156
2018-06-29,44.12476587725427,44.33794261618318,43.32417939272685,43.84527206420898
2018-07-02,43.539719290285504,44.363993205372445,43.44497287727165,44.335567474365234
2018-07-03,44.480057406058975,44.51795597536645,43.47339969939559,43.56340789794922
2018-07-05,43.88079534761448,44.15318721788723,43.64867296157991,43.91395568847656
2018-07-06,43.91869076897881,44.63163985358403,43.86658114932465,44.52268600463867
2018-07-09,44.88508594898369,45.16457973616899,44.83771454945132,45.14089584350586
2018-07-10,45.17169193716519,45.3067006156812,45.04615247930805,45.086421966552734
2018-07-11,44.64822571507096,44.95140701169198,44.43741991329218,44.501373291015625
2018-07-12,44.89220652173255,45.3375057778116,44.840096880522985,45.24749755859375
2018-07-13,45.25932732596245,45.439340094547376,45.216690535330684,45.31854248046875
2018-07-16,45.3635479310548,45.63119797975706,45.1029997977627,45.21906280517578
2018-07-17,44.944299670587085,45.44644299520925,44.81402561536737,45.346961975097656
2018-07-18,45.425131614844666,45.42986983945193,44.98693800093619,45.098262786865234
2018-07-19,44.93008908489338,45.60751056495076,44.93008908489338,45.44881439208984
2018-07-20,45.425136247692265,45.57909422816942,45.04379044755879,45.3446044921875
2018-07-23,45.1645825450049,45.46776747212096,44.89929979976048,45.384864807128906
2018-07-24,45.58382201572721,45.870424933666406,45.48907922085138,45.71409606933594
2018-07-25,45.72831037675704,46.15229290734002,45.57908703072764,46.14518737792969
2018-07-26,46.09544852773458,46.41521183209491,45.858587891677,46.00070571899414
2018-07-27,46.185454905741615,46.23282630824485,45.02720658563666,45.23564147949219
2018-07-30,45.45355093709418,45.52460984500489,44.78323857177354,44.982200622558594
2018-07-31,45.07458313886849,45.51040587443045,44.84719532098018,45.07221221923828
2018-08-01,47.16605845507853,47.788999454934086,46.73497037323326,47.7274169921875
2018-08-02,47.50951138248749,49.357025244228566,47.45503444293374,49.12253189086914
2018-08-03,49.03724922947329,49.44228244159908,48.67011458037096,49.2646369934082
2018-08-06,49.2670004084191,49.56307613202739,49.04672180487323,49.52044296264648
2018-08-07,49.57967704847695,49.62231023414516,48.97331069894207,49.05621337890625
2018-08-08,48.805131079283605,49.22200446599921,48.442734622749846,49.08936309814453
2018-08-09,49.62940656928286,49.68862172565476,49.07752087819196,49.47544860839844
2018-08-10,49.28767594613414,49.70126017954044,49.12366834276816,49.32808303833008
2018-08-13,49.75117596097758,50.14098963047253,49.36849274184248,49.64659118652344
2018-08-14,49.95320534273534,50.04828041362775,49.5015896887927,49.855751037597656
2018-08-15,49.72978661594183,50.09107849857147,49.51824145067417,49.97223281860352
2018-08-16,50.33113427780409,50.820777790123,50.26458100196743,50.70431137084961
2018-08-17,50.732835080227886,51.80482160998279,50.66628180188151,51.71687698364258
2018-08-20,51.840483363536094,52.09718682234208,51.12978494222709,51.21297836303711
2018-08-21,51.53148299856422,51.62418247565934,50.8730769742885,51.11314392089844
2018-08-22,50.889710644703285,51.426891696701446,50.82790858323554,51.115516662597656
2018-08-23,51.0204483505302,51.59090978369698,51.00856668418108,51.22011184692383
2018-08-24,51.48393732247371,51.55524181137261,51.12977597778964,51.37935256958008
2018-08-27,51.61467009373441,51.99260205926306,51.41976509200178,51.80244827270508
2018-08-28,52.05677563954212,52.42044307564237,52.03538429080252,52.22078323364258
2018-08-29,52.32773755257575,53.1216292405119,52.15184831410476,53.00040435791016
2018-08-30,53.06458447532969,54.25541662193186,52.86254541291289,53.487674713134766
2018-08-31,53.83946559864448,54.40041732154944,53.71824431758766,54.10568237304688
2018-09-04,54.29107153933857,54.4740912318018,53.86798130897502,54.2791862487793
2018-09-05,54.42893397969091,54.59056232839138,53.50431493571026,53.925025939941406
2018-09-06,53.7729019693549,54.03911869255451,52.60108559720725,53.0289306640625
2018-09-07,52.73181660383311,53.56848737241467,52.46084866563358,52.6010856628418
2018-09-10,52.51789550308268,52.73181986344164,51.45303942377589,51.895145416259766
2018-09-11,51.81909029010063,53.31417092368412,51.47443855543452,53.20721054077149
2018-09-12,53.46628528477877,53.48054618345997,52.254058120534346,52.54642105102539
2018-09-13,53.12876512844071,54.27681464502557,52.90295909868433,53.81569290161133
2018-09-14,53.65882151228209,53.91790420970806,52.891079478043096,53.20483016967773
2018-09-17,52.803132207076,52.99328601337192,51.64320087974705,51.78819274902344
2018-09-18,51.76678860341384,52.73181836476049,51.6075358615723,51.87375259399414
2018-09-19,51.93554122269881,52.2017542779753,51.17492990270823,51.90464019775391
2018-09-20,52.34914544870343,52.83403421816661,52.09005911473977,52.29922866821289
2018-09-21,52.47748900254859,52.61535040248933,51.64794499539677,51.73589324951172
2018-09-24,51.53623480472846,52.59158124068343,51.49107287269724,52.47986602783203
2018-09-25,52.23266612930009,52.96238020247608,52.22078083825157,52.8126335144043
2018-09-26,52.529775752841125,53.18342680858915,52.23503724384474,52.39191436767578
2018-09-27,53.20007732939779,53.82282747807022,53.13352041762936,53.46866607666016
2018-09-28,53.43062727712734,53.68020387472484,53.24760758218648,53.656436920166016
2018-10-01,54.181742138272526,54.53114871054446,53.80143815699081,54.01773452758789
2018-10-02,54.01535825777478,54.66900945781386,53.86799078418642,54.49787139892578
2018-10-03,54.68088852229052,55.49379239597776,54.61671085079683,55.16102600097656
2018-10-04,54.854399366632144,55.22757645835054,53.89174885093619,54.19124221801758
2018-10-05,54.18411314466137,54.29107350981398,52.42995009938479,53.31178283691406
2018-10-08,52.81738119769721,53.43300074562853,52.33961940122324,53.18817901611328
2018-10-09,53.15728402985112,54.020104639366565,52.82689325647196,53.925025939941406
2018-10-10,53.58989559675309,53.80144076198039,51.35321902973119,51.426902770996094
2018-10-11,50.989548155010965,52.17325003317515,50.466627923335054,50.97290802001953
2018-10-12,52.39191456684106,52.97663674566986,51.54097929944309,52.79361343383789
2018-10-15,52.56781284883967,52.72706559694503,51.643193765320575,51.66458511352539
2018-10-16,52.0377571598513,53.002786932495255,51.52196744838803,52.80312347412109
2018-10-17,52.83877721837003,52.9195913906878,52.135209367844666,52.5749397277832
2018-10-18,51.783439639725565,52.23030055544561,50.62825948939919,51.34608840942383
2018-10-19,51.8309643354768,52.591575770654906,51.68121765576561,52.12807846069336
2018-10-22,52.24217573506013,53.09073552260463,52.04014028103658,52.446590423583984
2018-10-23,51.30092167427132,53.06459095870317,51.03232930299346,52.94099044799805
2018-10-24,52.91009878734258,53.29753324226042,50.99430335741498,51.12503433227539
2018-10-25,51.74777106947517,52.6200976471027,51.5195858408575,52.24454498291016
2018-10-26,51.31755709435594,52.33725493902034,50.54981510802691,51.412635803222656
2018-10-29,52.09956295811271,52.21840862255408,48.98580509899584,50.44760894775391
2018-10-30,50.18853108298071,51.146427009315765,49.741673775813375,50.69956970214844
2018-10-31,51.55049796504815,52.39905414616596,51.48869589666021,52.02112579345703
2018-11-01,52.06629344717034,52.85305127321081,51.53386349188384,52.81977462768555
2018-11-02,49.8082153859782,50.78274759356896,48.82892470971694,49.316192626953125
2018-11-05,48.56033229162488,48.58172363772236,47.1032834927404,47.91618728637695
2018-11-06,47.99462633848581,48.66016269661957,47.93995835560751,48.434356689453125
2018-11-07,48.95728313930046,49.92943980078562,48.5199319660446,49.90329360961914
2018-11-08,50.08457287693265,50.11796562755767,49.314152076381625,49.72917938232422
2018-11-09,49.02792748333226,49.13764496018798,48.24080849566863,48.77032470703125
2018-11-12,47.46561581909805,47.668359855044585,46.22292146183502,46.31356048583984
2018-11-13,45.70771224582845,47.03149891046903,45.66477663728251,45.85082244873047
2018-11-14,46.24916267827136,46.38750512222453,44.34815239149898,44.55566787719727
2018-11-15,44.93490571344746,45.78881008869877,44.57950862992518,45.65523910522461
2018-11-16,45.43819787297856,46.50438579927129,45.19013792168265,46.16091537475586
2018-11-19,45.31891513507509,45.48587883134982,44.12392820937777,44.33143997192383
2018-11-20,42.54493011647878,43.2843456384004,41.862760864747,42.21338653564453
2018-11-21,42.86932287320009,42.99812608477773,42.11082882104901,42.16568756103516
2018-11-23,41.726804678029765,42.12274984555571,41.0494068797922,41.094722747802734
2018-11-26,41.55983537024187,41.72918297731872,40.61052065405265,41.65047073364258
2018-11-27,40.9086733780692,41.68625298848632,40.75840785077528,41.559837341308594
2018-11-28,42.153751168677935,43.24140469134922,41.72441329406135,43.15792465209961
2018-11-29,43.56818878162744,43.60158153162868,42.38512459387207,42.82638931274414
2018-11-30,43.00288088597823,43.01242374889778,42.22530497668237,42.59501266479492
2018-12-03,43.99752550795972,44.11201441339964,43.22233331075528,44.08339309692383
2018-12-04,43.16031129852104,43.5037816201011,42.04403639292215,42.14421463012695
2018-12-06,40.96830888194268,41.688642322882814,40.64869205831039,41.67433166503906
2018-12-07,41.380958005213614,41.61947870781884,40.14303497636657,40.1883544921875
2018-12-10,39.35592426512649,40.56999402502827,38.95759504415732,40.453121185302734
2018-12-11,40.94446192643303,40.9754671407993,39.8329546536274,40.22174453735352
2018-12-12,40.64391331947538,41.00646569100108,40.31475732963035,40.33383941650391
2018-12-13,40.66539086591992,41.1615143026985,40.4411808508863,40.77510833740234
2018-12-14,40.30999169471135,40.32907378432896,39.42269454494295,39.47039794921875
2018-12-17,39.46324951487989,40.154961736100375,38.814472912684096,39.10308456420898
2018-12-18,39.446538518132286,39.959356359149496,39.21040181075384,39.61111831665039
2018-12-19,39.5944320736352,39.94028632468432,37.94625333491256,38.37559127807617
2018-12-20,38.25871682148618,38.66658879853193,37.04226349888514,37.40719985961914
2018-12-21,37.41434590359645,37.72442344831749,35.68984277992491,35.95221328735352
2018-12-24,35.33684098240722,36.14781356295673,34.96474926501243,35.021995544433594
2018-12-26,35.372615548184754,37.50260335174718,34.99575245860127,37.4882926940918
2018-12-27,37.17105049669506,37.39287655361621,35.7947892156851,37.24499130249024
2018-12-28,37.56700613721152,37.81029824364657,36.86337087715202,37.26408386230469
2018-12-31,37.81268204986064,38.010654645458565,37.32371394165244,37.62425231933594
2019-01-02,36.94446185817818,37.88900519587008,36.7870373619735,37.667179107666016
2019-01-03,34.3422107841645,34.7572381295252,33.86994079774523,33.915260314941406
2019-01-04,34.473394125186296,35.43224829276365,34.2992750451496,35.363075256347656
2019-01-07,35.46802473744808,35.49903359080528,34.800166098962414,35.28436279296875
2019-01-08,35.67315290682018,36.21221198181423,35.42509299692517,35.956993103027344
2019-01-09,36.0857875184234,36.8585957342564,35.689846005675946,36.56760025024414
2019-01-10,36.37440116943039,36.725026835800286,35.98322742702585,36.684478759765625
2019-01-11,36.46502877204924,36.66061376226209,36.13825309058399,36.32429885864258
2019-01-14,35.98084691352754,36.08102516483244,35.592057030970075,35.77810287475586
2019-01-15,35.8425058585296,36.58668926231533,35.79003101446399,36.5103645324707
2019-01-16,36.512741822826186,37.180600375929615,36.49365973393336,36.956390380859375
2019-01-17,36.77988566528837,37.605168764223066,36.55567565877573,37.17583084106445
2019-01-18,37.56700033062978,37.65763933734888,37.20444794328947,37.4048080444336
2019-01-22,37.30701542527696,37.38334014007424,36.403020131262494,36.565216064453125
2019-01-23,36.76796680819346,37.004103626577184,36.18359178360776,36.71310806274414
2019-01-24,36.75841118449114,36.84666264513592,36.19311850602909,36.422096252441406
2019-01-25,37.085201357687176,37.71728346357588,36.80852008233455,37.6290283203125
2019-01-28,37.15913672562548,37.28793993647679,36.65109013037413,37.2807846069336
2019-01-29,37.268846332948215,37.717266256677696,36.75841235915359,36.89436721801758
2019-01-30,38.93848993413928,39.63019825357158,38.21815666636422,39.41553115844727
2019-01-31,39.62067813466859,40.31000289058887,39.250970279658056,39.69939041137695
2019-02-01,39.823405927682096,40.30521497910826,39.577726330769984,39.71845626831055
2019-02-04,39.93073847800575,40.94445112849973,39.899729632280334,40.846656799316406
2019-02-05,41.23068302109854,41.76019919785471,41.109038790046775,41.545528411865234
2019-02-06,41.65762803699635,41.877070227096375,41.22829379954388,41.559837341308594
2019-02-07,41.12095844643784,41.48828228416903,40.62960649164856,40.77272033691406
2019-02-08,40.48047761843685,40.88051502481208,40.343936000706,40.82062911987305
2019-02-11,40.973935789221976,41.012263644587904,40.54275655421891,40.58587265014648
2019-02-12,40.746366266945294,40.96195403665914,40.65054663751516,40.93560409545898
2019-02-13,41.05537900777508,41.316480664397695,40.70324961006937,40.76552963256836
2019-02-14,40.652956967864775,41.02424672424616,40.5739071198508,40.914058685302734
2019-02-15,41.02183873357063,41.12963261527218,40.66252335780213,40.82301712036133
2019-02-19,40.65295814227223,41.06736767097215,40.60025824207381,40.94519805908203
2019-02-20,41.00748246218403,41.517711661498375,40.95957445803327,41.20869827270508
2019-02-21,41.15359722391607,41.29013519518988,40.79428177141705,40.97633361816406
2019-02-22,41.100899072957226,41.4410506104486,41.052991074957,41.43386459350586
2019-02-25,41.718917288617774,42.12853482753936,41.66861152069372,41.73568344116211
2019-02-26,41.6111200640111,41.99199350802797,41.48176447406314,41.75963592529297
2019-02-27,41.49135267211243,41.9201341503,41.3763691010239,41.88899230957031
2019-02-28,41.75725524812944,41.8985851393733,41.42189190949821,41.47698593139648
2019-03-01,41.747662921340286,41.95606470668543,41.41469742681215,41.91294860839844
2019-03-04,42.08542092127852,42.57888021404128,41.67340558544547,42.12374877929688
2019-03-05,42.14531384899076,42.15968588435519,41.8099505181865,42.04710006713867
2019-03-06,41.84108297341277,42.03751049302754,41.66621715715132,41.805152893066406
2019-03-07,41.64945123332512,41.78599286166465,41.2062976954326,41.3212776184082
2019-03-08,40.79908119177214,41.45782630950687,40.60265362037729,41.41949844360352
2019-03-11,42.03751384059792,42.90705475053342,42.003977877888914,42.85435485839844
2019-03-12,43.11784894516063,43.75742993256308,42.96693530420606,43.33583450317383
2019-03-13,43.65682157214478,43.90834308589402,43.33822814208179,43.527469635009766
2019-03-14,44.05207070155969,44.09998235016081,43.73108312474761,44.011348724365234
2019-03-15,44.27963313941808,44.87370020664478,44.01373961392167,44.5838508605957
2019-03-18,44.50720292069204,45.12761998571348,44.50480514532851,45.03899002075195
2019-03-19,45.11805053776182,45.27135833638448,44.53595753406502,44.68207931518555
2019-03-20,44.61021152306901,45.391126136977775,44.25089605928893,45.072532653808594
2019-03-21,45.5180899369204,47.029609934372814,45.46778415713808,46.73257446289063
2019-03-22,46.79244916111372,47.35537812184152,45.70013085490152,45.76480865478516
2019-03-25,45.87499324991213,45.98757903366055,44.69883695875091,45.21146011352539
2019-03-26,45.91093032900251,46.20317383299277,44.21496108876492,44.74435043334961
2019-03-27,45.21386147671915,45.45579923419904,44.68686620643027,45.14678955078125
2019-03-28,45.26176285876922,45.40788460216888,44.92161138260754,45.206668853759766
2019-03-29,45.47256437732267,45.53245028041847,45.16355107046687,45.50130844116211
2019-04-01,45.90613396820559,45.91571410365168,45.12522317169622,45.81031799316406
2019-04-02,45.77439632648691,46.58166093233031,45.76481618851566,46.476261138916016
2019-04-03,46.29182140745941,47.07033845570905,46.26786557468528,46.794864654541016
2019-04-04,46.66070931823395,47.03918875096756,46.26546372947506,46.87630081176758
2019-04-05,47.058340465679805,47.21404600199868,46.933776767653775,47.19009017944336
2019-04-08,47.051163318915215,47.96382404106772,47.0319993882877,47.93268585205078
2019-04-09,47.98538705610313,48.59143221503495,47.72428169243538,47.78895950317383
2019-04-10,47.5925281059663,48.08599106914414,47.472756287312095,48.05724334716797
2019-04-11,48.1123426080529,48.14827269278017,47.53504154579498,47.65720748901367
2019-04-12,47.71709228965716,47.942263895762856,47.0008591463609,47.63804244995117
2019-04-15,47.568567990755454,47.87278938276906,47.43202638582388,47.72426986694336
2019-04-16,47.77937834588998,48.23690394243434,47.56378686640977,47.72907257080078
2019-04-17,47.79853622749227,48.71838658127415,47.57576239718102,48.65850067138672
2019-04-18,48.65610278532575,48.90283244109063,48.51237879500945,48.83336639404297
2019-04-22,48.58663489754856,49.09207210290908,48.469257203029855,48.99385833740234
2019-04-23,48.96989936235323,49.76518591703758,48.84294153906798,49.70050811767578
2019-04-24,49.67177121900122,49.94005893632176,49.59751327261044,49.62386322021485
2019-04-25,49.54481635866054,49.767590211237874,49.13519508582494,49.17352294921875
2019-04-26,49.08249047068796,49.10644629679352,48.41655944258701,48.93876647949219
2019-04-29,48.96271379399391,49.33879902670251,48.83336184923314,49.01301956176758
2019-04-30,48.64173064636029,48.72317460621088,47.695534005365545,48.06922149658203
2019-05-01,50.27540700943097,51.57612687545899,50.119701491606754,50.42871475219727
2019-05-02,50.26582582231271,50.9389427223624,49.85620833213608,50.10054016113281
2019-05-03,50.51736190623424,50.74492765038077,50.35926221466652,50.72336959838867
2019-05-06,48.93636369676356,50.02628788042311,48.74712584841701,49.9400520324707
2019-05-07,49.31724141689522,49.68613698164829,48.1075454107126,48.59381866455078
2019-05-08,48.36385375759845,49.18788436696664,48.32792367788869,48.603397369384766
2019-05-09,48.00454392683324,48.311159493192925,47.108653053779015,48.081199645996094
2019-05-10,47.47281709736525,47.81668552890856,46.35465119827149,47.41510391235352
2019-05-13,45.13790320254019,45.56352565158983,43.969237551972455,44.65937423706055
2019-05-14,44.82529184863322,45.61642379613462,44.58482572037819,45.36634063720703
2019-05-15,44.79162407678541,46.10937735396515,44.73150754829263,45.9097900390625
2019-05-16,45.66692301760151,46.28251571508548,45.40962250071928,45.707801818847656
2019-05-17,44.950326820447415,45.9049775417883,44.9094480232914,45.44809341430664
2019-05-20,44.13034172783792,44.32992904031856,43.35123020710624,44.02693939208984
2019-05-21,44.53913110395929,45.20762656494578,44.41408770522743,44.870975494384766
2019-05-22,44.40447386509313,44.656964020759766,43.89709021351947,43.952396392822266
2019-05-23,43.23579446263991,43.41373698285548,42.75726572503361,43.20212936401367
2019-05-24,43.33200052406564,43.798505453207504,42.95206355774621,43.03622817993164
2019-05-28,43.02419475079899,43.425772702897646,42.781325307449706,42.85827255249024
2019-05-29,42.42303198586659,43.12759961775198,42.322036656878375,42.65388107299805
2019-05-30,42.79093459353814,43.09873085644357,42.48313833063271,42.875099182128906
2019-05-31,42.377337991615725,42.80056065810064,42.07916238847009,42.0984001159668
2019-06-03,42.225836428522925,42.783715711354816,40.94415204549865,41.67276382446289
2019-06-04,42.187377304443125,43.24302344010268,41.96614891107454,43.19733428955078
2019-06-05,44.31310005778889,44.48383263192451,43.55803652372878,43.89468765258789
2019-06-06,44.0245338592952,44.59924768932,43.80089847915856,44.53913116455078
2019-06-07,44.84932823041656,46.15025063198151,44.67138567566746,45.72462463378906
2019-06-10,46.123815242400575,46.979874216103525,46.07812608326094,46.30897521972656
2019-06-11,46.85722743928427,47.13135866433859,46.554241454504776,46.8452033996582
2019-06-12,46.63839659023768,47.12413911076037,46.50373616931367,46.69610977172852
2019-06-13,46.818750011804745,47.32132329173808,46.55423949726058,46.68649291992188
2019-06-14,46.06128734882138,46.55183663331729,45.760704690148856,46.347442626953125
2019-06-17,46.38591107699715,46.88127434494972,46.21037184436044,46.62397384643555
2019-06-18,47.143387492290906,48.16296157783631,46.94139681525517,47.72050476074219
2019-06-19,48.01626720680548,48.06436336029958,47.44636374626964,47.58102416992188
2019-06-20,48.18220414173809,48.23991734206036,47.6195141981803,47.96338272094727
2019-06-21,47.80466081318877,48.297617045839175,47.64835564861981,47.79985046386719
2019-06-24,47.742130248818576,48.13168776362541,47.65315898018992,47.75175094604492
2019-06-25,47.71568358362693,47.915270874894674,46.96062022194022,47.0279541015625
2019-06-26,47.55698952746387,48.33129079167597,47.455994188986914,48.04513549804688
2019-06-27,48.162957929928446,48.470757941574455,47.98982569788394,48.030704498291016
2019-06-28,47.77580100319577,47.97298495823531,47.38384377153984,47.593048095703125
2019-07-01,48.85550397490018,49.17292103281461,48.24952829020482,48.46595001220703
2019-07-02,48.4322852479448,48.84588729468157,48.42026120732135,48.749698638916016
2019-07-03,48.8819434257848,49.16088495335976,48.74006932216725,49.15367126464844
2019-07-05,48.898782040275336,49.31478735855635,48.790569361806654,49.110389709472656
2019-07-08,48.28798520456038,48.42985928842662,47.71086817267228,48.09801864624024
2019-07-09,47.90084270775415,48.456318769022594,47.80706108272469,48.391395568847656
2019-07-10,48.5380895050772,48.99016333158315,48.4683522730484,48.869930267333984
2019-07-11,48.88916078931046,49.14886461010248,48.504417241975965,48.51403427124024
2019-07-12,48.68235925250763,49.05508242635608,48.62224272992631,48.886756896972656
2019-07-15,49.07672952780047,49.504758927667474,49.05508845762357,49.34605407714844
2019-07-16,49.196960740995394,49.56247025689032,48.93485356076714,49.17531967163086
2019-07-17,49.06711017957849,49.31719331799313,48.8795469084621,48.89878463745117
2019-07-18,49.0550833668815,49.50716079951146,48.98294280455651,49.45425796508789
2019-07-19,49.4855170921148,49.65624963752938,48.660720130548256,48.71602630615234
2019-07-22,48.97092563886281,49.831794819859134,48.96130860817309,49.82939147949219
2019-07-23,50.127562301827695,50.2357713075465,49.84621375004897,50.218936920166016
2019-07-24,49.93760392320834,50.29349279064966,49.81737085063283,50.178070068359375
2019-07-25,50.23097008300407,50.31513469675261,49.71156235813636,49.78129959106445
2019-07-26,49.89191371114303,50.432962526265854,49.81015610413778,49.954437255859375
2019-07-29,50.12756369534648,50.651778020354186,50.12275334607242,50.420928955078125
2019-07-30,50.19970701461211,50.53636179168531,49.85103186664713,50.20451736450195
2019-07-31,52.04167757423722,53.231984141806734,50.81049220631971,51.22890090942383
2019-08-01,51.43570372294983,52.42883001368494,49.71396902130618,50.12035369873047
2019-08-02,49.42300857925117,49.63942665121829,48.48519204176384,49.059906005859375
2019-08-05,47.609884034070426,47.76858887004254,46.30896156409344,46.49171447753906
2019-08-06,47.2058963574644,47.62911901355669,46.66003731946605,47.37181854248047
2019-08-07,46.98948385994093,47.98741675776175,46.60714362220231,47.86237335205078
2019-08-08,48.14131008941781,48.94206260285854,47.94653314519031,48.91801452636719
2019-08-09,48.589750237869374,48.94216265255488,48.10457452496943,48.514923095703125
2019-08-12,48.18422083966585,48.77077550265309,48.0707720711696,48.39180755615234
2019-08-13,48.52215945843499,51.20630115968512,48.39181232795686,50.44112777709961
2019-08-14,49.038709620882,49.83043488567528,48.90112139903579,48.93974304199219
2019-08-15,49.11111915024991,49.51663530944218,48.196287954496114,48.695945739746094
2019-08-16,49.30905396929552,50.00422881287805,49.20284629228568,49.84491729736328
2019-08-19,50.83940465605558,51.348716104830906,50.69699147941999,50.77423477172852
2019-08-20,50.90216416490711,51.49837245736053,50.76699209074424,50.77664566040039
2019-08-21,51.41147642420332,51.57078426664872,51.075958705026295,51.32699203491211
2019-08-22,51.45974881696031,51.76147350050348,50.87078164537802,51.28354263305664
2019-08-23,50.55216358539117,51.18458108887087,48.51733388729023,48.9131965637207
2019-08-26,49.69043218297926,50.011467671142654,49.49732765916848,49.84250259399414
2019-08-27,50.17319078091452,50.33974338377373,49.128016108956025,49.280086517333984
2019-08-28,49.2656151166852,49.65664918600213,49.07733918085384,49.61078643798828
2019-08-29,50.3276766176956,50.52560977566885,49.883538772750256,50.45077896118164
2019-08-30,50.72836746477032,50.79836596936168,50.013881807829335,50.3856086730957
2019-09-03,49.828023520353845,49.960783128800365,49.29457629800003,49.651817321777344
2019-09-04,50.30112763465436,50.56423068697994,50.042853208775554,50.494232177734375
2019-09-05,51.172506234654826,51.648024629695904,51.05422883298523,51.48147201538086
2019-09-06,51.66734232562741,51.75665166506206,51.29561540415836,51.47665023803711
2019-09-09,51.85802832340247,52.24423742435234,50.94802925254775,51.69630432128906
2019-09-10,51.621473964701686,52.32630239930841,51.10250897061731,52.30699157714844
2019-09-11,52.63769048155304,53.99907229572924,52.55561855701022,53.9701042175293
2019-09-12,54.26216434253562,54.65319832869928,53.79388707442424,53.849403381347656
2019-09-13,53.10354736328125,53.29423575367592,52.38423670755513,52.80182266235352
2019-09-16,52.5556131110518,53.13492673389949,52.514578994614034,53.07940673828125
2019-09-17,53.09389947312638,53.30148623689762,52.89113765320887,53.27251815795898
2019-09-18,53.35941378917583,53.79148565966126,52.96837972263677,53.77217483520508
2019-09-19,53.58871954582049,54.01113412861216,53.19285688413081,53.33527374267578
2019-09-20,53.43664505404029,53.72147136351421,52.49284943906261,52.555606842041016
2019-09-23,52.85009104405536,53.06491885601095,52.536296659033326,52.79457473754883
2019-09-24,53.35217231781043,53.70458841613915,52.425274849365564,52.543548583984375
2019-09-25,52.75353693668238,53.46560635237275,52.41319065788444,53.35215759277344
2019-09-26,53.1035477708213,53.33044533696633,52.82113389056512,53.076995849609375
2019-09-27,53.23389157716284,53.33527431931226,52.44699487179342,52.81872177124024
2019-09-30,53.32078717217109,54.209066598575575,53.29423525141317,54.061824798583984
2019-10-01,54.327347946053216,55.087692767101416,54.11734503640622,54.21148300170898
2019-10-02,53.842159365182496,53.96767784996174,52.60388023191029,52.85250473022461
2019-10-03,52.72457441511836,53.33526854090334,51.92802422607166,53.30147552490234
2019-10-04,54.46493086010512,54.91148490544862,54.04251626489592,54.79561996459961
2019-10-07,54.61699746872856,55.50044456107499,54.5132022602144,54.80768585205078
2019-10-08,54.50838141095232,55.04906973834583,54.148724227834826,54.165618896484375
2019-10-09,54.80044555664063,54.98389284474855,54.464927844066246,54.80044555664063
2019-10-10,55.01768516584579,55.62355070125511,54.86561842646949,55.53906631469727
2019-10-11,56.22941507530571,57.36148675350635,56.07493217425429,57.01631546020508
2019-10-14,56.70009978999221,57.47975900670672,56.6445834807475,56.93423843383789
2019-10-15,57.05976139730357,57.36389856938192,56.69527928514248,56.80148696899414
2019-10-16,56.33077911474341,56.7821616559245,56.28974500793821,56.57215881347656
2019-10-17,56.74596922462551,57.00183119142603,56.36700490110861,56.79183197021485
2019-10-18,56.62528130439812,57.3470081674151,56.55286663427938,57.06459426879883
2019-10-21,57.3325218669148,58.170109932280326,57.28424665134492,58.05424499511719
2019-10-22,58.21114469537125,58.46217802901688,57.83941779671787,57.92148971557617
2019-10-23,58.43803976160765,58.713212533111005,58.22562440003919,58.698726654052734
2019-10-24,59.0197541995467,59.08975638114087,58.368029690100016,58.79527282714844
2019-10-25,58.69390606275793,59.55562993089987,58.62632002145907,59.51942443847656
2019-10-28,59.72217711891916,60.16390250203701,59.55321203107256,60.11562728881836
2019-10-29,60.09631191960024,60.2845878151206,58.55148311451977,58.72527313232422
2019-10-30,59.08009860012616,59.21044571074437,58.22320354560376,58.7180290222168
2019-10-31,59.67873301175698,60.1445941792604,57.26976036220758,60.04562759399414
2019-11-01,60.2338954156892,61.77631172288636,60.14217362403944,61.74976348876953
2019-11-04,62.114235646863584,62.23975780669925,61.64354964645163,62.1552734375
2019-11-05,62.04666068441124,62.32183713033984,61.87045818450192,62.06597518920898
2019-11-06,61.97906528010769,62.15285896538661,61.641135160488695,62.09251403808594
2019-11-07,62.6420980475092,63.03189002300319,62.48957107398724,62.80915069580078
2019-11-08,62.62999421281498,63.05367695601357,62.18452295800762,62.981048583984375
2019-11-11,62.53558398421758,63.54516291278652,62.53074455447575,63.47979736328125
2019-11-12,63.32240912062528,63.62262363042443,63.1698895398465,63.42167282104492
2019-11-13,63.2207224799973,64.10440205288621,63.206196807227386,64.02935028076172
2019-11-14,63.85505137408107,64.12863059624203,63.45558049246237,63.58631896972656
2019-11-15,63.83810859898351,64.34652949331961,63.67590273215232,64.34169006347656
2019-11-18,64.351351740566,64.74598312645759,63.97125341720809,64.66609191894531
2019-11-19,64.85978586995721,64.88399779458389,64.25210867594704,64.47000122070312
2019-11-20,64.28842176343723,64.41915285497815,63.0440012657513,63.71947479248047
2019-11-21,63.840510478392765,63.917985660408775,63.23282606389223,63.43377685546875
2019-11-22,63.57421301135298,63.71705376455788,63.15053018138443,63.37810897827149
2019-11-25,63.60325387830914,64.50630607825897,63.557253444708095,64.4893569946289
2019-11-26,64.62736945146113,64.68063273174927,63.55242498633123,63.98579406738281
2019-11-27,64.2980945863872,64.87915115912348,64.23272904675291,64.84525299072266
2019-11-29,64.54505665940768,64.88400145799228,64.37558056589414,64.70242309570312
2019-12-02,64.70726809023023,64.94453316386505,63.78243450065309,63.95432662963867
2019-12-03,62.53799277327792,62.83336046421065,62.04894449975743,62.813995361328125
2019-12-04,63.20620238007946,63.748513913811024,63.11177811030985,63.368408203125
2019-12-05,63.86472648524016,64.37314724066661,63.608096393266514,64.29808807373047
2019-12-06,64.75810737512137,65.61031246389065,64.71452295457874,65.54010009765625
2019-12-09,65.36819887188322,65.56187946871975,64.13588815754103,64.62252044677734
2019-12-10,65.02924971296446,65.38514351150229,64.36587856758632,65.00019836425781
2019-12-11,65.0801037595027,65.63452507964419,65.00505196283702,65.55462646484375
2019-12-12,64.83073697953905,65.98799609163027,64.71937098815452,65.7216796875
2019-12-13,65.72166249795971,66.65134256594871,65.59334745340905,66.61502838134766
2019-12-16,67.06292546975874,67.98050330577985,67.05808604111581,67.75534057617188
2019-12-17,67.6851524070365,68.21777783910095,67.49872722563781,67.88851928710938
2019-12-18,67.74083640896171,68.24925733863428,67.57620712154561,67.72631072998047
2019-12-19,67.66819860784388,68.07493233966673,67.5350441062106,67.7940902709961
2019-12-20,68.32914478051804,68.43082451674849,67.44061815652887,67.65367126464844
2019-12-23,67.91755722257518,68.81818602118693,67.87881962615262,68.75765991210938
2019-12-24,68.92472332388611,68.97314717408389,68.49620106456034,68.82303619384766
2019-12-26,68.95618873131151,70.2054485347973,68.92713738051157,70.1884994506836
2019-12-27,70.48144487513187,71.1714440213529,69.75513153983424,70.161865234375
2019-12-30,70.07954307567853,70.86154300911814,69.05302270311626,70.57827758789062
2019-12-31,70.19331979215958,71.10121119998283,70.09405611162488,71.09394836425781
2020-01-02,71.72101143907315,72.77659055848162,71.4668047519516,72.716064453125
2020-01-03,71.94132818321717,72.77174458511139,71.7839617851537,72.00911712646484
2020-01-06,71.12785100771227,72.62163096070418,70.87606037263818,72.58289337158203
2020-01-07,72.59256296619289,72.8491929703819,72.02120028167785,72.24151611328125
2020-01-08,71.94374389134458,73.70626361557562,71.94374389134458,73.40363311767578
2020-01-09,74.38415077218049,75.15646437101954,74.13236752506255,74.96278381347656
2020-01-10,75.19762083507513,75.69877866776542,74.62867407248754,75.13224792480469
2020-01-13,75.44942915816804,76.76405445807666,75.33079296168272,76.73741912841797
2020-01-14,76.67446681398555,76.88509646087522,75.57773417210761,75.70120239257812
2020-01-15,75.50027617412253,76.38395596192076,74.94343149157285,75.37680053710938
2020-01-16,75.92152071901803,76.43236486391163,75.55836410557868,76.32099151611328
2020-01-17,76.57037231867773,77.16837061022176,76.26290232469962,77.16595458984375
2020-01-21,76.79310129941813,77.23614913553814,76.5049964495613,76.64299774169922
2020-01-22,77.12963354237134,77.47100170840719,76.82216354627624,76.91658782958984
2020-01-23,76.96983874202517,77.3668861399878,76.42025699227077,77.28699493408203
2020-01-24,77.5339302350096,78.2796084989247,76.87298259611883,77.06424713134766
2020-01-27,75.06688907368486,75.48088552561684,73.8127900649216,74.79815673828125
2020-01-28,75.68183593003438,77.08603847633346,75.58257224071698,76.91414642333984
2020-01-29,78.55080525794223,79.37395905172454,77.8075426954761,78.524169921875
2020-01-30,77.60413507252484,78.46360261120107,77.17076619126824,78.41033935546875
2020-01-31,77.69857485901245,78.12225762194025,74.63837863048332,74.93374633789062
2020-02-03,73.67236441660148,75.89730439692568,73.16879052609627,74.72794342041016
2020-02-04,76.33795548064964,77.3862719133486,75.93122176752728,77.19500732421875
2020-02-05,78.32562874403418,78.62584328517734,77.21921702642419,77.82447814941406
2020-02-06,78.0956426416798,78.73721802576215,77.53638189287197,78.73479461669922
2020-02-07,78.23244174012544,78.48240085764334,77.1719355094332,77.6645736694336
2020-02-10,76.24489635857795,78.03343963623047,76.1648155367922,78.03343963623047
2020-02-11,78.53094709552873,78.60374785280499,77.34424291008455,77.56265258789062
2020-02-12,78.01401820106558,79.409422447038,78.01401820106558,79.40457153320312
2020-02-13,78.67410664216737,79.16674472243865,78.47025716819051,78.83912658691406
2020-02-14,78.80758309855572,79.10851012138082,78.34892359887368,78.85855102539062
2020-02-18,76.5312490357775,77.5966134445047,76.34923977828454,77.41460418701172
2020-02-19,77.65729255269991,78.76633753940254,77.65729255269991,78.5357894897461
2020-02-20,78.29553354521413,78.78574250032466,77.22288901629881,77.73008728027344
2020-02-21,77.32238890983989,77.76649566805042,75.35183643347615,75.97066497802734
2020-02-24,72.13878468494622,73.81811974778519,70.19007199595448,72.36204528808594
2020-02-25,73.03426594239946,73.41769559790279,69.4377605020185,69.91098022460938
2020-02-26,69.53481005262495,72.28921804434103,69.52752997923261,71.02000427246094
2020-02-27,68.21707461192374,69.40620033933959,66.24166381662789,66.3775634765625
2020-02-28,62.43158940686184,67.5642477477595,62.215601585249125,66.33871459960938
2020-03-02,68.50343887480543,73.15317015362184,67.39682304876307,72.51492309570312
2020-03-03,73.69433636090781,73.77441717355254,69.35765634090362,70.2118911743164
2020-03-04,71.93976834476976,73.6288122283086,71.13650139150472,73.46864318847656
2020-03-05,71.71650798671432,72.69450423193115,70.7191006767236,71.0855484008789
2020-03-06,68.43549929336439,70.57593051678296,68.24863907137488,70.14153289794922
2020-03-09,64.00658563730508,67.48660157527603,63.82457638904733,64.5938720703125
2020-03-10,67.25607654604191,69.5129887846972,65.37045555760074,69.24604034423828
2020-03-11,67.31675896743809,68.24621665992385,65.97473643741871,66.84110260009766
2020-03-12,62.11127620771815,65.52334303397203,60.18440397194468,60.24021911621094
2020-03-13,64.28325061879912,67.93071607578169,61.38565875889742,67.45748901367188
2020-03-16,58.716186517548486,62.873275496652674,58.24296318228996,58.7792854309082
2020-03-17,60.06548857627604,62.5165446878209,57.854682347294336,61.36382293701172
2020-03-18,58.1871458392941,60.6697510139483,57.54404425675361,59.861629486083984
2020-03-19,60.03636945225578,61.35896952139999,58.87636390068454,59.402976989746094
2020-03-20,59.98539501929856,61.11385462075303,55.33081345438568,55.63173675537109
2020-03-23,55.35022316814183,55.45214789716105,51.595978985823706,54.44988250732422
2020-03-24,57.35961698057595,60.109170897229895,56.859698759909456,59.91260147094727
2020-03-25,60.85177578567194,62.671868780258336,59.28649655092537,59.58256530761719
2020-03-26,59.82523444541299,62.77620858330938,59.78640491258839,62.71796798706055
2020-03-27,61.33711636840459,62.094273652565946,59.95384682888378,60.12129592895508
2020-03-30,60.84933827038797,62.0093436795025,60.52414557218957,61.837039947509766
2020-03-31,62.02876624051435,63.70082103256645,61.15512018524407,61.71085357666016
2020-04-01,59.82037323829742,60.35912091217952,58.03183020107801,58.46379852294922
2020-04-02,58.32548464424578,59.49277033542223,57.49066808175266,59.43938064575195
2020-04-03,58.92246773803886,59.62623542608821,57.99300663222972,58.58514404296875
2020-04-06,60.88816668017039,63.851275540137046,60.51929722354272,63.69596481323242
2020-04-07,65.71748092950824,65.93589798982386,62.85387122600371,62.95822143554688
2020-04-08,63.76147021932345,64.88507503558087,63.39503001062034,64.56959533691406
2020-04-09,65.20785277807086,65.54032183594127,64.23713674062121,65.0355453491211
2020-04-13,65.11321477612952,66.42125839971293,64.51136807094039,66.31204986572266
2020-04-14,67.95011914666873,69.95222087152594,67.47689214022147,69.66100311279297
2020-04-15,68.53255414367216,69.48628092008256,68.10301494206142,69.02519226074219
2020-04-16,69.7410956561746,69.94009422345636,68.5204205220071,69.57364654541016
2020-04-17,69.08829031254295,69.63674726381512,67.1881094519009,68.62962341308594
2020-04-20,67.45263835997193,68.35782638874939,67.18568994969831,67.2051010131836
2020-04-21,67.04736932204841,67.2827683027009,64.41430008220807,65.12777709960938
2020-04-22,66.39940914673265,67.4405043108994,66.05723821466911,67.0036849975586
2020-04-23,66.94786806714389,68.37482206031547,66.70518901812768,66.7440185546875
2020-04-24,67.27062041354411,68.68058478279482,67.22208165212722,68.6708755493164
2020-04-27,68.38696009309551,69.05190579194252,67.93800973096258,68.71943664550781
2020-04-28,69.18293587962397,69.36494515545422,67.51331034369456,67.60552215576172
2020-04-29,69.0980126121264,70.29684778168853,68.89416308692655,69.8260498046875
2020-04-30,70.36721610873765,71.47626115798072,69.976506388418,71.29910278320312
2020-05-01,69.46687320779041,72.56103087905444,69.36980307576957,70.15122985839844
2020-05-04,70.17550415897956,71.27241079901312,69.4838673851674,71.14379119873047
2020-05-05,71.60487317175793,73.04638718577591,71.45926427424553,72.2115707397461
2020-05-06,72.91532243152679,73.58996968279646,72.5294637517046,72.95658111572266
2020-05-07,73.58513616899319,74.05836324243135,73.28178737986006,73.7113265991211
2020-05-08,74.37319856682336,75.51930873875061,74.04469357012428,75.46577453613281
2020-05-11,74.97180698726206,77.14965926401848,74.7625342106639,76.65325927734375
2020-05-12,77.33947268862552,77.79208148134276,75.65559183440632,75.77725982666016
2020-05-13,75.95731647939719,76.88199755928032,73.78189245874619,74.8623046875
2020-05-14,74.0982401903213,75.38305384243762,73.37309631079928,75.32221984863281
2020-05-15,73.085943325568,74.92312650763014,73.05187273308422,74.87689208984375
2020-05-18,76.20550920779705,77.01581451007397,75.51200038814163,76.64107513427734
2020-05-19,76.65812036126512,77.50736040977804,76.16658443916718,76.1982192993164
2020-05-20,77.05961894056877,77.75069207639052,77.02068430144911,77.68013000488281
2020-05-21,77.54145842305101,78.08410043080879,76.86254883571725,77.10102081298828
2020-05-22,76.83819007988166,77.68013781166567,76.73599313969208,77.59740447998047
2020-05-26,78.7191975702139,78.89926383747755,77.01584553623708,77.07181549072266
2020-05-27,76.92823567989113,77.55360346730318,76.18605652967298,77.40760040283203
2020-05-28,77.08152577208277,78.70457981685169,76.80412665218442,77.44166564941406
2020-05-29,77.6849956705814,78.14733245248436,77.00852208206489,77.36622619628906
2020-06-01,77.31999390359594,78.43934069786921,77.18859041846218,78.31767272949219
2020-06-02,78.04999766403765,78.70457189402366,77.60712449987925,78.68023681640625
2020-06-03,79.00145559647322,79.37619506332315,78.4271788552984,79.11338806152344
2020-06-04,78.93575985874213,79.23505835292487,78.05731313453714,78.43205261230469
2020-06-05,78.68268407951567,80.72670465644849,78.65348495250613,80.6658706665039
2020-06-08,80.36169309987528,81.17686997307266,79.64872058754821,81.1427993774414
2020-06-09,80.82160644800746,84.09933458379527,80.7899715861673,83.70513153076172
2020-06-10,84.65657009743241,86.32828677869298,84.2161326502249,85.85865020751953
2020-06-11,84.99968556796321,85.42552350785493,81.63435243044103,81.7365493774414
2020-06-12,83.88277478636243,84.63224629678102,81.32774713453523,82.44222259521484
2020-06-15,81.0917097169114,84.11637395651466,80.9286713541559,83.46179962158203
2020-06-16,85.52286182278011,85.94627147951505,83.88277968678821,85.6737289428711
2020-06-17,86.42075685110076,86.48159083556952,85.43281353741015,85.55448150634766
2020-06-18,85.51068509788405,86.00709250366052,84.97777878565866,85.58855438232422
2020-06-19,86.29666530516798,86.76386617293707,83.9874020783935,85.09944915771484
2020-06-22,85.49363911693206,87.46952555006234,85.44740469919928,87.32595825195312
2020-06-23,88.57428648623221,90.61344295119446,88.1533126161021,89.18992614746094
2020-06-24,88.81761197618738,89.73985720448684,87.24079252033772,87.61553192138672
2020-06-25,87.77129464423196,88.81763643178542,87.00965180666661,88.77870178222656
2020-06-26,88.67407273515175,88.89550938648465,85.90247212803317,86.05091094970703
2020-06-29,85.95841768027097,88.12897745361794,85.47904559885598,88.03407287597656
2020-06-30,87.62040543722048,89.0560934802323,87.60094182870904,88.76895141601562
2020-07-01,88.84681537177396,89.39188548967921,88.55238096980085,88.60104370117188
2020-07-02,89.51112514748854,90.14866410882917,88.48668294073944,88.60104370117188
2020-07-06,90.03430829585879,91.44078989598016,90.00267343180715,90.97115325927734
2020-07-07,91.35076272390052,92.13186915393192,90.57695607635443,90.68888854980467
2020-07-08,91.66952230167388,92.83266788269124,91.58191749535032,92.80103302001952
2020-07-09,93.69651141665872,93.7500456266075,92.14889822617896,93.20011138916016
2020-07-10,92.7937310548834,93.42154196968669,92.18052712914378,93.3631362915039
2020-07-13,94.67227687695215,97.29057387515884,92.71828964483974,92.93242645263672
2020-07-14,92.31192546978036,94.66255171537146,91.37508797222462,94.47032165527344
2020-07-15,96.35131273104464,96.60194849384465,93.91795292676308,95.12003326416016
2020-07-16,93.98850434264295,94.80854525062084,93.34852964918174,93.94956970214844
2020-07-17,94.40219140138755,94.55792255878988,93.2852727775618,93.75978088378906
2020-07-20,93.84737490055308,95.8743600058145,93.50183459957924,95.73565673828124
2020-07-21,96.52894250206292,96.60437605553066,94.1637166754004,94.4143524169922
2020-07-22,94.11503952134647,95.36335409074172,94.02744214680403,94.67958068847656
2020-07-23,94.4119242394898,94.4897935351177,89.5573759076989,90.3701171875
2020-07-24,88.56212813927338,90.49178057488464,86.76873582504383,90.146240234375
2020-07-27,91.21203824708472,92.37518368443884,90.98817335217583,92.28271484375
2020-07-28,91.852015075252,92.029652979998,90.76186742027872,90.76673889160156
2020-07-29,91.2509849817971,92.69153713216036,91.2144860730092,92.50659942626952
2020-07-30,91.67682263526056,93.73057872513968,91.26802000602063,93.62594604492188
2020-07-31,100.14247044684524,103.57837258120163,98.1373773392482,103.42750549316406
2020-08-03,105.3157864148102,108.66165541676666,105.01648797674454,106.03363037109376
2020-08-04,106.2234382515312,107.83675673192468,105.49829447245462,106.7417449951172
2020-08-05,106.4619163377956,107.44985972369945,105.99470803547494,107.12865447998048
2020-08-06,107.46200491950506,111.36267931542626,106.87070043201264,110.86627197265624
2020-08-07,110.38605018937842,110.84434776897682,107.54607671169924,108.3456573486328
2020-08-10,109.79612082851324,110.94186486752692,107.26086549559103,109.92044830322266
2020-08-11,109.18181072713648,109.68154587218592,106.3905875156011,106.65142822265624
2020-08-12,107.74597507351804,110.45431580374148,107.5509582932633,110.19591522216795
2020-08-13,111.58054387716682,113.15289349736156,111.09055440270924,112.14610290527344
2020-08-14,111.97060352944231,112.13636854966512,110.23004849886146,112.04617309570312
2020-08-17,113.17240210150104,113.19678105887246,111.1246961523291,111.75363159179688
2020-08-18,111.50497642122994,113.11145065744996,111.16856617508924,112.68484497070312
2020-08-19,113.09438654850844,114.2450033462818,112.73116465257536,112.82623291015624
2020-08-20,112.86767769232154,115.4443778648386,112.85061167913358,115.32980346679688
2020-08-21,116.29271798267844,121.7581500452213,116.28053222340992,121.27304077148438
2020-08-24,125.49276470400676,125.57809477103142,120.851300059122,122.7234878540039
2020-08-25,121.59237766186422,122.06286102018731,119.98833606258718,121.7166976928711
2020-08-26,123.03793241069307,123.83019996372768,121.96775820659964,123.37190246582033
2020-08-27,123.97650023718222,124.31047038391692,120.74891816931488,121.89710235595705
2020-08-28,122.8746266915099,123.2939194462389,121.4753623837178,121.69963836669922
2020-08-31,124.40309306090538,127.73792880610966,122.86243534022762,125.82672882080078
2020-09-01,129.45409155934158,131.44330113966103,127.279625733532,130.83872985839844
2020-09-02,134.16382339626398,134.54411128513743,123.83753197784804,128.12796020507812
2020-09-03,123.74977777668435,125.63171109830373,117.49939163024852,117.86992645263672
2020-09-04,117.08009977010788,120.61970534748436,108.1286934708545,117.94793701171876
2020-09-08,111.11248652637892,116.0269845414498,109.87411453278108,110.01062774658205
2020-09-09,114.3400636644491,116.17324635017911,112.38986646879135,114.39856719970705
2020-09-10,117.36287872631232,117.49939194752989,109.69860244063992,110.66394805908205
2020-09-11,111.71706305037618,112.36063179376237,107.2608620779855,109.2110595703125
2020-09-14,111.86334878819116,113.04321758334012,109.99116065569436,112.48741149902344
2020-09-15,115.38343686650312,115.87098624147583,110.78096957645457,112.66291046142578
2020-09-16,112.36063408677492,113.11145686330156,109.25006664242188,109.33782196044922
2020-09-17,106.9878355070113,109.40607622888594,106.00298369138476,107.59239196777344
2020-09-18,107.65090688938564,108.11895013810332,103.4482260852904,104.17955017089844
2020-09-21,101.93681947130294,107.44612864015868,100.53267495607116,107.3388671875
2020-09-22,109.87413362126594,110.0496517037046,106.44178910174855,109.02579498291016
2020-09-23,108.84052779447258,109.31832411053182,104.11129279067556,104.45258331298828
2020-09-24,102.55113797500798,107.5046416144481,102.38537296614106,105.5251922607422
2020-09-25,105.7299637983842,109.64011209223098,104.98888662302512,109.48409271240234
2020-09-28,112.1461013546261,112.44837956504264,109.97162802324053,112.09734344482422
2020-09-29,111.69758311216265,112.43865292735713,110.74198290705544,111.24903106689452
2020-09-30,110.95648187938993,114.34007555606304,110.79071688597794,112.92617797851562
2020-10-01,114.7106149713594,114.78862465587768,112.94568863575778,113.88178253173828
2020-10-02,110.07889779908956,112.49714598356358,109.4255834190412,110.20565795898438
2020-10-05,111.07350441061016,113.74527295614752,110.72246825841832,113.59900665283205
2020-10-06,112.81890702677832,113.22845409992826,109.45481977342668,110.3421630859375
2020-10-07,111.76581097831722,112.67265302880874,111.2880072790066,112.21435546875
2020-10-08,113.35524204497766,113.50150836130555,111.73657437259952,112.10711669921876
2020-10-09,112.40938507947116,114.0865561551348,112.05834892691767,114.05730438232422
2020-10-12,117.0703444949578,122.06285238723022,116.3097687190557,121.30227661132812
2020-10-13,122.15060951635888,122.26762403724533,116.67055964456534,118.0844497680664
2020-10-14,117.98695479953686,119.96640417322294,116.64132113373098,118.17222595214844
2020-10-15,115.7637182773626,118.18195887523946,115.20791231870912,117.70416259765624
2020-10-16,118.25997681380652,118.52325764594907,115.85148167833091,116.0562515258789
2020-10-19,116.97286176087206,117.42140635681072,112.77994100435976,113.09197235107422
2020-10-20,113.306462726598,116.01724328424638,112.7506567810562,114.58384704589844
2020-10-21,113.76476887802792,115.75397121203213,113.5502459636628,113.95979309082033
2020-10-22,114.5253406139352,115.1006527218332,111.73655770574224,112.86767578125
2020-10-23,113.49173574533604,113.6477551063948,111.4342769177023,112.17535400390624
2020-10-26,111.17099330548513,113.64774463857086,110.06912712788252,112.18509674072266
2020-10-27,112.61415013058482,114.35957774824622,111.68780931378838,113.6965103149414
2020-10-28,112.18511296666344,112.5556478095225,108.33346848159846,108.43097686767578
2020-10-29,109.57184138543089,114.01828898706523,109.4060689558234,112.44837951660156
2020-10-30,108.29446818664717,109.20131035013,105.03764183054732,106.14925384521484
2020-11-02,106.3930227262898,107.9239274305086,104.64759511176818,106.06148529052734
2020-11-03,106.9293350359113,108.71376013684448,106.0224928792937,107.68991088867188
2020-11-04,111.29777308441078,112.71166332605716,109.55234539225576,112.0876007080078
2020-11-05,115.01291614739544,116.64133701911796,113.95981495393193,116.06602478027344
2020-11-06,115.5727237961662,116.43228836490331,113.43357109225822,115.93413543701172
2020-11-09,117.70210041193614,119.15750189056662,113.3554283153817,113.61915588378906
2020-11-10,112.86705932868448,114.8596862189922,111.4800244999921,113.27730560302734
2020-11-11,114.46896157668392,116.8523020201072,113.7363758663505,116.7155532836914
2020-11-12,116.84254616591036,117.7314130027431,115.81692313270185,116.44206237792967
2020-11-13,116.66674192406562,116.89139741334864,115.13319583001916,116.4909210205078
2020-11-16,116.15878952513836,118.18072580642377,115.40667146783778,117.50675201416016
2020-11-17,116.7741550311091,117.8681448270936,116.1978504473702,116.61786651611328
2020-11-18,115.85600165898173,117.03790584258051,115.26016461858715,115.28946685791016
2020-11-19,114.85968419200586,116.29555357911477,114.09779613817214,115.88530731201172
2020-11-20,115.88530450548863,116.0122833606363,114.566651563308,114.61548614501952
2020-11-23,114.45921058973786,114.88899666218845,111.10885108956266,111.20652770996094
2020-11-24,111.26512618596216,113.1600762396807,109.97576812456435,112.49586486816406
2020-11-25,112.86704864167184,114.03918287230827,112.4958670885804,113.33589935302734
2020-11-27,113.86336408177816,114.76200083857178,113.52149221259016,113.88289642333984
2020-11-30,114.25408307341652,118.1612073576281,114.09779452496896,116.2857894897461
2020-12-01,118.20027268083436,120.60315308283556,117.22349166609008,119.87056732177734
2020-12-02,119.1868283254981,120.50548879201791,118.08306834880034,120.22222137451172
2020-12-03,120.65199182191448,120.90595698113329,119.37241103320297,120.08546447753906
2020-12-04,119.75335564285018,120.0073208033349,118.69843031675794,119.41148376464844
2020-12-07,119.4700809338177,121.67760806582264,119.41147645892518,120.87664794921876
2020-12-08,121.48226483759504,122.07810188882368,120.23197880317792,121.49202728271484
2020-12-09,121.63854040920428,123.02556768253118,118.19050456748764,118.952392578125
2020-12-10,117.7021162779425,120.99387109234236,117.36024440160968,120.37849426269533
2020-12-11,119.58730425363264,119.90964378868306,117.75095856237984,119.5677719116211
2020-12-14,119.75335272421144,120.48593849632398,118.7179672176784,118.952392578125
2020-12-15,121.4529531337426,124.93029876658032,121.24783000590143,124.91075897216795
2020-12-16,124.45168548343348,125.3893870076482,123.62141557358976,124.84239196777344
2020-12-17,125.90707656477709,126.57129545645024,125.06704423102656,125.71172332763672
2020-12-18,125.96570052204724,126.1024492834586,123.1916382500266,123.71910095214844
2020-12-21,122.11716580798593,125.33077641507084,120.58361982974763,125.25263214111328
2020-12-22,128.55419698516482,131.2891878080919,126.6396989377656,128.81793212890625
2020-12-23,129.0913924448983,129.35511260798816,127.74342977111928,127.91925811767578
2020-12-24,128.27090571957586,130.36121675094694,128.05601267765476,128.9058074951172
2020-12-28,130.87891392295424,134.1511218894807,130.41004823158806,133.51622009277344
2020-12-29,134.84466729205403,135.56747594651134,131.22080195396242,131.73849487304688
2020-12-30,132.43197135905453,132.83245515094322,130.3025810031429,130.6151580810547
2020-12-31,130.9667947818931,131.61147380180907,128.66159108708325,129.60906982421875
2021-01-04,130.4198058762155,130.50771259087762,123.8167640988133,126.40523529052734
2021-01-05,125.89730757907694,128.68113950331986,125.4479817429498,127.96807861328124
2021-01-06,124.75449720967728,128.00718042428713,123.44560651440742,123.6604995727539
2021-01-07,125.37962311713652,128.57370150076903,124.89123256509168,127.88018035888672
2021-01-08,129.35508383294297,129.55045193110092,127.20616889364516,128.98391723632812
2021-01-11,126.1903600931944,127.14760145406544,125.5163787099544,125.9852294921875
2021-01-12,125.5163499461026,126.6787216416066,123.91442981145272,125.80938720703124
2021-01-13,125.77031986493918,128.39786321634224,125.5065997184792,127.85086822509766
2021-01-14,127.7629705365316,127.95832377513628,125.77032875107238,125.91685485839844
2021-01-15,125.78987056372236,127.1964377514296,124.05120137461118,124.18795013427734
2021-01-19,124.8130888108596,125.72150299180522,123.9925962570678,124.86193084716795
2021-01-20,125.67263899637692,129.41371177555757,125.56519249707168,128.96438598632812
2021-01-21,130.69329163300603,136.42699093223655,130.48816107938626,133.69200134277344
2021-01-22,133.1157150150256,136.60283037919487,131.88497630652225,135.8409423828125
2021-01-25,139.74808861764467,141.72117584234562,133.3696938895246,139.6015625
2021-01-26,140.26575403148016,140.94949773337214,138.08752172506703,139.83596801757812
2021-01-27,140.09970572045313,140.94951541070097,137.14983753597352,138.7615203857422
2021-01-28,136.28047622181393,138.6931262527624,133.52594691185897,133.90689086914062
2021-01-29,132.67619570373378,133.56507019639048,127.18668998356584,128.89605712890625
2021-02-01,130.6444618808397,132.2366197184336,127.88993224067084,131.02540588378906
2021-02-02,132.57849082798725,133.14502563870852,131.48450079597174,131.85568237304688
2021-02-03,132.60781218328634,132.6175895343007,130.5077385359951,130.830078125
2021-02-04,133.13527851593736,134.2097288768962,131.4649761313631,134.19996643066406
2021-02-05,134.361383637691,134.4298527337004,132.9037994309717,133.78421020507812
2021-02-08,133.07009728305556,133.97986900574796,131.98424937796673,133.9309539794922
2021-02-09,133.6472186633411,134.87981130485002,132.89398418993693,133.0504913330078
2021-02-10,133.51027896407933,134.00919124583916,131.4755366325783,132.44400024414062
2021-02-11,132.94288597227373,133.42222921972905,130.85924373219854,132.1896514892578
2021-02-12,131.42661342450694,132.58093001697634,130.78097113036387,132.42440795898438
2021-02-16,132.5417954762156,133.0504697304465,129.90053448855053,130.29183959960938
2021-02-17,128.39409374989066,129.3429884368885,126.65282647260508,127.99301147460938
2021-02-18,126.3887142635702,127.17130992538829,124.63766971776128,126.88762664794922
2021-02-19,127.40603410767358,127.86580828634322,125.99736555402733,127.04407501220705
2021-02-22,125.224589781625,126.89738798845885,122.86703351631368,123.25833129882812
2021-02-23,121.0670795467116,123.952886827179,115.81392393533028,123.1213836669922
2021-02-24,122.22137703659854,122.82788140267746,119.57034603451814,122.62245178222656
2021-02-25,121.96705631635206,123.70832364732854,117.91714023140678,118.35734558105467
2021-02-26,119.92253745577052,122.13336377870476,118.56278332535057,118.6214828491211
2021-03-01,121.05727592228418,125.14632198530556,120.11816582891734,125.00936889648438
2021-03-02,125.61588891931012,125.9191411409052,122.28986912474552,122.39747619628906
2021-03-03,122.09420675176464,122.97462478338886,119.18883097909638,119.40404510498048
2021-03-04,119.10080486208312,120.91054865889171,116.03891416723144,117.51605224609376
2021-03-05,118.34755618226085,119.2866663032066,115.01175200979324,118.7779769897461
2021-03-08,118.29863063273508,118.3671071730602,113.68133401828926,113.82807159423828
2021-03-09,116.43998860707968,119.4040567156157,116.20521293027856,118.45516204833984
2021-03-10,119.0421067116974,119.51165804272296,116.8508422889654,117.36931610107422
2021-03-11,119.87359467388345,120.52901403357286,118.6214479976461,119.30621337890624
2021-03-12,117.78017258073191,118.5334145770574,116.5671562971472,118.3964614868164
2021-03-15,118.76819807777808,121.30183771867132,117.79973448364598,121.29205322265624
2021-03-16,122.96485323576836,124.45178328205832,122.00618152746164,122.83768463134766
2021-03-17,121.35075339157471,123.12136654730853,119.67795534298575,122.04530334472656
2021-03-18,120.2062049729852,120.4996801450081,117.7019113683554,117.90734100341795
2021-03-19,117.29105128250436,118.78775822996796,117.0758371529688,117.37908935546876
2021-03-22,117.71170219523188,121.17467507978692,117.64322564652812,120.70511627197266
2021-03-23,120.64643782486614,121.53663305840064,119.48232890224382,119.87362670898438
2021-03-24,120.14751365088765,120.22577469235176,117.45735192347423,117.47691345214844
2021-03-25,116.9389008784734,119.01277396820036,116.41064997457924,117.96604919433594
2021-03-26,117.731275509737,118.83669235952908,116.33239090614592,118.57256317138672
2021-03-29,119.00298664807106,119.91275082818898,118.10300696502964,118.74864196777344
2021-03-30,117.4964986954808,117.78018941248853,116.27369774116384,117.29106903076172
2021-03-31,119.00297562612528,120.83228085062456,118.51385530498492,119.49209594726562
2021-04-01,120.96925085519509,121.47793274502293,119.82470354215975,120.3236083984375
2021-04-05,121.17467224344372,123.41484423200752,120.39207673653289,123.1604995727539
2021-04-06,123.74744343345849,124.36373236215869,122.9159403655152,123.46375274658205
2021-04-07,123.09201613924569,125.1365354050088,122.41702773888204,125.11697387695312
2021-04-08,126.14412984874876,127.55279878438414,125.72349353070734,127.52345275878906
2021-04-09,126.97563580060692,130.14512586474413,126.65281460393234,130.1060028076172
2021-04-12,129.63642387988736,129.95924500781146,127.7875500939686,128.38427734375
2021-04-13,129.5581784481345,131.7298736233455,129.0592662236775,131.50486755371094
2021-04-14,132.0037882044852,132.06248025187,128.79516024880334,129.1571044921875
2021-04-15,130.90812225173812,132.062438624499,130.73203123832246,131.5733184814453
2021-04-16,131.37770625104787,131.7396504708216,130.37989673029497,131.24075317382812
2021-04-19,130.60491339062307,132.5222717730815,130.4386142591335,131.90597534179688
2021-04-20,132.08203545204475,132.58093272949054,128.94187690393258,130.21359252929688
2021-04-21,129.47991444834784,130.8396681596277,128.44298189644934,130.59510803222656
2021-04-22,130.1451323202757,131.2309800623084,128.55061017652483,129.06907653808594
2021-04-23,129.28425964833707,132.1798429808979,129.28425964833707,131.3972625732422
2021-04-26,131.8961965525728,132.12118773609112,130.65382667295944,131.78858947753906
2021-04-27,132.07226369879982,132.46356891164857,131.1918530917334,131.46575927734375
2021-04-28,131.38748176093378,132.08203909742446,130.18425010167056,130.67337036132812
2021-04-29,133.5004909237802,134.08744123271336,129.56795967816743,130.57554626464844
2021-04-30,128.91254705716273,130.65381415781053,128.21800457946676,128.59951782226562
2021-05-03,129.16688554691402,131.1527277481315,128.96146337467013,129.656005859375
2021-05-04,128.33538938179106,128.6288645532719,123.9430836224482,125.06806182861328
2021-05-05,126.38867773337496,127.61147843692302,125.18544602057824,125.3126220703125
2021-05-06,125.1071802094576,126.92670818396309,124.3637153203284,126.91693115234376
2021-05-07,128.22021545550038,128.6219640145826,126.87773920490686,127.59307861328124
2021-05-10,126.8091685393895,126.93654567929129,124.26141641162498,124.30061340332033
2021-05-11,121.01793322731804,123.73225929039904,120.30260126371392,123.37950134277344
2021-05-12,120.91994025373684,122.13501696157893,119.793051160694,120.30259704589844
2021-05-13,122.07623559621456,123.61468197456075,121.7626671457256,122.4583969116211
2021-05-14,123.71266243367454,125.31970156938156,123.32070002778138,124.88854217529295
2021-05-17,124.27121091978704,124.37900077220148,122.65437060963178,123.73226165771484
2021-05-18,124.01642168198468,124.43777993260704,122.27219693905592,122.34078979492188
2021-05-19,120.68477166324163,122.409394340006,120.39079798085204,122.18402099609376
2021-05-20,122.7131594479721,125.1531139052994,122.58576737350162,124.75135040283205
2021-05-21,125.25109180897152,125.42747449402114,122.69354661378206,122.90912628173828
2021-05-24,123.47748054475916,125.36869212394858,123.4088876885631,124.54557037353516
2021-05-25,125.251117740315,125.74107639005582,123.7812642192773,124.349609375
2021-05-26,124.40840326146704,124.82976157711472,123.87925508767265,124.30061340332033
2021-05-27,123.89884383271658,125.07472355131192,122.56617616440936,122.76215362548828
2021-05-28,123.04632661129708,123.27170742078762,122.04682959457176,122.10562133789062
2021-06-01,122.56618191328504,122.83075224575715,121.449093885405,121.78225708007812
2021-06-02,121.78224728515004,122.7229525237008,121.55687396007116,122.54656982421876
2021-06-03,122.17421691048338,122.34079850429372,120.65536538181918,121.05712890625
2021-06-04,121.57647200078276,123.62447159323196,121.36089230936066,123.35989379882812
2021-06-07,123.63426024908394,123.7812470760429,122.32119487398776,123.36968994140624
2021-06-08,124.05562434058848,125.8782506142176,123.67346305813652,124.19281005859376
2021-06-09,124.65336040245155,125.18250849792624,123.97722547889047,124.57496643066406
2021-06-10,124.4671847907461,125.61367614452428,123.40889600611712,123.57547760009766
2021-06-11,123.98702310448564,124.87873768733272,123.56566486306367,124.79054260253906
2021-06-14,125.25109952078272,127.9164272379966,124.51617286716927,127.85763549804688
2021-06-15,127.3284660780332,127.97520497539595,126.78951699689756,127.03449249267578
2021-06-16,127.74986621494416,128.25941963004072,125.87826406617567,127.53428649902344
2021-06-17,127.19133075522794,129.88606227566868,127.0443364282934,129.14132690429688
2021-06-18,128.08305697457453,128.86696697995066,127.62250162274736,127.83808135986328
2021-06-21,127.6812630526612,129.74885734783985,126.61317321470958,129.6410675048828
2021-06-22,129.47448238296937,131.38528868125076,128.97472269195052,131.28729248046875
2021-06-23,131.0815245269483,131.62047373989773,130.5523689534629,131.01292419433594
2021-06-24,131.74786688107946,131.9340507183845,130.25841113476253,130.72877502441406
2021-06-25,130.7777709892388,131.19912181234292,130.14082550615106,130.43479919433594
2021-06-28,130.72876668918406,132.53178329485235,130.66997494475694,132.07122802734375
2021-06-29,132.09082341810688,133.7468605769358,131.64987040561977,133.59007263183594
2021-06-30,133.43329677453198,134.6483810309489,133.13932308886885,134.20742797851562
2021-07-01,133.85463680142217,134.5699611689942,133.03150764945613,134.51116943359375
2021-07-02,135.12851405296138,137.18631475513712,134.9815346965724,137.14712524414062
2021-07-06,137.25491925633426,140.27300511470358,137.25491925633426,139.1657257080078
2021-07-07,140.6551614207794,141.9780354300495,139.79285761414,141.6644744873047
2021-07-08,138.7345948674852,141.1647488304989,137.84288002246544,140.36123657226562
2021-07-09,139.88104882276198,142.72275942044914,139.7830526150671,142.19361877441406
2021-07-12,143.27149490960213,143.37928474040953,141.10590465506056,141.59585571289062
2021-07-13,141.13533874616226,144.496411688261,140.7433837745926,142.71298217773438
2021-07-14,145.12353460486517,146.56399216212412,144.7119624866864,146.1524200439453
2021-07-15,146.24063073416198,146.98535113045864,144.1338317300182,145.4958953857422
2021-07-16,145.47629609045745,146.7501570666892,142.94814646554318,143.44789123535156
2021-07-19,140.8609425122298,141.17451839605775,138.82274412371137,139.58706665039062
2021-07-20,140.57681298890034,144.14365733248744,140.0868617606487,143.21273803710938
2021-07-21,142.6051447372581,143.19309195056664,141.72323886941402,142.47775268554688
2021-07-22,143.00692343798204,145.2214969339576,142.8795313726681,143.84963989257812
2021-07-23,144.5845687137355,145.73105246266147,143.96722555965206,145.5742645263672
2021-07-26,145.29010519733632,146.8187502561115,144.731553759334,145.99563598632812
2021-07-27,146.12301268573492,146.2112152481958,142.62476957316773,143.82025146484375
2021-07-28,141.89967203910487,144.01626492926474,139.67528928086858,142.06625366210938
2021-07-29,141.78207790616358,143.60469693299768,141.67428804616338,142.71298217773438
2021-07-30,141.4783070482548,143.38911365343876,141.21372922534522,142.92855834960938
2021-08-02,143.41846631598443,143.99660494374783,142.33077442965924,142.59535217285156
2021-08-03,142.87958558722158,145.06476404375385,142.26224220829448,144.3984375
2021-08-04,144.31021898611445,144.81975742745607,143.34011030565534,143.99664306640625
2021-08-05,144.0260371733782,144.86875375710454,143.2323186955207,144.10443115234375
2021-08-06,143.62355957636092,144.36939566640558,142.91697171230874,143.41746520996094
2021-08-09,143.47635955368153,143.96704478811583,142.8090348226229,143.368408203125
2021-08-10,143.71189030419347,144.9582349617114,142.59312859632232,142.88754272460938
2021-08-11,143.32916298423876,143.9866794152509,142.81884613683928,143.1427001953125
2021-08-12,143.46652932990523,146.27324904121383,143.12304372844764,146.11622619628906
2021-08-13,146.19477421248263,146.65601957582584,145.50781781213945,146.32235717773438
2021-08-16,145.77275011469712,148.37339061458732,143.7413212084629,148.3046875
2021-08-17,147.43126177455844,148.85424577061949,146.3125001875388,147.3920135498047
2021-08-18,147.00929375834372,147.91215275914686,143.4272826956147,143.6333770751953
2021-08-19,142.3281240023294,145.24279479861465,141.80799897567445,143.96701049804688
2021-08-20,144.6932629269492,145.7335132179683,144.04555482987226,145.42929077148438
2021-08-23,145.54703201865243,147.39201304068925,145.13485827480818,146.92095947265625
2021-08-24,146.6657951809347,148.0495309623608,146.37138108229806,146.83262634277344
2021-08-25,147.01909921664708,147.51960771111226,145.04655007679514,145.5961151123047
2021-08-26,145.58631977895118,146.34196428288527,144.76195717766552,144.79139709472656
2021-08-27,144.73250473188153,145.97884935283636,144.0946199514099,145.83164978027344
2021-08-30,146.2241695758551,150.6305274592708,145.84143577124814,150.2674102783203
2021-08-31,149.81601938873746,149.953410655414,148.4715316635546,149.00148010253906
2021-09-01,149.98285372785378,152.0927942907588,149.50197679710354,149.66880798339844
2021-09-02,151.0034698406252,151.83764073221985,149.56085404781211,150.78756713867188
2021-09-03,150.89549719045843,151.749299563858,150.23798086351027,151.42544555664062
2021-09-07,152.08299181247767,154.33032373118607,151.51379510970494,153.7709503173828
2021-09-08,154.05552533708556,154.11440516674327,151.11141405800635,152.22036743164062
2021-09-09,152.59329705325342,153.2017419419683,151.0819781706379,151.1997528076172
2021-09-10,152.11241016755477,152.58346376101343,145.92977372713003,146.1947479248047
2021-09-13,147.82384373270557,148.5991198416723,145.97886239429425,146.7639617919922
2021-09-14,147.5490317533872,148.25561957289722,144.17311549895538,145.36056518554688
2021-09-15,145.79238629928224,146.65599705539884,143.64318269682568,146.25363159179688
2021-09-16,145.674611041655,146.19473610738382,144.4773380668959,146.01808166503906
2021-09-17,146.04755063760766,146.04755063760766,143.04454462427765,143.33895874023438
2021-09-20,141.12106347538898,142.141682080616,138.63819761482773,140.27708435058594
2021-09-21,141.24865034298253,141.9061817623882,140.1200802460814,140.75796508789062
2021-09-22,141.75896115358557,143.70207048798758,141.0229333023473,143.1328887939453
2021-09-23,143.91798052970498,144.33997763935906,142.9268016969767,144.09463500976562
2021-09-24,142.94641630674622,144.7226943379148,142.8482732767658,144.1829376220703
2021-09-27,142.75999303272016,143.24087005343296,141.14073741170202,142.66184997558594
2021-09-28,140.58131390847566,142.05336955149633,139.05037843565805,139.2662811279297
2021-09-29,139.81583449417113,141.75894358779652,139.3840291456937,140.16912841796875
2021-09-30,140.9836859376015,141.69027387708846,138.64801941682376,138.86392211914062
2021-10-01,139.25644963882814,140.25745160999782,136.51843289284824,139.9924774169922
2021-10-04,139.11906783458025,139.56069651109203,135.69409459126777,136.54788208007812
2021-10-05,136.89134039591275,139.59010856039754,136.76375747265385,138.4811553955078
2021-10-06,136.87173304580557,139.50179857153668,135.79221959896122,139.35459899902344
2021-10-07,140.39484869057674,141.53324196194288,140.06118634451136,140.6205596923828
2021-10-08,141.34679220421845,141.49399178970734,139.90417636832538,140.2378387451172
2021-10-11,139.61957218353604,142.1122464318601,139.16813520692153,140.14950561523438
2021-10-12,140.5616765276079,140.58130812824112,138.41247298124185,138.87371826171875
2021-10-13,138.60878144560905,138.76578935248517,136.6067771440449,138.28492736816406
2021-10-14,139.4625622924774,141.1995922695785,138.8737340029269,141.08181762695312
2021-10-15,141.09167995328465,142.20061874194258,140.83651396910085,142.14173889160156
2021-10-18,140.77758515544568,144.1044303133813,140.4929943196034,143.81983947753906
2021-10-19,144.27126443259647,146.39102819802582,143.81984241142754,145.98866271972656
2021-10-20,145.92975937341998,146.96020117455672,145.36056280732043,146.4793243408203
2021-10-21,146.0377198663419,146.852259056455,145.1152293383939,146.6952362060547
2021-10-22,146.90133805459163,147.38219996847627,145.87089613630118,145.9199676513672
2021-10-25,145.91012834998406,146.5872762498157,144.86987823265756,145.87088012695312
2021-10-26,146.54803157896646,148.02989537029094,146.2339858890175,146.53822326660156
2021-10-27,146.57745876058237,146.94056095534364,145.72367144878302,146.07696533203125
2021-10-28,147.02892300470535,150.3165049156438,146.9307799732344,149.72769165039062
2021-10-29,144.47734011409685,147.14666858995494,143.68243254858814,147.00927734375
2021-11-01,146.21436117463696,146.91112567706168,145.0465281633518,146.18492126464844
2021-11-02,145.89055512860912,148.7463471320613,145.88073183903717,147.2252197265625
2021-11-03,147.58828751986294,149.1388544822275,147.0289142026338,148.6678009033203
2021-11-04,148.75610406397846,149.59025979048718,147.8336136344687,148.1476593017578
2021-11-05,149.2779007467471,149.5825671827827,147.47937001529485,148.6783905029297
2021-11-08,148.80613336618327,148.96338536873958,147.57763021441775,147.85281372070312
2021-11-09,147.61696617879937,148.8258093306056,147.47937439726354,148.2164764404297
2021-11-10,147.44008208978292,147.5481909989835,145.30740178680878,145.37619018554688
2021-11-11,146.39829267733833,146.86019613669237,145.14029146001317,145.3270263671875
2021-11-12,145.8773986754407,147.81352120891913,144.9437391025949,147.41058349609375
2021-11-15,147.78401177627345,149.26805319565037,146.86017499778418,147.42037963867188
2021-11-16,147.3614298460006,148.8847769331927,146.77174226503004,148.4031982421875
2021-11-17,148.40318850921466,152.3343988008495,148.39336588218137,150.85037231445312
2021-11-18,151.0665970606914,155.94128964959728,150.41794373346818,155.15504455566406
2021-11-19,154.9388192362829,158.25087409630834,153.8380851561955,157.78895568847656
2021-11-22,158.89952335376228,162.85039415850727,158.23122475801478,158.25088500976562
2021-11-23,158.34916461294523,159.017478240258,156.32459347097884,158.63418579101562
2021-11-24,157.98552228891256,159.35161734057587,156.89461077309667,159.15505981445312
2021-11-26,156.82585721821107,157.69071352451056,153.6710534864823,154.11331176757812
2021-11-29,156.62925022109002,158.41795820454487,156.05922289657292,157.4842987060547
2021-11-30,157.23861066878493,162.673508444908,157.1698072809554,162.45729064941406
2021-12-01,164.59981924468755,167.37133051574247,161.70055379902217,161.93643188476562
2021-12-02,156.0101271941394,161.3762222672704,155.08629013119497,160.94378662109375
2021-12-03,161.19929553834072,162.12313243269475,156.97324112607134,159.05677795410156
2021-12-06,161.46465859062198,164.99293189077792,161.4548359617341,162.47695922851562
2021-12-07,166.17226851871695,168.62927506471814,165.44498918240458,168.23614501953125
2021-12-08,169.16982694435688,172.93396293794615,167.76441134011623,172.069091796875
2021-12-09,171.9020161028415,173.71036939014843,170.9290360750293,171.5580291748047
2021-12-10,172.19686362537885,176.54084965789616,171.68580203438307,176.3639373779297
2021-12-13,178.00522669948663,178.99786706027314,172.51136300579722,172.71775817871094
2021-12-14,172.23614676061243,174.68333050700522,169.2484336092193,171.33197021484375
2021-12-15,172.0985915209184,176.41309502787303,169.34674079975915,176.21653747558594
2021-12-16,176.19683973657683,178.02485307706942,167.8135351956214,169.2975616455078
2021-12-17,167.0076709220657,170.48680119696434,166.77180785012712,168.19686889648438
2021-12-20,165.38601329267868,167.6464621757935,164.58012299307805,166.8307342529297
2021-12-21,168.60961436850548,170.22141005857458,166.21157358651485,170.01502990722656
2021-12-22,170.06415307573488,172.83566356965642,169.18945937305884,172.61944580078125
2021-12-23,172.82584567773912,173.80864829178057,172.25581836202977,173.24844360351562
2021-12-27,174.0445345083678,177.3172694486978,174.02488925086175,177.22882080078125
2021-12-28,177.0617441326432,178.21162153170226,175.45977087759823,176.20669555664062
2021-12-29,176.2460076232202,177.5236541153346,175.07647002650884,176.29515075683594
2021-12-30,176.38360063165865,177.46468959324108,175.02732811556052,175.13543701171875
2021-12-31,175.02732773011687,176.1477221985718,174.21159969660636,174.5162811279297
2022-01-03,174.77179035001552,179.7349465415521,174.65385883537695,178.87989807128906
2022-01-04,179.48928499666104,179.7939514734451,176.03963747807512,176.6096649169922
2022-01-05,176.5211971316123,177.07156425536837,171.6366664137079,171.91184997558594
2022-01-06,169.73001206789144,172.28530491748282,168.68824367419558,169.04205322265625
2022-01-07,169.9167714204335,171.1452748909949,168.0887576563829,169.2091522216797
2022-01-10,166.1722734494287,169.53345670452697,165.27791944101605,169.22879028320312
2022-01-11,169.35656184948618,172.1673630652104,167.88235785704865,172.069091796875
2022-01-12,173.09120251884048,174.13297095610363,171.8135710369917,172.5113525390625
2022-01-13,172.7570481888216,173.5825988136433,168.83566022635117,169.22879028320312
2022-01-14,168.39341420548664,170.79145523828697,168.14771352583708,170.0936737060547
2022-01-18,168.56048225619764,169.57276781693594,166.4966056259258,166.87989807128906
2022-01-19,167.07646257144611,168.13789130970082,163.0862859235723,163.3712921142578
2022-01-20,164.10838623013277,166.76195044943782,161.3565357449214,161.6808624267578
2022-01-21,161.59241715203612,163.46957389675498,159.50888023954428,159.6169891357422
2022-01-24,157.26807054913448,159.5088591961831,152.03955370843636,158.84054565429688
2022-01-25,156.24598134135783,159.9609746399648,154.3196962957588,157.0322265625
2022-01-26,160.68826301110587,161.5629569316169,155.10595012433467,156.94378662109375
2022-01-27,159.65629046052865,161.02238556956317,155.55800513342504,156.48184204101562
2022-01-28,162.8602584781643,167.4204628672782,160.0002987329338,167.4008026123047
2022-01-31,167.2337176205423,171.99047927683918,166.5948868425434,171.77426147460938
2022-02-01,171.01749012376968,171.83321815334287,169.3467285555597,171.607177734375
2022-02-02,171.7447430980098,172.85531476209064,170.34916529700746,172.8159942626953
2022-02-03,171.47940471663034,173.20914700397037,169.1599898283705,169.92657470703125
2022-02-04,168.9425345214472,171.32396054369477,167.9584796418521,169.64122009277344
2022-02-07,170.1037143263292,171.1763304609041,168.22416604358875,168.9228515625
2022-02-08,168.99173655614575,172.55402535255456,168.6965170956554,172.0423126220703
2022-02-09,173.24283360976247,173.8332574227617,172.1111616910851,173.4691619873047
2022-02-10,171.36329839541398,172.68192819387235,168.8146001247778,169.37550354003906
2022-02-11,169.5821687118747,170.32020982591467,165.36056513089437,165.9510040283203
2022-02-14,164.70124720629926,166.87601492289843,163.90416522012222,166.1871795654297
2022-02-15,168.2438788430367,170.19230347259372,167.53535806583648,170.03485107421875
2022-02-16,169.1098401120767,170.57607229918491,167.33853829378842,169.79867553710938
2022-02-17,168.30289138097328,169.1688644106395,165.78371349338204,166.1871795654297
2022-02-18,167.1121922796674,167.82069791691148,163.54006857345092,164.6323699951172
2022-02-22,162.3493702057695,164.03211066057264,159.56449308823295,161.6999053955078
2022-02-23,162.9004517631082,163.50072589040192,157.20278014132612,157.51768493652344
2022-02-24,150.14708038143124,160.25332719300383,149.57632680623354,160.14508056640625
2022-02-25,161.22753061493847,162.48711952478297,158.30488673407692,162.221435546875
2022-02-28,160.45998619224247,162.78235630766343,159.84002681342048,162.4871368408203
2022-03-01,162.0738454702056,163.94355886382843,159.38737969074035,160.59776306152344
2022-03-02,161.76879262391375,164.69143702654492,160.3517510934881,163.90419006347656
2022-03-03,165.78372557589515,166.21671212228483,162.91028714997404,163.57943725585938
2022-03-04,161.86716622434736,162.91026182459296,159.51527604524227,160.56820678710938
2022-03-07,160.75520922600182,162.3887439653584,156.50408484630077,156.75994873046875
2022-03-08,156.28758103481016,160.28284087725882,153.31573151528343,154.92958068847656
2022-03-09,158.905153435018,160.80438687004462,156.86816795403388,160.35171508789062
2022-03-10,157.6456062977945,157.83257914825734,153.49289304131352,155.99240112304688
2022-03-11,156.39581380133615,156.7402389691296,152.03645847766137,152.26278686523438
2022-03-14,149.03509000440232,151.66251440478936,147.70662509120922,148.21832275390625
2022-03-15,148.4938731423045,153.08942257610076,147.98217542358523,152.6170654296875
2022-03-16,154.54581073699606,157.44876942008187,151.99711238572482,157.04530334472656
2022-03-17,156.08093884327653,158.4328293113158,155.1165693039783,158.0588836669922
2022-03-18,157.9506540620346,161.8573534009996,157.21261285213674,161.36532592773438
2022-03-21,160.90280343219604,163.69753062342352,160.410776006235,162.7429962158203
2022-03-22,162.87090921607214,166.71856719819857,162.28048532842047,166.12814331054688
2022-03-23,165.31138391398235,169.88723307812018,164.9767938445975,167.49598693847656
2022-03-24,168.33241890873853,171.36330962465348,167.4959813021374,171.29443359375
2022-03-25,171.10746429170044,172.48513509296794,169.99547749215097,171.93406677246094
2022-03-28,169.42470274506977,172.92793521618862,169.2574152411662,172.80001831054688
2022-03-29,173.87268201319478,176.1556818269469,173.52825675371,176.1064910888672
2022-03-30,175.7030016679424,176.74609743731983,173.88249413539714,174.93544006347656
2022-03-31,175.0042983977884,175.19127120838715,171.6191475535364,171.8258056640625
2022-04-01,171.25505972274473,172.09151232886626,169.1983887454629,171.5305938720703
2022-04-04,171.7864694584347,175.64396282770502,171.65853751770197,175.59475708007812
2022-04-05,174.66974256872732,175.45698948199342,171.6388517127187,172.26864624023438
2022-04-06,169.6116814961237,170.86143526379934,167.41724355380708,169.0901336669922
2022-04-07,168.43081790840108,170.5957353976524,167.14170856316215,169.3951873779297
2022-04-08,169.0409389910171,169.0409389910171,166.5020757053073,167.3778839111328
2022-04-11,166.0198950514866,166.33478478538393,162.8610724769926,163.10708618164062
2022-04-12,165.34089363354275,167.1613860255376,163.98289318870957,164.98663330078125
2022-04-13,164.72095296806577,168.31274743098942,164.11084372073287,167.68295288085938
2022-04-14,167.89944882901148,168.53909354843174,162.40842046943686,162.65443420410156
2022-04-18,161.30625525719185,163.94352983512067,160.96184509877446,162.43792724609375
2022-04-19,162.3887336211493,165.14409017149563,161.2964321500132,164.73077392578125
2022-04-20,166.06909457220715,166.18719136722032,163.45152002793873,164.56349182128906
2022-04-21,166.21670513338208,168.7949239860417,163.26454063992998,163.7664031982422
2022-04-22,163.8057851903542,165.1932911869879,158.92486628163977,159.21023559570312
2022-04-25,158.55087591044014,160.56819088887514,155.93330202737678,160.28282165527344
2022-04-26,159.66286908046823,159.75143039642725,154.2210479950197,154.29977416992188
2022-04-27,153.4240064759593,157.24212936237095,152.90245856859522,154.073486328125
2022-04-28,156.71071626419635,161.89668891256514,156.39581154213602,161.0307159423828
2022-04-29,159.25942241026976,163.54990186297132,154.74261456190868,155.13623046875
2022-05-02,154.21123096519486,155.70698341755673,150.8260801242461,155.44129943847656
2022-05-03,155.6282627909498,158.14745572719883,153.8274556953841,156.9370574951172
2022-05-04,157.12401860863298,163.82542898874118,156.7205525613251,163.37277221679688
2022-05-05,161.23740483289234,161.46373326041538,152.47930702556806,154.27029418945312
2022-05-06,153.74795219056614,157.12822726592017,151.94448418251287,154.99954223632812
2022-05-09,152.68360662844097,153.5705662251753,149.29349706523496,149.855224609375
2022-05-10,153.26506437118704,154.46737635991622,150.71260627459526,152.2696990966797
2022-05-11,151.2743434971103,153.19606667734942,143.69584140711092,144.37583923339844
2022-05-12,140.6999427258126,144.08020299470903,136.78750364436277,140.49298095703125
2022-05-13,142.49353909158592,145.95265608735048,141.03500230205145,144.9770050048828
2022-05-16,143.4396589445517,145.38109691977127,142.089512486563,143.42979431152344
2022-05-17,146.7016310302499,147.5984402531948,144.5532317399834,147.0761260986328
2022-05-18,144.72078142086878,145.2233813560545,137.87153963890293,138.77821350097656
2022-05-19,137.8518359532745,139.6060259100609,134.61939501913687,135.3585205078125
2022-05-20,137.07331357352277,138.65997058931683,130.6872720917309,135.59506225585938
2022-05-23,135.79213279876197,141.18282274987226,135.65416330433425,141.03500366210938
2022-05-24,138.76834717267448,139.91153156082976,135.3388090457555,138.3248748779297
2022-05-25,136.42286639453397,139.73414963230113,136.33417493293138,138.48257446289062
2022-05-26,135.3979334424933,142.2471599393567,135.1515582804655,141.69528198242188
2022-05-27,143.28192892561134,147.50971980321964,143.15380903801713,147.47030639648438
2022-05-31,146.90857598068396,148.47551826509655,144.710898900611,146.68190002441406
2022-06-01,147.7265663476628,149.5398992781837,145.53875333248308,146.5538330078125
2022-06-02,145.68655087325112,149.07667523553576,144.73061411862278,149.01754760742188
2022-06-03,144.770075780819,145.82456895882646,142.36546622324047,143.27212524414062
2022-06-06,144.89816741340283,146.4158469197131,142.79904610031343,144.0210723876953
2022-06-07,142.25704884726255,146.83962162801657,142.01067364318868,146.5538330078125
2022-06-08,146.4256722718094,147.69696135392218,145.32191647725907,145.81466674804688
2022-06-09,144.94748022220907,145.80486122895397,140.46344793267173,140.5718536376953
2022-06-10,138.2460293933542,138.71906549283727,135.07271611079338,135.14170837402344
2022-06-13,130.94347052169286,133.23968891028474,129.53421176750797,129.96783447265625
2022-06-14,131.19969793288186,131.9486729653345,129.57361294213226,130.83505249023438
2022-06-15,132.3428841585756,135.34866434133303,130.24377786500034,133.4663543701172
2022-06-16,130.16494057459525,130.4704434004071,127.16900988024103,128.17422485351562
2022-06-17,128.18409453109854,131.15044648524733,127.9278547025514,129.65248107910156
2022-06-21,131.48550486996535,135.07272690596213,131.3869638200352,133.8999786376953
2022-06-22,132.83561923956722,135.7625572241762,131.96838893721528,133.38751220703125
2022-06-23,134.83620952437622,136.58053489148253,133.66346131552876,136.2651824951172
2022-06-24,137.87152739306867,139.85239321545572,137.74342254109405,139.60601806640625
2022-06-27,140.63093206993196,141.40948596195392,138.92602024902237,139.60601806640625
2022-06-28,140.06920480029078,141.34049395514106,135.328949330103,135.44720458984375
2022-06-29,135.4669475914292,138.63039676191534,134.68839353261495,137.21127319335938
2022-06-30,135.25996980273172,136.36372576433453,131.8304316095035,134.73765563964844
2022-07-01,134.06752218659983,137.024024585963,133.6930421082137,136.91561889648438
2022-07-05,135.77242091666662,139.5567395850138,134.9445889899598,139.50746154785156
2022-07-06,139.3005347290775,142.0303609345011,139.0344453204545,140.84776306152344
2022-07-07,141.21241257758467,144.42515502716466,141.2025629824353,144.22805786132812
2022-07-08,143.15382993164704,145.41063501342293,142.89760515660754,144.90802001953125
2022-07-11,143.5579044056013,144.51384141572962,141.69530843445892,142.76950073242188
2022-07-12,143.64659160977368,146.2975911754457,142.94689446077814,143.74514770507812
2022-07-13,140.91675656689353,144.3265807145126,140.0593606954875,143.38050842285156
2022-07-14,141.9909585625348,146.7903426970183,141.1729910854223,146.3173065185547
2022-07-15,147.6083005741264,148.67264318460957,146.05120759050547,147.99264526367188
2022-07-18,148.55437722703743,149.37234459214557,144.5729460772953,144.93759155273438
2022-07-19,145.77523400946922,149.0372382999484,144.77988390532624,148.81057739257812
2022-07-20,148.9288549414216,151.49116267268522,148.18972944635095,150.82101440429688
2022-07-21,152.25983742490192,153.3143302483906,149.73695838231532,153.09751892089844
2022-07-22,153.13694301712763,154.01403798046638,151.18565597102892,151.8557891845703
2022-07-25,151.7769433024855,152.792007726243,150.07203146028309,150.73231506347656
2022-07-26,150.05235088160816,150.8703183745743,148.61352809160934,149.4019317626953
2022-07-27,150.36769783431046,155.04882613514658,149.95378934695273,154.5166473388672
2022-07-28,154.70391221573936,155.35434635629224,152.17118296547585,155.0685577392578
2022-07-29,158.90212681060993,161.25747271207914,157.18735030288008,160.15370178222656
2022-08-01,158.6754625398599,161.2180561543135,158.55720726769144,159.168212890625
2022-08-02,157.77864788642987,160.05515180598763,157.31546141372257,157.68994140625
2022-08-03,158.50794479712317,164.17457438761855,158.41925333428367,163.72125244140625
2022-08-04,163.60295038541236,164.76584892141557,162.04585762155315,163.40585327148438
2022-08-05,161.0669786444056,163.67231353700947,160.85972942250632,163.1788787841797
2022-08-08,164.18548932563507,165.60658394853183,162.04398411639912,162.70518493652344
2022-08-09,161.8663855989373,163.64275421535987,161.10649165166032,162.7545623779297
2022-08-10,165.4782929876242,167.11650019395563,164.7085358778416,167.017822265625
2022-08-11,167.8270416248752,168.74483818248612,165.9816002931334,166.2776641845703
2022-08-12,167.59019436587388,169.9093287754835,167.17569590306385,169.8402557373047
2022-08-15,169.26788410549148,171.11332550526615,169.10011807446065,170.91595458984375
2022-08-16,170.51135446153611,171.42915116082955,169.40606515854284,170.75807189941406
2022-08-17,170.50147562429416,173.83708484024334,170.30410470369227,172.2581024169922
2022-08-18,171.4686004513763,172.60349451732048,170.8468677576589,171.86334228515625
2022-08-19,170.75803562921558,171.45871962967124,169.06061881248343,169.2678680419922
2022-08-22,167.461909771558,167.62967580149297,164.94538920566245,165.3697509765625
2022-08-23,164.88618577839446,166.494788154392,164.46182399117447,165.03421020507812
2022-08-24,165.12302704926418,165.90264739975865,164.06706935977206,165.33026123046875
2022-08-25,166.56385255540565,167.9059958352742,166.13950584864693,167.7974395751953
2022-08-26,168.3303593412636,168.80405254539968,161.4123936253421,161.4716033935547
2022-08-29,159.03404123840198,160.76106316026429,157.72151782921043,159.2610321044922
2022-08-30,160.00116164152158,160.4255083111715,155.64906340226676,156.8234405517578
2022-08-31,158.20503197970243,158.47149093553722,155.07665777141085,155.15560913085938
2022-09-01,154.5832653521816,156.33989216971713,152.6391308869704,155.8859405517578
2022-09-02,157.65241340262483,158.2544044411162,152.93517807481416,153.76414489746094
2022-09-06,154.41549077748996,155.02734512371137,151.67199443622994,152.50096130371094
2022-09-07,152.78715495485997,154.61285463504657,151.59303614241935,153.9121856689453
2022-09-08,152.60949878868428,154.3069155323693,150.6752279441013,152.43186950683594
2022-09-09,153.42861893209738,155.74776853082005,152.71807161072002,155.3036651611328
2022-09-12,157.49449766359504,162.10317635640433,157.2083121383532,161.28407287597656
2022-09-13,157.80043436290458,158.4320302699307,151.35617743298022,151.82000732421875
2022-09-14,152.75754500619573,155.037226524522,151.5930460586156,153.27072143554688
2022-09-15,152.61940081458968,153.20166541150382,149.39234757415474,150.3693389892578
2022-09-16,149.22455028716234,149.36271142090462,146.4218293394224,148.7212371826172
2022-09-19,147.34950026158054,152.530565756339,147.142266074514,152.4516143798828
2022-09-20,151.3857850189289,156.00434240653766,151.06999458899193,154.83982849121094
2022-09-21,155.2740467070239,156.65567307047792,151.58316433856976,151.7015838623047
2022-09-22,150.3791928981028,152.44174672656402,148.9284933965602,150.73446655273438
2022-09-23,149.20480341314504,149.4811256708757,146.60933178685332,148.45477294921875
2022-09-26,147.69491830315658,151.7509532458143,147.67517669341092,148.79034423828125
2022-09-27,150.734477091982,152.68847479986027,147.98110231146464,149.767333984375
2022-09-28,145.7014181025515,148.6620267188795,142.93818038229188,147.87252807617188
2022-09-29,144.18165483368003,144.79350916804302,138.83280834097133,140.6091766357422
2022-09-30,139.42492055869818,141.22103026133098,136.1879898311541,136.38536071777344
2022-10-03,136.39525702678367,141.1914439900878,135.88208060719077,140.57957458496094
2022-10-04,143.12569817421627,144.30007541815792,142.36580435900075,144.18165588378906
2022-10-05,142.17832895296007,145.4448653435647,141.13223439210503,144.47772216796875
2022-10-06,143.8954467664891,145.60272687269935,143.31319734564778,143.5204315185547
2022-10-07,140.6683921871329,141.22105183590455,137.61896860646343,138.2505645751953
2022-10-10,138.5762176513672,140.02691706572585,136.7505180551927,138.5762176513672
2022-10-11,138.06303899554518,139.49401183769913,136.40510543994947,137.15512084960938
2022-10-12,137.30316442493086,138.51700974724292,136.3458997629281,136.52352905273438
2022-10-13,133.21754549496526,141.70461583345536,132.60567604457702,141.1125030517578
2022-10-14,142.4151641571206,142.62241342006476,136.37552640505737,136.5630340576172
2022-10-17,139.21769847828358,141.02365655306738,138.4281998048671,140.54010009765625
2022-10-18,143.5796769966995,144.77378089201514,138.7637480781357,141.86251831054688
2022-10-19,139.82953393185838,143.04672289831203,139.64202632814627,141.97103881835938
2022-10-20,141.14211094871374,143.97442221393123,140.77695891418597,141.5072479248047
2022-10-21,140.99406803245788,145.90868993912767,140.77695549561207,145.3363037109375
2022-10-24,145.25733581108966,148.2574127069579,144.0829586021744,147.48765563964844
2022-10-25,148.11924989222194,150.4877458912043,147.39883932372416,150.33970642089844
2022-10-26,148.9778376688811,149.9943121264643,146.09616525843597,147.38897705078125
2022-10-27,146.12576416144415,147.09289198935082,142.23749618636535,142.89869689941406
2022-10-28,146.25407807739884,155.43196876876547,145.87907785280416,153.69508361816406
2022-10-31,151.1489545588176,152.2147755550462,149.92523080942135,151.3265838623047
2022-11-01,153.04374586124993,153.4088828100258,147.17187450407766,148.67190551757812
2022-11-02,146.9942290649959,150.17195049314788,143.09609701993313,143.12570190429688
2022-11-03,140.19468007204958,140.92496892991684,136.92814440584334,137.0564422607422
2022-11-04,140.456901891493,141.03023754059535,132.83552430474884,136.78955078125
2022-11-07,135.5341392248018,137.55068603269024,134.11068732115655,137.32333374023438
2022-11-08,138.79622744381308,139.80449340378323,135.90978972981833,137.8966827392578
2022-11-09,136.90816917152026,136.95759752003397,133.0431046023265,133.31988525390625
2022-11-10,139.61667909909517,145.1819610595703,137.89667216677097,145.1819610595703
2022-11-11,144.1440507641814,148.28588106740983,142.71070401695297,147.9794464111328
2022-11-14,147.2578471962193,148.55278858529147,145.73553840162515,146.57577514648438
2022-11-15,150.47047343692662,151.8247226304383,146.85253571913623,148.31552124023438
2022-11-16,147.41599873753398,148.14748399123684,145.5971350727314,147.07989501953125
2022-11-17,144.74700006923788,149.7389609286564,144.4702194549275,148.98770141601562
2022-11-18,150.5594283528078,150.94494529919749,148.24632667446954,149.5511474609375
2022-11-21,148.43413586128153,148.64171377425836,146.02217764966258,146.308837890625
2022-11-22,146.42749193221246,148.6911654782662,145.24127190945185,148.45391845703125
2022-11-23,147.73231865639212,150.08496935516192,147.62358231947215,149.33370971679688
2022-11-25,146.60539786998885,147.16885381990136,145.42907271146612,146.40769958496094
2022-11-28,143.47184797217477,144.95460787890806,141.73208177830335,142.5624237060547
2022-11-29,142.6316213475949,143.14564904140522,138.73691772229893,139.5474853515625
2022-11-30,139.7748396315525,147.01071582680532,138.9346179969114,146.32864379882812
2022-12-01,146.50655085889696,147.41597500317147,144.92493447025586,146.6053924560547
2022-12-02,144.28243209151336,146.29897894842466,143.9759823709456,146.1111602783203
2022-12-05,146.07162962618466,149.18541949197922,144.09461635687657,144.94473266601562
2022-12-06,145.37969348940564,145.6070458162454,140.28887472844136,141.2675018310547
2022-12-07,140.55579349287746,141.72222435308203,138.39096104602496,139.32015991210938
2022-12-08,140.7238376931598,141.87050927485603,139.4783244751628,141.010498046875
2022-12-09,140.70404702164143,143.89693468072133,139.28059488984613,140.526123046875
2022-12-12,141.0598951045821,142.83921008074833,139.4387448115005,142.82933044433594
2022-12-13,147.78174582279246,148.24634516014598,142.58220621584587,143.79806518554688
2022-12-14,143.67944472283807,144.9743859949628,139.5375995292449,141.5640411376953
2022-12-15,139.48818419596876,140.17025624774567,134.46656823635524,134.93116760253906
2022-12-16,135.11898755239025,136.06794556798988,132.1930009902241,132.9640350341797
2022-12-19,133.5571311451233,133.6460931216457,129.8106976607881,130.84861755371094
2022-12-20,129.87988952300458,131.7185125149171,128.39712953221752,130.77943420410156
2022-12-21,131.45160643001654,135.2375886040089,131.224254130209,133.89321899414062
2022-12-22,132.80586453500828,133.0134424692819,128.802409885042,130.71022033691406
2022-12-23,129.41528379353238,130.89804371107982,128.14999653723166,130.344482421875
2022-12-27,129.87001251300126,129.8996665067436,127.24058112280676,128.5355224609375
2022-12-28,128.179637932332,129.52400739546323,124.42331770204686,124.59136199951172
2022-12-29,126.51894753125764,128.9803266572618,126.2619412657852,128.12033081054688
2022-12-30,126.9341415306844,128.45643512279935,125.9654017030859,128.43666076660156
2023-01-03,128.7826411649236,129.39551044224086,122.74286511723292,123.6325225830078
2023-01-04,125.43161455867812,127.18127564102066,123.64241984503865,124.90770721435548
2023-01-05,125.6688412638632,126.30148488412831,123.3260854500306,123.58309173583984
2023-01-06,124.5617315121944,128.79253144434853,123.45460129199294,128.13023376464844
2023-01-09,128.97047367930062,131.87668586554148,128.3971379685157,128.65414428710938
2023-01-10,128.76284825892097,129.75135473588205,126.64744500156075,129.22744750976562
2023-01-11,129.74150433319187,131.9755240444425,128.9605906771462,131.9557647705078
2023-01-12,132.3412931209229,132.71691544226815,129.9293341536629,131.87669372558594
2023-01-13,130.51253218381837,133.36931580754018,130.14678954891528,133.21115112304688
2023-01-17,133.28033589487055,135.7120534872366,132.58838434758803,134.37757873535156
2023-01-18,135.24747146776636,137.01689153014115,133.47803632197883,133.65597534179688
2023-01-19,132.53897616267878,134.68403382720132,132.23254150823482,133.71530151367188
2023-01-20,133.7251868836129,136.43370070636414,132.67737218152695,136.28541564941406
2023-01-23,136.5325490508029,141.67279627654958,136.3150763566329,139.48818969726562
2023-01-24,138.69737484670043,141.514625019409,138.6874952095744,140.89186096191406
2023-01-25,139.27070057060922,140.79299416676852,137.21460493959157,140.22955322265625
2023-01-26,141.52450641893512,142.59209549504305,140.26909865118563,142.30543518066406
2023-01-27,141.51460940098116,145.5378234459024,141.43552706245464,144.2527618408203
2023-01-30,143.2939558417953,143.8771712479273,141.20820583984698,141.35647583007812
2023-01-31,141.05988522159177,142.68103540109175,140.64471427014325,142.63160705566406
2023-02-01,142.31531825228282,144.9249754734958,139.69578139358237,143.75852966308594
2023-02-02,147.18863235095503,149.44242627870938,146.46702672863907,149.08657836914062
2023-02-03,146.32861998643196,155.57116204732878,146.13092169771272,152.72425842285156
2023-02-06,150.81648692074876,151.34039430836512,149.0470513348308,149.9861297607422
2023-02-07,148.90866692988584,153.44590961879757,148.90866692988584,152.87257385253906
2023-02-08,152.11141469080906,152.80336635897712,149.43255491704016,150.17393493652344
2023-02-09,152.0125597152097,152.55624141902396,148.6911765868534,149.13600158691406
2023-02-10,147.9677914305051,149.8290111554016,147.73018216274517,149.50230407714844
2023-02-13,149.44292440380676,152.71987521484465,149.41322512989285,152.31398010253906
2023-02-14,150.60125193640204,152.23478764812273,149.35383702545423,151.67047119140625
2023-02-15,151.58136833321117,153.94750624944314,151.35366885602363,153.77920532226562
2023-02-16,151.97733873436857,154.76919088525318,151.8189476677602,152.17535400390625
2023-02-17,150.8289468385779,151.47245120963535,149.34392280711089,151.02694702148438
2023-02-21,148.70038717333577,149.7894107206676,146.92826533516197,146.99755859375
2023-02-22,147.38368496565576,148.45290411559392,145.69076597475495,147.4232940673828
2023-02-23,148.59146903762738,148.83897298969475,145.76993304792467,147.90835571289062
2023-02-24,145.64123957502227,145.720442659753,144.26511807901926,145.2452392578125
2023-02-27,146.23528135301038,147.68069636554856,145.97786750491304,146.44317626953125
2023-02-28,145.58184135182967,147.59157242356576,145.36403664496177,145.93824768066406
2023-03-01,145.3640663789477,145.76006677801212,143.56222981837666,143.85923767089844
2023-03-02,142.9385237056633,145.24526294031543,142.4633051197938,144.4532470703125
2023-03-03,146.56195681168307,149.6013130753249,145.85905393614254,149.52210998535156
2023-03-06,152.25454983701871,154.73949959731118,151.92785785960842,152.29415893554688
2023-03-07,152.16543476603405,152.49214181283335,149.62110185942342,150.08641052246094
2023-03-08,151.28433620073233,151.93775035888638,150.31412479121082,151.34373474121094
2023-03-09,152.02685072996366,152.99706215582498,148.73009571987657,149.0865020751953
2023-03-10,148.7102983763868,149.43300577006005,146.13625093512175,147.01736450195312
2023-03-13,146.33423617376167,151.61102231566625,146.2253338291279,148.96768188476562
2023-03-14,149.7696098588517,151.86843881288326,148.60139830336453,151.0665283203125
2023-03-15,149.6805381701613,151.71996894085018,148.4232134799654,151.4625701904297
2023-03-16,150.64081493684654,154.89788610113325,150.1260024664939,154.29397583007812
2023-03-17,154.52170325241562,155.17511745555203,152.7396713831552,153.45248413085938
2023-03-20,153.5217825705538,156.24432646768744,152.6109545912959,155.82850646972656
2023-03-21,155.74930512262205,157.80852485445894,154.9770788401289,157.68972778320312
2023-03-22,157.70956681019078,160.52120889186563,156.23443739167243,156.25424194335938
2023-03-23,157.24423866782476,159.9370833205621,156.10571123599644,157.34323120117188
2023-03-24,157.27394850099208,158.73916800835937,156.27403774029648,158.6500701904297
2023-03-27,158.34316780021032,159.1648829259014,156.2938273470206,156.69973754882812
2023-03-28,156.3928163743877,156.9076288835252,154.42267925169685,156.0760040283203
2023-03-29,157.77883979840226,159.44207447801494,157.75905035570605,159.1648712158203
2023-03-30,159.9172681392784,160.8478855082498,159.65986944195512,160.73898315429688
2023-03-31,160.81817064051347,163.3526086978247,160.29346346957524,163.25360107421875
2023-04-03,162.62993146566447,164.62975289569243,162.58042764470542,164.51095581054688
2023-04-04,164.936680918264,165.17427510350078,163.46155155698554,163.9763641357422
2023-04-05,163.0952264685397,163.40212898364032,160.1845772758085,162.125
2023-04-06,160.8083054990294,163.3130600930005,160.38260583340545,163.01605224609375
2023-04-10,159.80836691031573,160.4122772216797,158.48174921205518,160.4122772216797
2023-04-11,160.72909253457362,160.7389872555695,158.90745173956898,159.19456481933594
2023-04-12,159.61038476928212,160.44199460478865,158.18475927615913,158.50157165527344
2023-04-13,160.01628790137767,164.14465273087802,159.80837789845614,163.90704345703125
2023-04-14,162.9467114928456,164.6594498569072,162.18441013519882,163.56053161621094
2023-04-17,163.4417358903036,163.73874370809605,162.39232135968928,163.58033752441406
2023-04-18,164.44166704612937,165.73858561594125,163.99614775175192,164.80796813964844
2023-04-19,164.1446592502392,166.48109766330478,163.8872454167369,165.95639038085938
2023-04-20,164.43173852810273,166.19396563576217,163.90703130539762,164.98614501953125
2023-04-21,163.40213579346278,164.78815208279067,162.8477292777316,163.3724365234375
2023-04-24,163.35265993279046,163.9466756478522,162.25374143443926,163.6793670654297
2023-04-25,163.5407390651718,164.64955210777222,162.09530911482935,162.13491821289062
2023-04-26,161.43199188421733,163.6298284131595,161.1745931859106,162.125
2023-04-27,163.54073931024718,166.87708827078586,163.54073931024718,166.7285919189453
2023-04-28,166.80780972743617,168.1542321598927,166.2038993325892,167.9859161376953
2023-05-01,167.58991750664728,168.74823448461532,166.95630783220886,167.89682006835938
2023-05-02,168.3918277162097,168.6492415594711,165.86728374647268,166.8572998046875
2023-05-03,167.8077034423993,169.21352427793394,165.4910697460863,165.77816772460938
2023-05-04,163.24372680909343,165.3722550253471,162.66951575440282,164.13473510742188
2023-05-05,169.27291399392053,172.55977402605672,169.055109287866,171.83706665039062
2023-05-08,170.7579255984111,172.1142575536809,170.3916245765101,171.7677459716797
2023-05-09,171.32225761857964,171.80735575023974,169.8867375588741,170.05503845214844
2023-05-10,171.29256173687202,172.29247239543182,170.18373361448457,171.82716369628906
2023-05-11,172.11428168700377,172.84688383352895,170.4510470092042,172.01527404785156
2023-05-12,172.12430116865193,172.5605130962495,169.52687667093326,171.08335876464844
2023-05-15,171.66828335580217,171.71785564660993,169.9928397669383,170.58767700195312
2023-05-16,170.50836436212853,171.64845141401116,170.3199987334625,170.58767700195312
2023-05-17,170.23076300297444,171.44023905579192,168.9518675962068,171.2023162841797
2023-05-18,171.50964938607018,173.73035780662187,171.09326939359272,173.5419921875
2023-05-19,174.8704617599002,174.8704617599002,173.43295602393476,173.65106201171875
2023-05-22,172.481219573557,173.20494177332736,171.95578654636702,172.69932556152344
2023-05-23,171.63852857067366,171.88637487652753,169.80445985641978,170.08204650878906
2023-05-24,169.61611066863975,170.93465495874622,169.0510289027881,170.35964965820312
2023-05-25,170.92475054539574,172.4019050243478,170.21095188854838,171.499755859375
2023-05-26,171.82690796374212,174.2557989304357,171.61871039409905,173.91871643066406
2023-05-30,175.43556138959772,177.44807247659148,175.04892170114425,175.7726287841797
2023-05-31,175.80236562165695,177.80496826079084,175.23726871202743,175.72305297851562
2023-06-01,176.16916396782793,178.56831456742498,175.4057930547119,178.53857421875
2023-06-02,179.4704869589175,180.21402596420296,177.71573067078862,179.39117431640625
2023-06-05,181.0567334738353,183.35673990115512,176.5062626635481,178.0330047607422
2023-06-06,178.41961560329207,178.56831734898336,175.90148844243106,177.66616821289062
2023-06-07,176.90281634965245,179.6489581922576,175.79246952260962,176.2881622314453
2023-06-08,176.36743802214428,179.28211321134853,175.93124119908015,179.0144500732422
2023-06-09,179.93641863686975,180.6601256166692,179.07391833043295,179.4010772705078
2023-06-12,179.7084155207665,182.3058401364476,179.4109969086846,182.20669555664065
2023-06-13,181.22524912557424,182.56361030209757,180.86834978636665,181.73085021972656
2023-06-14,181.79033583961464,182.8015531826157,180.45197462688512,182.36534118652344
2023-06-15,182.3752648056927,184.91320900884037,182.19680756750915,184.4075927734375
2023-06-16,185.12137027990616,185.3791401358477,182.6825709468553,183.32696533203125
2023-06-20,182.82136138571053,184.4968049134336,182.82136138571053,183.4161834716797
2023-06-21,183.30713360389032,183.81274978200145,181.01703601018855,182.375244140625
2023-06-22,182.15714267343608,185.43862563579464,182.0877384404729,185.38905334472656
2023-06-23,183.9515527146196,185.9442318005757,183.4161961601396,185.07180786132807
2023-06-26,185.2204933834964,186.4299845027623,183.6342710583596,183.67393493652344
2023-06-27,184.28862175731683,186.767085127622,184.0705157705428,186.4399261474609
2023-06-28,186.31103877905792,188.26406909954764,185.9838949305078,187.6196746826172
2023-06-29,187.45115547762376,188.43263248114428,187.312362125066,187.95675659179688
2023-06-30,189.97918829297507,192.80462759541973,189.6123654098311,192.2990264892578
2023-07-03,192.11063791232868,192.20978249103928,190.1080354156176,190.8020172119141
2023-07-05,189.9196700716342,191.3175117071999,188.97784202953343,189.6817321777344
2023-07-06,188.204592923582,190.365820872437,187.57010689891024,190.1576232910156
2023-07-07,189.761060404174,191.01020041329645,188.60114143984475,189.03733825683597
2023-07-10,187.62957811566648,188.3533002828443,185.428701519732,186.9851837158203
2023-07-11,187.53046059023825,187.66925393721883,184.9925164583988,186.4597625732422
2023-07-12,188.0459566971953,190.04855924155865,186.8463889538829,188.13519287109372
2023-07-13,188.85889555641208,189.54295381895912,188.1450969456968,188.89854431152344
2023-07-14,188.59122781892407,189.5330408605952,187.99640569502964,189.0472717285156
2023-07-17,190.24684079775335,192.64600663390735,190.1576197476668,192.31884765625
2023-07-18,191.6843647836334,192.65591819761897,190.76236853561463,192.0610809326172
2023-07-19,191.4365103758755,196.52230675519328,190.99037488225764,193.41928100585935
2023-07-20,193.40936968617575,194.777486348018,190.84168518874347,191.4662628173828
2023-07-21,192.42787949536395,193.2903798060668,189.58259359421703,190.28648376464844
2023-07-24,191.7438412670713,193.230919269526,190.5938306479448,191.0895233154297
2023-07-25,191.66453127210508,192.7649696142135,191.25805964859208,191.9520263671875
2023-07-26,192.0015807949404,193.95461096026835,191.65460503159764,192.82443237304688
2023-07-27,194.33136299756583,195.50119046422063,190.89125457942112,191.55548095703125
2023-07-28,192.99297950413737,194.9361013981904,192.46754649179772,194.1429901123047
2023-07-31,194.3710202090042,194.7973237996457,193.57790885902568,194.75765991210935
2023-08-01,194.5494738750641,195.0352430334068,193.5977372471017,193.9248962402344
2023-08-02,193.3597894476311,193.4985827896997,190.1972829299724,190.9209899902344
2023-08-03,189.91969553388512,190.71279169853844,189.04727159995883,189.52313232421875
2023-08-04,183.921783930742,185.76576098167885,180.35279121043277,180.4221954345703
2023-08-07,180.5610232157941,181.5524085909385,175.82220233279125,177.3092803955078
2023-08-08,178.14203038384454,178.71703568412062,176.05020675575068,178.25108337402344
2023-08-09,179.31185840559957,179.3713391045639,175.48511045638642,176.6549530029297
2023-08-10,177.93381484794008,179.19287831156532,176.07002092304583,176.43682861328125
2023-08-11,176.02983256684112,177.32036168980022,175.26543082107975,176.49639892578125
2023-08-14,176.67511718788185,178.38260392804418,176.01991561712387,178.15428161621094
2023-08-15,177.5784931204611,178.17411849604412,175.7618061867858,176.1588897705078
2023-08-16,175.84123193317788,177.24096145960883,175.2158108770956,175.28530883789062
2023-08-17,175.85114660071363,176.218449670705,172.21777275650916,172.73399353027344
2023-08-18,171.04636032936088,173.82599075554495,170.7088377809484,173.22042846679688
2023-08-21,173.79620604217206,174.84849110751958,172.47588124297116,174.5605926513672
2023-08-22,175.77172944077836,176.38721354501158,174.9676253309852,175.94049072265625
2023-08-23,177.2211114741355,180.2290643006026,177.032491470534,179.80218505859375
2023-08-24,179.355459364837,179.78233860000068,174.72936147404116,175.0966796875
2023-08-25,176.08939374478845,177.84650437604776,174.54074667761984,177.31044006347656
2023-08-28,178.77967356057698,179.27603559399373,177.25088516267095,178.8789520263672
2023-08-29,178.39251118833664,183.55467328918405,178.19396940518234,182.7803497314453
2023-08-30,183.59440922711968,186.48324017846025,183.3958674239672,186.28468322753903
2023-08-31,186.47328650618996,187.7439721096439,186.11590523348303,186.5030670166016
2023-09-01,188.11127770079705,188.538141753245,186.91007498628076,188.0814971923828
2023-09-05,186.91008160149724,188.5977094450193,186.24495831042893,188.3197479248047
2023-09-06,187.02919231015284,187.4759302206488,180.1496223799182,181.5791473388672
2023-09-07,173.90540860928058,176.9133767073295,172.27734161590178,176.26809692382812
2023-09-08,177.05232132224614,178.92856896891382,176.496383189952,176.883544921875
2023-09-11,178.75983344187836,178.98815574028976,176.04968578063105,178.05499267578125
2023-09-12,178.18406545251986,178.81940831086655,173.54804542949864,175.01727294921875
2023-09-13,175.22571224634177,176.00997270905043,172.71412167424248,172.9424591064453
2023-09-14,172.73398888645488,174.81871550108795,172.3170465930817,174.46133422851562
2023-09-15,175.1959388893145,175.2157976120051,172.55530438661506,173.73663330078125
2023-09-18,175.1959152341974,178.0748237249369,174.88817323899673,176.67507934570312
2023-09-19,176.2283646497479,178.32301284726324,175.84120290460362,177.76708984375
2023-09-20,177.95570880879336,178.3925098170354,174.1237933470795,174.21315002441406
2023-09-21,173.27998896827123,175.01725608596104,172.59500693822503,172.66448974609375
2023-09-22,173.3991274596328,175.7915963241489,172.7836433268308,173.51824951171875
2023-09-25,172.93253251615403,175.6823824720043,172.88289328236814,174.79885864257812
2023-09-26,173.5480541593157,173.9252790597111,170.41104201128215,170.7088623046875
2023-09-27,171.36402481079512,171.78096710415326,167.8200077433672,169.18995666503906
2023-09-28,168.1079059220852,170.77833634094375,166.4004191519846,169.44808959960938
2023-09-29,170.76839850543928,171.81076180692196,169.10061419351356,169.96429443359375
2023-10-02,169.97421860938772,173.03181060107437,169.6863201427267,172.48580932617188
2023-10-03,171.0066338674304,172.36667607241205,169.5771240058018,171.14561462402344
2023-10-04,169.8451609338146,172.94247039530038,169.7260388902924,172.39646911621094
2023-10-05,172.5254984313363,174.17342391765436,171.42357417816774,173.63735961914062
2023-10-06,172.53546893670554,176.69498575707453,171.91996963241104,176.19862365722656
2023-10-09,175.52353680032698,177.74724412480683,174.52089096334598,177.68768310546875
2023-10-10,176.80415770883764,178.41236580749592,176.6552400140717,177.092041015625
2023-10-11,176.90342620076967,178.54143000452555,176.30780084757703,178.49179077148438
2023-10-12,178.75982932462722,181.0133020416141,177.73730960362397,179.39517211914062
2023-10-13,180.10001451689263,180.6062983831241,176.84388049788197,177.54872131347656
2023-10-16,175.46397958471027,177.7770284883398,175.22572035442593,177.41964721679688
2023-10-17,175.36470667426025,177.12183257732815,173.5281761730158,175.86106872558594
2023-10-18,174.30248985254676,176.28793794498117,173.83590833900334,174.5605926513672
2023-10-19,174.75914678442408,176.54605322348112,173.91534037415258,174.18338012695312
2023-10-20,174.03445888939677,174.14365914589465,171.38388737014972,171.6221466064453
2023-10-23,169.66646713238327,172.7439025281915,168.69358667928853,171.7412567138672
2023-10-24,171.7909082758531,172.4063923696406,170.20254365913797,172.17807006835938
2023-10-25,170.62942613878033,171.8008333263342,169.4083645680371,169.8551025390625
2023-10-26,169.13038017633548,170.13304109397222,164.46458048468762,165.6757049560547
2023-10-27,165.69558183671225,167.73066925493364,165.6161620916175,166.9960479736328
2023-10-30,167.79021577395145,169.92456632823416,167.6412980843576,169.05096435546875
2023-10-31,168.11782995408234,169.6565401685357,166.67836791176023,169.52749633789062
2023-11-01,169.75581666227828,172.9623111800798,168.88221462983017,172.70420837402344
2023-11-02,174.2429429068373,176.4864939793014,174.18338188289627,176.2780303955078
2023-11-03,172.97224682902157,175.53347673875106,172.08872301559984,175.3647003173828
2023-11-06,175.09667927913767,178.1244756256995,174.92791800211177,177.92593383789062
2023-11-07,177.87629469765844,181.1125849169399,177.66783112206795,180.49710083007807
2023-11-08,181.0232313477984,182.1152186825965,180.2687513970205,181.55929565429688
2023-11-09,181.62881074103257,182.7803592021012,180.4871689201494,181.0828094482422
2023-11-10,182.87206148972973,185.4565506612299,182.43468499907056,185.2875518798828
2023-11-13,184.7110299042217,184.91976812620925,183.11063780884533,183.69711303710935
2023-11-14,186.5797776628828,186.9873343669909,185.1881391216873,186.3213348388672
2023-11-15,186.72889062449767,188.3690371233907,186.65930111391893,186.88792419433597
2023-11-16,188.4386407016056,189.82034448090351,187.52411797622008,188.5778045654297
2023-11-17,189.11456252266416,189.24379151892643,187.44459626814825,188.5579071044922
2023-11-20,188.75673136709773,190.7646802061248,188.74679650771577,190.3074188232422
2023-11-21,190.26766718139268,190.37701130719432,188.60763557529475,189.50225830078125
2023-11-22,190.3471923134316,191.7785856463244,189.69112755602796,190.1682586669922
2023-11-24,189.73086532541635,189.76068506922263,188.1205384889839,188.83624267578125
2023-11-27,188.78654712309,189.53207108953595,187.77263028176085,188.6573181152344
2023-11-28,188.6473769370533,189.9396214691522,188.26963995303524,189.263671875
2023-11-29,189.76069003248776,190.9435904601538,187.8422156813964,188.2398223876953
2023-11-30,188.70701635554832,189.1841625986753,187.06686975200407,188.8163604736328
2023-12-01,189.19410585978827,190.41676093068807,188.1006646303825,190.0986785888672
2023-12-04,188.84618961175903,188.91577913023963,186.33128993843852,188.29946899414065
2023-12-05,189.0748214923532,193.23980256929687,189.0449865799245,192.26565551757807
2023-12-06,193.2895190534562,193.59766654612127,190.9634878174767,191.1722412109375
2023-12-07,192.4744006383907,193.8362194805571,192.43463086867496,193.11058044433597
2023-12-08,193.0409791518531,194.82030462884572,192.5141434931892,194.5419769287109
2023-12-11,191.9575252547332,192.33526227849603,190.2776087030193,192.027099609375
2023-12-12,191.92769665062556,193.5579084922386,190.5758125501861,193.5479736328125
2023-12-13,193.9256675071088,196.81830379403195,193.68710957348847,196.77854919433597
2023-12-14,196.83821410318075,198.4286561477334,194.9893140401918,196.92767333984372
2023-12-15,196.3511298862745,197.2159328291742,195.82429416614897,196.39089965820312
2023-12-18,194.9197048287757,195.4564905299688,193.2298536912898,194.7209014892578
2023-12-19,194.98930475456203,195.77458329630363,194.72091188963017,195.7646484375
2023-12-20,195.7248898887713,196.5002336161637,193.6672515869141,193.6672515869141
2023-12-21,194.9296507492267,195.90379770975295,192.3451618867601,193.5181121826172
2023-12-22,194.01515250091973,194.24379077463595,191.8183503425399,192.4445953369141
2023-12-26,192.45452839560733,192.73285613100865,191.6791846801717,191.8978729248047
2023-12-27,191.34120389827208,192.3451706464339,189.9495501521344,191.99725341796875
2023-12-28,192.98133801268048,193.4982388089477,192.0171259284437,192.4246826171875
2023-12-29,192.7427850763616,193.23980104114617,190.58573760932344,191.38096618652344
2024-01-02,186.0330720064728,187.31538170646212,182.79253333369908,184.53208923339844
2024-01-03,183.1205861355978,184.77068298489988,182.3352923192933,183.15040588378903
2024-01-04,181.06291404030492,181.99730650228184,179.80050438167336,180.8243560791016
2024-01-05,180.90387243418792,181.6692660827433,179.09472708075188,180.09869384765625
2024-01-08,181.0032684531674,184.4923301954816,180.41679326133183,184.4525604248047
2024-01-09,182.82234457021028,184.0449995558496,181.63944418662985,184.0350646972656
2024-01-10,183.2497813853363,185.28753458558947,182.8223397938252,185.07879638671875
2024-01-11,185.42670336710847,185.9336693418516,182.524132048394,184.4823760986328
2024-01-12,184.9495581353005,185.62550766060176,184.08475530494997,184.81039428710935
2024-01-16,181.07285998444632,183.1603179365285,179.85018978995151,182.5340881347656
2024-01-17,180.1881786532248,181.83826018866836,179.2239664331644,181.5897521972656
2024-01-18,184.97940747954692,188.0112080514625,184.72096462518132,187.50425720214844
2024-01-19,188.20007624137463,190.8044351704297,187.693125392904,190.4167633056641
2024-01-22,191.1523420023232,194.16425751836653,191.11257223144145,192.73284912109372
2024-01-23,193.8561031440579,194.5817421757073,192.6732027698961,194.01513671875
2024-01-24,194.25371040083743,195.20798769039715,193.18015413797892,193.33920288085935
2024-01-25,194.0549212884663,195.0986578845498,191.95751323703675,193.0111846923828
2024-01-26,193.11058683739935,193.59765277461963,190.79449062577763,191.2716217041016
2024-01-29,190.8640821459055,191.05295065599336,188.4485916248236,190.58575439453125
2024-01-30,189.80045678886228,190.6553248447769,186.35116482109103,186.91775512695312
2024-01-31,185.923727976182,185.98338263365997,183.24979478995036,183.2994842529297
2024-02-01,182.8919451500293,185.83427124755644,182.72296153753896,185.74481201171875
2024-02-02,178.78658786144558,186.21200777158808,178.18022776276848,184.7408447265625
2024-02-05,187.02710222804,188.120543422021,184.7308908884036,186.55990600585935
2024-02-06,185.74481710103248,188.18019242781668,185.6553578627436,188.17025756835935
2024-02-07,189.5022571462235,189.9098139006124,187.4843734286802,188.27960205078125
2024-02-08,188.25971226684047,188.40881099372643,186.2318937425713,187.19610595703125
2024-02-09,187.76340641648085,189.0971204380579,187.11646725876847,187.9624786376953
2024-02-12,187.53448242231036,187.7833074995908,185.91213805857677,186.27044677734372
2024-02-13,184.89694454758452,185.33487911795885,182.64755610649428,184.1703643798828
2024-02-14,184.44906062504623,184.65806518525372,181.58259087415237,183.2845458984375
2024-02-15,182.68738521978767,183.62296999377597,180.4977274519665,182.9959259033203
2024-02-16,182.55800062284032,183.98128811611295,180.81622489348007,181.4532165527344
2024-02-20,180.93562562036504,181.57261717237213,179.1540448566047,180.7067108154297
2024-02-21,181.0849615211141,182.03049388623003,179.81097819372195,181.4631805419922
2024-02-22,182.6177080564135,184.09076354210745,181.60251261136847,183.50352478027344
2024-02-23,184.1405042298665,184.17036202409395,181.37357059288817,181.66221618652344
2024-02-26,181.38353517321784,181.90108040317875,179.8009961275691,180.30860900878903
2024-02-27,180.24888975946536,183.05562869813585,178.71611879819,181.77169799804688
2024-02-28,181.6522565198894,182.25939032452453,179.28345207788615,180.5673828125
2024-02-29,180.41811896420185,181.7120126019674,178.68629069330834,179.9005584716797
2024-03-01,178.70617492699984,179.68156498512658,176.54637506189474,178.81565856933594
2024-03-04,175.3221528407019,176.0686281128373,172.9732433768994,174.277099609375
2024-03-05,169.9574719243141,171.23145507958293,168.82283020205665,169.3204803466797
2024-03-06,170.25608047856306,170.43524244414468,167.88726071561,168.3251953125
2024-03-07,168.35503848083317,169.92761476617306,167.6981518296525,168.20574951171875
2024-03-08,168.20574707517525,172.88365534695112,168.1460314883945,169.9276123046875
2024-03-11,172.12723509594798,173.56046994775534,171.24141844268888,171.93812561035156
2024-03-12,172.33625244410158,173.21212162678884,170.20631026653984,172.41587829589844
2024-03-13,171.9580519129805,172.37607625258147,169.95748841772314,170.3257598876953
2024-03-14,172.0973773021251,173.49079163745046,171.24141844268888,172.18695068359375
2024-03-15,170.36554869703198,171.80873107910156,169.4896795825833,171.80873107910156
2024-03-18,174.7448914522954,176.87483361469177,172.70452267737835,172.90357971191406
2024-03-19,173.52065910891577,175.77999515234478,172.2168180823409,175.2524871826172
2024-03-20,174.89418909629194,177.830322265625,174.2671449787142,177.830322265625
2024-03-21,176.2179350177799,176.65586961417029,170.03711298613993,170.5646209716797
2024-03-22,170.95279171103329,172.23673773536032,169.26078406375387,171.47035217285156
2024-03-25,169.76840571092222,171.1319624728949,168.65365887534398,170.04708862304688
2024-03-26,169.20104494513856,170.61436949811346,168.78302065654685,168.91241455078125
2024-03-27,169.60914876354798,172.78415954350993,169.31055559917013,172.49551391601562
2024-03-28,170.94282285202152,171.42056273337485,169.70864503919194,170.67408752441406
2024-04-01,170.38546326457012,170.4451788535061,168.68349304450714,169.2309112548828
2024-04-02,168.28538634231538,168.54415896803064,167.43937496323824,168.0465087890625
2024-04-03,167.9967479570679,169.87786510696628,167.78774337767854,168.8527069091797
2024-04-04,169.48968886138192,171.11203328162168,168.026611328125,168.026611328125
2024-04-05,168.79298281447828,169.5892261323792,168.15599119757314,168.7830352783203
2024-04-08,168.23563178927415,168.40483104125352,167.4493511257135,167.65835571289062
2024-04-09,167.90716183961618,169.2806811483862,167.55881583801002,168.8726043701172
2024-04-10,168.0066961691415,168.29532657810816,166.3246362072623,166.99148559570312
2024-04-11,167.5488670137579,174.63541624491384,167.36972023014152,174.21737670898438
2024-04-12,173.4410296238906,177.52176704196785,173.39127675717174,175.72027587890625
2024-04-15,174.53586805138283,175.7999037342719,171.68930847441092,171.87841796875
2024-04-16,170.94284143183614,172.94338974194338,167.47920033817573,168.583984375
2024-04-17,168.81289870293196,169.84800441976404,167.21046447753906,167.21046447753906
2024-04-18,167.24031189258443,167.8474456964944,165.7672716683895,166.2549591064453
2024-04-19,165.42888374733738,165.6179780634261,163.3088890664717,164.2245635986328
2024-04-22,164.74211969252124,166.47393259764522,163.9956444231876,165.06060791015625
2024-04-23,164.57291251221173,166.26492000363532,164.14492548116624,166.11561584472656
2024-04-24,165.7573215689687,168.50436038665487,165.4288858023208,168.22567749023438
2024-04-25,168.73325927633826,169.80818542681567,167.35973999732644,169.09156799316406
2024-04-26,169.081624768213,170.53475474394267,168.38490238817732,168.5043487548828
2024-04-29,172.55520693212748,175.20270935632288,172.28648678772151,172.68460083007812
2024-04-30,172.51541154910535,174.1676137755898,169.20105955998108,169.52951049804688
2024-05-01,168.78303163206596,171.89832652202932,168.31523926242042,168.5043487548828
2024-05-02,171.69926693100732,172.6049939419865,170.08688513916923,172.21682739257812
2024-05-03,185.77280978325868,186.12117099096088,181.80157098826203,182.5181884765625
2024-05-06,181.49304025440043,183.33433694545525,179.5721025190793,180.8560485839844
2024-05-07,182.5878540948052,184.0310366275269,180.46787458450643,181.54278564453125
2024-05-08,181.9906787165348,182.20964601288568,180.59724908638572,181.88119506835935
2024-05-09,181.7020426329725,183.792179594264,181.2541604804327,183.70260620117188
2024-05-10,184.2806378369833,184.47000383075684,181.51992740382525,182.4368438720703
2024-05-13,184.8188233059542,186.4732663574828,184.0015628078464,185.656005859375
2024-05-14,186.8819036535792,187.66926595480425,185.6659889969534,186.8021697998047
2024-05-15,187.28056849688068,190.0113806876588,186.74236879854,189.08450317382807
2024-05-16,189.83199615864385,190.4598907547877,189.02471179656044,189.2041015625
2024-05-17,188.875198802712,190.17084727488813,188.54630236847427,189.23399353027344
2024-05-20,188.6958217839837,191.2771426664072,188.37688635675943,190.40008544921875
2024-05-21,190.4499145429012,192.08442053272117,190.28048580582157,191.7057037353516
2024-05-22,191.625965130265,192.17412585880135,189.63266445026173,190.2605438232422
2024-05-23,190.3402701697929,190.3602074339564,186.0048504863481,186.25401306152344
2024-05-24,188.1875250894915,189.9416242186365,187.41012383078692,189.3436279296875
2024-05-28,190.8684893929941,192.3535037829733,188.4665737792376,189.3535919189453
2024-05-29,188.97487295416656,191.6060292626522,188.8752018363686,189.652587890625
2024-05-30,190.1210227262773,191.53626445370173,189.99146851693155,190.6492462158203
2024-05-31,190.79873376551856,191.92495345858123,189.2738600399137,191.60601806640625
2024-06-03,192.25384615761888,194.33685694398167,191.8751293663799,193.38006591796875
2024-06-04,193.9880117607724,194.66574186569684,192.38340418619828,193.6989898681641
2024-06-05,194.7454708275224,196.24044634116564,194.2172473626493,195.21389770507807
2024-06-06,195.0345211925245,195.8418055915052,193.51960831096957,193.8285675048828
2024-06-07,193.99796669662615,196.28030430445065,193.4896805396524,196.23046875
2024-06-10,196.2404356269631,196.6391048667748,191.50634675889475,192.4730987548828
2024-06-11,193.00133588013964,206.46609195915696,192.9814138224934,206.45611572265625
2024-06-12,206.6753885384406,219.46241499269527,206.20696163392407,212.35630798339844
2024-06-13,214.02069454325613,216.02395620562416,210.89121315624297,213.5223693847656
2024-06-14,213.13367378271624,214.44924427717245,210.59221246372425,211.7782287597656
2024-06-17,212.65527993528357,218.21659070332572,212.0074632920053,215.94422912597656
2024-06-18,216.86113841241476,217.8976632564161,212.28651711595563,213.5721893310547
2024-06-20,213.21339445126264,213.5223688231627,208.1504242370716,208.9776306152344
2024-06-21,209.6852627905662,211.1802382889184,206.41625091745036,206.79498291015625
2024-06-24,207.02421872275744,211.9875333707341,205.89799892378585,207.44281005859372
2024-06-25,208.44940858434205,210.67194975002215,207.91122410230184,208.36968994140625
2024-06-26,210.79155216910212,214.1402980033581,209.9344322470105,212.5356903076172
2024-06-27,213.97087836680484,215.01736433595823,211.63872006367092,213.3828582763672
2024-06-28,215.0472324898511,215.34623061165476,209.5955543096767,209.9144744873047
2024-07-01,211.37956216985052,216.78140506529675,211.2101334408119,216.02395629882807
2024-07-02,215.4259559559557,219.64179766849512,214.3794853085834,219.53216552734372
2024-07-03,219.26308073535037,220.80789184570312,218.29632866276663,220.80789184570312
2024-07-05,220.90754038733803,225.6914650307592,220.90754038733803,225.5818328857422
2024-07-08,226.32931907748747,227.08678305881676,222.50218547217585,227.056884765625
2024-07-09,227.1664984715379,228.631575647805,225.6117264169712,227.9139862060547
2024-07-10,228.5319341376685,232.29927134034503,228.48209857735924,232.19960021972656
2024-07-11,230.61492037011672,231.61157070495585,225.0137503547776,226.80772399902344
2024-07-12,228.1531925563972,231.86073301422448,227.91399100155516,229.76776123046875
2024-07-15,235.68787221439837,236.43535998230436,232.3092281117703,233.6148376464844
2024-07-16,234.2128217621178,235.47857190808813,231.5517672716992,234.03343200683597
2024-07-17,228.68140979310064,230.68468664215072,225.88082486496336,228.1133270263672
2024-07-18,229.50865061099643,229.66811832325195,221.5254864612201,223.4290771484375
2024-07-19,224.06692564873424,226.0402889661169,222.5320756847993,223.55862426757807
2024-07-22,226.24957960487183,227.01700459563804,222.34271224556247,223.20980834960935
2024-07-23,223.61843101438217,226.1798296775016,221.93408951337017,224.25628662109372
2024-07-24,223.24968592545983,224.04700927387208,216.40270265661363,217.80796813964844
2024-07-25,218.19665359620475,220.11023564894725,213.9010930254534,216.7614898681641
2024-07-26,217.96741565742545,218.75477790382115,215.2864239407029,217.2299041748047
2024-07-29,216.23326096996,218.5654190781,215.0273073866339,217.50897216796875
2024-07-30,218.45578591171196,219.59196666736065,215.3960621319004,218.0670928955078
2024-07-31,220.6982497488722,223.07028238181744,219.8909654212368,221.3361053466797
2024-08-01,223.61843367222977,223.72806581879624,216.29306274041448,217.62857055664065
2024-08-02,218.41592196270943,224.84432899946663,216.98075820790515,219.12355041503903
2024-08-05,198.42310739676373,212.7848420736874,195.34346157584417,208.5690155029297
2024-08-06,204.612330181792,209.28662299148328,200.39650324752452,206.53585815429688
2024-08-07,206.2069550428707,212.9243839975228,205.69866882998735,209.1171875
2024-08-08,212.39614722358988,213.4824924067945,208.13048513245965,212.5954742431641
2024-08-09,211.38955402452132,216.05387055494424,211.259984607228,215.51568603515625
2024-08-12,215.59550663031672,219.02793942662467,215.12653755613,217.0522918701172
2024-08-13,218.5290263212716,221.40270642093424,218.5290263212716,220.78407287597656
2024-08-14,220.08562480803565,222.54021400164925,219.21752501736543,221.23309326171875
2024-08-15,224.10676986474732,224.8551228159093,222.27079905335071,224.22650146484372
2024-08-16,223.42826155403992,226.33187474025672,223.15885022096825,225.5535888671875
2024-08-19,225.2243113108782,225.4937226434457,222.5501887780633,225.39393615722656
2024-08-20,225.27420804373648,226.6711275207631,224.95490346311303,226.0125732421875
2024-08-21,226.02254833732331,227.47933353511343,224.5557753561492,225.90280151367188
2024-08-22,227.2897617611708,227.8385569948794,223.4083048904395,224.03692626953125
2024-08-23,225.16444130741013,227.7188169640382,223.8373602369176,226.3418426513672
2024-08-26,226.2620154817008,226.7808777924977,223.39832305195915,226.68109130859372
2024-08-27,225.5036798955901,228.3474270817302,224.39611696496783,227.5292205810547
2024-08-28,227.4194670399241,229.35520907583677,225.18438078371824,225.99261474609372
2024-08-29,229.59470189609323,232.4085012026452,228.37737982242845,229.28536987304688
2024-08-30,229.6844899472923,229.89402024722435,226.98043458769095,228.49710083007807
2024-09-03,228.0480822473274,228.49709095305272,220.684284662428,222.28077697753903
2024-09-04,221.17322424578344,221.29295584608855,217.0023958735564,220.3650054931641
2024-09-05,221.14327916881817,224.98481497811864,221.03352013282225,221.89163208007807
2024-09-06,223.4581991238727,224.74537478911404,219.2873857797809,220.3350830078125
2024-09-09,220.33506702469683,220.7840757397734,216.23409233980905,220.42486572265625
2024-09-10,218.4392435287618,220.9936192587632,216.2540503959821,219.6266326904297
2024-09-11,220.9736588702828,222.6000688776049,217.4114916314568,222.1710205078125
2024-09-12,222.01136566399225,223.059062794204,219.33725854525207,222.28077697753903
2024-09-13,223.08901316997165,223.5479944694599,221.42268236911949,222.01138305664065
2024-09-16,216.0644583037111,216.7429728995392,213.4502168549942,215.84495544433597
2024-09-17,215.27619443719672,216.42366284814068,214.0289395447448,216.31390380859372
2024-09-18,217.0722490372817,222.22092099435915,217.0622612537557,220.20535278320312
2024-09-19,224.49591687958383,229.3153117998868,224.1367068474718,228.3673858642578
2024-09-20,229.46496974860835,232.5781131211396,227.12012443578536,227.6988525390625
2024-09-23,226.8407407931877,228.94610768522745,225.31410200503296,225.97265625
2024-09-24,228.147869614878,228.8463445678705,225.2342838755063,226.8706817626953
2024-09-25,224.43603888049125,226.79085685048213,223.52804884217397,225.8728790283203
2024-09-26,226.80083714120576,227.99819881641105,224.9149883158055,227.02035522460935
2024-09-27,227.9582911728241,229.01596089620384,226.80083496693396,227.2897491455078
2024-09-30,229.53482055042812,232.4883270263672,229.14567760776436,232.4883270263672
2024-10-01,229.01597026460064,229.14567442683443,223.24866456606327,225.71324157714844
2024-10-02,225.39393750024195,226.8706831083472,222.5302449869956,226.281982421875
2024-10-03,224.6455731013804,226.3119038145279,222.82957789090327,225.1744079589844
2024-10-04,227.39951613756347,227.49930262356304,223.63780617480535,226.30194091796875
2024-10-07,224.0069821228032,225.1943712346882,220.84394549402705,221.20315551757807
2024-10-08,223.8074274254469,225.4837307412941,222.7597302404025,225.27420043945312
2024-10-09,224.7353864657012,229.24546472466872,224.3362709632568,229.03591918945312
2024-10-10,227.27979028338345,228.99601435408127,226.67112924406288,228.5370178222656
2024-10-11,228.79644988971887,228.9062089337624,226.8407474391105,227.05029296875
2024-10-14,228.19775690140835,231.22110160659443,228.09798564307096,230.79205322265625
2024-10-15,233.0969778733182,236.9684620133565,231.85969551276995,233.33645629882807
2024-10-16,231.09139869260775,231.61024577942743,229.33525401328015,231.27099609375
2024-10-17,232.9173703418766,233.3364614020046,230.0137723986246,231.6401824951172
2024-10-18,235.66131853389135,235.66131853389135,233.4960858911256,234.48391723632807
2024-10-21,233.9351372634737,236.32987592195377,233.9351372634737,235.96067810058597
2024-10-22,233.376366009758,235.70125104779564,232.08920560922664,235.342041015625
2024-10-23,233.56595129753524,234.62362105235997,227.25982300232985,230.25323486328125
2024-10-24,229.47495899723685,230.3131259260407,227.90841463888628,230.0636749267578
2024-10-25,229.2354789664412,232.7078323586645,229.0658541264054,230.9018096923828
2024-10-28,232.80762499530724,234.21451699403664,232.03931169048732,232.88743591308597
2024-10-29,232.58810476348472,233.815399347975,231.8098189074392,233.15684509277344
2024-10-30,232.09916306464564,232.95727501758805,229.04588560251636,229.5946807861328
2024-10-31,228.83635490362704,229.325284321648,224.8750719925984,225.4138946533203
2024-11-01,220.48472918772245,224.8551151455125,219.78626950218683,222.42047119140625
2024-11-04,220.5046966292777,222.3007315284092,219.2275088130919,221.5224456787109
2024-11-05,221.31291912362707,223.4581915257104,220.65436486265335,222.95928955078125
2024-11-06,222.1211369530596,225.5735453041769,220.7042571772517,222.23089599609372
2024-11-07,224.13670611072257,227.37956894750107,224.0768403097807,226.98043823242188
2024-11-08,226.92049995960824,228.4088689967903,226.16134014604208,226.7107391357422
2024-11-11,224.7528927426808,225.45212091614076,221.25673663335024,223.98373413085935
2024-11-12,224.30339000560164,225.34224111445195,223.11469448970428,223.98373413085935
2024-11-13,223.76397540644064,226.4010754152989,222.5153482196322,224.8727569580078
2024-11-14,224.77287777547028,228.61864039722624,224.7528954725484,227.9693603515625
2024-11-15,226.15134020310103,226.6707733581308,224.023689933323,224.7528839111328
2024-11-18,225.00261496304853,229.4876892234719,224.9227009955052,227.7695770263672
2024-11-19,226.7307063420897,229.9072217123872,226.4110657200773,228.0292816162109
2024-11-20,227.80951934283004,229.67746064503265,225.64190448211676,228.7484893798828
2024-11-21,228.6286329426038,229.907225938216,225.46211628612437,228.2690277099609
2024-11-22,227.80952873867184,230.4666110292765,227.80952873867184,229.61753845214844
2024-11-25,231.2058026888721,232.99383009111637,229.48769048234251,232.6142425537109
2024-11-26,233.07373841155265,235.31128373473047,233.07373841155265,234.8018341064453
2024-11-27,234.21249554010248,235.43115689965904,233.55321672420507,234.67198181152344
2024-11-29,234.5521145499528,237.5488197625333,233.71304074851764,237.06935119628903
2024-12-02,237.00941446483552,240.52553753151284,236.89953466637493,239.3268585205078
2024-12-03,239.54662188503684,242.49337894569655,238.6376176509325,242.3834991455078
2024-12-04,242.6032573953393,243.84190102311464,240.9850414761411,242.74310302734372
2024-12-05,243.72204013219252,244.2714238935446,241.86408229295347,242.7730712890625
2024-12-06,242.6432183998472,244.3613305629988,241.8141281502541,242.5732879638672
2024-12-09,241.56440918324205,246.96847124510987,241.48449521514056,246.47900390625
2024-12-10,246.61884065291167,247.93739821602463,245.0705399660552,247.4978790283203
2024-12-11,247.6876707672576,250.5245479203196,245.98952569372008,246.2192840576172
2024-12-12,246.61885092340057,248.46682524629017,245.4101731068781,247.68768310546875
2024-12-13,247.54782582286597,249.016197294528,245.96955931284188,247.85748291015625
2024-12-16,247.71764416028495,251.1039203968556,247.3780059899919,250.7642822265625
2024-12-17,249.80533943156328,253.5512208135588,249.50566587259755,253.20159912109372
2024-12-18,251.883059276542,254.0007260278641,247.46791553993853,247.77757263183597
2024-12-19,247.2281772707384,251.72323503929724,246.81862390484892,249.51565551757807
2024-12-20,247.76758181309805,254.71994465608725,245.4201718605057,254.21051025390625
2024-12-23,254.49020366493687,255.36922684225436,253.171646035914,254.9896545410156
2024-12-24,255.2094124344067,257.92641115938613,255.0096198916901,257.9164428710937
2024-12-26,257.90642916266114,259.81433504408284,257.3470466563245,258.7355041503906
2024-12-27,257.54682582842287,258.41589596104086,252.78207543596488,255.30929565429688
2024-12-30,251.95298524244893,253.22159473829512,250.47461491371797,251.9230194091797
2024-12-31,252.16275955239965,253.00183336212825,249.15605553782555,250.1449737548828
