Date,Open,High,Low,Close
2017-11-09,21.31073375743109,21.45035189986829,20.823658221409552,21.0727481842041
2017-11-10,21.084645202035848,21.15207345391548,20.91091653197554,21.018802642822266
2017-11-13,20.82365465379833,21.099716479424877,20.74829340070721,21.022768020629883
2017-11-14,20.887118363612995,21.06798719713417,20.725288434308027,20.88394546508789
2017-11-15,20.80778941257055,21.18063297317733,20.46905791479199,21.06957244873047
2017-11-16,21.164763781261964,21.787490023719347,21.11002713016071,21.585996627807617
2017-11-17,21.559025768470644,21.585997672211807,21.294069860924207,21.566165924072266
2017-11-20,21.626453427893832,21.954078982168177,21.528880382378457,21.805736541748047
2017-11-21,21.9025146239652,22.069895949562213,21.80811297255752,21.94138526916504
2017-11-22,21.975502895748736,22.03023956036842,21.74941759331613,21.84461212158203
2017-11-24,21.947734721676103,22.44908896196628,21.935041615529148,22.40069961547852
2017-11-27,22.232518547645057,22.662478719888423,22.193647902685505,22.57839012145996
2017-11-28,22.59743248279248,22.600605381000644,21.96122024355929,22.00564384460449
2017-11-29,22.0532382659916,22.0643441652065,21.011659252293548,21.53760528564453
2017-11-30,21.559818366887225,22.0810043278524,21.425754722120654,22.048480987548828
2017-12-01,21.831913775281546,21.8557127799043,20.94661168361667,21.54236602783203
2017-12-04,21.72879189578273,21.77718124736005,20.636441737110854,20.911710739135746
2017-12-05,20.836343110497985,21.11081766917028,20.66102727688861,20.756221771240234
2017-12-06,20.53251877895921,20.97596345569158,20.165229711398812,20.93391990661621
2017-12-07,21.80653046162756,21.87078581120052,20.7578111952051,20.93391990661621
2017-12-08,21.083054344078075,21.175868793191437,20.56980142533498,20.61819076538086
2017-12-11,20.57297754750787,20.90694892912753,20.529346790863247,20.621368408203125
2017-12-12,20.57456386322752,20.69514156045891,20.285808943382914,20.52220726013184
2017-12-13,20.657856725741308,20.886322025070985,20.639610670940705,20.78636741638184
2017-12-14,20.810961080085107,20.86331768422026,20.363550649499437,20.57297706604004
2017-12-15,20.75622526627508,21.10130252940834,20.48730209838116,21.079883575439453
2017-12-18,21.08787176417397,21.2819157310305,20.968889019557636,21.112625122070312
2017-12-19,21.025583265507983,21.18449244020556,20.86348015850384,21.057525634765625
2017-12-20,21.252374183678665,21.269143474532008,20.98406400692885,21.212446212768555
2017-12-21,21.23719768831595,21.26115446701592,20.847510502611545,20.88424301147461
2017-12-22,20.90740040222733,21.031174808939102,20.658256907159465,20.94972419738769
2017-12-26,20.54087094752389,20.94972479089259,20.23423208809354,20.61034393310547
2017-12-27,20.669434392843566,20.890629052162144,20.642283683973915,20.69179344177246
2017-12-28,20.774841477507195,20.82594743916185,20.64627542489852,20.795602798461918
2017-12-29,20.743699005880185,20.917781273049908,20.49375589194619,20.51451873779297
2018-01-02,20.74370151061967,21.360974351479324,20.56802301753898,21.32184600830078
2018-01-03,21.344200805070336,21.618898778081483,21.243585085533223,21.555015563964844
2018-01-04,21.68757304840161,21.7011484023718,21.43523413120073,21.56220245361328
2018-01-05,21.717920737957016,21.900786706455264,21.516687753132864,21.689971923828125
2018-01-08,21.634071479727663,21.764233744791262,21.48554372253173,21.74187469482422
2018-01-09,21.804956737396367,21.86804184366936,21.41606772475797,21.44082260131836
2018-01-10,21.23959166867392,21.25236892082031,20.82035797806152,20.988052368164062
2018-01-11,21.0471489829378,21.069508037247594,20.88584394167533,21.04155921936035
2018-01-12,21.03277214820088,21.18688967309548,20.9225730992996,21.10464096069336
2018-01-16,21.175708700887835,21.32104404374972,20.894622858255527,21.02159118652344
2018-01-17,21.19966591395332,21.283512350158745,20.79879770170604,21.226016998291016
2018-01-18,21.198067090524887,21.56539670930327,21.119810420778137,21.544633865356445
2018-01-19,21.4927293086231,21.51588645886705,21.24677825767965,21.27233123779297
2018-01-22,21.21324082115727,21.30267701788898,20.81157451506913,20.93055725097656
2018-01-23,20.90101115292597,21.114221750060207,20.611141609730637,20.99364280700684
2018-01-24,20.83952370565056,21.0231877624503,20.442649052337863,20.511323928833008
2018-01-25,20.58159528588529,20.58958087843095,19.72396275134927,19.747119903564453
2018-01-26,19.91720658208472,20.03938324172457,19.5834170723436,20.02660751342773
2018-01-29,19.82617618539072,19.92279988250247,19.443676478163848,19.601787567138672
2018-01-30,19.26480130425987,19.56665000437545,18.926220096483675,19.243240356445312
2018-01-31,19.963524446291757,20.21426565535969,19.553074432415062,19.806211471557617
2018-02-01,19.302330884033047,19.636120387453097,19.013257951901004,19.068357467651367
2018-02-02,18.90705436861213,19.00208032868128,18.693045671331216,18.80404281616211
2018-02-05,18.74015854310161,19.48439804310344,18.17479142843409,18.214717864990234
2018-02-06,18.016685011596817,19.196929301522964,17.959189648722706,19.195331573486328
2018-02-07,19.0659680379498,19.41253490885651,18.925425843593416,18.95577049255371
2018-02-08,18.956562373945125,19.046796665619457,18.327312069643572,18.332103729248047
2018-02-09,18.58923285143006,18.93500150780849,18.066987645239944,18.80563735961914
2018-02-12,18.994095370237986,19.60258443134331,18.965348455184216,19.516342163085938
2018-02-13,19.24563598635254,19.646504203301365,19.16977514171925,19.6329288482666
2018-02-14,19.56425791579309,19.85572524890988,19.44287932142765,19.776670455932617
2018-02-15,19.906022827368176,20.110449667626707,19.518731610734797,20.10965156555176
2018-02-16,20.064940924376472,20.15277940117336,19.807012210583245,19.874887466430664
2018-02-20,19.86370307398552,20.421882636918976,19.765483198045448,19.93317604064941
2018-02-21,20.1623610691707,20.24061774181124,19.839749535460868,19.85332489013672
2018-02-22,19.89325178842882,20.211070122027262,19.825375018678045,19.91161727905273
2018-02-23,20.13441219025132,20.365190172777808,19.98668101701777,20.25978279113769
2018-02-26,20.120038469612343,20.318077516057063,20.043379520136792,20.199094772338867
2018-02-27,20.13041797796749,20.41629547202312,20.097677507458314,20.10805892944336
2018-02-28,20.289328551188657,20.322067498409105,19.642509306159717,19.68083953857422
2018-03-01,19.63292911340291,19.89325364646321,19.26959302424865,19.42930030822754
2018-03-02,19.19931803518607,20.05775010125423,19.18334837493745,20.032995223999023
2018-03-05,19.95553630787845,20.07052699821366,19.438081247561712,19.722362518310547
2018-03-06,19.90842403445087,20.067333206738088,19.74951486216365,20.040184020996094
2018-03-07,19.858919071980523,19.91561633331456,19.51075600224016,19.72795867919922
2018-03-08,19.82457615852305,19.827770090548764,19.63771666560825,19.71996688842773
2018-03-09,19.85013342244021,20.30530158091233,19.774272570393588,20.2653751373291
2018-03-12,20.81396739843698,21.10543462194859,20.73171718024622,20.988847732543945
2018-03-13,21.275521480077973,21.868039195141357,20.780427055024703,20.85948181152344
2018-03-14,20.921774180701338,20.94892336759361,20.374772515505317,20.809179306030277
2018-03-15,21.05992101713952,21.472766869991737,21.041555524664897,21.381732940673828
2018-03-16,21.00162479427811,21.049538344299197,20.31567876693547,20.3524112701416
2018-03-19,20.211072505574407,20.48177846804777,19.38618041115247,19.56026268005371
2018-03-20,19.57223776572417,19.80780739363989,19.267195164361848,19.35343742370605
2018-03-21,19.49280241627404,20.303854209984014,19.450669795350905,19.93195343017578
2018-03-22,19.610289081122552,19.99029406504807,19.56734665726029,19.73506736755371
2018-03-23,19.719669493592065,19.868754035688283,19.479028445136827,19.646747589111328
2018-03-26,20.06726260913097,20.16125004514288,19.48712969227367,20.07212448120117
2018-03-27,20.10048288918281,20.60040110011069,19.575445520951124,19.799882888793945
2018-03-28,19.77638392022326,20.00730272476142,19.089297629441106,19.176803588867188
2018-03-29,19.291053827355924,19.51387009180088,19.02124306450616,19.093355178833008
2018-04-02,18.955606392233435,19.131428088056246,18.26609078879168,18.44758415222168
2018-04-03,18.705247319268008,19.20111503158485,18.409509172366164,19.18490982055664
2018-04-04,18.63962081725945,19.27728194954832,18.59505879515761,19.201929092407227
2018-04-05,19.50738317039453,19.581924654897424,19.04068368652361,19.146825790405277
2018-04-06,18.937782027248417,19.16546009743591,18.45406754587265,18.544004440307617
2018-04-09,18.633944305461192,19.418258871898384,18.57560802062427,19.019620895385746
2018-04-10,19.41015885993603,19.572207894922787,19.25621397665416,19.42555427551269
2018-04-11,19.293484210596795,19.504147332250703,19.209218961935232,19.471736907958984
2018-04-12,19.561669412150565,19.65970891447164,19.210834220889293,19.399621963500977
2018-04-13,20.256045755975546,20.41809474018881,19.84282223710401,20.00811195373535
2018-04-16,20.18232087311405,20.247140179563317,19.90602863732712,20.205007553100582
2018-04-17,20.328160055457143,20.486966779086963,20.226879815677037,20.397029876708984
2018-04-18,20.33706879236798,20.39135453366581,20.050243130814305,20.222824096679688
2018-04-19,19.732633107863272,19.95463954472318,19.49928333282125,19.677536010742188
2018-04-20,19.54465480320581,19.575444081793943,19.041494350936603,19.21245574951172
2018-04-23,19.282946482672475,19.309685231450736,18.80733458186616,18.915096282958984
2018-04-24,19.100646198105597,19.131435483505594,18.36737810913344,18.50511932373047
2018-04-25,18.554540634155277,18.724692249913733,18.30012532552182,18.554540634155277
2018-04-26,18.71659021107808,18.787890974320423,18.497824503661903,18.66959571838379
2018-04-27,18.924826469652388,18.97587150333886,18.69228643744418,18.860816955566406
2018-04-30,18.844609942295985,18.969388224808856,18.49944787734607,18.588573455810547
2018-05-01,18.704437589649533,18.704437589649533,18.340639379558816,18.666357040405277
2018-05-02,18.90294377404707,18.91428711137917,18.376286839524543,18.53347396850586
2018-05-03,18.351170445931903,18.463794029887683,18.04246783616321,18.25069999694824
2018-05-04,18.12106167331171,18.804905792258523,17.985751411190197,18.677698135375977
2018-05-07,18.740894213040885,19.194630783589755,18.7165879454351,19.11927795410156
2018-05-08,19.10064279971944,19.36154110949745,19.02610130859077,19.352628707885746
2018-05-09,19.10550085015329,19.37531150757516,18.9637091587515,19.287805557250977
2018-05-10,19.42393005185463,19.748026524952262,19.333183348470072,19.730201721191406
2018-05-11,19.69536116601257,19.81041568006032,19.57544478006334,19.719667434692383
2018-05-14,19.95464097598973,20.12803179415098,19.75370006187795,19.831483840942383
2018-05-15,19.632967722230667,19.80554867587383,19.3242652085162,19.573820114135746
2018-05-16,19.619200653314216,19.624872322673337,19.3639739867398,19.48713111877441
2018-05-17,19.293487190756203,19.58031299930316,19.283763443801075,19.40124893188477
2018-05-18,19.43446404716821,19.4960426103082,19.111987160285413,19.12090110778809
2018-05-21,19.402050301083683,19.48631552615791,19.17599337295843,19.368831634521484
2018-05-22,19.465247495407503,19.556803970370808,19.249722589005888,19.323455810546875
2018-05-23,19.14034893932972,19.496855904730683,19.12414527144973,19.49118423461914
2018-05-24,19.51548443065195,19.799069370858167,19.445803277039936,19.73181915283203
2018-05-25,19.77314438056216,20.311146232490845,19.77314438056216,20.258480072021484
2018-05-29,20.145855297924307,20.345984841386173,20.13208102460269,20.23093032836914
2018-05-30,20.35165827374544,20.42052810090791,20.20176393872233,20.20743560791016
2018-05-31,20.196087130592787,20.68466189874933,20.17502005301917,20.42376518249512
2018-06-01,20.610126784797917,20.879937529738704,20.461852035540552,20.769744873046875
2018-06-04,20.904243688413093,21.01443788992216,20.7608308124757,20.934223175048828
2018-06-05,21.022541787726983,21.175678429367707,20.907488788999878,21.00633811950684
2018-06-06,21.12624668755113,21.37256091597056,21.042792798522893,21.35149383544922
2018-06-07,21.309358771984563,21.59132411828909,21.30287730737504,21.445480346679688
2018-06-08,20.802154749576427,21.060622167936657,20.559082746537783,20.90181541442871
2018-06-11,20.892896643310493,21.212132761450476,20.768119937212692,21.1335391998291
2018-06-12,21.093028143687,21.206461515124804,20.936650814135923,21.182153701782227
2018-06-13,21.208897967932312,21.55811211976645,21.12382137180976,21.35636138916016
2018-06-14,21.471408634407755,21.8011767275495,21.398486745601204,21.751752853393555
2018-06-15,21.879769079745422,22.02318191377998,21.579169140512292,21.895164489746094
2018-06-18,21.79550659061552,21.79550659061552,21.409021789120235,21.43089866638184
2018-06-19,21.020348693991263,21.441577169896487,20.86844427116454,21.426795959472656
2018-06-20,21.47195215843624,21.67887182908889,21.4095478381781,21.44896125793457
2018-06-21,21.47852363229877,21.559812445953256,21.220695073314943,21.320049285888672
2018-06-22,21.445676283279607,21.47195137344412,21.26339039817334,21.324974060058597
2018-06-25,21.05483538131972,21.05483538131972,20.56299130155234,20.72639274597168
2018-06-26,20.77401251737175,20.906211772631536,20.572842120881724,20.654130935668945
2018-06-27,20.6992892555974,20.95137005811029,20.26902898340072,20.29037857055664
2018-06-28,20.22223044267177,20.30762567554845,19.892965619284883,20.108917236328125
2018-06-29,20.277244518908912,20.277244518908912,19.917599747103875,19.92334747314453
2018-07-02,19.71396260745305,19.88885789523692,19.4947268310306,19.87489891052246
2018-07-03,19.982465675728577,19.984929210384102,19.62446225112126,19.64827537536621
2018-07-05,19.85354938604099,20.167212274976134,19.762406447303484,20.14996910095215
2018-07-06,20.10891718146556,20.41272756540814,20.06950375622418,20.33718490600586
2018-07-09,20.445567689382315,20.46445374267013,20.160643408550893,20.316654205322266
2018-07-10,20.391374015104205,20.675477631266144,20.28545143416949,20.573659896850582
2018-07-11,20.113020729345735,20.325686558282214,19.92088070020337,19.989032745361328
2018-07-12,17.00349304448069,17.26624717510981,16.21358777366818,17.241613388061523
2018-07-13,17.44853133403707,17.571697124343853,16.578157974246096,16.6241397857666
2018-07-16,16.55352145482128,16.946011232794238,16.465662693979713,16.68900489807129
2018-07-17,16.60361020212975,17.16853176285705,16.587187681307523,17.10448455810547
2018-07-18,17.01499068234509,17.233405903685757,16.966545324562407,17.143083572387695
2018-07-19,17.102843496583393,17.364776912830386,17.082316128323388,17.27363395690918
2018-07-20,17.251461541752253,17.342604486217706,17.14143254382421,17.270347595214844
2018-07-23,17.27691723651377,17.952688437849332,17.27609658034525,17.79503631591797
2018-07-24,17.883715560244376,18.09638140003652,17.735916012171145,17.845943450927734
2018-07-25,17.876328652650766,18.774620011490548,17.876328652650766,18.554563522338867
2018-07-26,18.59807657895148,18.86657834056259,18.1932707301474,18.325469970703125
2018-07-27,18.393622998795543,18.827169098730327,18.070107477013085,18.150575637817383
2018-07-30,18.155501889663142,18.72288696922064,18.150574820327048,18.49051284790039
2018-07-31,18.612860792918987,18.79022122075272,18.190811665486503,18.209697723388672
2018-08-01,18.3320384626154,18.387872834362543,17.75233732662795,17.801603317260742
2018-08-02,17.59386938151846,17.921491392126622,17.51011701042557,17.764659881591797
2018-08-03,17.71538538834989,17.900133223339203,17.604535747673847,17.884532928466797
2018-08-06,17.787647786383605,17.925593213393526,17.724422799004056,17.813922882080078
2018-08-07,18.00030936376245,18.21543869535298,17.829518948085664,18.08980941772461
2018-08-08,18.108702436825237,18.16535747904845,17.97814604070052,18.020021438598636
2018-08-09,18.076674721622663,18.08488598165675,17.730988974717377,17.783540725708008
2018-08-10,17.473987686820784,17.611112480076983,17.281026935672838,17.426362991333008
2018-08-13,17.37873609681967,17.570053927581878,17.2802025354578,17.331932067871094
2018-08-14,17.37298809776614,17.37298809776614,16.983782494180186,17.02155303955078
2018-08-15,16.843375732556808,17.044546159387718,16.649594344836746,16.96243667602539
2018-08-16,17.06014388481232,17.149643951697158,16.97146447404325,17.135684967041016
2018-08-17,17.076570104477845,17.34096551571088,16.87457746045592,17.183313369750977
2018-08-20,17.20055327027658,17.243250881475152,16.90331287029858,16.973928451538086
2018-08-21,17.03961864996533,17.36149129501356,17.005952951357134,17.28512954711914
2018-08-22,17.280204212089235,17.38366328695406,17.032229755251176,17.041261672973633
2018-08-23,17.056863020872356,17.16771269748751,16.85569103750309,16.881145477294922
2018-08-24,16.943549414734814,17.183312597277514,16.806424645245173,17.161142349243164
2018-08-27,17.26378125627031,17.60207801412441,17.130762896533913,17.487123489379883
2018-08-28,17.623427030213893,17.73263540099294,17.454279424855457,17.607006072998047
2018-08-29,17.63820307156029,17.719491875903433,17.52653119839284,17.652982711791992
2018-08-30,17.651344383129793,17.813102943561262,17.62178509504746,17.789291381835938
2018-08-31,17.738382925111907,18.008526070351387,17.723601714579292,17.98471450805664
2018-09-04,17.94858096927332,18.088169250462396,17.828699397934034,18.017555236816406
2018-09-05,18.06025554867468,18.21215995894086,18.029874040166305,18.180957794189453
2018-09-06,18.187521743554388,18.29590785445534,17.56512304498566,17.733449935913086
2018-09-07,18.40922555508476,19.32968706775968,18.392803033366494,19.097312927246094
2018-09-10,19.2681062693522,19.78458259519265,19.05379749720714,19.75666618347168
2018-09-11,19.51771993647833,19.681940448714915,18.91831201284607,19.0948486328125
2018-09-12,18.72945732323862,18.955261520510085,18.296734985714373,18.876436233520508
2018-09-13,19.188449764518648,19.6425231049381,18.977425282796045,19.330501556396484
2018-09-14,19.309160943948875,19.46763374695036,19.18845712428699,19.406051635742188
2018-09-17,19.706579065461703,19.73121285310328,19.23936871965236,19.282066345214844
2018-09-18,19.44089590091493,19.97034958222576,19.430140958815496,19.832195281982425
2018-09-19,19.89341696815387,20.06052568864234,19.83550658393912,20.00261688232422
2018-09-20,20.10188957076856,20.354207876361187,19.99682689685869,20.262380599975582
2018-09-21,20.37819853996832,20.580054134371704,20.283062412697586,20.52462577819824
2018-09-24,20.52048535518728,20.690076078044346,20.45926771011535,20.636302947998047
2018-09-25,20.597426462467144,20.62803450268057,20.334353212825768,20.487398147583008
2018-09-26,20.3211140959296,20.520487634725875,20.25162353252371,20.303741455078125
2018-09-27,20.32525159980305,20.50642410437697,20.26072352017728,20.388124465942383
2018-09-28,20.312846141235667,20.43114579784044,20.17303659548632,20.411291122436523
2018-10-01,20.50642611624432,20.85884461273874,20.48905347346692,20.641271591186523
2018-10-02,20.610662175053005,20.82327113564069,20.509735166799675,20.52462577819824
2018-10-03,20.58336068523233,20.791832377325424,20.436933463354137,20.63382339477539
2018-10-04,20.4054991396172,20.65947108285763,20.367445004604345,20.53041648864746
2018-10-05,20.54861910649322,20.685945045823978,20.05308218377734,20.2044734954834
2018-10-08,20.12835789450416,20.302912681888166,19.88596776371291,19.967866897583008
2018-10-09,19.90334455072716,20.328562468254145,19.885145090051363,20.24335289001465
2018-10-10,20.096926872717265,20.27396373875055,19.16293661639108,19.17865562438965
2018-10-11,19.19023564415333,19.49053462574024,18.794798961081515,18.936262130737305
2018-10-12,19.42103922146813,19.49632065258541,18.953630054210656,19.271303176879883
2018-10-15,19.112465753817464,19.468192970145584,19.03056505491436,19.231592178344727
2018-10-16,19.52362204974904,19.75194838137253,19.37305760471441,19.71554946899414
2018-10-17,19.83302717807154,19.83302717807154,19.351554086571078,19.62041664123535
2018-10-18,19.47646859064161,19.5914593747206,18.740196845433285,18.863460540771484
2018-10-19,19.027259345114647,19.117431390432195,18.77328745286954,18.88496780395508
2018-10-22,19.07359032025331,19.228290470599163,18.86511860544033,18.91309928894043
2018-10-23,18.43245300559617,18.98920750422548,18.102371240965805,18.948671340942383
2018-10-24,18.72944285817407,18.730271253869777,18.021298659553704,18.093271255493164
2018-10-25,18.1900671507615,18.48043963867414,18.1296763004429,18.385303497314453
2018-10-26,17.833505267471704,17.979932477421105,17.306533621936598,17.6333065032959
2018-10-29,17.884795705450625,18.09161373744376,17.226287482902777,17.49680519104004
2018-10-30,17.685427034793218,18.32904476831597,17.455445441699858,18.283544540405277
2018-10-31,18.6136239170192,18.669050685625862,18.34145098042536,18.48870658874512
2018-11-01,18.626861406401144,19.37719694826311,18.50773337690243,19.017333984375
2018-11-02,18.640924297756577,18.69386903415741,18.013850904486265,18.263687133789062
2018-11-05,18.118915288683965,18.290988050267444,17.679633656008217,18.207433700561523
2018-11-06,18.22480680064784,18.95776969135279,18.176824546868232,18.882488250732425
2018-11-07,19.1918885073318,19.46488828773849,18.961906921955755,19.39126205444336
2018-11-08,19.25145433997754,20.07128057625992,19.25145433997754,19.87521743774414
2018-11-09,19.44089529742276,19.77345905127853,19.237386111064808,19.770977020263672
2018-11-12,19.109989157040125,19.181961753924977,18.22315289467257,18.500289916992188
2018-11-13,18.654159733798277,19.012369045649454,18.39191492649153,18.599559783935547
2018-11-14,18.759231032816263,19.071111845317013,18.66492170609531,18.71290397644043
2018-11-15,18.71455357971343,19.7974530228356,18.684772357859952,19.55175399780273
2018-11-16,19.343280526628504,19.78835310395268,19.163763223568694,19.656816482543945
2018-11-19,19.56747113857313,19.94387996287108,18.90648076355328,18.95528984069824
2018-11-20,18.52593393262528,18.951153394483928,18.413425172253064,18.83781623840332
2018-11-21,19.04546310249324,19.301090265776388,18.82127237619716,19.027263641357425
2018-11-23,18.82706210334073,19.249797974115054,18.82706210334073,19.01898956298828
2018-11-26,19.376376837526557,19.701494633156067,19.155494920366724,19.46654891967773
2018-11-27,19.323426856824497,19.71969037733721,19.2274639106403,19.50956344604492
2018-11-28,19.56498796884642,19.689078488052047,19.161279978055138,19.459096908569336
2018-11-29,19.38050905413287,19.741200474294995,19.25559012350863,19.50542640686035
2018-11-30,19.47398801757682,19.71224091763192,19.3077061314515,19.640268325805664
2018-12-03,20.284717640093447,20.436935759409007,19.97614415624526,20.025781631469727
2018-12-04,19.895072314523205,19.948018640492872,19.15797361944136,19.196027755737305
2018-12-06,18.716209296846426,18.79976366175228,18.0022725699439,18.79893684387207
2018-12-07,19.36230868219365,19.71224356368957,18.572263701557578,18.90813636779785
2018-12-10,18.857667508400656,19.88100268813182,18.73853949334024,19.792484283447266
2018-12-11,20.14076980355687,20.70993285748322,20.137459376656764,20.420387268066406
2018-12-12,20.883655560450396,21.524791094656027,20.84725664997017,21.09378242492676
2018-12-13,21.38167951017188,21.633169407657224,21.060697467506987,21.36844253540039
2018-12-14,21.125220127558308,21.640611563573515,21.064829301091184,21.081375122070312
2018-12-17,21.01188435124253,21.61827464061114,20.93660291782729,21.02346611022949
2018-12-18,21.324424973736622,21.36706094630968,20.80026034559062,20.872154235839844
2018-12-19,20.81614271386482,21.39548422544813,20.274422396187628,20.388952255249023
2018-12-20,20.43159247744104,20.774348190005927,19.93417749383474,20.221757888793945
2018-12-21,20.221753266766758,21.04520359495916,20.221753266766758,20.47422218322754
2018-12-24,20.230949695527816,20.373067996491084,19.52119372111915,19.54543685913086
2018-12-26,19.87816270623434,20.7743440730411,19.52035954059826,20.74424743652344
2018-12-27,20.481747201364016,21.00256809697776,20.2426547391859,20.970800399780277
2018-12-28,21.150538122947115,21.57354933187271,20.99671601011269,21.199861526489254
2018-12-31,21.554324957722127,21.610335800143154,20.979162632999497,21.25754737854004
2019-01-02,20.80360537295705,21.292658617279937,20.60631173853422,21.19317626953125
2019-01-03,20.444964602643665,20.610490533253,19.255352513939084,19.308019638061523
2019-01-04,19.586406967257645,19.766980443724535,19.3673767584962,19.497791290283203
2019-01-07,19.53289633487508,20.08381379946034,19.2912957163142,19.894880294799805
2019-01-08,20.072947778099657,20.222590643969784,19.50949091687164,19.73520851135254
2019-01-09,19.93167127805251,20.622199144288818,19.88402051498716,20.58876037597656
2019-01-10,20.52939900205121,20.94739386431804,20.42824559753887,20.85961532592773
2019-01-11,20.852088120096823,21.143847658205623,20.842890908354235,20.947389602661133
2019-01-14,20.74174265589492,21.031831205107807,20.556988357380128,20.972475051879883
2019-01-15,21.130473828123424,21.92132092516686,21.067775560456084,21.44229888916016
2019-01-16,21.50165037450427,21.514191301868436,21.01343278975297,21.04185676574707
2019-01-17,20.904756679748463,21.51419318367749,20.792733421129984,21.34532356262207
2019-01-18,21.663002260125428,21.89791549228552,21.48493699370755,21.80428504943848
2019-01-22,21.568534424093063,21.690588848293817,21.309378053924487,21.5927791595459
2019-01-23,21.697275771854738,21.811805626803576,21.204877281212912,21.52840614318848
2019-01-24,21.826851356005708,22.300021446328127,21.73572911668516,22.03250503540039
2019-01-25,22.167938029077547,22.430438094063845,21.811805935638517,22.399507522583008
2019-01-28,21.86614987567444,22.475586531798427,21.62287653158375,22.372758865356445
2019-01-29,22.350181787506507,22.371081207967094,22.05591246226028,22.264074325561523
2019-01-30,22.571718475856496,22.885214565798947,22.35185280991216,22.640270233154297
2019-01-31,22.618535432851584,22.65531949991308,22.26658419083204,22.42542266845703
2019-02-01,22.50066291331149,22.53828091801944,22.144530813552848,22.30504035949707
2019-02-04,22.362727567433065,22.750627428658618,22.14955086604437,22.74895477294922
2019-02-05,22.73557529844133,22.958784715463683,22.564197472730385,22.57172203063965
2019-02-06,22.845088428372424,23.40770973221505,22.8016169291726,23.090869903564453
2019-02-07,22.810812698466428,22.953768125789026,22.262403380584978,22.49564552307129
2019-02-08,22.348507767803067,22.930357356385706,22.32593569349338,22.91112899780273
2019-02-11,22.93955707300535,23.073315293120057,22.845925043306043,23.04990768432617
2019-02-12,23.29485341406432,23.440315447117367,23.161930716594643,23.35671615600586
2019-02-13,23.40771197489774,23.58828542132885,23.23800680293879,23.51806259155273
2019-02-14,23.457872365833182,23.645134851371957,23.319934883723,23.533111572265625
2019-02-15,23.749632823888284,23.749632823888284,23.30655768824609,23.56905937194824
2019-02-19,23.50385183311746,23.644299094558463,23.42025253848989,23.54648780822754
2019-02-20,23.67941219092391,23.96197620039361,23.598321076671297,23.693622589111328
2019-02-21,23.678571035109456,23.68776665364588,23.318259689619776,23.48629379272461
2019-02-22,23.403529739473377,23.40770898591618,22.961290204309577,23.1151123046875
2019-02-25,23.472918719231657,23.477099560782992,23.28064146549061,23.290674209594727
2019-02-26,23.23465993346816,23.2413489605152,22.94373588989573,22.989715576171875
2019-02-27,22.840905992760085,22.99807179226442,22.536605540847592,22.69627952575684
2019-02-28,22.56921542506635,23.04907305175398,22.45719374073184,23.019813537597656
2019-03-01,23.21794818846708,23.25389514201877,22.666194979742293,22.801624298095703
2019-03-04,22.98971968310356,23.121806863439485,22.64362027307659,22.98052406311035
2019-03-05,23.03151392409938,23.44449396671237,22.9504228270406,23.15774917602539
2019-03-06,23.128488533410863,23.15106060973893,22.61184693613357,22.68457794189453
2019-03-07,22.58677179651812,22.599312727613164,22.07681911016576,22.196365356445312
2019-03-08,21.866148080843235,22.1336645465151,21.66885444823165,22.086013793945312
2019-03-11,22.144531710741106,22.6177018741584,22.074308881203155,22.493139266967773
2019-03-12,22.55165883255734,22.574230912457097,22.092700649040346,22.540790557861328
2019-03-13,22.61435923797045,22.829208578333752,22.48979662482948,22.67287826538086
2019-03-14,22.746443612325,22.760655603162427,22.3953278719018,22.42124366760254
2019-03-15,23.94776076694607,25.042071292308545,23.70030821224935,24.2679443359375
2019-03-18,24.26292972762418,24.827222138825995,24.261257072141603,24.564722061157227
2019-03-19,24.59147281218713,25.161617112460508,24.58729197084036,25.02200698852539
2019-03-20,25.13502676508519,25.219372816397648,24.484721267405863,24.547138214111328
2019-03-21,24.618835738156143,25.25058582945821,24.54461203621568,25.03381729125977
2019-03-22,24.95959096100163,25.003450785076545,24.57834849356867,24.683780670166016
2019-03-25,24.64582200999913,24.812826518707425,24.37591592830092,24.64244842529297
2019-03-26,24.828856331023665,25.259019808740423,24.81704797861146,25.05321502685547
2019-03-27,25.09876302880666,25.19238685617372,24.66775654702549,24.963809967041016
2019-03-28,25.0599676175008,25.582067402870507,24.93850888098677,25.225284576416016
2019-03-29,25.40662614764082,25.528927869085724,25.15864911934324,25.363609313964844
2019-04-01,25.56603556673898,25.873052693267876,25.2826335334836,25.792081832885746
2019-04-02,25.8232903585099,25.92366295740255,25.523863376235266,25.560976028442383
2019-04-03,25.828354275305347,25.92788228191897,25.457232540238,25.65797615051269
2019-04-04,25.704364478997807,25.80979665355582,25.44457912469173,25.472414016723636
2019-04-05,25.64110573737571,25.678218392242258,25.455545680577742,25.664722442626957
2019-04-08,25.65291124231749,25.750753246440564,25.47241238775804,25.681589126586918
2019-04-09,25.52133251025422,25.65038138438664,25.328180696076416,25.59471321105957
2019-04-10,25.60736959554925,25.95909121010198,25.5567609884605,25.93716049194336
2019-04-11,25.991138853283825,26.16320294396716,25.829193908498706,26.097414016723636
2019-04-12,26.261050348748025,26.77471535308204,26.19525979921096,26.74013328552246
2019-04-15,26.74012832069381,26.781459160511236,26.41455404534249,26.68699073791504
2019-04-16,26.99063111560491,26.99147410950238,26.661683313688908,26.864112854003903
2019-04-17,27.010880252558525,27.069925234935884,26.80845226382281,27.035343170166016
2019-04-18,27.07835614548933,27.19728265943537,26.83544032690156,26.874238967895508
2019-04-22,26.7645911085752,26.812667512198143,26.50143216225496,26.56890869140625
2019-04-23,26.71735507626679,26.829534412886183,26.5005865666616,26.622886657714844
2019-04-24,26.533481971158885,26.73844213681468,26.4162414487783,26.51239585876465
2019-04-25,26.39600112329561,26.39600112329561,25.85787485506493,26.300689697265625
2019-04-26,26.075487521232464,26.22730850901792,25.734729673103264,26.1817626953125
2019-04-29,26.25176387450749,26.541068449567373,26.184287358955373,26.37659454345703
2019-04-30,26.42720652479655,26.857368361110787,26.360572994625564,26.855682373046875
2019-05-01,27.03280497906278,27.26053882906996,26.88013941844253,26.897851943969727
2019-05-02,26.988946090887115,27.17535232984533,26.503959107073157,26.63806915283203
2019-05-03,26.564688575027148,26.708076381477177,26.20537526053697,26.6287899017334
2019-05-06,25.876430478941923,26.309967534137662,25.75497176305093,26.27960205078125
2019-05-07,26.0333157550986,26.11513123622174,25.61833417267542,25.91860580444336
2019-05-08,25.750751436013918,25.949807406335548,25.56603440681888,25.58965110778809
2019-05-09,25.303722027179248,25.79714383450093,25.038032495439012,25.64616584777832
2019-05-10,25.57615919933616,25.75919026951692,25.02200802424537,25.637731552124023
2019-05-13,24.782468263791586,24.93935205393444,24.30844491665983,24.7453556060791
2019-05-14,24.940191961970054,25.691711524089072,24.922479433865146,25.472414016723636
2019-05-15,25.32649627714516,25.959089341306942,25.18648203672735,25.672313690185547
2019-05-16,25.28264033759281,25.56519784412685,24.856693374698004,25.07514953613281
2019-05-17,24.694743751417448,24.761377279857385,24.326152664356265,24.450984954833984
2019-05-20,23.448115185918912,23.61259073105102,22.658639969614487,22.99180603027344
2019-05-21,23.37136113987028,23.59825203331816,23.165557968754,23.22291374206543
2019-05-22,22.81383858118907,23.20014226788841,22.686475675904248,22.707563400268555
2019-05-23,22.316194681409453,22.39294896550059,21.77553789037561,21.937482833862305
2019-05-24,22.15762385458565,22.414033988031477,21.57057668051409,21.587446212768555
2019-05-28,21.64058625882352,21.738428270041105,21.09402686510718,21.464303970336918
2019-05-29,21.31753765862726,21.62371175056618,21.21969727868312,21.433935165405277
2019-05-30,21.479487357879258,21.705533661315936,21.43394154304465,21.644805908203125
2019-05-31,21.342849012607054,21.570581311869446,21.17078328595554,21.224763870239254
2019-06-03,21.30151702344772,21.78903628799193,21.18765168431345,21.354656219482425
2019-06-04,21.67348319394124,22.43596981623504,21.57226919487594,22.41066551208496
2019-06-05,22.689847897331383,22.90071225815821,22.13232311933166,22.412351608276367
2019-06-06,22.522001835573867,23.19508120233376,22.375240411057423,23.008676528930664
2019-06-07,23.176520478088367,23.43714879944896,23.050000594720064,23.18411064147949
2019-06-10,23.34099488040664,24.019133682903057,23.340151886405053,23.63451766967773
2019-06-11,24.501591676943747,24.60786683666943,23.567041127270603,23.910327911376957
2019-06-12,23.75766514135864,23.883340439285977,23.398351776285114,23.59403419494629
2019-06-13,23.74501336658409,23.860566298155693,23.398351354334583,23.75260353088379
2019-06-14,21.77047804940964,22.612247790744103,21.716495865989675,22.43006134033203
2019-06-17,22.338122125824487,22.663697976627805,22.042913362816968,22.433433532714844
2019-06-18,22.617310810749952,23.87153156264815,22.47476598134427,23.452333450317383
2019-06-19,23.513905628901515,23.53836532722885,23.086272752607023,23.40509986877441
2019-06-20,23.828513519580454,24.076490512194496,23.377263958683084,23.536678314208984
2019-06-21,23.554560953535347,23.928389739168317,23.32890228484967,23.331457138061523
2019-06-24,23.461743886568684,23.796400430491182,23.417463552869933,23.77511215209961
2019-06-25,23.77170559608566,24.08847978290939,23.504319824023057,23.546045303344727
2019-06-26,23.72230987161732,24.18640136353918,23.68143547843161,23.965850830078125
2019-06-27,24.09273482035139,24.562787167857437,24.033126997619146,24.329463958740234
2019-06-28,24.51255226135254,24.63517549131876,24.2536837050768,24.51255226135254
2019-07-01,25.689379050775308,26.03595873595205,25.233803135701372,25.57612419128418
2019-07-02,25.450945009102657,25.603370473704217,25.026875202869014,25.14864730834961
2019-07-03,24.158308334913407,24.590892270877063,24.100402656846526,24.259641647338867
2019-07-05,24.15404613721632,24.30647324572657,24.01098736433269,24.069744110107425
2019-07-08,23.84323087207716,23.94456416150348,23.365514009025297,23.41405296325684
2019-07-09,23.285473650993048,23.50091453678098,23.19691298350861,23.462594985961918
2019-07-10,23.661005052218368,23.74105008503158,23.332309284599237,23.374887466430664
2019-07-11,23.43790133265532,23.626093161561915,23.242897644301475,23.50772857666016
2019-07-12,23.53497516993924,24.34819968309625,23.53497516993924,24.302215576171875
2019-07-15,24.78844416054522,25.077116524445724,24.46230170704299,24.553417205810547
2019-07-16,24.438464423795097,24.50658788907042,24.046754904509868,24.194923400878903
2019-07-17,24.316690361780417,24.464007760278303,24.114874848696324,24.27581596374512
2019-07-18,24.369489964588315,24.72032670524828,24.166821720798577,24.67604637145996
2019-07-19,24.85061340994045,24.963868288134982,24.65475702105699,24.694780349731445
2019-07-22,24.950240414332228,25.54547083224493,24.885524507779223,25.218477249145508
2019-07-23,25.503747133244225,25.74728815471705,25.479051301201395,25.612743377685547
2019-07-24,25.648510434135265,25.961878706363123,25.58890097949681,25.86735725402832
2019-07-25,25.727699195111526,25.727699195111526,25.49522868863881,25.579530715942383
2019-07-26,25.68172081648941,25.803491333263608,25.591456368358404,25.624666213989254
2019-07-29,25.65106117868104,25.763464969262333,25.287451823983105,25.694490432739254
2019-07-30,25.468832211184274,25.625516334803265,25.299373821922813,25.50885391235352
2019-07-31,25.54887581899597,25.616999276604343,24.411212615163965,24.693925857543945
2019-08-01,24.62069525628657,25.36068665550096,24.040793917903176,24.29796028137207
2019-08-02,24.01950238093184,24.17022570884893,23.49495031215136,23.718055725097656
2019-08-05,23.157742413822174,23.182438246130506,22.48757824729343,22.792430877685547
2019-08-06,23.00276045022321,23.17732692014832,22.528449453230696,22.688539505004883
2019-08-07,22.48331982979848,23.223311245853694,22.39561023762933,22.995948791503903
2019-08-08,23.024053521212,23.2096905185274,22.353036561293475,23.075145721435547
2019-08-09,22.95592253963708,23.89006638032153,22.95592253963708,23.47962188720703
2019-08-12,23.279507467241544,23.69080301771041,23.207978088758463,23.47195625305176
2019-08-13,23.443010819782103,24.311584610451906,23.16455454694522,24.158308029174805
2019-08-14,23.74019874677103,23.85600847653019,23.02405046543941,23.12453269958496
2019-08-15,23.162000392229974,23.228420079043328,22.553146224944445,22.87588119506836
2019-08-16,23.174770166518247,23.481326527272497,23.16029374955452,23.31357192993164
2019-08-19,23.80065715170812,23.849194487515547,23.469406563993864,23.73934555053711
2019-08-20,23.686552582295157,24.26560287685075,23.588625197802894,23.874744415283203
2019-08-21,24.23835251792157,24.546611074694564,24.18811140166451,24.48189353942871
2019-08-22,24.557681441540804,24.64453833096864,24.230687837227965,24.492111206054688
2019-08-23,24.18299901252353,24.30987921572103,23.081100506717345,23.173067092895508
2019-08-26,23.58351429245216,23.66866902982819,23.417463447874244,23.60650634765625
2019-08-27,23.770853840049316,23.86196773152682,23.409797706826044,23.465999603271484
2019-08-28,23.36041115282022,23.537532491981352,23.03171538371251,23.50772857666016
2019-08-29,23.97011509694739,24.310732413290214,23.93264662368266,24.130205154418945
2019-08-30,24.299662208108327,24.345646317842903,23.83471952526257,24.068042755126957
2019-09-03,23.843235085915595,23.91561555567164,23.070884928779336,23.336566925048828
2019-09-04,23.740199366841317,24.21365771144766,23.68995824845629,24.10040283203125
2019-09-05,24.555129325760586,25.00815049667329,24.555129325760586,24.781639099121094
2019-09-06,24.85231598293081,24.97579027657326,24.635172935655824,24.857425689697266
2019-09-09,25.120547713668383,25.307886806824172,24.728838257745025,24.917028427124023
2019-09-10,24.80973550688052,25.073713701384893,24.594294646418493,25.07286262512207
2019-09-11,25.23295959571007,25.442439731455256,25.082236222056128,25.37687110900879
2019-09-12,25.66809695505028,25.74473606427935,25.24573077784321,25.59571647644043
2019-09-13,25.34620649716273,25.375159330831057,24.174482427544973,24.72202491760254
2019-09-16,24.422283135419782,24.71776901892924,24.328612772013614,24.58066940307617
2019-09-17,24.526175448228827,24.63517332387841,24.162566045323885,24.595149993896484
2019-09-18,24.56619532671989,24.759495217228263,24.173633139091624,24.502328872680664
2019-09-19,24.567047703264176,24.860829834172467,24.45890091349572,24.749277114868164
2019-09-20,24.72177624327664,24.78451092265376,24.21903826148585,24.42872810363769
2019-09-23,24.37372873793969,24.677949256706256,24.241384829679838,24.5318546295166
2019-09-24,24.691695257981277,24.827476410246696,24.041144919388447,24.26114654541016
2019-09-25,23.35364095756519,23.822863471550743,23.20325017688814,23.69911193847656
2019-09-26,23.65528446585205,23.947473690580136,23.43356500489058,23.797082901000977
2019-09-27,23.77302036156314,24.172632046952245,23.45762751829194,23.55903434753418
2019-09-30,23.700829139976477,23.780751792598156,23.418092860041156,23.724891662597656
2019-10-01,23.913959391474314,24.032554213502305,23.493722429302288,23.620052337646484
2019-10-02,23.50059890448133,23.52981651739212,23.0588777713732,23.20926856994629
2019-10-03,23.203253661583837,23.58997521159829,22.9643461917508,23.583959579467773
2019-10-04,23.932867441981728,24.20872760721786,23.650131097910887,24.185523986816406
2019-10-07,24.06348969324855,24.15028689576704,23.69309726489323,23.725753784179688
2019-10-08,23.55215723759341,23.624344808672248,23.10957727183826,23.231609344482425
2019-10-09,23.519501842274824,23.625204842230275,23.37684450836066,23.473955154418945
2019-10-10,23.595131002911483,23.957790035255357,23.51692778287476,23.585678100585938
2019-10-11,24.01880272049663,24.413259327163363,23.984428384852567,24.14083480834961
2019-10-14,24.09872438293165,24.290365680856134,24.05231878587444,24.20528793334961
2019-10-15,24.28950913704336,24.97529446421023,24.251695890506905,24.949512481689453
2019-10-16,24.836075345939843,24.930607646384548,24.62466767064064,24.7913875579834
2019-10-17,24.934043027015058,25.068965288370517,24.777636600587428,24.873027801513672
2019-10-18,24.87904550126348,24.916857110409683,24.40638563470417,24.6409969329834
2019-10-21,24.787950600104782,25.085296585085068,24.66935576920087,24.88506126403809
2019-10-22,24.886776945637507,24.99591886484726,24.684823826465387,24.7037296295166
2019-10-23,24.31701180203599,24.36685631846507,23.95607219987213,24.09013557434082
2019-10-24,24.3109894088418,24.363412273162727,23.95091045372441,24.26114654541016
2019-10-25,24.342786780283568,25.03974270620256,24.339349511025667,24.906539916992188
2019-10-28,25.02169876829126,25.135136862881524,24.77763623079153,25.05521583557129
2019-10-29,25.117952434015155,25.239984531658767,24.75615231870824,24.763887405395508
2019-10-30,24.922870140506,25.005371168459924,24.622947465251745,24.942636489868164
2019-10-31,24.904823890200262,25.27263961673526,24.732948929696157,25.166934967041016
2019-11-01,25.178966959846544,25.488344192504883,25.10162265168196,25.488344192504883
2019-11-04,25.740142065507825,26.250613520616096,25.704048273249978,26.211082458496094
2019-11-05,26.211080253924447,27.22342908477017,26.165533563592327,26.98795890808105
2019-11-06,26.817800250773765,27.008582633927148,26.52990886092285,26.91233253479004
2019-11-07,27.12030667723334,27.45718371021967,26.69663243360808,26.79030418395996
2019-11-08,26.6296058681014,26.95015553091093,26.22226061444972,26.933826446533203
2019-11-11,26.743895287499384,26.91920750253965,26.712956584329003,26.877098083496094
2019-11-12,26.98452186389297,27.190772792228827,26.920928278418668,27.11600685119629
2019-11-13,26.853897929431074,27.13147755137217,26.81264905177807,26.956165313720703
2019-11-14,26.70522067764863,26.79889240783111,26.30646795569484,26.552249908447266
2019-11-15,26.835848836209543,26.90374023790388,26.647644803008795,26.890850067138672
2019-11-18,26.79717190284796,26.933813589467626,26.471467309151063,26.73271942138672
2019-11-19,27.212259572026102,27.98742044524948,27.212259572026102,27.302494049072266
2019-11-20,27.147804394456305,27.227727059256555,26.55483195253841,26.78428649902344
2019-11-21,26.73874118252512,27.130617801591374,26.62358362998931,27.09194564819336
2019-11-22,27.21139578944552,27.455459941407963,26.959598191305435,27.06358337402344
2019-11-25,27.20882304265737,27.515623569718414,27.17960542787064,27.46749687194824
2019-11-26,27.41421706914324,27.515625557479545,27.160699946144963,27.179607391357425
2019-11-27,27.3231186306332,27.494993586592564,27.19678872675702,27.366086959838867
2019-11-29,27.22944569938489,27.31022727424646,27.07046091171879,27.17444610595703
2019-12-02,27.30421300747109,27.32225990363587,26.688897444229053,26.7026481628418
2019-12-03,26.28155091219548,26.554832702631742,26.05037690481565,26.341707229614254
2019-12-04,26.61928711757215,26.758505556743607,26.394128739556887,26.616708755493164
2019-12-05,26.691473947424395,26.85217818634865,26.559988959056675,26.7430362701416
2019-12-06,27.039520686397765,27.185615285847767,26.817799605898674,27.16069221496582
2019-12-09,27.156399568091278,27.25522803951608,26.979366243695992,27.017179489135746
2019-12-10,27.079056013734306,27.14866523557634,26.920071219561788,27.075618743896484
2019-12-11,27.085930664453134,27.616166829472657,27.085930664453134,27.476089477539062
2019-12-12,27.47694859490516,28.3732810517507,27.45116825125068,28.170467376708984
2019-12-13,27.333430217136183,27.48038373765688,26.694052173462165,27.10655403137207
2019-12-16,27.32570124732214,28.153281821588884,27.287887997120592,27.769140243530277
2019-12-17,27.82156446632562,27.92554804091717,27.650546743959925,27.82672119140625
2019-12-18,27.87827989232176,28.462658426140397,27.805233395162887,28.1395320892334
2019-12-19,28.291641509501837,28.295936047823076,27.818980032283243,27.85249710083008
2019-12-20,27.99313124745954,27.99313124745954,27.510474667418173,27.691904067993164
2019-12-23,27.82558355394113,27.980971433772705,27.571233754946068,27.737905502319336
2019-12-24,27.7787113702381,27.83774182068779,27.692770173935195,27.822114944458008
2019-12-26,27.888954006401853,27.92975475235145,27.502656610248632,27.603355407714844
2019-12-27,27.71794934419929,27.72228903989512,27.36376990646764,27.477489471435547
2019-12-30,27.476615053612147,27.546929365492797,27.149346446378456,27.210981369018555
2019-12-31,27.18146668645409,27.462725595296284,27.1536883354092,27.433210372924805
2020-01-02,27.719678055920028,27.995729660429333,27.54606212123737,27.98617935180664
2020-01-03,27.56255612035779,27.778709681923413,27.26480437405493,27.27435302734375
2020-01-06,26.98441394462607,27.25091693264933,26.878507829185725,27.23355484008789
2020-01-07,27.36636509260628,27.481821490087967,27.10594039004493,27.139795303344727
2020-01-08,27.169314358591137,27.213587193458817,26.772599027640226,26.801246643066406
2020-01-09,27.1120185299064,27.170179708003182,26.30730406602651,26.58595848083496
2020-01-10,26.515644735323555,26.524325780196374,25.938367669330912,25.974828720092773
2020-01-13,26.044280410106584,26.372415028132085,26.013895919363897,26.14497756958008
2020-01-14,26.21615395771749,26.836834540713983,26.180562173420995,26.75263023376465
2020-01-15,26.67711160511226,26.72659174405353,26.103306573965416,26.31511878967285
2020-01-16,26.476581821280966,26.724853421833743,26.40800272331706,26.654539108276367
2020-01-17,26.79430224334568,26.818608509494187,26.395851675490995,26.805587768554688
2020-01-21,26.7196507637884,26.868092854096574,26.592041198663505,26.743087768554688
2020-01-22,26.980072281012777,27.59814849174167,26.954029144070606,27.16844749450684
2020-01-23,27.36029484228273,27.76134990400908,26.981810831792465,27.748329162597656
2020-01-24,28.69019912186742,28.7839537544784,27.84555306642974,28.125946044921875
2020-01-27,27.46706900987462,27.76829451077913,26.79256681804888,26.8264217376709
2020-01-28,27.217066029482933,27.71187415035521,27.151091392601224,27.632009506225582
2020-01-29,27.849890518392066,28.250076243725143,27.53043536202078,27.56255340576172
2020-01-30,27.285641293891192,27.38981220051322,26.78822873321934,27.36203384399414
2020-01-31,27.27175063949688,27.30821003979928,26.356788577412,26.49047470092773
2020-02-03,26.53127404277456,26.615478369704427,26.3585256936796,26.496551513671875
2020-02-04,27.06601306841005,27.30734050427551,26.880242336967385,27.04951858520508
2020-02-05,27.561685791334817,27.76221411356213,27.419320302402586,27.55126953125
2020-02-06,27.678010325464776,27.768291204199866,27.27782293692291,27.75179672241211
2020-02-07,27.63286788324107,27.650228315785675,27.33337765542337,27.3646297454834
2020-02-10,27.116360883505703,27.309943397389407,26.93666837363317,27.27522087097168
2020-02-11,27.48789902349928,27.847283999787475,27.43234066991284,27.79259490966797
2020-02-12,27.955801313585194,28.22056743927883,27.920209519316547,28.18671417236328
2020-02-13,27.907183245418665,28.25268320142262,27.86117685355443,28.123336791992188
2020-02-14,28.198865322938858,28.273519337969866,27.526965941738037,27.585128784179688
2020-02-18,27.344670073194308,27.34553768110533,26.741351426974024,26.97573471069336
2020-02-19,27.171048264044767,27.50352582981965,27.058197990639894,27.404563903808597
2020-02-20,27.254388277038053,27.404567227694,26.573809499993217,26.84465217590332
2020-02-21,26.78040954041576,26.862876979191537,26.24132876624879,26.43317604064941
2020-02-24,25.53905290672045,25.938371089076824,25.179666211451664,25.313350677490234
2020-02-25,25.53123519520079,25.671865467958877,24.39925380700049,24.53901481628418
2020-02-26,24.683988032454195,25.018200841341137,24.65360520034994,24.816804885864254
2020-02-27,24.332415332118533,24.76732530060114,23.745589543976703,23.78118133544922
2020-02-28,22.859272204230948,23.796803517217626,22.808055198972284,23.665721893310547
2020-03-02,24.025113318824587,24.775138797925848,23.538117073769808,24.73781013488769
2020-03-03,24.71003125406092,25.042507192647168,23.574575970107794,23.807222366333008
2020-03-04,24.09281904172853,24.802912912832475,23.85235924357925,24.77947425842285
2020-03-05,24.06851756123356,24.57461112792989,23.650969671955885,23.78899383544922
2020-03-06,23.17612627905456,23.519020147700584,22.787224356442373,23.39054298400879
2020-03-09,21.795869178268116,22.59363951317328,21.202966873354345,21.50419235229492
2020-03-10,22.274183351187823,22.88965502174269,21.12917953872459,22.821945190429688
2020-03-11,22.038933016151407,22.26550282647714,21.050184675303,21.352277755737305
2020-03-12,19.70464952809387,21.073618491737538,18.778403857671304,18.991952896118164
2020-03-13,19.57617906866729,20.353982899557614,17.462391579948566,20.3322811126709
2020-03-16,18.071788857979268,18.993693437191755,15.645491936485476,16.283533096313477
2020-03-17,16.651598691713424,17.362560215952943,15.754000495216848,17.319156646728516
2020-03-18,16.116861523497324,16.27485225987835,13.513475698240804,14.572539329528809
2020-03-19,14.55256932899416,18.010149916068134,14.323395061001808,16.87990379333496
2020-03-20,17.833377786005418,18.42311456073622,16.58945524014138,16.969959259033203
2020-03-23,17.028221330569366,17.301018957168186,15.692483719358226,17.08030891418457
2020-03-24,18.154727719301857,19.30860100768391,17.770692649341694,18.78330993652344
2020-03-25,18.732984604364727,21.54129884342712,18.470781988216647,19.206186294555664
2020-03-26,19.95484167509858,21.611932098455576,19.95484167509858,21.4680290222168
2020-03-27,20.570180511749008,21.37268278034204,20.30532906703707,20.36624526977539
2020-03-30,20.49954904789968,21.30823100269352,20.167601614256185,21.1978759765625
2020-03-31,21.011596103115554,22.310254631073008,20.84032657252657,20.9321403503418
2020-04-01,20.127873532273316,20.694657115827336,19.39423387834834,19.742956161499023
2020-04-02,19.634362847989337,21.00717941879726,19.55049364799347,20.928606033325195
2020-04-03,20.891530614582265,21.413288835332462,20.353881579676948,20.681415557861328
2020-04-06,21.592505246833014,22.37205261252709,21.50245618176879,22.28641700744629
2020-04-07,23.116289862990325,23.439408717858484,22.29436577934088,22.359695434570312
2020-04-08,22.668695823426944,23.148077573909003,22.392366986181937,23.050966262817383
2020-04-09,23.465017877156043,23.615983183830604,22.186664883917437,22.450634002685547
2020-04-13,22.3800032008818,23.088041201729432,22.31820464582648,22.946786880493164
2020-04-14,23.49414501375272,23.69366676811604,23.158666449497392,23.62745475769043
2020-04-15,23.042132367920924,23.158667261596054,22.61483663518927,22.727840423583984
2020-04-16,23.1092269154438,23.1092269154438,22.43385297897513,22.802881240844727
2020-04-17,23.23811933561165,23.609794628560007,22.860262504548377,23.47295379638672
2020-04-20,22.953851289129336,23.418224535781476,22.769337961687928,22.802001953125
2020-04-21,22.473581355006942,22.493887314352158,21.7884981273992,21.86353874206543
2020-04-22,22.49212496558841,23.149841825783724,22.13634038064249,22.951202392578125
2020-04-23,22.975915600144045,23.412922234954102,22.8231839509625,22.8593807220459
2020-04-24,22.93707412244566,23.401447288252804,22.85496961264024,23.378494262695312
2020-04-27,23.33788001615428,23.944391470852604,23.33788001615428,23.69984436035156
2020-04-28,24.21101268134328,24.402589878940752,23.317579047780505,23.371431350708008
2020-04-29,23.932035672140813,24.453793960882603,23.768710681338916,24.3681583404541
2020-04-30,24.14833403558173,24.194241776811293,23.73074921953875,23.979711532592773
2020-05-01,23.48354887784601,23.64687383794112,22.7949329384886,22.927358627319336
2020-05-04,22.884105223809744,23.16838027259638,22.540680367601468,23.15337181091309
2020-05-05,23.532109179898743,23.743106613989173,23.281382180431876,23.383790969848636
2020-05-06,23.68925359680101,23.87906439332954,23.27343522864967,23.322874069213867
2020-05-07,23.83668564849605,23.878179919650822,23.48354990159144,23.63804626464844
2020-05-08,24.03091136692031,24.32666373082056,23.83933586494219,24.2807559967041
2020-05-11,24.13420188311184,24.431718929187717,23.991181194833526,24.313419342041016
2020-05-12,24.4175948782251,24.51823725917386,23.67954008666865,23.69984436035156
2020-05-13,23.842868123989398,23.865822834100666,22.89734691037429,23.231943130493164
2020-05-14,23.038602584296896,23.56742309680132,22.490358465809507,23.536523818969727
2020-05-15,22.90264543245242,23.312284002624143,22.66869326249567,22.990047454833984
2020-05-18,23.71485511514501,24.43083930799821,23.66011877543296,24.14833068847656
2020-05-19,24.148330156965116,24.36904022159404,23.97882364187565,24.00884056091309
2020-05-20,24.45202774082057,24.83518043676929,24.3734543360348,24.60299301147461
2020-05-21,24.62418113586964,24.67538637027108,24.247208297871502,24.26045036315918
2020-05-22,24.16687167463951,24.476748482239746,23.881714288506853,24.423778533935547
2020-05-26,25.16094818263529,25.34546147933552,24.84224278510429,24.89786148071289
2020-05-27,24.98614590963632,25.40814413373138,24.71952810183897,25.389604568481445
2020-05-28,25.16094936977465,25.540570980564667,24.934059432224444,24.996740341186523
2020-05-29,24.97555177936722,25.7789362817616,24.8881497718368,25.714488983154297
2020-06-01,25.63944769213762,25.699481532708443,25.370181132673924,25.601486206054688
2020-06-02,25.693300320093787,26.336890942132165,25.610313457967298,26.313936233520508
2020-06-03,26.577907048632664,27.44309014570322,26.530234601539885,27.326555252075195
2020-06-04,26.9928408499147,27.6328986729746,26.670602682426303,27.27005195617676
2020-06-05,28.224400670524656,28.966870614536926,27.817412630354763,27.99309730529785
2020-06-08,28.030177880439066,28.148479160722967,27.664682408344223,28.031944274902344
2020-06-09,27.54461703195375,28.152010893787864,27.506653863161507,27.837718963623047
2020-06-10,27.955141907807672,28.18114782299407,27.78298661636984,27.813003540039062
2020-06-11,27.15793424516092,27.24003876193273,25.902536162335,25.93343544006348
2020-06-12,26.734168362026647,26.83393007915493,25.84338353746485,26.50727844238281
2020-06-15,26.04378841872025,27.08112508048848,25.815132097781987,26.846290588378903
2020-06-16,27.36805278258233,27.769745102842275,26.838348198400624,27.431617736816406
2020-06-17,27.66998272023992,27.960437626699804,27.526081325986024,27.671749114990234
2020-06-18,27.555208979681176,28.173197810090677,27.502239037723932,28.137001037597656
2020-06-19,28.33501587382824,28.37247701370332,27.00514030456543,27.00514030456543
2020-06-22,27.24863645096273,28.022836708300407,27.07292636051999,27.96575355529785
2020-06-23,28.101327834904406,28.313607615159118,27.765067340227333,27.765958786010746
2020-06-24,27.578648647224632,27.73652128826488,27.16033097593478,27.37974739074707
2020-06-25,27.298582505588985,27.60362364512395,27.02564872122587,27.54743194580078
2020-06-26,27.968426361213822,28.16554303655713,27.03902958151426,27.41899299621582
2020-06-29,27.4778583688544,27.686572326367617,27.1549781283638,27.630380630493164
2020-06-30,27.645547409597413,28.280605524448465,27.36012656028359,28.15038299560547
2020-07-01,28.10577909672636,28.260975682316108,27.82303604838016,27.89349937438965
2020-07-02,28.341257709922942,28.48664333035884,28.06564955351207,28.13789749145508
2020-07-06,28.541937827697478,28.630238576821096,28.30468230262177,28.43401336669922
2020-07-07,28.304687280235505,28.37782666205425,27.8774499915848,27.92829132080078
2020-07-08,28.19765720645581,28.527672482671825,28.01748648360502,28.503591537475582
2020-07-09,28.54283519709989,28.928150730029927,28.11827393350757,28.67573547363281
2020-07-10,28.71230445049557,28.808631630096208,28.13522091003017,28.49199485778809
2020-07-13,28.691787652904896,28.85679698636728,27.701740158292477,27.7668514251709
2020-07-14,27.5599211883914,28.2047903147741,27.22098467161509,28.10310935974121
2020-07-15,28.180708939720876,28.343042237038475,27.665170874174173,27.987159729003903
2020-07-16,27.704414265614435,27.99607692696936,27.58757023143857,27.7695255279541
2020-07-17,28.020161366966317,28.11470565472039,27.65000722780895,27.891721725463867
2020-07-20,27.8150135023381,28.3323361249297,27.673195376392297,28.28595542907715
2020-07-21,28.473262384009253,28.473262384009253,27.88815246834656,28.03710556030273
2020-07-22,28.0968599255518,28.15662080220832,27.68300292534248,27.98893547058105
2020-07-23,27.95058808396104,28.193194015354635,27.50551169326785,27.62057113647461
2020-07-24,27.34585849980173,27.731174035901567,27.130900977026712,27.274503707885746
2020-07-27,27.49837623522378,27.914017897498685,27.42613000501631,27.8890438079834
2020-07-28,27.755251790656114,27.838202168212863,27.307499401962872,27.41364097595215
2020-07-29,27.518890373304725,27.75971169879941,27.42166835595927,27.54743194580078
2020-07-30,27.29323307198781,27.911343525628137,27.29323307198781,27.837312698364254
2020-07-31,28.06921509842508,28.399232046936188,27.77487639352913,28.25206184387207
2020-08-03,28.363552603664107,28.853225078314846,28.299334489844625,28.651649475097656
2020-08-04,28.58653145146864,29.30810896957896,28.57672214822822,29.29026985168457
2020-08-05,29.2777893184848,29.574804062654625,29.059266030007848,29.392847061157227
2020-08-06,29.23497827661158,29.512371028065072,29.024481386484123,29.35895729064941
2020-08-07,29.290278058419094,29.40979643908869,28.67394878147397,29.070859909057617
2020-08-10,28.91833915334489,29.36876421802992,28.9040658144744,29.198406219482425
2020-08-11,29.217137298173974,29.730000999154164,28.78811713059094,28.901391983032227
2020-08-12,29.06371634847245,29.95832955363775,29.02001170116822,29.758533477783203
2020-08-13,29.63099821867219,29.738029556231584,29.24211349583305,29.38214874267578
2020-08-14,29.25726900586617,29.420495420526,29.07709831953257,29.23943328857422
2020-08-17,29.390169676864645,29.59353156203156,29.34468213243866,29.462417602539062
2020-08-18,29.599779841733245,29.717515330758257,29.267978280633297,29.31257438659668
2020-08-19,29.386602559832365,29.70948282908281,29.27689689761855,29.363414764404297
2020-08-20,29.22784572604301,29.4329905559416,29.08245839116888,29.329524993896484
2020-08-21,29.28224719210387,29.474904926603568,28.9879068128216,29.435657501220703
2020-08-24,29.613153065094995,29.98598148027056,29.53555306450263,29.7906494140625
2020-08-25,29.87984426515268,30.06625848930465,29.70145645471857,29.981523513793945
2020-08-26,29.856651002541813,30.46049313769692,29.7469453477692,30.296375274658203
2020-08-27,30.36951909311913,30.441767029556377,29.981525830627465,30.24910926818848
2020-08-28,30.23661827462534,30.75572204589844,30.12066569365294,30.75572204589844
2020-08-31,30.63977880674729,31.269483204709434,30.63977880674729,30.963550567626957
2020-09-01,31.21774777522845,32.29431475892165,30.98762889451708,32.06865310668945
2020-09-02,32.63235675316517,33.80079369275808,32.42810340534754,33.44847869873047
2020-09-03,32.645741701123725,32.90350903509075,31.23202096172689,31.404165267944336
2020-09-04,32.196197424118004,33.22727333370934,31.529920103227575,32.372798919677734
2020-09-08,31.455007327426763,32.354972957521795,31.2177534356651,31.265918731689453
2020-09-09,31.767181469877315,32.27469307811414,31.3158615632363,32.11235809326172
2020-09-10,32.29966781938908,32.80807088358842,31.609307753762543,31.849239349365234
2020-09-11,32.1542807894328,32.49053956303649,31.635173567075075,32.08292770385742
2020-09-14,32.50302272964736,32.63502811999323,32.051702911042106,32.305904388427734
2020-09-15,32.67159675636712,33.10150825861707,32.586861799128016,32.72600555419922
2020-09-16,32.83929253009025,33.18001197367688,32.67606607618936,32.73760986328125
2020-09-17,31.663721323180404,33.01232919627482,31.663721323180404,32.63771438598633
2020-09-18,32.74474426060577,32.80896237740091,31.66817724254303,32.085601806640625
2020-09-21,31.503254168901623,31.678767012686595,30.91551034873826,31.66346740722656
2020-09-22,32.07570145596396,32.564437373424234,31.767875836731797,32.545536041259766
2020-09-23,32.41863250383224,32.51133659935233,31.506863689996973,31.64547348022461
2020-09-24,31.520361327926445,32.1837105741921,31.42045378979064,31.729175567626957
2020-09-25,31.686872160484285,32.197208114269465,31.34754433072255,32.114402770996094
2020-09-28,32.5536330664757,33.161177800173974,32.315115784122504,33.059471130371094
2020-09-29,33.07657778896082,33.37450125572203,32.76155213494667,32.78585433959961
2020-09-30,32.6679457789018,33.39250033595321,32.55634035645643,32.791255950927734
2020-10-01,33.21068409307874,33.36639604716934,32.8362557449169,33.176483154296875
2020-10-02,32.402422300248745,32.845255926908415,32.05589790582636,32.11709976196289
2020-10-05,32.47803307050291,33.01897516586576,32.39342857176388,32.95146942138672
2020-10-06,32.95238145634187,33.48252200904041,32.58425337826903,32.76066589355469
2020-10-07,33.153981568484326,33.28989262368201,32.94786605326171,33.009071350097656
2020-10-08,33.29258626965262,33.68861805931559,33.15037822533075,33.60221099853516
2020-10-09,33.83623176530361,34.20256053591689,33.66252147979625,33.90553665161133
2020-10-12,34.3636725230942,34.66159253956401,34.18365836431059,34.4212760925293
2020-10-13,34.59948518543511,34.904605166692455,34.07744455763265,34.33666229248047
2020-10-14,34.521187707136114,34.53918946849191,34.00904909873811,34.22956466674805
2020-10-15,33.757034147424704,34.24666973696021,33.75433199457725,34.196266174316406
2020-10-16,34.49778359955234,34.49778359955234,34.036048569291665,34.0810546875
2020-10-19,34.314164519807,34.527480019729715,33.76602251780049,33.82182693481445
2020-10-20,33.933435955979014,34.30516211369365,33.80292579128229,33.931636810302734
2020-10-21,33.8218263896185,33.919934762599084,33.330388385380935,33.487003326416016
2020-10-22,33.39970417552932,33.69042420134755,33.042374544400325,33.60581970214844
2020-10-23,33.595902821081744,33.65710809450145,33.37088605911417,33.547298431396484
2020-10-26,33.266498678531335,33.29890048135042,32.18731984584429,32.676055908203125
2020-10-27,32.86866442072306,32.86866442072306,32.33222361817579,32.366424560546875
2020-10-28,31.86238045635886,31.93978491759412,31.100023423231114,31.25123405456543
2020-10-29,31.25573706211452,32.35201763275475,31.08562165907171,31.95328712463379
2020-10-30,31.4474440678951,31.771468777401008,31.00011266368646,31.46904754638672
2020-11-02,31.955995172434537,31.987497394831585,31.3538477879243,31.6148681640625
2020-11-03,32.03789658969226,32.334017439916714,31.201733300262585,31.84078025817871
2020-11-04,32.445639189271645,33.210695324034745,32.14501692156326,32.81916809082031
2020-11-05,33.5149021517221,34.44107069174071,33.48339993721412,34.280860900878906
2020-11-06,34.207058694476075,34.53288261755771,33.947837499222146,34.25836181640625
2020-11-09,35.0216227007043,35.452755071450845,33.753427366011934,33.80113220214844
2020-11-10,33.33130081778494,33.59051863571683,32.43483161515776,32.68415069580078
2020-11-11,33.37989641716919,33.94514066307876,33.17198176579941,33.835330963134766
2020-11-12,33.953246079100666,34.076556261093856,33.14768525075906,33.320499420166016
2020-11-13,33.75251938550586,33.96223657748856,33.44469726021404,33.61750793457031
2020-11-16,33.735424432942004,34.32587047228748,33.662521255277554,34.27546691894531
2020-11-17,34.08195560096909,34.42217961902408,33.93524279148792,34.256568908691406
2020-11-18,34.19265522797246,34.64719017580288,34.168356459808905,34.25836181640625
2020-11-19,33.99734130573918,34.63819084068204,33.69402044006267,34.59228515625
2020-11-20,34.59048740291634,34.99911668049552,34.44557719428174,34.502281188964844
2020-11-23,34.685894477777794,35.02612188764088,34.4725789544712,34.83260726928711
2020-11-24,34.97842032659674,35.355547429365714,34.75880433873815,35.3033447265625
2020-11-25,35.3582514030667,35.597668310061934,35.01262650547799,35.177337646484375
2020-11-27,35.386151945656074,35.92799364301021,35.37265148273526,35.54816436767578
2020-11-30,35.464446228588734,36.19710014705085,35.349235683170846,36.1448974609375
2020-12-01,36.31411682521888,36.60393723975984,36.01349466889204,36.414024353027344
2020-12-02,36.42932198010923,36.489627696072205,36.10259849345443,36.338417053222656
2020-12-03,36.40772822532888,36.60034328708432,35.83168561956346,35.98469543457031
2020-12-04,36.21871004369064,37.118777353157775,36.21780703731861,37.05397033691406
2020-12-07,37.47970273001479,38.05844742538303,37.20338277324093,37.8829345703125
2020-12-08,37.73802266946893,38.40586968830772,37.63721557228572,38.10974884033203
2020-12-09,37.755123663088206,38.35187012579617,37.2330863883186,37.46260452270508
2020-12-10,37.03236949750168,37.375295602050194,36.72364432937905,36.9063606262207
2020-12-11,36.36273108054358,36.63275066394912,35.84789026225194,36.52654266357422
2020-12-14,36.59043391809863,37.28978655807238,36.54272909017823,37.06476974487305
2020-12-15,37.37799717386985,37.74792422664969,37.171881666259694,37.62821578979492
2020-12-16,37.62281725313499,38.44637976173941,37.52921015958919,38.24386596679688
2020-12-17,38.38787119132314,38.70379294147005,38.21235834491169,38.35186767578125
2020-12-18,38.560649389197934,39.545542744536895,38.30648425562407,39.44660186767578
2020-12-21,38.86474092424732,39.21422145116119,38.46079841798916,38.93100738525391
2020-12-22,38.93100602364559,39.35491813835305,38.8511240705968,39.31407165527344
2020-12-23,39.486539039676494,39.57731130754525,38.58606387592945,38.62055969238281
2020-12-24,38.89560831050775,39.21422546580016,38.81209739428736,39.16520690917969
2020-12-28,39.42663658234867,39.69260625001959,39.13707179801813,39.20333480834961
2020-12-29,39.561891606402064,39.561891606402064,38.741298180052254,38.94553756713867
2020-12-30,39.18427239448075,39.75886923490388,39.04175636634179,39.47111892700195
2020-12-31,39.60545606026791,39.80424851961267,39.30953373479379,39.74524688720703
2021-01-04,39.87958962302494,40.14374129806052,38.23749588079824,38.59877395629883
2021-01-05,38.58334665321657,38.977302635419775,38.34279699889916,38.86020660400391
2021-01-06,38.424488962103865,39.44841427164281,38.17395279345964,38.62055969238281
2021-01-07,39.21966954938095,40.35706203782031,39.087140086026935,40.24813461303711
2021-01-08,40.57583095032954,40.84724402816274,39.81787164122517,40.45237731933594
2021-01-11,39.99578069821601,40.737399212386,39.978532789679925,40.46326446533203
2021-01-12,40.64572200744729,41.28023108017885,40.44874402458156,40.79277420043945
2021-01-13,40.875377440254944,41.16494563337638,40.676584983557,40.95798110961914
2021-01-14,41.16676387292125,41.619721469435206,40.9688751899898,41.03604888916016
2021-01-15,40.68294356096537,40.84815091776048,40.00032656956455,40.471439361572266
2021-01-19,40.69201179618448,41.709586426666434,40.69201179618448,41.68961334228516
2021-01-20,41.712306878345295,42.28145666023234,41.30201028963965,41.92653274536133
2021-01-21,41.94741350242168,42.61550767646472,41.79219270897688,42.37495803833008
2021-01-22,42.09356746272,42.44123009012469,41.9719283079758,42.211570739746094
2021-01-25,42.62368052110079,42.66361976761527,41.40005198452887,42.19068908691406
2021-01-26,41.9964285708995,42.394016908131945,41.92653316519978,42.10717391967773
2021-01-27,41.35103246517606,41.4799295067453,40.077478168897656,40.36704635620117
2021-01-28,41.35012955026136,41.61791020416047,40.57855130782926,41.00609588623047
2021-01-29,40.839069821252345,41.58341353187638,40.63301253942005,40.893531799316406
2021-02-01,41.3791654049566,42.60188651872382,41.17401885018008,42.36769104003906
2021-02-02,42.64182900523336,43.2963041316341,42.48206511865957,43.28813552856445
2021-02-03,43.2926877104836,43.43701820776602,42.17253955559524,42.22700500488281
2021-02-04,41.75587866469465,42.76891361553087,41.52713006580064,42.720802307128906
2021-02-05,43.05665982750065,43.291765994972565,42.24242085115672,42.30142593383789
2021-02-08,42.55015031617925,42.974062421636354,42.26239661408985,42.90870666503906
2021-02-09,42.84516909242395,43.13473729538595,42.53835297954429,43.08390426635742
2021-02-10,43.31809465193295,43.343511163433895,42.25422665765925,42.668155670166016
2021-02-11,42.998567985614535,43.51234854048292,42.59008588527992,43.42520523071289
2021-02-12,43.4243082907601,44.20859133919984,43.1075056142033,44.145050048828125
2021-02-16,44.55897263227676,44.912989330594,44.20858488559923,44.40011596679688
2021-02-17,43.955327661922205,44.12688912346811,43.122933404274136,43.79647445678711
2021-02-18,43.59223358910226,44.06244255992019,43.12928944747605,43.867279052734375
2021-02-19,44.22946731575392,44.94567286925276,44.18589565140954,44.4754638671875
2021-02-22,43.934446892648616,44.17136409101745,43.14653160253852,43.24093627929688
2021-02-23,42.76709429336872,43.08298965752448,41.39822823298628,42.836082458496094
2021-02-24,42.45301806766977,43.6993376999399,41.99733192188899,43.65122985839844
2021-02-25,43.0947886755465,43.51507180812515,41.32107286793176,41.49808120727539
2021-02-26,42.43940970966289,43.18647865553186,41.82305921709087,42.65182113647461
2021-03-01,43.54412850017141,44.47909614785548,43.01401062544455,44.44097137451172
2021-03-02,44.512677398861705,44.55715629722953,43.53504540997174,43.61764907836914
2021-03-03,43.38981134880016,43.69753471150963,41.93470891136349,42.033653259277344
2021-03-04,41.90747530574749,42.391299770688,40.07021801250535,40.26628875732422
2021-03-05,41.23393420658457,41.39278741843603,39.30499393887612,40.86085510253906
2021-03-08,40.560384173573546,40.6629609072212,38.057754956887074,38.23839569091797
2021-03-09,39.5491766628847,40.566747936555736,39.087139752429145,40.26719665527344
2021-03-10,40.60759396722359,41.21396130058937,39.49561464734973,39.721641540527344
2021-03-11,40.75918951732273,41.52441011966672,40.130127328391154,41.183101654052734
2021-03-12,40.42695719640334,41.16494681413009,40.35070765326467,40.95435333251953
2021-03-15,41.318353327111225,42.77527006133576,41.13771256409005,42.73351287841797
2021-03-16,42.778903090116025,43.93445420045568,42.42851877378767,43.40615081787109
2021-03-17,42.69084804245711,44.23127912753771,42.66452429244018,43.89723205566406
2021-03-18,43.07755309423623,43.87545164224512,42.09628857865771,42.132598876953125
2021-03-19,41.81240070052093,43.60821367725831,41.542523429908265,43.405120849609375
2021-03-22,43.26332592129607,44.02903855956646,43.14988623640989,43.48014068603516
2021-03-23,43.34291412565886,43.48837279383941,42.32470693820253,42.45369720458984
2021-03-24,42.94678733777803,42.99618904677814,41.79592922892444,41.83252334594727
2021-03-25,41.62119637860503,42.45003606476515,41.10431754020356,42.23779296875
2021-03-26,41.77488970985676,44.18638481929354,41.77488970985676,44.09856033325195
2021-03-29,43.94853662243533,44.018064060155375,42.83884409753151,43.23679733276367
2021-03-30,42.43722579807418,42.4482047309228,41.31564021343102,41.73097610473633
2021-03-31,41.99079900462486,42.72906785761677,41.387009897556105,42.417110443115234
2021-04-01,43.18647993755066,43.59906941316388,42.92392077773745,43.54143524169922
2021-04-05,43.93939156561493,44.79384664043318,43.62103033553945,44.68772506713867
2021-04-06,44.19736666449212,44.66392947884327,43.70518517436771,44.2659797668457
2021-04-07,43.91285669814588,44.269640671521095,43.72897524404837,44.13698959350586
2021-04-08,44.641977067685865,44.641977067685865,43.922919680099845,44.41326904296875
2021-04-09,43.9119454390307,44.397719716179125,43.59541288478484,44.37759399414063
2021-04-12,44.08850388962501,44.40777939745744,43.78386463441423,44.247684478759766
2021-04-13,44.36936439146429,44.663939093484,43.93847778492033,44.36570358276367
2021-04-14,44.13791390358907,44.752678506980295,43.47191542677376,43.66494369506836
2021-04-15,44.061975335294846,44.12326682561616,43.61736687148368,43.91194152832031
2021-04-16,43.95585974835304,44.07478891662821,43.617372796901584,43.80125427246094
2021-04-19,43.59448982136502,43.61919067658437,42.08684775215393,42.26523971557617
2021-04-20,42.08319218914338,42.267987971771376,41.58277820583034,41.83161544799805
2021-04-21,41.6449931953218,42.113388257641816,41.405306196035085,42.06307220458984
2021-04-22,41.634008022894776,42.18656670417333,41.07596336411933,41.63492584228516
2021-04-23,41.944134759351954,42.80041833220785,41.85356727765003,42.64306640625
2021-04-26,42.724489652647975,43.34749010727105,42.40887145235608,43.16635513305664
2021-04-27,43.33559876469612,43.38682914268984,42.54518522433134,42.6631965637207
2021-04-28,42.57354238750367,42.62843357253482,41.72091955423775,42.009090423583984
2021-04-29,42.968754108592016,42.968754108592016,41.99354127769596,42.657711029052734
2021-04-30,42.05574586324806,42.14905982356092,41.51873778893778,41.73463821411133
2021-05-03,42.05940827895388,42.067644225437625,41.01009634980748,41.18025588989258
2021-05-04,40.91312229449013,40.9570345434736,40.00652262810136,40.667945861816406
2021-05-05,41.20495340538315,41.29918169900963,40.46942760715751,40.60299301147461
2021-05-06,40.600253874098186,41.08419949203458,40.23798040789429,41.03754425048828
2021-05-07,41.58736202118657,41.93408494948941,41.094266061552965,41.40348052978516
2021-05-10,41.0192504909714,41.032972416660144,39.86564554606472,39.89583587646485
2021-05-11,38.88036962177485,40.413627232718426,38.70197761681253,40.2590217590332
2021-05-12,39.27282525894578,39.416451766808805,38.344271300685456,38.64067459106445
2021-05-13,39.32772151033359,39.77873383024098,38.93891850830473,39.392677307128906
2021-05-14,39.9223541873855,40.72100354035742,39.52531882441024,40.40081024169922
2021-05-17,40.448399402248434,40.448399402248434,39.59760501153991,40.24713516235352
2021-05-18,40.61122483349,40.65879788925324,39.63784423735314,39.67992782592773
2021-05-19,38.97185088517023,40.4813254328259,38.94440703551364,40.409969329833984
2021-05-20,40.77863989609702,42.01823692237844,40.74021711697128,41.62485885620117
2021-05-21,41.898398624469614,41.898398624469614,41.10706725687897,41.280887603759766
2021-05-24,41.80051420207195,42.30549987454819,41.749283822107806,42.0081787109375
2021-05-25,42.2561035777026,42.35307837206012,41.76209677746986,42.04020309448242
2021-05-26,42.152717084541656,42.27438921969609,41.67334667005097,42.12710189819336
2021-05-27,42.08228140552927,42.85440140537116,42.05026241796521,42.78487396240234
2021-05-28,42.99710487481352,43.41975891460174,42.784865270336624,43.210262298583984
2021-06-01,43.49477552619126,43.72897301483175,42.7409561766066,42.84250259399414
2021-06-02,43.1645204320911,43.70152850563535,42.948620007225536,43.338340759277344
2021-06-03,42.88733472942874,42.97515923527783,42.380516906355865,42.52140045166016
2021-06-04,43.042853627182346,43.76557189123705,42.9532004638673,43.45452880859375
2021-06-07,43.27155362549114,43.40695116474215,42.30823771894367,42.42807769775391
2021-06-08,42.818712347521085,43.2157477074358,42.40337992869777,42.40520858764648
2021-06-09,42.74004225151399,42.74004225151399,42.23962828607829,42.44180679321289
2021-06-10,42.58543567167283,42.95502724421925,42.10149008094802,42.87543869018555
2021-06-11,42.854403223340206,43.19197584649554,42.73638838427885,43.061153411865234
2021-06-14,43.04193960421799,43.536864155091294,42.63666821729853,43.530460357666016
2021-06-15,43.59723735942384,43.59815517880793,42.86445804073989,43.0648078918457
2021-06-16,43.021814549540224,43.09957444950919,42.21767556065459,42.60831069946289
2021-06-17,42.5287179370494,43.47648344460173,42.44272558165047,43.104148864746094
2021-06-18,42.74736000172253,42.97515369383069,42.12893122183331,42.4024658203125
2021-06-21,42.51956334873815,42.90772031325043,42.26786028821622,42.836727142333984
2021-06-22,43.01835758935845,43.202756924174,42.53338828841725,42.82197189331055
2021-06-23,42.76758077540934,43.1382189423229,42.691976652882765,43.02573776245117
2021-06-24,43.32353468524271,43.67020712048568,43.20459959469338,43.33921051025391
2021-06-25,43.45814590693468,43.55956571694296,42.41168522129205,42.614524841308594
2021-06-28,42.96488315821316,43.91361709103343,42.91970568685267,43.59183883666992
2021-06-29,43.55219510926533,44.00765930071576,43.40191186818636,43.9929084777832
2021-06-30,44.08326357320514,44.125676585687,43.56694608043213,43.96432495117188
2021-07-01,44.05652162997248,44.05652162997248,43.23502679162789,43.30048751831055
2021-07-02,43.95786630475255,44.12475035924168,42.01614963249206,43.16495513916016
2021-07-06,43.3705607594335,43.95602489102758,43.17694303249293,43.63609313964844
2021-07-07,43.79466928660025,43.82786038880342,42.998990251798354,43.291259765625
2021-07-08,42.819213650996446,43.43326152033672,42.55552069984335,43.37978363037109
2021-07-09,43.29404213424093,44.33681708474828,43.15205577826346,44.27227783203125
2021-07-12,44.3773838514984,45.54831582693036,43.6342574372072,44.78582763671875
2021-07-13,44.74709598573659,44.94993209418374,44.44007208722981,44.62539291381836
2021-07-14,45.103906048053176,45.362066537943385,44.324824178922384,44.40227127075195
2021-07-15,44.55809538114123,44.66596914151536,43.6213511735665,44.01043319702149
2021-07-16,44.1690124516356,44.28149716141077,43.08106351817168,43.15574264526367
2021-07-19,42.73254153834198,42.96211835751043,42.18948688242897,42.9344596862793
2021-07-20,43.1391503189009,43.54113668178447,42.7131877102321,43.20368957519531
2021-07-21,43.29955922251129,44.18928262483805,43.19537145109612,44.16530990600586
2021-07-22,43.942199204938994,44.16255413383346,43.74950294872579,43.91730499267578
2021-07-23,44.25843469201668,44.58574534817741,43.963397171839816,44.54609680175781
2021-07-26,44.454817125505,44.58942802818808,44.2261618331257,44.46219253540039
2021-07-27,44.32574660224315,44.42255546907563,43.13084205696429,43.8278694152832
2021-07-28,43.95141860588971,44.1708555701748,43.73198515872991,44.03900909423828
2021-07-29,44.11460962176711,44.7931966866056,44.019643729419805,44.634613037109375
2021-07-30,44.43638797303178,44.84022078223672,44.216033039072165,44.75355529785156
2021-08-02,45.09007943076308,45.60178597342979,44.57929789201912,44.68716812133789
2021-08-03,44.76184994560138,44.97114350998517,44.25198638577717,44.88171005249024
2021-08-04,45.04213785257184,45.17582729890267,44.62539720364671,44.974830627441406
2021-08-05,45.21731589508098,45.21731589508098,44.70653082855103,44.96284484863281
2021-08-06,44.72312602920911,45.00433424855695,44.62723864791387,44.75631713867188
2021-08-09,44.854048676953056,44.8853968136964,44.34787457219696,44.68716812133789
2021-08-10,44.79965054607072,44.85036045436594,44.0556027516573,44.46404647827149
2021-08-11,44.69915557189116,44.80610783414066,44.23631595523212,44.582984924316406
2021-08-12,44.465899859896176,44.71668148269518,43.954193223414855,44.64845275878906
2021-08-13,44.49631648448282,45.08270212144519,44.45021400954353,44.82362365722656
2021-08-16,44.70099857636681,45.077169162854105,44.6613500263222,45.00617599487305
2021-08-17,44.77107328396915,44.82916212884132,43.750428081741646,44.1348991394043
2021-08-18,43.94680836453886,43.986453398332536,43.181552291718894,43.23871612548828
2021-08-19,42.99715208761696,43.871203372884096,42.65693706918664,43.65914535522461
2021-08-20,43.5936830670736,43.90808237676596,43.37424612900359,43.81034851074219
2021-08-23,43.91730414668572,44.826389551683306,43.85921882489886,44.481563568115234
2021-08-24,44.47694946653486,44.53595626626414,44.27042039179547,44.38751602172852
2021-08-25,44.40043097276555,44.83376541500137,44.40043097276555,44.57007598876953
2021-08-26,44.53227260524716,45.00341261207164,44.31099619814815,44.7849006652832
2021-08-27,44.99419444336633,45.77143694438785,44.86788391999318,45.72533798217773
2021-08-30,46.09965956833798,46.82342408287589,45.93831146327377,45.997318267822266
2021-08-31,46.21859272053375,46.21859272053375,45.42659959351814,45.8424186706543
2021-09-01,45.75575798671632,46.02959079783102,45.444126631847695,45.46902084350586
2021-09-02,45.71150338164346,45.7290221824366,45.19242141965636,45.35284805297852
2021-09-03,45.722562854691695,46.65285292066751,45.64235130607167,45.88575744628906
2021-09-07,45.87838246624177,45.87838246624177,45.26986706333568,45.78526306152344
2021-09-08,46.064627372445216,46.08951806642391,45.00341226536554,45.58150100708008
2021-09-09,45.440432437366766,45.97979758814696,45.440432437366766,45.49943923950195
2021-09-10,45.82767610427808,46.65193547982157,45.777887681023735,45.92909240722656
2021-09-13,46.28406329485802,46.32739779493063,45.47824066279612,46.00377655029297
2021-09-14,46.284054384189325,46.599375152556405,45.94844684134797,46.27206802368164
2021-09-15,46.29511688797971,47.08618498686672,46.04617834134237,46.99767303466797
2021-09-16,46.5791035986561,46.94329138719487,46.11902841908782,46.7773323059082
2021-09-17,46.46569871296325,46.802227836463366,46.19186586942418,46.652862548828125
2021-09-20,46.00746250070648,46.37625767374899,45.03383789784432,45.622066497802734
2021-09-21,45.83289557229851,45.85704398598773,45.2301382704557,45.6007080078125
2021-09-22,45.90348292805273,46.7161394415996,45.71494743886295,46.4923095703125
2021-09-23,46.67062882530546,47.114572044985216,46.49230752820701,46.836875915527344
2021-09-24,46.648340518168666,46.94832503885059,46.51459954510529,46.89445877075195
2021-09-27,46.41707838586408,46.97804359525955,46.1941767775708,46.88795471191406
2021-09-28,46.15888881237616,46.57218239627182,45.5589162270828,45.60349655151367
2021-09-29,45.84590464174872,45.90534390157661,45.29051230407565,45.46047592163086
2021-09-30,45.928554865795405,45.928554865795405,44.99609169987602,45.03788375854492
2021-10-01,45.3090825271208,45.38431249064568,44.34782612354124,45.26264572143555
2021-10-04,45.03787770388099,45.18926229482695,43.90944621380999,44.203861236572266
2021-10-05,44.202935960417165,45.48925334990346,44.14628143641408,45.08338928222656
2021-10-06,44.87071554745778,45.44839979753219,44.55215556520993,45.39545822143555
2021-10-07,45.75302269917353,46.42822521682768,45.75302269917353,45.87282943725586
2021-10-08,46.14217752356675,46.25177010121832,45.62764899845821,45.77346420288086
2021-10-11,45.6239225801464,46.399428100024174,45.58769996405964,45.7260856628418
2021-10-12,46.05115265873602,46.13102382080761,44.76761982477653,45.07039260864258
2021-10-13,44.68867953057448,45.07968120316451,44.53822314132925,45.045318603515625
2021-10-14,45.68150696142833,46.35856592534629,45.58491685801135,46.21460723876953
2021-10-15,46.84616128925104,46.98175874059028,46.53781906921327,46.739356994628906
2021-10-18,46.47373284938512,46.8071517069842,46.31305875221082,46.74956893920898
2021-10-19,46.83873893897632,47.44707285369576,46.601906597476365,47.40249252319336
2021-10-20,47.45913277183328,47.68481909387365,47.22137578686466,47.30960464477539
2021-10-21,47.31239904504567,47.81113679423581,47.23624084018393,47.7516975402832
2021-10-22,47.806489679468655,48.42318120875417,47.646743813787324,47.86871719360352
2021-10-25,48.061902523527166,48.71295671932781,47.84736212732821,48.48727035522461
2021-10-26,48.780752380089176,49.68721431592756,48.66651861227236,49.583194732666016
2021-10-27,49.392790755684224,49.78750886896783,48.467757089459305,48.5838508605957
2021-10-28,48.67952330472573,49.21912491777525,48.613579279094985,49.18383407592773
2021-10-29,48.62007784433785,49.42344843017137,48.62007784433785,49.378868103027344
2021-11-01,49.2553398315101,49.46337897505585,48.75288561935652,49.04265594482422
2021-11-02,48.98693075788586,50.228671509661424,48.9154173006832,49.88039016723633
2021-11-03,50.0642814925997,50.50451175053608,49.57390147005377,50.37262725830078
2021-11-04,50.50543831866751,50.9948900849308,50.23795638273304,50.95309448242188
2021-11-05,51.08125874639429,51.97935927153243,51.06361155804703,51.90970230102539
2021-11-08,52.19297550064204,52.37129679234432,51.833551739974766,51.91249465942383
2021-11-09,51.93478700080588,52.18647824787841,51.55864426183548,51.80569076538086
2021-11-10,51.480625941899575,52.093600956860215,50.9001570435315,50.96702575683594
2021-11-11,51.33109534283136,51.742532415178296,50.970739814522126,51.582786560058594
2021-11-12,51.86233886746368,52.5524002853288,51.50755632407423,52.30906677246094
2021-11-15,52.724219718534655,52.724219718534655,51.99422273151276,52.5458984375
2021-11-16,52.389870222473405,52.89510913914416,52.264486961874425,52.82452392578125
2021-11-17,52.76602050593609,53.065080351437736,52.390805996006144,52.90533447265625
2021-11-18,53.04092558832808,53.56381170667792,52.90532814134696,53.38549041748047
2021-11-19,53.52202124067055,53.60839717343366,52.56076481321543,52.81988906860352
2021-11-22,53.094791494255645,53.12822585002844,51.31159278596503,51.38589096069336
2021-11-23,51.30602258723986,51.62551077884187,50.94473879147792,51.556785583496094
2021-11-24,51.38125499497969,51.92457307461552,50.83886161257239,51.892066955566406
2021-11-26,51.245651235510245,51.75925143175917,50.46085967699794,50.76456069946289
2021-11-29,51.6570878153922,52.71122133117522,51.42304377318988,52.41308975219727
2021-11-30,52.31371341975004,52.47345927981661,51.26701294037306,51.42304229736328
2021-12-01,52.333217956236936,52.79759307472421,51.39053703257193,51.52334976196289
2021-12-02,50.716256709486736,51.92734766798571,50.52400829597549,51.30879974365234
2021-12-03,52.468818028127416,52.8458925421797,51.11841644820592,51.835411071777344
2021-12-06,52.44188072943246,52.78737733795432,51.633869039051845,52.47253036499024
2021-12-07,53.124515371710274,55.08139071633278,53.124515371710274,54.83341598510742
2021-12-08,54.88357032138848,54.88357032138848,54.09320222285712,54.66252517700195
2021-12-09,54.09504601889186,54.8185416889545,54.09504601889186,54.18513488769531
2021-12-10,57.95215921818774,59.881173249693646,57.451564996653104,58.66729736328125
2021-12-13,58.88277333967323,58.92178068413676,57.69675875130599,57.7366943359375
2021-12-14,57.3818948193865,57.45433650305274,56.24881859776948,57.109771728515625
2021-12-15,57.1710782522778,59.51988700481263,56.68534297818776,59.4270133972168
2021-12-16,59.19481876269106,59.50130800835963,56.7930722699308,57.64566421508789
2021-12-17,57.35310841897451,59.43908336701932,57.127422096560885,58.97192001342773
2021-12-20,58.16762653910016,60.00562328639526,58.05524572318252,59.90717315673828
2021-12-21,60.577345588510354,60.70539927641606,59.19400635021464,60.40349578857422
2021-12-22,60.1305649190982,61.424180264245415,59.75107831792247,61.24097442626953
2021-12-23,61.32791257982339,62.69256131765153,61.32791257982339,62.1382942199707
2021-12-27,62.13828649228147,63.213175881508135,62.10650304876727,63.02437210083008
2021-12-28,63.330014252528784,63.3496462522339,62.34672418956492,62.53085708618164
2021-12-29,62.60562048331909,63.2785921654446,62.54206073930043,62.86826705932617
2021-12-30,62.91407643267354,63.15709819563264,62.04855698040464,62.164459228515625
2021-12-31,62.34111126051028,62.74676556132649,61.99528000495288,62.1953010559082
2022-01-03,62.28036068039028,62.783219403290985,61.80366607136901,61.99995040893555
2022-01-04,61.95881927966546,62.82901665882891,61.43071640891999,62.71031188964844
2022-01-05,62.737429957711065,62.737429957711065,60.00812536969168,60.10066604614258
2022-01-06,59.83521031454164,60.62876248969285,59.29963390761715,59.54265213012695
2022-01-07,59.43235090185934,59.81183751558254,57.80692406546046,57.87141799926758
2022-01-10,56.9096255889482,58.14154610653239,56.4151708696938,58.05929565429688
2022-01-11,57.533997717125054,58.69862173998413,57.44333253331439,58.14248275756836
2022-01-12,58.65282352334606,58.97809575336012,57.926567856730806,58.13780975341797
2022-01-13,58.64909362285544,58.687412754045646,55.53470061960633,55.81884765625
2022-01-14,55.68705034756876,56.11700758945973,55.33373849462582,55.7421989440918
2022-01-18,54.98976650671219,55.244001974865135,53.83729038427323,54.00553512573242
2022-01-19,54.3597878849876,54.65421441707986,52.65397522379647,52.71379470825195
2022-01-20,53.09046977991921,53.2904943917139,51.106118949221326,51.194915771484375
2022-01-21,51.09396630984726,51.91275537067842,49.66388620417128,49.84054565429688
2022-01-24,49.621832126576216,50.80141363693208,47.98705636323518,50.62101745605469
2022-01-25,49.351714507967095,50.97807941932874,48.99840263250407,49.92561721801758
2022-01-26,51.59496532931826,53.667175252198206,51.414569149801686,52.07352828979492
2022-01-27,53.25124526645139,53.30171940709943,50.56961578678738,50.68925476074219
2022-01-28,50.78739276752219,52.38945455341354,49.76203614267693,52.35206604003906
2022-01-31,52.2866344520773,54.807499354408165,51.96883924062863,54.76169967651367
2022-02-01,54.76077389804622,55.51132893699,53.8214079198089,55.40103530883789
2022-02-02,55.98801886523982,56.53013804811817,55.48608716425951,56.40208435058594
2022-02-03,55.676764462758186,55.98988522930633,54.2233190352708,54.29154968261719
2022-02-04,53.873747486162806,55.75715023058597,53.85131295118134,55.16175079345703
2022-02-07,55.16175312188826,56.22917279549988,54.60093964158911,54.92527770996094
2022-02-08,54.99537784992295,56.25440737339121,54.86545579271627,56.10205078125
2022-02-09,56.76848582352842,57.17694624416739,56.22729724871044,57.14142608642578
2022-02-10,55.64218013931666,57.44987517667876,55.013132488042494,55.2739143371582
2022-02-11,55.27391131626232,56.05905222355803,53.19141830809067,53.59707260131836
2022-02-14,53.74475889568546,54.47475127078559,53.28395597784663,54.07938003540039
2022-02-15,55.05613031649939,56.64604067121315,54.98322521067501,56.34039688110352
2022-02-16,55.52627534250851,56.15719488642121,54.88694819701487,55.82070541381836
2022-02-17,55.11875277902748,55.2944745048056,54.10835018162978,54.11863327026367
2022-02-18,54.299963204768005,54.93555006894251,53.583987119190255,54.21116638183594
2022-02-22,54.2111722706761,55.16642637494733,53.259654878601374,53.97469329833984
2022-02-23,54.23359743640786,54.68598915332387,52.78576067225151,52.827823638916016
2022-02-24,51.55570891877543,54.74394061533004,51.3164274364179,54.212100982666016
2022-02-25,54.19621773405998,55.0888462442201,53.65129242955155,54.96079254150391
2022-02-28,54.30557421779149,55.36177660130874,53.87374863143332,54.90751647949219
2022-03-01,54.65981512555186,54.92433365984544,52.838100471734585,53.28862380981445
2022-03-02,53.69989537459598,55.19633808169316,53.61203628534364,54.75235748291016
2022-03-03,55.490763437389646,55.492631793454265,53.68213415223399,54.08124923706055
2022-03-04,55.40756790701624,56.63388321489053,54.58691044207114,55.706668853759766
2022-03-07,55.80856265631647,55.96745850668742,53.27741779417586,53.34284591674805
2022-03-08,53.48023793326925,55.71228149391831,52.68014302146118,53.83355331420898
2022-03-09,55.03369876903459,56.234777125971206,54.86638820270517,55.80294799804688
2022-03-10,54.73179274160476,55.14866433284463,53.87281249043642,54.93461990356445
2022-03-11,55.333739741608646,55.56086981378054,53.942919703428856,54.01115036010742
2022-03-14,53.927958897470575,54.21023755034574,52.78669997145276,53.07178115844727
2022-03-15,53.956933077811705,55.77864432863744,53.74849728909263,55.40476989746094
2022-03-16,55.76836740765515,56.802135232061616,54.5915883368862,56.74699020385742
2022-03-17,56.52266051355544,56.73577075953218,55.85996462911308,56.33104705810547
2022-03-18,56.45255080175106,57.31620537788466,55.70666681796779,57.05449295043945
2022-03-21,56.98769497988561,56.98769497988561,55.41244090030897,56.58211898803711
2022-03-22,56.62257654160541,57.73108644113079,56.39767257070156,57.527828216552734
2022-03-23,57.21353385195538,57.53065661782948,56.38168023423994,56.402381896972656
2022-03-24,57.084608061659175,59.022153538125394,56.64892192708024,58.94781494140625
2022-03-25,59.00897962072714,59.3223367834686,58.349330019415945,59.17742156982422
2022-03-28,58.89606205995489,59.594293531239856,57.94563790026092,59.55476760864258
2022-03-29,60.22477020355676,60.72444592822971,59.28375816912619,60.36310195922852
2022-03-30,60.11843303804256,60.6284613563139,59.0325058504077,59.38632583618164
2022-03-31,59.32892953952778,60.13067294631264,59.10026357689742,59.25364685058594
2022-04-01,59.44279029607084,59.71380366781864,58.21947532192827,58.99957656860352
2022-04-04,58.94686758445428,59.91611231125485,58.76807661042098,59.740142822265625
2022-04-05,59.24141315112286,59.49642732113789,57.684035824693765,57.7894287109375
2022-04-06,56.65645333197317,57.55135598706832,55.87447111707765,56.64892578125
2022-04-07,56.444725705143874,57.17965442847329,55.82459840952454,56.74773025512695
2022-04-08,56.21417260922795,56.32803712630805,55.14047903275375,55.237403869628906
2022-04-11,54.82147499207562,55.45195488078578,54.52505751278458,54.6360969543457
2022-04-12,55.43595816988776,56.32803931210656,54.78289560156505,55.055789947509766
2022-04-13,55.37856000020262,56.15113371083838,55.14801304351353,55.758731842041016
2022-04-14,55.98927480778081,56.18406498553134,53.90681402590836,53.99997329711914
2022-04-18,53.90587047697476,55.63451115759784,53.90587047697476,55.19035339355469
2022-04-19,54.51847479946642,56.3383903201919,54.51847479946642,56.23676300048828
2022-04-20,56.85594085890683,57.72449521324816,56.00244519432889,56.24616622924805
2022-04-21,56.98204590366585,57.9541122658457,55.581820914668654,55.77660751342773
2022-04-22,55.53006576258687,56.34215821732456,55.167774098851496,55.232704162597656
2022-04-25,54.71890669039071,55.4030235536143,53.74307839635364,55.32021331787109
2022-04-26,54.93628100131409,55.09248933631986,52.66938274325232,52.7032585144043
2022-04-27,52.30050565522218,53.64521263448475,52.22616705543801,52.65338516235352
2022-04-28,53.25563559990242,55.05108382364931,52.505648191742765,54.47895050048828
2022-04-29,53.884232732654766,54.41684374127865,52.075606748169264,52.16876602172852
2022-05-02,52.42754753177016,54.35662157217399,52.35603041287816,54.2352294921875
2022-05-03,54.20323965898136,55.21388430048579,53.804247139558974,54.68880081176758
2022-05-04,54.7471402314405,56.843715657795286,54.01220790477591,56.80513381958008
2022-05-05,55.91775584831729,56.26028271968243,54.04137842675341,54.577754974365234
2022-05-06,54.102550711441175,55.51783447168455,53.58405426460133,54.588111877441406
2022-05-09,53.90868953272322,54.3904886153196,52.7220755901797,52.97144317626953
2022-05-10,54.62480432249695,55.62792487542824,53.80706539862826,54.7094955444336
2022-05-11,54.0686755320138,55.02004029568478,53.248111397931545,53.36573791503906
2022-05-12,53.01661898588315,53.97739220178958,52.53293885011704,53.78542709350586
2022-05-13,54.30109969456379,55.669329805734456,53.96703727250211,55.35409164428711
2022-05-16,54.9908666641424,55.43879007548223,54.35756518395864,54.82995223999024
2022-05-17,56.03256015342905,57.30763462551253,55.85941571868844,57.22764587402344
2022-05-18,56.46072146097352,56.52847300572592,53.27821882334072,53.69132232666016
2022-05-19,52.50846354388662,52.76724325344861,50.71677750981811,51.39900970458984
2022-05-20,52.12265693439517,52.225228339223285,48.22122105681297,51.11483383178711
2022-05-23,49.30902996797292,50.397778663534766,48.39248161423368,49.53110885620117
2022-05-24,49.55934520824478,49.767309520862966,48.574104674831744,49.32785415649414
2022-05-25,49.299610822773474,50.57468146365014,49.299610822773474,50.02701187133789
2022-05-26,50.01855075717386,52.18570269428565,49.65908420519026,51.81776809692383
2022-05-27,52.89334419630535,55.09249097757786,52.69761352417864,54.88734817504883
2022-05-31,55.00215345114509,55.24022794217584,54.2022910779515,54.5909309387207
2022-06-01,55.29198524950638,55.60816750818152,53.48994632001572,53.97833251953125
2022-06-02,54.36696690913608,54.36884789921162,53.46171171787653,54.27192306518555
2022-06-03,53.53134853572236,53.60004057113323,52.7888887182004,53.00908660888672
2022-06-06,53.780724535877816,53.89364498401697,52.46519072551144,52.81242370605469
2022-06-07,52.74748186904422,54.0648963757973,52.46423493219703,53.91904067993164
2022-06-08,53.808951141779744,54.227701223434174,52.89805287022266,53.20105743408203
2022-06-09,52.80582850836487,53.98020888523338,52.31367678080628,52.34096908569336
2022-06-10,51.76413092667462,51.8535282203468,50.7883026057732,50.93415832519531
2022-06-13,49.57063515605752,50.15594262479838,48.55810596747878,48.70866775512695
2022-06-14,49.40031261361923,49.40031261361923,48.42354018122487,48.94862365722656
2022-06-15,49.79365139474767,50.23404360848763,48.51104941121344,49.56404495239258
2022-06-16,48.17511229619425,48.40848432173258,46.32414245781814,46.78523635864258
2022-06-17,46.58009395178679,47.08447572276436,45.90915121906756,46.92356491088867
2022-06-21,47.82778551597769,48.47582377721518,47.71487721656914,47.798370361328125
2022-06-22,47.09055792892668,47.79837118439218,46.89035607373432,47.07063293457031
2022-06-23,47.60671151037632,47.60671151037632,46.58768829549658,47.11617660522461
2022-06-24,47.91507748423456,48.56027089634943,47.578249156053936,48.30314254760742
2022-06-27,48.7500366779316,48.77280655055062,47.70823990231176,47.9824447631836
2022-06-28,48.6371259468546,48.78324257566833,47.2613457719287,47.29360580444336
2022-06-29,47.011810118970935,47.05450498778151,46.175904959854975,46.53076171875
2022-06-30,46.304939813178194,46.8467114318404,45.61040628985511,46.09430313110352
2022-07-01,45.48706173054892,45.9481814482333,44.54014498310905,45.33809661865234
2022-07-05,44.78399222663518,45.25175725158335,44.016400378589466,45.19198226928711
2022-07-06,45.59333418907772,46.21196096581214,45.116078966377806,45.79068756103516
2022-07-07,46.31253142054148,47.5725547698113,46.31253142054148,47.30214309692383
2022-07-08,46.77555237506065,47.40556587291053,46.49185736647202,47.31637573242188
2022-07-11,46.44346486716805,46.64555967390104,45.63602307405915,45.81439971923828
2022-07-12,46.28501592032635,46.7385457065393,45.54968409990087,45.67303085327149
2022-07-13,45.066743100905576,46.07817643259779,44.81151132273477,45.70719146728516
2022-07-14,45.77550361690797,46.176852022445765,44.91967348458376,45.98329544067383
2022-07-15,46.57061311765845,46.94159809523983,46.124669615172095,46.91503143310547
2022-07-18,47.45585016859922,47.66933535640568,46.32012185466066,46.592430114746094
2022-07-19,47.13704798376154,48.51756953955896,47.05070634447889,48.29460144042969
2022-07-20,48.34583385254253,49.11152908906247,47.864785515261424,48.55741882324219
2022-07-21,48.63142997299751,49.13050310947545,48.01185496228371,49.11817169189453
2022-07-22,49.22539100911946,49.31837432168665,48.07447910902505,48.62858581542969
2022-07-25,48.43312772395152,48.70448767662972,48.06024259991,48.68456268310547
2022-07-26,48.82878469010429,49.03562459036203,48.287009435583855,48.49290466308594
2022-07-27,49.16751511443845,50.305143742183496,49.04701684274294,50.07742691040039
2022-07-28,50.15332776610109,50.90573608469546,49.393325871153,50.62963104248047
2022-07-29,50.47498078936815,51.03003580115957,50.31273232494222,50.80706405639648
2022-08-01,50.422792859654855,51.215999485826025,50.32885763857989,50.89150619506836
2022-08-02,50.59262820535689,51.160018229133335,50.02428988935255,50.40191650390625
2022-08-03,50.78902792339195,51.99496957465407,50.6780162140237,51.87541961669922
2022-08-04,52.033876807920734,52.483613446039016,51.71128009775104,52.45040512084961
2022-08-05,51.700849589279066,52.374506310588224,51.547139368883,52.32137298583984
2022-08-08,52.12306681666051,52.46843339774994,51.11637499071932,51.7606201171875
2022-08-09,51.14958149451428,51.1742515692668,50.073628179996334,50.55277633666992
2022-08-10,51.8109015115574,52.28151502410165,51.163811551244805,52.22363662719727
2022-08-11,52.55951930534473,52.92196599917517,51.63916913900388,51.75112915039063
2022-08-12,51.97694352719956,52.982687002099375,51.772000215761416,52.96561050415039
2022-08-15,52.58608562752397,53.1136256486959,52.232177185305744,53.03487396240234
2022-08-16,52.898241047767534,52.938091034886014,51.80615957062878,52.34128952026367
2022-08-17,51.65055178730693,51.68281181712405,50.38578343779098,51.10213851928711
2022-08-18,51.559467665030006,53.18668276152142,51.39057755091723,52.98648452758789
2022-08-19,52.26633209494127,52.71417212298824,51.9826370989956,52.035770416259766
2022-08-22,51.479766662428254,51.529103191072416,50.007210087761,50.16850662231445
2022-08-23,50.65239634874462,51.01010153932336,50.183683071520754,50.266231536865234
2022-08-24,50.245363294170346,50.41045662198988,49.66468996049914,50.3668098449707
2022-08-25,50.61445104834053,52.23027939904996,50.50154274806484,52.19707107543945
2022-08-26,52.07466342218287,52.278658408191056,49.338287181398144,49.419883728027344
2022-08-29,49.338297133598246,49.59827035649327,48.579247132353146,48.78608703613281
2022-08-30,49.03846713161405,49.13999230224299,47.57255225080236,48.04695892333984
2022-08-31,48.40465851406102,48.40465851406102,47.11237525469762,47.35622024536133
2022-09-01,46.63133467336024,46.80401797084042,45.62274622245832,46.68257141113281
2022-09-02,49.1485341729062,49.32026916937657,47.27937420658049,47.461544036865234
2022-09-06,47.30118630679407,47.820187980499085,46.52695292007199,47.26987457275391
2022-09-07,47.71677724012601,48.33540401073746,47.353382241377126,47.92741394042969
2022-09-08,47.68736363074495,48.649460435874616,47.317326954839096,48.57260894775391
2022-09-09,48.90563640472824,49.90473824139048,48.90563640472824,49.56601333618164
2022-09-12,49.9787392095904,50.406654205064704,49.77095103958537,50.19791412353516
2022-09-13,48.75382547153162,49.17415055020522,47.60006878201514,47.7869873046875
2022-09-14,48.11717757810177,48.67412916104449,47.703494132954056,48.46064758300781
2022-09-15,48.28795741130918,48.53749215646008,47.1825890330896,47.453948974609375
2022-09-16,47.22433830649286,47.79078000256055,46.47857166581384,47.67787170410156
2022-09-19,46.91122940547356,47.76231434479511,46.91122940547356,47.6152458190918
2022-09-20,47.06114214750166,47.32965723136092,46.46528890912548,46.78219223022461
2022-09-21,46.97641217922856,47.82697997879177,46.09427008946504,46.12967300415039
2022-09-22,46.15742369635855,46.23205085877108,45.25518944181251,45.69626235961914
2022-09-23,45.44176273143626,45.73262145363141,44.20274808033051,44.84186935424805
2022-09-26,44.87056146530252,45.28388865643418,44.13672111317226,44.22761535644531
2022-09-27,44.92510329630964,44.95763018162359,43.67747533758187,44.465850830078125
2022-09-28,44.13959771365722,44.84856490806036,43.66216926512016,44.58162689208984
2022-09-29,44.09750662825636,44.142475641738464,42.56476074262383,43.06706619262695
2022-09-30,42.96467983835134,43.80281285661061,42.44611106083396,42.48151397705078
2022-10-03,42.98191003105626,44.10228841534493,42.7647222298833,43.70331573486328
2022-10-04,44.82464187312611,45.94023526782408,44.57205482714866,45.91153335571289
2022-10-05,45.21212971824414,46.69894622775391,45.10784076556284,46.38417053222656
2022-10-06,46.28754531736064,46.85299561613477,45.802463292541375,45.87709045410156
2022-10-07,45.19586613802672,45.28771663102936,43.917623784797904,44.05731201171875
2022-10-10,44.01139145112146,44.02095753900954,41.3171270685157,41.8777961730957
2022-10-11,41.63860436646774,41.97347219366225,40.71819048891575,41.21379852294922
2022-10-12,41.35635039831674,41.68834945310422,40.95068043063092,41.195613861083984
2022-10-13,39.93746066741658,42.45854591400587,39.712619320515046,41.903621673583984
2022-10-14,42.41166577924788,42.47672684634775,40.7975958178968,40.86361312866211
2022-10-17,42.054797795220686,42.21649058621329,41.46542680559774,41.65486526489258
2022-10-18,42.88335774327303,42.91588828038999,41.15638879369021,41.60320281982422
2022-10-19,41.450118359491306,41.93520036766917,41.22527698897065,41.64816665649414
2022-10-20,41.6319096411164,42.30739010070356,40.96312653849641,41.1697883605957
2022-10-21,41.34104836871592,43.11777129291881,41.06167188103503,43.02878952026367
2022-10-24,43.31581535262127,43.89562023429448,43.16081992324939,43.67843246459961
2022-10-25,43.81907728868256,44.41897059305774,43.70809096872962,44.01808547973633
2022-10-26,43.81907322270288,45.13654338510887,43.56552996382956,44.12428283691406
2022-10-27,44.59023177103701,45.04182698712535,43.52439231346868,43.57127380371094
2022-10-28,43.72053246759686,45.38339664575832,43.59519518331562,45.24562454223633
2022-10-31,44.66677392122903,45.23700538898992,44.490726539063175,44.979637145996094
2022-11-01,45.52309115603965,45.621635370545015,44.31469090077477,44.76724243164063
2022-11-02,44.99494532131736,45.96797803831361,43.60188803141278,43.63154983520508
2022-11-03,43.14455830725304,43.32825565545419,42.22797310443272,42.49203872680664
2022-11-04,43.71096324199189,44.86195586877248,43.36843819581243,44.51847457885742
2022-11-07,44.65911910078845,45.70869514592801,44.16160227363854,45.46759033203125
2022-11-08,46.04452359168504,46.7668854512711,45.30302590769702,46.12680435180664
2022-11-09,45.7814086812802,45.829250065205706,44.87534951439672,44.91744613647461
2022-11-10,46.97736751430924,48.52446390678162,46.61284159279107,48.46706008911133
2022-11-11,48.29771831274822,49.656332742848015,48.02982405179287,49.56926345825195
2022-11-14,49.31093896288529,50.23230543224179,49.0822689473389,49.10331726074219
2022-11-15,50.7049513030608,50.954669643282735,49.360691418175975,50.174903869628906
2022-11-16,49.43819049176271,49.61232176766288,48.82203001956106,48.96076202392578
2022-11-17,48.31685068876253,49.05738847858126,48.13889080678296,48.99711227416992
2022-11-18,49.452534090270106,49.53481484691934,48.89090879961953,49.28892517089844
2022-11-21,49.0765217323716,49.83332657568057,48.90143424060277,49.5070686340332
2022-11-22,50.03616911545059,50.73556656872692,49.65728852854394,50.71356201171875
2022-11-23,50.7422578229546,51.80714102215114,50.59395975481179,51.05703353881836
2022-11-25,50.774791956130336,51.146975168194295,50.65902441437012,50.70016479492188
2022-11-28,50.25335018327773,50.59013412321302,49.39225998371129,49.96345138549805
2022-11-29,50.03904134562914,50.31172049201901,49.25736307253061,49.88500213623047
2022-11-30,50.14523890697368,52.78113954996382,49.54438931779372,52.72086334228516
2022-12-01,52.72086214841698,52.85385302977688,51.85307091655643,52.69407272338867
2022-12-02,51.383296022557545,51.92386935276343,51.290489285445005,51.74208450317383
2022-12-05,51.452181966054376,51.61579088521136,50.27726867735376,50.77000427246094
2022-12-06,50.77096309089397,51.05033955956005,49.91943897269649,50.30884552001953
2022-12-07,49.713739026874855,50.23039539834932,49.37408631501269,49.60849380493164
2022-12-08,49.82950457794313,50.94031309574584,49.78836054782906,50.81210708618164
2022-12-09,52.7122538540091,52.87490289652317,51.76122193797877,52.11714172363281
2022-12-12,52.12000732623248,53.27961346653206,51.87985875211689,53.256649017333984
2022-12-13,55.09269326431031,55.6686659004091,54.06033686097029,54.63535690307617
2022-12-14,54.39711365463734,56.03318814758115,54.31865787770953,54.96065139770508
2022-12-15,53.94074148900357,54.200025898389946,53.35902773186011,53.38772964477539
2022-12-16,53.33511269846065,53.55995410625442,52.70556113638109,53.18777084350586
2022-12-19,53.44921753163541,53.68654508228213,52.64847120338766,53.025691986083984
2022-12-20,52.59540720788317,52.96491051384363,52.18538815626706,52.48446273803711
2022-12-21,52.836598802521465,54.21040984404512,52.76713797647626,54.144805908203125
2022-12-22,53.38457394582318,53.537969962395096,52.79125327214234,53.35948944091797
2022-12-23,53.06137966184863,53.41061954418885,52.81536678022246,53.29581451416016
2022-12-27,53.2109251186015,53.84380475688551,52.7661756112696,53.40291213989258
2022-12-28,53.21960068075372,53.81099287730351,52.33299081689445,52.568389892578125
2022-12-29,53.23986047767703,54.27696632372386,53.10961684773708,53.814849853515625
2022-12-30,53.23696666763928,53.99236871658101,52.8693954993,53.94219970703125
2023-01-03,54.508512837351006,54.75645418488608,53.13759823691096,53.397117614746094
2023-01-04,54.314598099817125,54.81337714909164,53.64313121746551,54.04928970336914
2023-01-05,53.612249143873065,54.010693786232274,53.16942819226102,53.54568099975586
2023-01-06,54.32713806700537,57.0168660534741,54.24802766264839,56.768924713134766
2023-01-09,57.14228141576248,58.0462546353298,54.08015765401251,55.65559768676758
2023-01-10,55.18384281621987,55.48581007870937,53.06042239302059,55.46651458740234
2023-01-11,55.28031284191657,55.79549101612093,54.68892061042323,55.77619552612305
2023-01-12,55.53017956459011,56.4486271726616,55.35363117719778,56.142799377441406
2023-01-13,55.680688476041446,56.141840771029166,55.63438003401734,55.859169006347656
2023-01-17,55.46361966842619,56.472748429173926,55.42888557734028,55.882320404052734
2023-01-18,56.26531969587992,56.68498828343791,55.349772150860936,55.404762268066406
2023-01-19,54.905988436942266,54.99667687191583,54.056041055694365,54.33678436279297
2023-01-20,54.318458284197504,55.12209724781557,53.94027329413332,55.066139221191406
2023-01-23,55.183834310487214,56.41775189950846,54.96965917430131,56.11288833618164
2023-01-24,55.80514177965628,56.60105959750513,55.53404437173555,56.44091033935547
2023-01-25,55.730851049867496,56.6280710892917,55.57359814346063,56.50362014770508
2023-01-26,56.95994587835938,57.939168959647645,56.559572755592384,57.74814987182617
2023-01-27,57.2406886102863,57.812785325909765,56.938721381940255,57.015899658203125
2023-01-30,56.24506309034199,56.8827637371789,55.932485733056,56.09552764892578
2023-01-31,56.155344131086416,56.65315525492855,56.02703262019117,56.43898010253906
2023-02-01,56.3000536062964,58.68588952992784,56.21612209170426,58.15045166015625
2023-02-02,58.621251537560426,59.152828852893045,57.8610246904169,58.44180679321289
2023-02-03,57.69219169034667,58.66080464200682,57.523360759594674,57.65553283691406
2023-02-06,57.24262236603885,58.19579679978508,57.13843113138148,58.01056671142578
2023-02-07,57.94881773727689,59.526186244431656,57.85812930677956,59.27920913696289
2023-02-08,58.5295973405452,58.86726288548027,57.94495836328237,58.05011749267578
2023-02-09,59.10072912548294,59.32551807856425,57.4490749955982,57.828224182128906
2023-02-10,57.52915030581013,57.73657221700382,56.88469641547908,57.23393630981445
2023-02-13,57.40276281888564,58.02792117160328,57.25515583226184,57.99319076538086
2023-02-14,57.32269027533172,58.42347158927259,57.24068720873582,58.10799789428711
2023-02-15,57.77516879367212,58.683963248897776,57.5667789596131,58.627044677734375
2023-02-16,57.957504128393005,58.747636619913806,57.8417348649425,57.9372444152832
2023-02-17,57.88514391245161,57.96714698307038,57.15675482108652,57.45968627929688
2023-02-21,56.9203910704308,57.218497733859095,55.94020375994261,56.10420989990234
2023-02-22,56.17270710760013,56.253745956026656,55.19348400887466,55.58613967895508
2023-02-23,56.5103729764609,56.52870424377695,55.34591611459813,56.32224655151367
2023-02-24,55.71734736556027,55.97879519451884,55.33916604908412,55.73857498168945
2023-02-27,56.52195315993613,56.9010986916346,56.36662501341534,56.48143005371094
2023-02-28,56.49204058286106,57.74815007602263,56.16595306867585,57.33427047729492
2023-03-01,57.30629980049108,57.71245830530587,56.94933872678812,57.26481246948242
2023-03-02,56.86154253844155,57.9758340949416,56.54703304093369,57.7549057006836
2023-03-03,59.59275948968817,61.33220951754115,59.40463305568939,61.045677185058594
2023-03-06,61.26177630777179,62.13487603652914,60.94630260245731,61.06110763549805
2023-03-07,61.24923232730822,61.33702440892076,60.15327580063432,60.31149291992188
2023-03-08,60.56522944276267,61.042780877052046,60.16871686131084,60.997440338134766
2023-03-09,60.787123144107895,61.97956093759693,59.99602641216726,60.05776977539063
2023-03-10,60.60477995807114,60.79483482248842,59.12195675802685,59.31587219238281
2023-03-13,58.56915309007606,60.23817430021318,58.54889337800462,59.47409057617188
2023-03-14,60.1416992766863,61.104523211558,59.66993321374284,61.016727447509766
2023-03-15,60.55461466579276,60.78615687036525,59.44804423698156,60.39736175537109
2023-03-16,59.99312794508325,61.46148044597892,59.603364951892175,61.40649032592773
2023-03-17,61.40649145426032,61.70266967423068,60.4976934021283,60.87298202514648
2023-03-20,61.0437440764636,62.20144773797172,60.93376382952407,62.102081298828125
2023-03-21,62.48881127316669,62.82890347237262,61.63760590595958,61.87275695800781
2023-03-22,61.88733310017479,63.01450060686146,61.28196897295286,61.30625915527344
2023-03-23,62.08166449305984,62.98339985619506,61.36552492731921,62.113731384277344
2023-03-24,61.99713491709506,62.120539268757966,61.07596509717426,61.81639862060547
2023-03-27,62.09139124746654,62.10110657891117,60.82721200702776,60.90980529785156
2023-03-28,60.75335989075927,60.88065259609912,60.13439211459741,60.70186233520508
2023-03-29,61.4869937118208,61.60651341523704,60.696033783974585,60.779598236083984
2023-03-30,61.482135064038175,61.80473892755152,61.14884470660869,61.58124923706055
2023-03-31,61.26933523953775,62.40427573046586,60.81943866687093,62.33819961547852
2023-04-03,62.09137969827414,62.56750869176619,61.84262500287314,62.428558349609375
2023-04-04,62.494644960238205,62.60056097539983,61.41120204053475,61.64538192749024
2023-04-05,61.32763914094877,61.38205389687735,60.79903759572047,61.12067031860352
2023-04-06,60.64938814300643,61.061387109067205,60.14507685519038,60.50168991088867
2023-04-10,60.05568299384334,61.00988713490475,59.90021175255544,60.9632453918457
2023-04-11,61.29264632593544,61.30236536279583,60.32483857266988,60.3977165222168
2023-04-12,60.95838711656928,60.97587545280552,59.88174612677835,59.92449951171875
2023-04-13,60.15480023478311,60.876770566581065,59.96434489642455,60.65716552734375
2023-04-14,60.29180732050982,61.02543900371165,59.77972299796204,60.20046615600586
2023-04-17,60.11010057611836,61.05556059327055,60.03236309844704,60.96033477783203
2023-04-18,61.37427282379416,61.75129141559417,60.93798367116669,61.442291259765625
2023-04-19,60.90494752530906,61.87664373448602,60.78445666160245,61.65412521362305
2023-04-20,61.00892079727802,62.45383637050766,60.93896003052011,61.51031494140625
2023-04-21,61.27515992974989,61.586102398046926,60.43852949380767,61.49864959716797
2023-04-24,61.570551960884536,62.07680555500816,61.39079054936855,61.65800476074219
2023-04-25,61.60456333985888,61.798903313779256,60.41423702302741,60.441444396972656
2023-04-26,60.24225369491984,60.54930784011043,59.61453800969101,59.87495040893555
2023-04-27,59.87494723636434,60.25390815871003,58.61563128272884,60.09066390991211
2023-04-28,60.154799694221055,60.90397739523413,59.71656448887715,60.87677001953125
2023-05-01,60.8767643667944,62.090409666976825,60.847610962157695,61.98935317993164
2023-05-02,60.8048622576254,60.876769052294925,58.78956304253755,59.50084686279297
2023-05-03,59.94393818284368,60.434645809416125,59.50667785137369,59.58441162109375
2023-05-04,59.27346689692227,59.65825849470151,58.427121096980656,59.28901290893555
2023-05-05,59.85162615895529,61.359696790332265,59.60092911310779,61.22851943969727
2023-05-08,61.19548326714872,61.28779559133711,60.30152084498812,61.125518798828125
2023-05-09,60.51043671092201,60.64064661212882,59.842881150171664,60.10038375854492
2023-05-10,60.44533411278083,61.02251965970496,60.07705968711596,60.85441589355469
2023-05-11,60.88453951014636,61.06916044793686,60.04985137366876,60.99045181274414
2023-05-12,61.05944539650896,61.47921737267018,60.65424826988121,61.32860565185547
2023-05-15,61.398566434025184,62.1904974816793,61.06818958648525,62.16912078857422
2023-05-16,62.23324633445742,62.85999447277569,62.06514628907918,62.32847213745117
2023-05-17,62.90275088605257,64.21939501824443,62.63359063725194,63.8861083984375
2023-05-18,63.743274875718924,66.01315597631809,63.743274875718924,65.87129211425781
2023-05-19,66.07533805012018,66.55633031212233,65.9208416838477,66.2939682006836
2023-05-22,66.21137935712575,66.53009856173858,65.50398759809717,65.91695404052734
2023-05-23,67.10923098717954,67.92059644541234,66.27162931571922,66.70694732666016
2023-05-24,66.21525145250561,66.4941307036664,65.69248444535866,66.0296630859375
2023-05-25,67.96141172044541,71.1660626884402,67.12186767204673,70.81722259521484
2023-05-26,72.62748178213131,79.19129403081436,72.58764929752317,78.97266387939453
2023-05-30,81.14830149928648,89.56902189603056,77.62006806290763,78.06024932861328
2023-05-31,77.24012791836998,79.84136051182743,76.7766313868619,78.50916290283203
2023-06-01,77.79593369769626,78.29830635993257,76.29369376325252,76.75914001464844
2023-06-02,76.82619605717005,80.04542179505289,76.49193082358916,78.9017333984375
2023-06-05,78.62964801892943,78.62964801892943,77.19931121589886,77.95918273925781
2023-06-06,77.93002467041046,77.93002467041046,75.44054268877011,76.76399230957031
2023-06-07,76.74651683618217,78.26527412950664,76.52205227011535,77.01956176757812
2023-06-08,77.24109985934479,78.22251509501129,76.64545109824937,78.14380645751953
2023-06-09,78.29927997450369,79.46045661322682,78.11271300314995,78.18461608886719
2023-06-12,78.8162254311036,83.37154087219501,78.8162254311036,83.1150131225586
2023-06-13,83.6756856883764,83.88265451730717,81.7196604868675,82.70301818847656
2023-06-14,83.16748306913719,86.3390997448742,82.32405435466075,86.10977935791016
2023-06-15,85.93778562708182,86.28370478964064,84.63668002402905,85.84255981445312
2023-06-16,86.41099739228338,86.47610233970467,84.09544230206457,84.35391235351562
2023-06-20,83.82434986783804,85.22456604091366,83.66401909258929,84.34615325927734
2023-06-21,84.01108074030131,84.59720306882974,82.50669537687683,82.80561828613281
2023-06-22,82.55456278945316,82.92772451830331,81.59917664514087,82.29470825195312
2023-06-23,81.47218211598403,81.66853006176636,79.99124385192337,80.31360626220703
2023-06-26,80.59202161260899,81.76426621852171,80.12507942417744,80.2628173828125
2023-06-27,80.95150555447302,83.03420242248575,80.20126931983461,82.87789916992188
2023-06-28,81.93327193877874,83.86747634612196,81.77013432319187,82.83296966552734
2023-06-29,83.46890593543596,84.28849927042954,82.6834992769386,84.26213073730469
2023-06-30,84.84337299225257,85.43438444881083,84.43406444885701,84.73689270019531
2023-07-03,84.85313778894742,85.64537883061664,84.49169211403202,85.61705017089844
2023-07-05,84.73396037842137,85.66199418316293,84.18203221155417,84.1927719116211
2023-07-06,82.54577177710725,83.41518818538755,82.48031997178967,82.83883666992188
2023-07-07,83.07621379497145,83.81473405155171,82.51256210143065,82.71672821044922
2023-07-10,82.86618195316943,85.88373947270982,82.86618195316943,85.74307250976562
2023-07-11,86.07325704769215,86.25788896643084,84.46336777828641,86.16508483886719
2023-07-12,86.84401685036659,87.68315194490282,86.16020123403142,86.93682098388672
2023-07-13,87.81501892828696,87.81501892828696,85.79582857371233,86.97686767578125
2023-07-14,86.56656335951571,88.24580954698988,86.56656335951571,86.80297088623047
2023-07-17,87.04035617216522,89.20901535054743,86.92019972404549,88.92963409423828
2023-07-18,88.50273150083602,88.88566401217345,87.74858251373574,88.25363159179688
2023-07-19,87.65187719211461,88.50175934721548,86.51480309288652,88.05239868164062
2023-07-20,87.18981824646862,88.60237573168094,86.55094397754084,86.77953338623047
2023-07-21,88.35717606045773,89.00777378118114,87.31583513513736,87.60108184814453
2023-07-24,87.99672284559729,88.44998888306202,87.35491208846895,88.07389068603516
2023-07-25,87.97913653334908,90.18296635145354,87.97913653334908,89.67597198486328
2023-07-26,88.79775375399801,88.9560022251151,86.71212789288866,87.24354553222656
2023-07-27,88.7489022657983,88.88078219529996,86.55093822119872,87.2865219116211
2023-07-28,87.85214585911665,88.26634354775929,87.32756253005138,87.89805603027344
2023-07-31,87.67435145051039,88.01625550875256,87.03938251208949,87.78668975830078
2023-08-01,87.818937461362,89.93288475444982,87.69389186578654,89.87232208251953
2023-08-02,89.12012005272128,89.18850085921956,86.97001881384502,87.16637420654297
2023-08-03,86.61151780961944,87.46236889967057,86.0703293242698,86.45130920410156
2023-08-04,86.4513059609264,87.29532266449239,85.31715339160692,86.12600708007812
2023-08-07,86.7150451135057,87.66163661427173,86.4796213850597,87.63135528564453
2023-08-08,86.95048752727376,87.00030303962684,85.32008036354549,86.27351379394531
2023-08-09,86.23052833438537,86.30964883898726,82.90915896048652,83.10550689697266
2023-08-10,83.33897402991376,84.15759843589927,81.77109726221583,82.34061431884766
2023-08-11,81.47218848403276,81.70565958786032,80.44353981266784,81.05701446533203
2023-08-14,81.19084112538054,83.44253359115403,80.8245137662175,83.43472290039062
2023-08-15,82.95703174480036,83.48552040851968,81.71152460157488,82.30350494384766
2023-08-16,82.81831889146004,83.47379837668535,81.27192868860445,81.37255096435547
2023-08-17,81.71641197430654,82.00068240182515,80.78837806512009,80.79717254638672
2023-08-18,80.10358641778566,80.90169297466736,79.32208503252988,80.67407989501953
2023-08-21,81.47706089422859,84.72809682824672,81.2533606329781,84.51318359375
2023-08-22,85.32105879246386,85.45195493077776,83.12015831868798,83.59980773925781
2023-08-23,83.10942669130706,85.78800926733973,83.03420407260222,85.63072967529297
2023-08-24,88.14813285398708,88.88176391626176,83.27451516738643,83.46988677978516
2023-08-25,83.71996846107291,84.93324149770005,81.82971424606988,83.21199035644531
2023-08-28,83.65842200852458,84.41452369453576,82.75188254496646,84.1165771484375
2023-08-29,83.85476488310027,87.21911533802073,83.66134595979719,86.93484497070312
2023-08-30,87.17516060443826,87.7925479840393,85.8778779629513,87.16441345214844
2023-08-31,87.7241735892221,90.23082407036246,87.30997592475751,90.15463256835938
2023-09-01,88.1012431440086,88.1012431440086,84.46630545235084,85.23412322998047
2023-09-05,84.94007376681661,86.2578818351425,84.69487920045788,85.1999282836914
2023-09-06,85.232164550267,85.70790119804595,84.66948925108531,85.2096939086914
2023-09-07,83.96222904683991,84.17616595700777,82.10812903325004,83.720947265625
2023-09-08,83.52263622880231,84.0921533307303,83.04592324848929,83.77173614501953
2023-09-11,84.86779683786953,84.89026748129052,82.60926985909344,83.92707061767578
2023-09-12,83.0576561209191,83.84208655037789,82.21949737566315,82.49888610839844
2023-09-13,82.75970429110748,83.92413820299811,82.47152854873262,83.32042694091797
2023-09-14,83.91632439172722,85.63952836965014,83.52264467699979,85.14816284179688
2023-09-15,84.80819996319862,84.80819996319862,82.34061805135448,83.19831085205078
2023-09-18,82.30937355369164,83.65257401289144,82.0573371438419,83.03421020507812
2023-09-19,82.64247928425506,83.13482113761725,81.91080085903364,82.9560546875
2023-09-20,83.48545427884952,83.48545427884952,81.55642956948728,81.57803344726562
2023-09-21,78.09518031079801,80.78540645148017,78.09321700308489,79.3965835571289
2023-09-22,79.67945675844229,81.5790169079255,79.59498956603471,81.43168640136719
2023-09-25,81.32561257175789,82.36280851204315,80.83549754940175,81.90412139892578
2023-09-26,81.4405330789072,81.54857495651757,79.67651600310816,80.1656494140625
2023-09-27,80.46717204245046,80.9012953133263,79.00566940776437,80.22653198242188
2023-09-28,80.55654956768839,82.39227215916866,80.0173293800859,81.7184829711914
2023-09-29,82.15556318342018,82.90105060755054,80.82567698415359,81.57901763916016
2023-10-02,81.42972340355767,82.3628116196175,80.88362411884147,82.00823974609375
2023-10-03,81.2273987782155,82.08681808358041,79.45061260986512,80.03207397460938
2023-10-04,80.57226725055892,81.57901697034683,80.17644343572861,80.91407012939453
2023-10-05,80.55066095063856,81.38748711293165,80.09590045068708,80.91898345947266
2023-10-06,80.48093091742301,83.32830417554958,79.7266010983654,83.02088165283203
2023-10-09,82.54942282525461,84.13567053598643,82.29110548563976,84.06396484375
2023-10-10,84.1886985381862,85.7012771809569,84.04824710865921,84.31246185302734
2023-10-11,84.44015427636705,85.97531863175975,84.12977928583177,85.89871215820312
2023-10-12,86.0823754532952,90.15847963374917,86.0823754532952,88.94743347167969
2023-10-13,89.28137766634852,90.94226849173758,86.6382934837797,86.74535369873047
2023-10-16,87.51048573497593,89.94829197897545,87.51048573497593,88.64983367919922
2023-10-17,86.93884247196738,87.70789703591281,85.0579413356999,86.86518096923828
2023-10-18,86.42811152683028,87.96819156798155,85.9615636637794,87.12350463867188
2023-10-19,87.12252150749316,87.3651173999168,85.02553652139518,85.23768615722656
2023-10-20,85.93209602510247,85.93209602510247,83.6671583488789,83.84297180175781
2023-10-23,84.26826678775208,85.80442027900662,82.7812259663497,84.68668365478516
2023-10-24,84.86151406896936,86.72768308947732,84.7750760711957,86.54204559326172
2023-10-25,86.14523808314716,86.30828254880798,83.10142166639473,83.4500961303711
2023-10-26,83.28115349388293,83.920562299294,80.37680715034709,81.20283508300781
2023-10-27,81.52204275868193,82.52486576078992,81.378638882042,82.34315490722656
2023-10-30,82.61228185964065,83.43044908608782,81.24211796336596,82.62701416015625
2023-10-31,82.88631321584363,83.04444940000667,81.77741909972515,82.63880157470703
2023-11-01,82.70067860680138,83.8626195360845,82.06913048912325,83.77519989013672
2023-11-02,84.66506632692648,86.48213007407969,84.46863064841624,85.57850646972656
2023-11-03,86.18747691660364,87.16967038573873,85.55494708010391,86.69625091552734
2023-11-06,86.58623219027346,87.01152057705899,85.56966600528321,86.51453399658203
2023-11-07,86.66088575063831,88.5712515138989,86.05584979209429,88.18328094482422
2023-11-08,88.3974051031609,89.66541712938621,88.29918726286557,89.49058532714844
2023-11-09,89.62514189277427,91.32433966088549,89.23816047608753,89.51513671875
2023-11-10,90.53269842538764,94.18743325031302,90.18597977728672,94.04698181152344
2023-11-13,93.31327678657564,93.54409282397056,92.37331702855116,93.0068359375
2023-11-14,94.52039830556564,95.93770412377128,93.8240235629936,95.56348419189452
2023-11-15,96.20682341869887,96.42684127748466,94.96926511419728,95.80314636230467
2023-11-16,94.68343650164276,95.14506855591398,93.3594403405346,94.2463607788086
2023-11-17,94.1147452736324,96.63701849864526,93.406583230502,96.03199005126952
2023-11-20,95.56741636209334,98.206566427854,95.56741636209334,97.7979736328125
2023-11-21,95.76384781333331,97.33535561207484,95.43285064585264,96.37281036376952
2023-11-22,96.61738278829662,97.0397262368653,95.37097466665443,95.4691925048828
2023-11-24,95.75993019318511,96.24120286254484,94.95355024846263,96.14396667480467
2023-11-27,95.8768062799954,96.35415233053736,93.24256437049203,93.33194732666016
2023-11-28,92.32029004503676,93.39284056614515,91.75257938005268,92.94987487792967
2023-11-29,93.14532627088909,94.23457986401984,92.2642956952001,92.40769958496094
2023-11-30,92.42439310614868,92.56386288385372,90.20168906661743,90.9245834350586
2023-12-01,90.60341484324697,91.72704133905236,89.18316402128441,91.34398651123048
2023-12-04,90.42466127186124,91.43926429435125,90.01213432524426,90.7517318725586
2023-12-05,89.53675645854946,90.0936539573309,88.97199074154446,89.68604278564453
2023-12-06,90.39715290551804,90.45706376418131,88.70188167771923,88.75492095947266
2023-12-07,88.94153869596809,90.76645564427994,88.75491955893165,90.5837631225586
2023-12-08,91.13183345577634,93.38007569537145,89.43166133444429,92.74852752685548
2023-12-11,93.996888001251,102.09998363442276,93.90653088349312,101.09127807617188
2023-12-12,100.96849867014186,106.0169719369861,100.63356737754584,105.3186264038086
2023-12-13,104.89825691638244,108.01966139111444,104.36197417056644,107.02863311767578
2023-12-14,107.27320759478998,110.14907142454793,107.08658843945244,108.67872619628906
2023-12-15,107.57178341635674,112.9404481420192,107.51284671962844,110.96231079101562
2023-12-18,110.0842356588876,113.1309969411656,109.87207853202888,112.65757751464844
2023-12-19,112.68224674632772,113.51700382993748,111.74586169344536,112.44346618652344
2023-12-20,111.7646096005948,112.61910511864728,109.4517677378148,109.5622787475586
2023-12-21,111.75968396317415,112.0330029970638,110.01814178293088,111.23080444335938
2023-12-22,111.2988877733895,111.69554553165553,109.8730924239403,110.70686340332033
2023-12-26,110.92986760724796,112.04090231504388,110.8094873839738,111.68470001220705
2023-12-27,112.09023006848425,112.44248769001072,110.80355966573045,111.12029266357422
2023-12-28,111.6649508406072,111.71922017623118,110.41774981695562,110.74928283691406
2023-12-29,110.65555129762508,110.94367035353932,109.98557455845496,110.14147186279295
2024-01-02,107.76054315701124,108.73541136554675,106.27752002980787,107.0955047607422
2024-01-03,105.59767015698051,106.07129413146792,104.12846096036913,104.45111846923828
2024-01-04,104.3899301184581,105.52859237394156,103.3450064827098,103.50682830810548
2024-01-05,103.76239666409364,104.14326064978512,102.76680391735646,103.53347778320312
2024-01-08,104.24588421983412,106.3673116396372,103.801860325644,106.0564956665039
2024-01-09,105.14575755089749,107.40828974118176,105.0559711219507,106.81034088134766
2024-01-10,106.5991921674479,106.8567174517454,104.84778084388776,106.6208953857422
2024-01-11,106.9909054083712,108.66633655181764,106.0229404223601,108.53609466552734
2024-01-12,109.73199497254627,110.0862249318317,108.53906319636684,109.29586791992188
2024-01-16,109.75567169970373,111.12719762777004,108.40289048628084,110.01419067382812
2024-01-17,109.15871124017602,109.83164650969547,107.5720877969912,108.9001922607422
2024-01-18,110.99497610832516,113.1312035903852,110.69699536884724,112.87071228027344
2024-01-19,114.19290578395804,120.08257034219623,114.0636425342731,119.51028442382812
2024-01-22,120.00857806780104,121.49653962124472,119.21624872220994,120.4279327392578
2024-01-23,120.47724909772312,121.0673010583075,118.75247951201578,121.00119018554688
2024-01-24,122.57895256093742,126.74779964726746,121.46495192046136,123.72057342529295
2024-01-25,126.3975209983414,126.3975209983414,121.24688753382326,121.36529541015624
2024-01-26,120.34897892398531,120.49797304683476,118.42785659330607,118.8866729736328
2024-01-29,119.87635201621578,120.7407092182919,118.8975391325855,120.15855407714844
2024-01-30,120.05988430430584,121.167960438754,118.8284694509778,119.2103271484375
2024-01-31,117.36418782461976,118.1308617017654,115.87030936264968,116.43174743652344
2024-02-01,117.15697747506732,118.71005608221232,116.34393114698597,118.4061508178711
2024-02-02,119.26853751314287,121.82806427563912,118.91332141138098,120.80681610107422
2024-02-05,121.0653347706896,123.11670662406353,120.59072462581636,122.65788269042967
2024-02-06,124.67768721762754,125.52033367795704,119.5833027456886,120.64006805419922
2024-02-07,121.75997189258064,124.27706314217164,121.03967053826432,124.03532409667967
2024-02-08,125.0161268180245,127.874628198411,124.8197740398834,125.78181457519533
2024-02-09,123.53902093447454,126.86620023450372,123.2390603341022,126.63826751708984
2024-02-12,127.28654697576994,127.29246398196702,124.22675466808911,124.81877899169922
2024-02-13,121.8704947942683,123.91791449967728,121.0781654855329,123.50152587890624
2024-02-14,125.23715305397576,125.60815538149038,122.48225958643206,124.5444793701172
2024-02-15,126.29392199290052,126.29885283175987,122.83056853006508,124.82569885253906
2024-02-16,124.23070428104069,125.87259075807528,122.58783163626735,122.8927230834961
2024-02-20,121.94349827633248,122.12703084963464,119.6444629678283,121.02487182617188
2024-02-21,120.18124523659168,121.17288578132796,118.6656560563164,121.11368560791016
2024-02-22,126.46757255688706,129.3556737398479,125.95053463293564,128.75575256347656
2024-02-23,129.09814913327307,130.2081976022975,127.16912976482666,127.9140853881836
2024-02-26,129.25897550840293,130.12629119890357,128.41632153892164,129.17312622070312
2024-02-27,129.17314051948048,129.4504117676895,127.5046198310698,127.9002914428711
2024-02-28,127.58156865297244,128.12623434065227,126.59189291081576,127.22832489013672
2024-02-29,128.59886754842026,129.10110548205435,127.01717488459155,128.32061767578125
2024-03-01,130.8307978991381,138.9050418245764,130.24567677481278,138.05746459960938
2024-03-04,138.45017208254802,141.9056283209474,136.6780363061738,138.3623504638672
2024-03-05,137.64599670266958,137.64599670266958,131.46623365923747,132.4904327392578
2024-03-06,137.30853848042898,137.6292160875164,132.915696403943,133.20579528808594
2024-03-07,136.36230793830225,139.55134860062105,135.46439843827693,138.8310546875
2024-03-08,137.5720127503487,139.4220935698639,128.42817499424842,129.13267517089844
2024-03-11,126.09459734930176,128.1755618116452,123.59131220419064,127.5934066772461
2024-03-12,128.96296033300646,129.04092027939691,124.25438583816712,127.47106170654295
2024-03-13,126.5830101866684,126.5830101866684,123.57157774185416,124.1152572631836
2024-03-14,124.57604191254804,125.62097312591229,123.11275729716738,124.54940032958984
2024-03-15,123.68011781883816,125.05262990168602,121.37220684411092,121.90798950195312
2024-03-18,123.7314294096258,124.60960046777764,121.53303573310356,122.07967376708984
2024-03-19,120.07764142590712,122.37864926069834,118.80182645564904,122.15565490722656
2024-03-20,122.77595581687584,127.6284465476599,121.5442486236581,126.44034576416016
2024-03-21,131.62480383158555,139.08537093887162,130.40400575237865,133.57492065429688
2024-03-22,133.7730968339594,136.3712617209385,133.39160122326675,134.116943359375
2024-03-25,133.28062617113233,134.60942726549746,132.53148493765812,133.92967224121094
2024-03-26,135.22873842462968,136.7398880117742,131.84180257299872,131.9389190673828
2024-03-27,133.77311054565794,133.77311054565794,128.42417290708966,130.67453002929688
2024-03-28,130.592259263677,131.80019005996675,129.9610549799594,131.33644104003906
2024-04-01,131.3632046600753,135.05931700881513,131.33645717492527,133.7988739013672
2024-04-02,130.3831803629661,133.01702868185134,129.15644012555333,132.65931701660156
2024-04-03,131.59311042700023,136.43074633297385,131.32258130302134,135.0821075439453
2024-04-04,137.27298898541278,139.1220277135209,130.3048996174358,130.55262756347656
2024-04-05,131.39491102051804,134.8858883402912,130.22562723145597,132.72569274902344
2024-04-08,132.1529681225346,133.0299196917864,130.37922739271283,132.39573669433594
2024-04-09,134.50341590615483,134.7124968776792,129.67470084807687,132.19558715820312
2024-04-10,131.09764824312745,132.36105487576413,130.35248357814942,131.03521728515625
2024-04-11,132.05685246927374,137.92205117779304,131.16205914414306,136.98960876464844
2024-04-12,133.9722914824143,135.40911079595895,132.44727652914727,133.1855010986328
2024-04-15,135.75493664649608,135.75493664649608,129.413106238064,129.87783813476562
2024-04-16,130.3425566027372,132.4175353185553,129.9085488272106,131.69813537597656
2024-04-17,133.09036721869782,133.4758243111024,126.97742567386442,127.09732818603516
2024-04-18,127.62945041756728,128.09022080300983,124.40501784677376,124.75481414794922
2024-04-19,124.7548154239726,124.8548954663838,118.66763849177144,119.37614440917967
2024-04-22,121.33715238805196,122.19924841476454,118.9629314783413,121.33319091796876
2024-04-23,121.70082021711296,124.64680068035088,121.68595714438678,123.7837142944336
2024-04-24,125.2413454192168,127.3936030079989,123.3645611978406,124.53977966308594
2024-04-25,126.08857785343253,129.61423323502794,124.55761333865348,128.26560974121094
2024-04-26,129.80946635958438,134.35080847963908,129.12871335303132,133.1855010986328
2024-04-29,133.1864745489314,134.06838542372628,131.36518124697156,132.6454315185547
2024-04-30,131.68029763049094,133.60960921868195,128.7244058161208,128.8452911376953
2024-05-01,126.67124047077718,128.06248010624563,123.00685021798488,123.15647888183594
2024-05-02,124.48627000234532,125.29584629969077,121.21923659517678,122.73136901855467
2024-05-03,124.75580128402083,127.22118889630389,123.58057525359332,126.64942932128906
2024-05-06,127.45306100797949,129.88575147072393,126.3482039464057,129.84017944335938
2024-05-07,130.44758700261022,130.70027434382004,128.49747033000764,129.126708984375
2024-05-08,128.17444150095235,132.57507491781027,127.67798769618294,131.3324737548828
2024-05-09,130.58532312489177,130.95987855975906,129.01670214011574,129.38037109375
2024-05-10,130.33562783602372,133.17854198107693,130.33562783602372,132.0687255859375
2024-05-13,133.57492399264711,134.60448288398828,131.80218119383957,132.53546142578125
2024-05-14,132.02313900713935,136.9430276844352,131.37509090223998,136.74880981445312
2024-05-15,136.74582696032036,142.58725619345293,135.7529344358219,142.31178283691406
2024-05-16,141.3040297294084,143.22638593413546,139.22905109151358,139.92962646484375
2024-05-17,139.95836993866487,140.66290678261453,136.9222056353851,138.2609405517578
2024-05-20,138.33131187592772,140.40627565722136,138.04988115378407,140.117919921875
2024-05-21,138.5968623692759,139.65812817120042,138.0796032106636,138.6483917236328
2024-05-22,138.33228239364917,139.22311419848614,137.16399648186925,137.95870971679688
2024-05-23,141.54483132783955,141.60130496003438,136.54766332432766,138.06275939941406
2024-05-24,138.7068550709983,140.07332034814235,137.93690857263894,139.50453186035156
2024-05-28,139.71856567269825,140.43004265289176,137.98843146941218,139.96133422851562
2024-05-29,138.63848739125862,138.63848739125862,137.04311862937078,137.8031463623047
2024-05-30,136.64674954096807,137.02132017880524,134.33198071653158,135.16831970214844
2024-05-31,134.8987860666538,135.0167078505133,129.53794897633588,131.64759826660156
2024-06-03,134.04065795020196,134.07038409781526,129.06925460413373,130.9886474609375
2024-06-04,130.84000571635096,131.98848438636747,129.51318527516332,131.87254333496094
2024-06-05,133.3767379317102,140.14961180044045,132.83569487297265,140.02476501464844
2024-06-06,140.8947763087431,140.97603180424818,137.56234842581918,138.85350036621094
2024-06-07,139.49858249089283,141.20493274651693,138.43235739297037,139.3856201171875
2024-06-10,139.69875637306248,143.58808863088674,139.63236394474333,142.73788452148438
2024-06-11,142.51296590854352,145.16960064188956,140.335926154805,144.77520751953125
2024-06-12,148.63678854775046,149.21151927788233,146.29823580312788,148.19186401367188
2024-06-13,169.44592344804516,172.00743718927686,163.75016114314332,166.37310791015625
2024-06-14,167.152963214929,173.13608348297106,166.68129122420464,171.9271697998047
2024-06-17,178.3641431501353,182.62506737163392,176.24161154010164,181.2248992919922
2024-06-18,182.2871412912025,183.4792110755252,176.87875212956726,178.61383056640625
2024-06-20,178.70700640212667,178.83484699133376,170.65684443144585,171.87962341308594
2024-06-21,168.0249557600918,169.8422877591837,163.64116565726786,164.35562133789062
2024-06-24,163.2293433757166,165.11308808287376,158.12087029857375,158.2749481201172
2024-06-25,159.06223903935728,159.64973084724264,155.47070012438482,157.1397247314453
2024-06-26,158.8127313273431,160.8565148948284,156.42400941763205,158.2540740966797
2024-06-27,158.2540903765215,159.60799739883376,156.1665768884448,157.7232666015625
2024-06-28,158.63976696099562,162.94901618969016,157.65764601615336,159.59902954101562
2024-07-01,159.8644626908236,163.89536180664135,158.4031957799921,163.10508728027344
2024-07-02,163.1050798977856,164.93414344211865,161.23624552920063,164.76316833496094
2024-07-03,166.0077361661244,171.89454650878906,165.45702701828998,171.89454650878906
2024-07-05,174.5128999312088,175.49800904402613,168.59229496363244,169.31893920898438
2024-07-08,169.48695443706285,174.6461198758597,169.48695443706285,173.54867553710938
2024-07-09,174.61229921630004,176.0457325264952,169.54259614867505,172.3011016845703
2024-07-10,173.5625913217547,175.599412845356,171.6102562624598,173.43235778808594
2024-07-11,175.4175093082442,175.4383806511629,165.85864660526326,169.58139038085938
2024-07-12,170.08635849000052,171.56552383077457,168.1260753510352,169.0565185546875
2024-07-15,168.98991301635607,172.47905223046251,168.2543044050536,170.40147399902344
2024-07-16,171.37564127365945,171.78320880849785,165.41129159822177,168.37359619140625
2024-07-17,161.34559817589937,161.87244785468937,154.68541068498038,155.05320739746094
2024-07-18,157.94591856276037,160.55034638706488,152.98556231454728,159.5662384033203
2024-07-19,160.87839704854977,162.97586073889804,156.1864405011179,156.4150848388672
2024-07-22,159.27795713471585,162.02156774984775,156.9617994759364,160.10302734375
2024-07-23,159.44694916757987,164.34766459433044,158.94992000537655,162.79693603515625
2024-07-24,159.39725569919034,160.4509550784009,150.2022163534127,150.44078063964844
2024-07-25,150.3612550549387,152.63765708723832,144.65537004246298,148.37313842773438
2024-07-26,152.58794910932872,152.66747559353476,149.02921857376992,150.72906494140625
2024-07-29,151.1167463199099,154.07903579324676,148.26378869767066,149.3274383544922
2024-07-30,152.36925514281032,152.55812864687442,142.4982634959425,142.66725158691406
2024-07-31,150.57001229003234,160.37142775920606,150.10280367441686,159.72528076171875
2024-08-01,156.56418047632704,157.96580630379862,145.30149824474378,146.14645385742188
2024-08-02,141.08669970473017,144.4863927390781,138.77055700902645,142.96548461914062
2024-08-05,128.8399007394125,144.5559605075419,127.73649538654684,141.23580932617188
2024-08-06,140.8878750632386,148.0252213648885,139.41667306337052,143.0648651123047
2024-08-07,147.36914119121568,149.2081550912063,135.02293907483158,135.4603271484375
2024-08-08,140.3610210327322,145.40090361099902,137.57765491563833,144.87405395507812
2024-08-09,143.34319993513884,148.66141776301933,143.2537383309176,147.3790740966797
2024-08-12,147.20015367295477,150.23203449663248,145.50030731996637,147.7369384765625
2024-08-13,150.64953786335423,155.4508412554699,148.91987096697457,155.23214721679688
2024-08-14,157.0811080993464,159.29785402054426,153.80071244002494,156.75306701660156
2024-08-15,160.24218359955498,165.67968332965194,159.38729291525843,165.1428985595703
2024-08-16,163.49276347687757,165.1031330066535,161.713390694702,164.73533630371094
2024-08-19,163.88045914737492,166.83281364158285,159.46683767449332,166.71353149414062
2024-08-20,166.05744421050957,167.36959329616684,163.17466600210344,164.96397399902344
2024-08-21,164.1389007951916,165.48088556051692,161.91221992228256,164.79498291015625
2024-08-22,169.8249070768394,171.39552092542203,160.53047157922626,161.3754119873047
2024-08-23,164.04943692080985,167.28012633447008,162.48877330686702,165.3715362548828
2024-08-26,163.97986806963956,164.71546152300374,157.71729758455527,158.6715850830078
2024-08-27,156.6636015878473,161.06727278529524,154.90411406620674,160.4310760498047
2024-08-28,159.12886279174472,161.3157881322914,155.32161748380648,157.24014282226562
2024-08-29,157.5483176621903,162.23032412462845,154.4866160402539,155.99757385253906
2024-08-30,160.16267354057243,162.27008751798223,157.76700448908807,161.8525848388672
2024-09-03,159.42708618457803,159.7849478043913,150.4805608573739,151.88217163085938
2024-09-04,149.40697436587254,156.85246176591298,148.2637981523412,153.2042694091797
2024-09-05,149.67535626782075,155.43094679538282,149.21808280408638,151.9119873046875
2024-09-06,142.39885385889207,142.64736843805244,135.78837212047668,136.1859893798828
2024-09-09,138.2834603988103,140.74872090828976,134.0984679889083,139.98330688476562
2024-09-10,140.3809183056507,148.96958165358234,140.20197991916967,147.3293914794922
2024-09-11,147.50831894337253,157.92604627446957,144.1782173811907,157.32962036132812
2024-09-12,157.160621561338,165.33178191053378,155.89816328720718,163.5822296142578
2024-09-13,165.749281708572,167.08131615249908,163.0653122400802,166.69363403320312
2024-09-16,164.2084870222868,164.51664265716147,159.45688973482305,163.04544067382812
2024-09-17,164.50671425705235,165.03356394493866,159.74516648478613,161.50465393066406
2024-09-18,162.79694022330244,166.47495308460316,160.40125595950022,160.70941162109375
2024-09-19,167.23192549324614,169.54573339481084,165.2173342063493,166.97262573242188
2024-09-20,166.73325340125265,171.56033149294285,166.02515918915486,170.64279174804688
2024-09-23,171.54038417490486,172.85686419531285,167.90014373746888,172.47787475585938
2024-09-24,172.34821327556165,175.5197235670277,171.221228001001,174.37278747558594
2024-09-25,174.1832940805174,176.66664577954447,173.2956729477592,175.0509796142578
2024-09-26,178.02301327717737,179.76833693675755,174.53236595801704,177.61410522460938
2024-09-27,177.69389841357497,177.99309980747222,171.30102334329823,172.22854614257812
2024-09-30,171.41072585108702,172.45792309528863,169.17672129600592,172.03904724121094
2024-10-01,171.69996137198424,171.7897172235801,165.35695581962378,167.02249145507812
2024-10-02,167.10227419887718,172.37813151018096,166.57369168780568,170.20396423339844
2024-10-03,169.16674089629632,174.47253223275249,168.7378972359664,171.43067932128906
2024-10-04,175.82889620521385,176.42728376128514,172.13878634638934,176.16798400878906
2024-10-07,174.3528523515062,177.83351661502886,173.3954109727919,174.61215209960938
2024-10-08,174.9512466936985,181.11474061694395,174.4226641594835,180.2470550537109
2024-10-09,178.76104842309454,185.92185504582,175.9485765954401,185.4531097412109
2024-10-10,183.06948879310136,185.8121402469963,182.04224237508367,185.1938018798828
2024-10-11,180.65595310135217,182.1020753358746,176.92594173308197,180.9950408935547
2024-10-14,182.81019020837576,184.4557750039952,179.64866288389743,181.8228302001953
2024-10-15,180.3068948784651,181.21446687213893,172.90672407515635,175.50975036621094
2024-10-16,178.03297481090897,178.7710028394705,174.86147980576763,176.34750366210938
2024-10-17,180.8853457680144,185.01428242367268,180.20717014034815,181.044921875
2024-10-18,181.832816284948,182.2217735278197,178.20252839412507,179.4093017578125
2024-10-21,178.90066264656272,181.23440600727145,177.77367738161595,179.509033203125
2024-10-22,178.18258805116906,180.2071622637607,176.93592830361197,178.90066528320312
2024-10-23,177.11544018884967,178.5017252208703,172.10886559436628,173.0463409423828
2024-10-24,173.79433262136072,173.83423425445514,169.04705789007153,170.89212036132812
2024-10-25,173.7245269507288,176.32755304303834,172.25845390919736,172.53770446777344
2024-10-28,172.53771023966553,173.50511942781466,170.892125448863,171.56033325195312
2024-10-29,171.97921501362703,179.74839218448548,170.75250603254733,178.76104736328125
2024-10-30,176.99576791846832,178.71117297163255,175.15070538004872,176.16798400878906
2024-10-31,173.98383202378446,173.98383202378446,166.93273237666804,169.31634521484375
2024-11-01,167.81037266072468,170.87217635719023,167.0524089998673,168.46861267089844
2024-11-04,168.827654432389,171.98918183832765,167.96995188688408,168.099609375
2024-11-05,169.59559973773665,173.9339666470305,169.59559973773665,173.435302734375
2024-11-06,179.14999373692504,179.72844567466583,175.48980261568107,179.07020568847656
2024-11-07,181.50368848915443,184.3759821525028,181.30421075838208,183.31881713867188
2024-11-08,182.5010197500729,184.55551258487452,181.34411584880115,183.14927673339844
2024-11-11,182.90990723850757,183.1393035829636,176.34750389271986,178.43191528320312
2024-11-12,178.42193083343537,179.0801708097812,172.73716562411667,175.7490997314453
2024-11-13,174.24315046970685,175.12078860477726,172.13878815666095,173.1161651611328
2024-11-14,174.30298150880918,175.10084678161738,169.41606622411808,169.92471313476562
2024-11-15,168.01981028262827,168.68801806098773,162.9932698101128,164.39950561523438
2024-11-18,165.21732712235288,165.90548573974348,161.78651705293657,165.227294921875
2024-11-19,166.2146543280382,166.35427961092088,163.87092791749188,164.9081573486328
2024-11-20,165.09764048946482,165.09764048946482,160.43015360039664,162.8137664794922
2024-11-21,165.80574739956506,165.89550324959322,160.17085139469546,163.50192260742188
2024-11-22,163.86095794483512,164.46932850175867,161.9660260245418,163.7911376953125
2024-11-25,164.9580143770864,166.78312610318562,162.45472704199628,164.37957763671875
2024-11-26,164.1601641435804,165.9254234160131,162.25526436800246,164.29978942871094
2024-11-27,162.7638979121666,162.7638979121666,157.11901877326426,159.2433319091797
2024-11-29,159.14360898981698,162.25526694675978,158.65491287508587,161.6468963623047
2024-12-02,162.51456364791926,167.93006157132044,162.31510112945833,166.06504821777344
2024-12-03,164.04047702922054,167.82035802267387,163.59168254983825,167.70066833496094
2024-12-04,172.97654181733802,174.92132804838783,168.10957712177532,170.10423278808594
2024-12-05,170.29371588881483,171.9393006140048,168.74785480932528,170.01446533203125
2024-12-06,169.64546840565455,180.19718335788843,168.87752172259275,179.05026245117188
2024-12-09,178.47180556800254,180.30688505535693,175.54964243827112,178.4618377685547
2024-12-10,177.33485806100828,178.0230166948793,169.2764474119074,171.35089111328125
2024-12-11,179.52897111401558,184.37598481222872,175.9585357774869,182.71044921875
2024-12-12,180.44651364590808,181.51366170895392,175.5197270397974,180.17724609375
2024-12-13,213.3284127689918,228.0888674211582,210.54587487114176,224.1992950439453
2024-12-16,231.17060866112917,251.2069361270889,230.19323165874556,249.3319549560547
2024-12-17,240.00693433085172,241.82207827194543,233.1752478794305,239.5880584716797
2024-12-18,238.77026072150608,239.20908740395728,218.6342092902292,223.0224456787109
2024-12-19,227.30098823068704,227.44061351745572,216.99858997306328,217.7366180419922
2024-12-20,219.77115330145568,229.67461099153945,218.3250310437132,220.1999969482422
2024-12-23,226.69000244140625,233.3999938964844,225.1300048828125,232.3500061035156
2024-12-24,240.1199951171875,240.22999572753903,234.8000030517578,239.67999267578125
2024-12-26,240.0,247.27999877929688,237.6000061035156,245.3600006103516
2024-12-27,245.63999938964844,245.77999877929688,236.3500061035156,241.75
2024-12-30,234.6999969482422,238.7700042724609,231.6199951171875,235.5800018310547
2024-12-31,235.8800048828125,237.4600067138672,231.30999755859372,231.83999633789065
