Date,Open,High,Low,Close
2017-11-09,150.227148554251,151.86863388946466,149.8414513054469,151.68923950195312
2017-11-10,151.0883220873556,153.72546308335694,150.76540658403053,153.70751953125
2017-11-13,153.38457593320803,155.25927302086484,153.07062541998127,153.7971954345703
2017-11-14,153.22312427030704,154.12907502079216,152.281286422365,153.7792510986328
2017-11-15,151.8596746066045,153.14235752757045,149.8504218057944,151.590576171875
2017-11-16,153.14698072481656,154.14558993790803,152.18436509694365,153.82171630859375
2017-11-17,153.83971310120305,154.91928728974045,153.5248310044281,153.82171630859375
2017-11-20,153.93870118809633,155.21619913115748,153.70479775430752,154.9912872314453
2017-11-21,155.60303081747665,156.70959335024904,155.23417206404224,156.01686096191406
2017-11-22,156.39474019397696,156.538687108915,153.92971448144644,155.1712188720703
2017-11-24,155.08121697845672,155.7829408240808,154.28952290543285,154.39747619628906
2017-11-27,154.96425811442526,155.69297028128724,153.94765220249076,155.2881317138672
2017-11-28,155.9269290306292,156.700612790229,155.23419653310108,156.2238006591797
2017-11-29,156.53869189897793,159.90337906906353,156.13385319991835,159.71444702148438
2017-11-30,162.32340673989927,166.34483253233867,162.13448843497088,165.9219970703125
2017-12-01,164.86940753414476,166.59672920864608,162.9531675587391,166.5517578125
2017-12-04,168.4319986472655,170.82506418672122,167.83822802874835,170.53717041015625
2017-12-05,170.63615682230667,172.03061333292052,168.0991577557189,168.97181701660156
2017-12-06,168.79184505521857,169.11571867649383,166.89358844420852,168.43199157714844
2017-12-07,167.79324704371865,168.95379998373093,166.9385846807248,167.5143585205078
2017-12-08,168.04512453948252,169.61051588970454,167.2894240507668,169.19668579101562
2017-12-11,169.3226747575527,169.94342004814072,168.27007502311127,169.90744018554688
2017-12-12,168.19810114361465,170.14132929340138,168.05415425028784,169.40362548828125
2017-12-13,169.61053197879707,171.0409681240265,168.9537931866057,169.3856201171875
2017-12-14,169.65552891851397,170.69912332370913,167.48737512690982,167.81124877929688
2017-12-15,174.0008207636847,175.74613905486245,172.73231453421658,173.38905334472656
2017-12-18,173.299078441934,174.84647302694785,172.64232597359393,173.0111846923828
2017-12-19,173.5509899256461,173.6319549001632,168.234070291868,169.43060302734375
2017-12-20,170.0693766026564,170.2673001732533,166.79465988123462,168.6929168701172
2017-12-21,169.13372768208134,169.4935811861371,167.85622989689276,168.0541534423828
2017-12-22,168.47700375230187,168.66592205399465,167.30745916944198,167.90122985839844
2017-12-26,167.5053652521085,168.5399543554033,167.44238333976188,167.82923889160156
2017-12-27,168.09911788489137,168.28803614664642,167.1544853935274,167.60430908203125
2017-12-28,167.847240521126,168.25207915027457,167.50537007860737,167.8922119140625
2017-12-29,167.74833453204374,168.7739324731321,167.2715085695522,167.44244384765625
2018-01-02,168.44100461052847,171.54478586954653,168.0001861027527,169.421630859375
2018-01-03,169.87144409955835,172.82228674160544,169.47559701116867,171.45481872558594
2018-01-04,172.73232437586228,173.00222137820592,168.7378871782654,170.12335205078125
2018-01-05,170.4202300410782,170.6451419302065,167.98219285034557,168.90882873535156
2018-01-08,168.52197112273012,170.01537549402198,168.4589892104459,169.5655517578125
2018-01-09,170.04237936089015,170.30328483915426,167.46938680551398,167.5953369140625
2018-01-10,167.10950736461652,167.5503395399522,165.42717109109057,166.8126220703125
2018-01-11,166.82164055343165,171.5357987123388,166.46178702024648,170.37525939941406
2018-01-12,171.02298586886457,172.89424048609118,170.9330156327824,172.58836364746094
2018-01-16,173.04719627407593,173.48801474857413,171.73370492830455,172.30947875976562
2018-01-17,173.2091149005778,173.23610322469898,172.13853228533668,172.99319458007812
2018-01-18,172.93925126506915,173.65897207792744,172.03061214694938,172.29150390625
2018-01-19,172.47141116204824,173.30807666486552,171.9766023406095,172.99319458007812
2018-01-22,173.18217787141234,175.21537668009427,172.78633069701507,174.87351989746094
2018-01-23,174.18076189026223,174.62159412961282,172.79531070985374,174.00982666015625
2018-01-24,174.9184953840801,175.20638923674085,172.66937613842234,174.74757385253906
2018-01-25,175.4313080447775,178.53508998006274,175.19740457596373,178.08526611328125
2018-01-26,177.9052735182574,179.23674782780827,176.0520020689094,178.94886779785156
2018-01-29,178.46307747391387,179.82155404003922,177.73436516554486,178.41810607910156
2018-01-30,177.76134632293972,178.8409205779955,176.40288353914377,178.0492401123047
2018-01-31,177.62640115654906,178.55303696540162,174.62158185934695,175.31430053710938
2018-02-01,174.00081766059907,175.7911073114011,173.12815853057296,174.05479431152344
2018-02-02,172.05755754642132,174.17173433277466,171.65271898005324,171.8236541748047
2018-02-05,171.52683942229731,172.82233434934318,164.21269898774634,164.42861938476562
2018-02-06,160.9559891244955,166.65076127262805,158.51793757770602,166.44383239746094
2018-02-07,166.07494864225825,167.50538499884476,164.69848894402853,164.8064422607422
2018-02-08,165.99396550075215,165.99396550075215,160.614076963305,160.68605041503906
2018-02-09,161.7385883858308,163.7987883633703,158.14899076374883,162.58425903320312
2018-02-12,163.59192180737287,164.86941979515913,162.27844395448753,162.89019775390625
2018-02-13,162.13446653014594,166.0749268023916,161.98152810906973,165.67007446289062
2018-02-14,164.37461646332895,169.56557315025654,164.0147491924418,168.54898071289062
2018-02-15,169.66748339832813,172.93293112189772,168.29637001769132,172.72544860839844
2018-02-16,172.69838084782015,175.557892781975,172.3285350932281,172.797607421875
2018-02-20,171.27313010622336,172.72543879690224,169.2525362856358,169.6945343017578
2018-02-21,170.0644597021304,170.6147139051172,167.50262632873284,167.55674743652344
2018-02-22,168.0979229986619,169.88398770724393,167.4755029639667,168.3144073486328
2018-02-23,169.43300525205007,171.2551603453183,167.70106117138374,171.2190704345703
2018-02-26,171.4806253238822,174.18678976078138,171.32726389323886,173.92518615722656
2018-02-27,174.50252768566074,176.36978804287153,171.48065185546875,171.48065185546875
2018-02-28,172.83370461836176,174.7821325191253,172.19323965618804,172.20225524902344
2018-03-01,172.57209514302917,174.08755430786928,168.97290543452775,170.51541137695312
2018-03-02,169.11724944149867,171.7422325139105,168.88272012174184,170.7860565185547
2018-03-05,169.9922236756924,173.17647600672305,169.13527437172843,172.72544860839844
2018-03-06,173.32078804491564,173.42001461164884,171.45354198908828,172.7073974609375
2018-03-07,170.67782512691304,171.16492874928994,166.6817144946099,169.00901794433594
2018-03-08,167.95365209077372,168.09798421949594,165.148259998481,167.50262451171875
2018-03-09,168.23323651147092,170.1636334200668,166.1765524692011,170.10951232910156
2018-03-12,169.82987618602266,171.48063826885792,169.1803955709968,170.82212829589844
2018-03-13,171.4355469350881,171.49868362451392,168.50386833160343,169.09922790527344
2018-03-14,170.28986193092086,170.49733062962088,165.52701486589322,166.5463409423828
2018-03-15,166.71774279503347,168.29633839253012,166.12238343769775,167.34014892578125
2018-03-16,167.9445823392442,168.00773279197344,166.4020760978411,167.66494750976562
2018-03-19,167.448423711627,167.7641346081491,164.90462276956606,166.11337280273438
2018-03-20,166.9703612916252,169.20745350650773,166.51933385838393,168.99998474121094
2018-03-21,168.53087825996496,169.48705402270335,167.83629229930585,167.84532165527344
2018-03-22,166.78993599976283,167.37627990990924,164.6250098688374,164.7512969970703
2018-03-23,165.32861000645423,166.38401251774928,163.11857840087407,163.12759399414062
2018-03-26,165.10309376383054,169.18940102600865,164.4806737313738,168.88270568847656
2018-03-27,169.08117271765215,169.27962589686305,164.22811294938313,165.2113494873047
2018-03-28,165.6262664794922,166.53733678490016,163.4793718570161,165.6262664794922
2018-03-29,166.64564134456768,170.1636502478617,166.34796155055565,169.97421264648438
2018-04-02,168.60309201213704,168.60309201213704,163.31704951713826,164.8505401611328
2018-04-03,165.55408599988053,166.131400415499,163.58761350314495,164.7241973876953
2018-04-04,163.3891925707126,168.09791979247038,163.2177999540784,167.34921264648438
2018-04-05,168.41364288931877,168.68426210544254,166.81700190202702,168.00772094726562
2018-04-06,167.1868736839157,168.90980207121714,165.1662792533163,165.94204711914062
2018-04-09,167.06060944884848,169.04512800724598,165.52711846118993,166.34799194335938
2018-04-10,167.55669203258455,167.75514520504294,164.32733394762025,165.57217407226562
2018-04-11,164.3994964723397,168.1159580511278,164.37243592797105,166.56442260742188
2018-04-12,167.33117530814155,171.4264982863608,167.32215971474272,170.3260040283203
2018-04-13,171.21899396230268,171.23703890961718,168.6932381444862,170.4071502685547
2018-04-16,173.05020006946046,176.62234335132402,172.63526254417346,175.52183532714844
2018-04-17,176.49605428988866,177.59656230201566,175.65713612655563,176.80274963378906
2018-04-18,177.07337830442245,178.39940009869056,176.91100126621345,177.26280212402344
2018-04-19,176.94713447597093,177.16361889421154,174.54766456916667,175.96389770507812
2018-04-20,175.3865442974063,176.505097435031,173.87109852797934,174.6017608642578
2018-04-23,174.82724525509923,175.34142311756096,173.4290575089078,174.4123077392578
2018-04-24,175.48572632955572,176.22541783696948,172.4277612546098,173.65455627441406
2018-04-25,173.4019925489375,175.60300849113108,172.6442698107521,174.97157287597656
2018-04-26,175.10695726848945,177.19973201402408,174.40335528852157,176.1352996826172
2018-04-27,175.85561945651648,177.63266890724725,175.47675800831604,177.3259735107422
2018-04-30,177.7950457724709,179.545020908191,177.1545806670336,177.8491668701172
2018-05-01,177.24476806971705,177.77697714472285,174.55663462093804,177.29888916015625
2018-05-02,176.3336792999252,176.4238902911815,173.6004541888893,174.99864196777344
2018-05-03,174.9264486554763,174.9895990923631,171.55275906673572,174.10557556152344
2018-05-04,173.95227833696734,177.16359185051022,172.54507477613544,176.07211303710938
2018-05-07,176.60430140795197,176.62234635935232,173.38397267836666,174.1507110595703
2018-05-08,174.0875421498067,176.08107533616774,173.57336436206552,175.4315948486328
2018-05-09,175.13395345823727,177.1816219367392,174.23189855757312,176.83883666992188
2018-05-10,177.36354114413243,178.1596547552385,175.6898679559144,176.8207244873047
2018-05-11,176.7121882209522,177.30022816720356,176.02463233563026,177.1011962890625
2018-05-14,177.28215431944167,178.46728996643017,176.7936164805221,177.20977783203125
2018-05-15,176.19649538476003,177.9515869890662,174.83946750156267,176.84786987304688
2018-05-16,177.3816358686503,180.34900225506956,176.41361606719488,179.77000427246094
2018-05-17,180.08665750945443,182.15839462178752,179.02817734205908,180.5751953125
2018-05-18,180.48469396872147,180.5027915376096,178.9286343499524,179.9961700439453
2018-05-21,180.5752084677886,182.14935220374235,180.1138100863648,180.59329223632807
2018-05-22,180.6837630503728,182.5383708182099,179.87859362391904,180.0052490234375
2018-05-23,180.11379704801314,180.11379704801314,178.014934283876,179.2543487548828
2018-05-24,179.39004461863124,180.11379562982214,178.060169908736,179.932861328125
2018-05-25,179.93286652474038,181.1360996821601,178.96486039028255,179.45338439941406
2018-05-29,179.21815017901667,179.88760841661977,177.31830566795668,177.98777770996094
2018-05-30,179.27245865965963,181.41655859818235,178.90153433988044,180.61138916015625
2018-05-31,181.1361219591309,181.57036711003133,178.85631075919557,179.3448486328125
2018-06-01,176.8207585576991,180.02335260214707,176.41365288883634,178.34063720703125
2018-06-04,178.51248841113403,180.0685342387069,178.44915382168836,179.68856811523438
2018-06-05,180.23139546955207,180.3490089687167,178.21395124004297,178.98292541503906
2018-06-06,179.1367304478349,179.48955716101307,177.95159491906728,178.82009887695312
2018-06-07,181.38937999769203,183.54253516020992,180.40327645689533,183.2620849609375
2018-06-08,182.30315711124427,184.5648706996621,181.84177250879256,184.3386993408203
2018-06-11,184.3386760860577,185.3609749164665,184.03108638989303,185.00814819335935
2018-06-12,184.7820334019115,185.5329241048226,183.8592502266656,185.35198974609372
2018-06-13,185.388112106412,186.21137905173612,183.8411079564624,184.6553192138672
2018-06-14,185.34285945324183,186.12088930657845,184.8181403610473,185.56903076171875
2018-06-15,185.82233370675092,187.8759729665728,185.07145714206425,187.5593414306641
2018-06-18,186.3652010233104,188.2740878578127,185.59621287596704,186.55519104003903
2018-06-19,185.3700471873441,188.00268521676776,185.1167363602248,187.74937438964844
2018-06-20,187.9574317328141,188.70832226334616,187.2336944640443,188.15646362304688
2018-06-21,188.32834417044083,190.98812125896123,188.17454932031316,189.9477386474609
2018-06-22,190.31864996488488,191.58521771957675,190.00201837951397,190.9790802001953
2018-06-25,189.99295079657296,191.8656559534032,189.9567694592882,191.56710815429688
2018-06-26,192.13709070114555,192.20946719006264,189.95679556238093,190.0653533935547
2018-06-27,190.4362352543052,192.1732291877451,189.6310659757148,190.0110321044922
2018-06-28,189.98391726170289,191.0604950015569,188.2197836480104,188.8168792724609
2018-06-29,189.676335188586,190.4634070314637,188.46406012372984,189.06114196777344
2018-07-02,188.55452016176403,188.9164025866538,186.4104202863539,188.1655120849609
2018-07-03,188.6540122129052,189.90248226296987,187.17937085257668,187.3784027099609
2018-07-05,188.35546524304996,189.34156884701707,187.7674253555763,189.20587158203125
2018-07-06,187.39650586056277,190.33673298155048,186.96226079715703,189.6401214599609
2018-07-09,190.4543995827612,191.60334025427352,189.98395924701128,190.83436584472656
2018-07-10,190.87956225134656,192.42656643116985,190.7348092858653,191.5218811035156
2018-07-11,191.0786261072276,191.594289652004,189.95681114360136,190.8433990478516
2018-07-12,192.28185928981583,193.75650114273395,191.9923670942648,193.6208038330078
2018-07-13,193.60269392963863,195.99106305958503,193.3403412127376,195.9005889892578
2018-07-16,195.99103907238023,196.4343398756805,193.5121961754904,194.3716583251953
2018-07-17,193.65693308693287,195.5567777384744,193.60265417764356,194.50733947753903
2018-07-18,194.81495379524463,195.3034916494151,193.24081000923815,194.480224609375
2018-07-19,194.01880315890037,197.40231713065705,193.62978132637997,196.8052215576172
2018-07-20,196.2986543409654,198.07184398059704,195.62919591118617,197.84567260742188
2018-07-23,198.9222343258914,199.44695352538383,197.4023556438436,197.9813537597656
2018-07-24,198.4970300768108,199.64597061387155,196.85049599656975,197.7461395263672
2018-07-25,196.86855787202197,199.772603599452,196.65142844236317,199.66403198242188
2018-07-26,200.8401485632913,203.21041977307075,199.77262647181607,200.5868377685547
2018-07-27,201.12059287019184,201.2924852910549,197.908957197926,198.7141265869141
2018-07-30,198.16228185163249,199.1393437298538,197.77327375984996,198.22561645507807
2018-07-31,198.7502961373025,199.09408093475932,197.5199236986369,197.86370849609372
2018-08-01,197.8094532722708,198.2165727377341,195.63821387701557,196.4343414306641
2018-08-02,194.5163638518895,200.2973018456844,194.5163638518895,200.0439910888672
2018-08-03,199.9354998481887,201.4010859726525,199.9354998481887,200.8673248291016
2018-08-06,200.32446431689667,201.98909580149163,199.94449813800944,201.49151611328125
2018-08-07,201.96195718120617,203.98844347698355,201.7267301615873,202.5228576660156
2018-08-08,201.6181953283273,203.44566376076776,201.05729477956405,203.17425537109372
2018-08-09,200.4963647222223,201.1567949730608,196.23530441438973,197.43853759765625
2018-08-10,197.3480679057712,200.58684321719764,196.99524116034672,199.3112335205078
2018-08-13,199.9626249286877,200.4602046896056,198.1803934787484,198.6327362060547
2018-08-14,199.03978985468945,201.34673992160972,198.90409259374152,200.84011840820312
2018-08-15,199.6821623496986,200.9396745019943,197.91802858272308,200.54161071777344
2018-08-16,202.1519307414556,202.884723637414,200.966795188298,201.91671752929688
2018-08-17,201.13868507613063,204.3503206627188,200.97583454329856,204.16937255859372
2018-08-20,204.4588908031821,206.4672934012647,204.43175134680823,205.6802215576172
2018-08-21,207.61623699131704,208.16809558320404,205.99684255415903,206.75677490234372
2018-08-22,206.7025000686269,208.2856993941007,206.61203981838423,207.3629302978516
2018-08-23,207.17292335096076,208.3942539667117,206.7839153175061,207.63430786132807
2018-08-24,208.0776300793961,209.9412796879245,207.71576146188875,209.23562622070312
2018-08-27,210.55643930438717,210.66499711143612,206.35870051088352,208.104736328125
2018-08-28,208.9280135820887,209.73318290140443,207.93285428657427,208.3128204345703
2018-08-29,209.69703064791292,209.88702066296813,206.9286954289078,208.24954223632807
2018-08-30,208.24953102238013,209.64621277514632,208.08629005418928,209.346923828125
2018-08-31,208.7846240570653,211.7865639195655,208.7846240570653,211.432861328125
2018-09-04,211.44195498504,213.0472272020804,211.44195498504,212.838623046875
2018-09-05,212.73885028851456,214.1899318511664,211.49634518058,213.6820526123047
2018-09-06,213.55502611505548,214.73403908583123,213.18318111435423,214.65240478515625
2018-09-07,215.22380715193864,220.3388977653252,215.1240441820155,218.98757934570312
2018-09-10,220.3842901481605,221.10983790403705,219.586186232829,220.5475311279297
2018-09-11,221.22769024445435,222.34322542934797,220.53842761011623,221.4816436767578
2018-09-12,222.1980838022455,222.30691108838707,219.6858811840216,219.8763427734375
2018-09-13,219.9307831755015,221.2821154437381,218.6157358995057,218.8152618408203
2018-09-14,216.75652041273025,216.75652041273025,212.6481238735072,213.4734344482422
2018-09-17,212.2762805198616,212.7569528719197,209.96360356186952,210.4080047607422
2018-09-18,210.38984033642407,213.5550343704063,210.1359007745842,212.53927612304688
2018-09-19,212.78415763020564,212.89299876604449,210.78891209630768,212.08583068847656
2018-09-20,212.76607346382548,213.128840422693,210.6982713532012,212.14935302734372
2018-09-21,212.55736931531652,213.89055871188043,212.230873670471,212.91107177734372
2018-09-24,212.3941879549944,212.99276577812805,211.2242391335359,211.623291015625
2018-09-25,212.24910996900692,212.82048105968147,211.0700966282737,211.25148010253903
2018-09-26,211.83190593729395,213.7273886353049,211.72306479383292,212.049560546875
2018-09-27,211.9497654747355,213.73642059739453,210.7163387987679,212.2218475341797
2018-09-28,212.0949305754216,213.555090358145,212.0314387489819,213.0200042724609
2018-10-01,213.86342955031395,214.5164210771118,212.6118601508396,212.81138610839844
2018-10-02,212.3125697582795,215.4596216891798,212.1039656476142,214.3531646728516
2018-10-03,214.59804071133777,215.2238254086052,211.07007915012895,211.496337890625
2018-10-04,211.5507660624701,212.221900130274,209.1927532531146,210.1178131103516
2018-10-05,204.0595092753519,205.9277852349744,197.520529578002,198.4546813964844
2018-10-08,198.92627025512635,203.6060381959672,198.8537141042601,203.08908081054688
2018-10-09,203.28855916701997,204.19549008248944,201.84654233270365,203.30670166015625
2018-10-10,203.2432542927964,204.0594867041451,200.4680336491375,200.47711181640625
2018-10-11,202.16402771498124,204.34973512665223,200.36829405861843,201.17547607421875
2018-10-12,204.2408432798568,206.4356144763888,202.5993005058281,205.82797241210935
2018-10-15,205.1931467707145,205.81893139936255,203.3792846998132,203.61508178710935
2018-10-16,203.9415923475226,207.01608822778329,203.4427913126789,206.4900665283203
2018-10-17,207.18837016416765,207.57835766388936,204.5219909903844,207.2246551513672
2018-10-18,207.26998942707309,209.18361425006472,205.19312367863247,207.3062744140625
2018-10-19,207.59650482123536,209.1655054487604,207.43326388029195,208.2948455810547
2018-10-22,208.48531302416328,208.8208730823927,206.1182224434936,207.7416229248047
2018-10-23,205.93687249329247,207.9230401800915,202.9893461181004,207.46051025390625
2018-10-24,204.90291409677013,209.58268137597983,202.3272333791904,202.93487548828125
2018-10-25,203.20697768721027,206.40844332586303,202.10052065099185,205.3291931152344
2018-10-26,201.61983697304584,204.05948368101937,196.8040353723609,197.8832855224609
2018-10-29,199.2981153007951,203.95974074336243,198.39118417314648,201.71961975097656
2018-10-30,202.33633248006493,206.97075092104737,202.2546981642667,206.70773315429688
2018-10-31,207.36979797033567,209.1020397551902,204.56738409138515,207.35166931152344
2018-11-01,206.94351478414083,209.3196834815687,206.3630794812888,208.2313690185547
2018-11-02,208.42182640341403,210.61659792607543,206.036593267567,208.7392578125
2018-11-05,209.23809124601087,213.02905680212356,208.41278058004232,212.6300048828125
2018-11-06,213.12879878311304,215.38706210107648,212.3851086724573,214.67965698242188
2018-11-07,216.5298298000976,218.4615977362181,214.88828649831373,217.99905395507807
2018-11-08,216.82632521372312,217.9990551568354,215.480880400822,216.99905395507807
2018-11-09,216.3353830733285,218.4171857049612,215.517210516448,216.1262969970703
2018-11-12,216.03540709877905,217.45358042191268,212.84451712172825,213.1626892089844
2018-11-13,213.40815074411523,214.92632420942164,211.6081625579795,212.8536071777344
2018-11-14,215.56264787365237,215.56264787365237,210.6444990494288,212.0990295410156
2018-11-15,211.19904661681443,211.49903304614327,206.36269830652265,209.0354156494141
2018-11-16,208.45364227152484,210.1081733220912,205.92638163767296,210.01727294921875
2018-11-19,210.55359371275603,212.27176720507808,207.0990611081251,207.94451904296875
2018-11-20,204.4718350313704,204.54456365192345,198.2264121267661,199.37185668945312
2018-11-21,200.50818582366892,201.84454455228865,197.6809252723696,198.69911193847656
2018-11-23,198.27186256809915,201.07183807143772,197.87186210431776,200.0536651611328
2018-11-26,202.59000324016444,203.1627185036897,198.9990992064915,199.4990997314453
2018-11-27,199.42635269463705,202.83542795219623,198.52636570444156,202.7354278564453
2018-11-28,202.52635393952716,209.5081476990112,201.98999606267373,209.3990478515625
2018-11-29,208.1808652010831,210.5353965481997,207.5990502374797,209.99903869628903
2018-11-30,210.62631471810587,212.17175944367543,208.81722706271623,210.2535858154297
2018-12-03,209.74450687993132,211.08995145523775,207.46270401359016,210.9808654785156
2018-12-04,211.00815548384568,212.089971086457,205.0536336677644,205.77182006835935
2018-12-06,207.21726204319563,212.59905461461983,205.99908897435492,211.99905395507807
2018-12-07,211.953638089501,212.5536388658192,202.7536816722248,204.4173126220703
2018-12-10,204.12635595619727,204.72635660860868,199.1900210006528,202.4172821044922
2018-12-11,204.6535828114625,206.5899418205615,203.63541019936537,205.9081268310547
2018-12-12,207.5899816061257,209.49905561172127,206.42635158226813,207.0899810791016
2018-12-13,208.03542555220804,208.7445121654661,204.9808932675716,205.9172515869141
2018-12-14,198.18091562168107,199.09000239058784,186.82641688427245,188.23550415039065
2018-12-17,187.89010002188584,189.0901015554941,182.41740610862536,183.84466552734372
2018-12-18,184.6263770131401,186.06273537151253,183.2445754977808,184.5354766845703
2018-12-19,184.99921652964488,188.18102123654296,181.6901401893336,183.09922790527344
2018-12-20,182.1174039295425,182.45376168720685,176.07196693859473,179.2083282470703
2018-12-21,179.23555992785234,182.45372115221627,176.6537567002198,176.8355712890625
2018-12-24,176.27194166764298,177.5719431279907,172.54469375754073,172.71742248535156
2018-12-26,173.47194901772508,180.70827214358417,172.28103366321784,180.5719146728516
2018-12-27,179.05373087873582,182.84462092978995,176.32647065165546,182.79916381835935
2018-12-28,183.47191916757535,186.3173516443052,181.44464545546455,183.67190551757807
2018-12-31,184.8900936598561,185.80826641274024,183.07191990411852,185.19009399414065
2019-01-02,182.27190278282131,186.45370759728712,181.6810019134477,186.1446075439453
2019-01-03,185.1809920466673,187.2173516226545,181.8537307840368,182.19918823242188
2019-01-04,184.61737896262667,189.02644233505583,183.13556279930265,187.49009704589844
2019-01-07,186.83552464660585,190.10822883215937,185.03552277940932,188.18096923828125
2019-01-08,189.6810035296025,190.07191816627127,185.61738339002,189.5901031494141
2019-01-09,190.13550664873736,192.0173230620418,189.0173337218609,190.81732177734372
2019-01-10,189.22645020280464,191.7264394092252,187.27191873550245,191.49008178710935
2019-01-11,190.94458478503367,192.0445859131604,190.2809553070994,191.37185668945312
2019-01-14,190.42640213012183,191.4991178339432,189.235500710212,189.99913024902344
2019-01-15,190.9445882938472,192.1264039262657,190.0718727205526,191.84458923339844
2019-01-16,192.23555889013195,192.23555889013195,190.4537421205028,191.0719146728516
2019-01-17,190.7900304269916,192.4082037207606,190.59003023368868,192.2354888916016
2019-01-18,193.23551656724172,194.6900612109881,192.5173439925152,194.171875
2019-01-22,193.6355150768191,195.9627753859914,191.635526615597,193.09005737304688
2019-01-23,193.63551522965165,195.3173315913054,190.90825445176924,192.8082427978516
2019-01-24,193.0809658907472,193.0809658907472,189.90824762001597,191.1900634765625
2019-01-25,192.7536636867967,193.01730661400512,189.7627743642572,190.06277465820312
2019-01-28,189.7082135103993,191.62638707923568,188.46276912032116,191.60821533203125
2019-01-29,191.1991632233527,191.3991495792585,189.6082611503746,191.1900634765625
2019-01-30,191.3445983052281,192.88095731724712,190.2900680905878,192.1355133056641
2019-01-31,191.94459155922365,195.34458127642463,190.65368993309428,195.1173095703125
2019-02-01,194.54459195421276,195.45367883250347,190.335515268826,191.15370178222656
2019-02-04,191.54456877292213,191.9900262586549,188.9991231873507,191.98092651367188
2019-02-05,192.2627707132684,193.19912899969012,190.5809545987482,192.37185668945312
2019-02-06,192.962779778427,192.962779778427,191.34460621136668,192.36279296875
2019-02-07,191.48773007890972,191.51507523982,188.02386597026052,190.55795288085935
2019-02-08,189.44583459771948,190.0474558434697,187.5498249774662,189.37290954589844
2019-02-11,190.19332646549972,190.43944682131783,188.4705117928411,190.25714111328125
2019-02-12,191.4785578776956,193.93060869248376,190.74932131467216,193.15579223632807
2019-02-13,193.456610522976,194.62338350653772,192.6088828949794,193.9761962890625
2019-02-14,193.24700529134057,195.57144139151023,192.46307820408035,194.9242401123047
2019-02-15,196.1182908712296,198.0325349777797,195.10647851360108,197.321533203125
2019-02-19,197.50390402625277,200.17473067874715,197.35805389382944,198.8256378173828
2019-02-20,198.92589128459724,199.69159746078915,196.03630358595984,197.90496826171875
2019-02-21,197.4400761242591,197.5494567540118,195.3708711208997,196.19125366210935
2019-02-22,196.13653263574972,197.4309208849301,195.29791548454963,197.15745544433597
2019-02-25,198.14195181582505,199.709805736105,197.3944943379421,197.8502655029297
2019-02-26,197.70442142190447,199.54574087914324,197.01165423724564,198.36073303222656
2019-02-27,197.358027308071,199.50015737374392,197.30333699303804,198.7618103027344
2019-02-28,199.16289200160023,200.25674003398763,198.27869481407092,199.39077758789065
2019-03-01,200.3205559687987,201.0589170080047,196.6835106373509,200.02886962890625
2019-03-04,200.93127133263465,201.52378219906217,196.7746404876225,199.0899658203125
2019-03-05,199.5457372718754,202.00689881157552,199.5366129466817,200.375244140625
2019-03-06,200.9950802358413,202.2803582367416,198.92587528854432,199.83741760253903
2019-03-07,198.83475870160643,199.98329717922977,197.0937092871587,197.61328125
2019-03-08,205.53453738135852,208.46970446404885,203.9758079627619,207.6675567626953
2019-03-11,207.4032270767556,209.5727022923405,206.97480106512276,209.3721618652344
2019-03-12,209.9464341017547,212.7539722111913,209.56357408689047,212.3529052734375
2019-03-13,213.5287930561473,216.44572576112705,212.3437852328339,215.4703826904297
2019-03-14,215.24251499351084,215.4704005973547,212.64461354607724,213.1550750732422
2019-03-15,213.45586645278524,214.80494521111683,212.5534345358499,212.9362945556641
2019-03-18,212.91806669542805,215.74383967367345,212.83603122097333,215.66180419921875
2019-03-19,216.509541737645,216.99265806790345,215.38833463848763,216.08111572265625
2019-03-20,216.06288336636888,217.39374132509556,214.9234554222316,216.01730346679688
2019-03-21,215.74384877271893,218.6334504235753,215.6253577187423,218.35086059570312
2019-03-22,218.54231608264567,219.08012282367963,215.9444143737323,216.5460357666016
2019-03-25,215.9717397425136,217.02002187505096,214.9325819359936,216.0082092285156
2019-03-26,216.94706737916476,218.99803755396772,216.36368086358203,217.92242431640625
2019-03-27,217.5942687522766,218.96158220352896,217.09291770501105,218.2323455810547
2019-03-28,218.75191521731628,220.54765464427476,218.3873038643328,219.8822326660156
2019-03-29,220.2833192959913,220.99432118933967,219.4720471915793,220.72085571289065
2019-04-01,221.5685851700846,222.79004846779,221.12192445270077,222.58950805664065
2019-04-02,222.41630417790088,222.58949942709089,219.05271112288037,219.2259063720703
2019-04-03,220.31066466758517,222.0061339323844,219.69993298470476,221.03077697753903
2019-04-04,220.74823951693588,223.1091311891809,219.909622108962,222.78097534179688
2019-04-05,223.2914328884601,225.23300874635632,222.4254564794321,224.1209259033203
2019-04-08,224.2303235743916,224.9960158644865,223.5101972777999,224.71343994140625
2019-04-09,223.42812476269052,223.947696620189,222.4254227092288,223.24581909179688
2019-04-10,223.58311573458704,224.85015909708483,223.0635438063132,223.8839263916016
2019-04-11,222.0699589283959,222.5804204558953,219.6087971870761,219.90049743652344
2019-04-12,220.14658759821103,221.2495599599666,219.59054620921617,220.54766845703125
2019-04-15,220.93049343423183,224.92305298986597,220.55677167793908,224.5402069091797
2019-04-16,224.83193574571175,224.9869101994161,222.6442394680831,223.6378173828125
2019-04-17,224.51284885420264,224.65869894580712,222.7079991749457,223.8383026123047
2019-04-18,224.95954607388677,225.3788617040084,223.05442576812604,224.0662384033203
2019-04-22,223.501098849838,224.0297951477493,221.10373771995464,221.88766479492188
2019-04-23,223.008825782033,224.72252981571427,220.7846741773168,223.8565673828125
2019-04-24,223.94770228448635,226.70056388441117,223.8747911415097,226.02603149414065
2019-04-25,224.43084301296665,225.28768111890653,222.3616380309632,223.8748016357422
2019-04-26,223.8930387443355,224.13915908566355,220.64795004161945,222.2522735595703
2019-04-29,223.3278508381528,224.011507524392,221.95142705044225,222.67153930664065
2019-04-30,223.11822220950083,224.047985380769,221.52302311626556,223.8109893798828
2019-05-01,223.6377967510392,223.747191291152,220.18305736543715,220.21951293945312
2019-05-02,220.3744569319761,221.4045041607919,219.1529936131344,221.22219848632807
2019-05-03,221.7509172293213,223.2185010079008,221.24956614178805,222.9814910888672
2019-05-06,221.36810313877032,223.17295340606395,220.64797676999345,222.6260223388672
2019-05-07,220.33806369497916,221.26784097952185,217.1476648076802,218.9342803955078
2019-05-08,218.36906354136576,221.55035106458865,217.12025508483995,219.9916076660156
2019-05-09,219.96422824620245,223.0718365820355,219.50722619995668,222.53257751464844
2019-05-10,222.04812953726824,227.17569243227535,219.38837460343916,225.7772674560547
2019-05-13,223.12663532805385,223.86697628122403,219.9733245532285,221.11582946777344
2019-05-14,221.45402192362823,224.0132359002365,221.0153039108536,221.85618591308597
2019-05-15,221.28954613008028,224.29661365816247,220.48521801220448,223.62939453125
2019-05-16,224.50678794424712,228.25419565850223,224.12290797039228,226.1611328125
2019-05-17,224.73531361082289,228.54670871267808,224.47024463409213,226.99290466308597
2019-05-20,225.8961135116459,228.4461928259351,225.8961135116459,227.49562072753903
2019-05-21,227.68753569526675,229.2596236820004,226.76439668132195,228.43701171875
2019-05-22,229.424167793042,229.424167793042,227.71498456159057,228.05316162109372
2019-05-23,227.24884617512205,228.4279053397048,225.92352905926143,227.15744018554688
2019-05-24,227.6875328445787,228.09883184775728,225.5487668707749,226.0331878662109
2019-05-28,227.20310403305064,228.6837859721937,224.97293215899745,225.12831115722656
2019-05-29,223.13582984046576,223.72079191825355,218.3647272277044,219.9916534423828
2019-05-30,221.3260518809327,222.6330847873723,220.04645192397896,220.7685089111328
2019-05-31,218.4286733169216,219.9642072983033,213.0086362589801,218.97708129882807
2019-06-03,219.1598705514485,220.7685125159705,217.60606659360653,220.3389434814453
2019-06-04,222.10298946397424,224.68048764100837,221.64598742804012,224.4885406494141
2019-06-05,224.9364111923906,227.3676514622693,223.94928510570344,226.63645935058597
2019-06-06,226.672989903178,230.27416786132065,226.43535388615012,229.60694885253903
2019-06-07,229.561276137916,234.5334607391021,229.4333161200882,233.99420166015625
2019-06-10,234.3506498809425,236.571673189567,234.08558087707624,234.761962890625
2019-06-11,236.64476608252423,237.2937010770439,234.17694425982356,234.99954223632807
2019-06-12,235.42914728647952,236.49854428145125,233.77481615960417,235.10926818847656
2019-06-13,235.54798366117677,237.52223582128093,235.40173966118485,237.37599182128903
2019-06-14,237.6410269344174,238.7378428313895,236.6447659763748,237.7781219482422
2019-06-17,238.67385379796212,239.69753374992325,238.0340398813931,238.9480438232422
2019-06-18,240.9405953239598,241.4798822619116,239.5147512309516,240.1454162597656
2019-06-19,239.75237145006844,241.38844631398987,238.5001905142376,240.9862823486328
2019-06-20,242.2111086378956,244.7611881200644,241.79979559802527,244.3590240478516
2019-06-21,243.82882926247328,245.8122301522233,243.1159072809367,243.24388122558597
2019-06-24,244.32239685387563,244.92564281598575,243.600325913794,243.82882690429688
2019-06-25,243.77400855363575,244.11218558393747,242.54009752679184,243.4541015625
2019-06-26,243.5363746585478,243.8745516724456,241.6078117322934,241.6717987060547
2019-06-27,242.1196948071689,243.56383699062465,240.37394352590917,242.7412109375
2019-06-28,242.66810047657583,243.4815775542883,240.71211821771192,241.5347442626953
2019-07-01,243.5180473099983,244.03903621651023,239.3227728435708,240.88571166992188
2019-07-02,241.22394523204449,242.7320462363957,239.1674362552415,242.64064025878903
2019-07-03,242.3390250281341,246.0133109313343,242.3390250281341,245.9950408935547
2019-07-05,245.13587528994552,245.5105923706907,243.3718264334942,245.1815643310547
2019-07-08,245.25461427237764,246.4976738783921,244.35890844788892,246.23260498046875
2019-07-09,246.1961051624006,247.4940031212612,245.400926141722,246.753662109375
2019-07-10,246.8267553923715,248.17949127910848,246.17782039835257,248.07896423339844
2019-07-11,248.91069017532288,252.9688700547438,248.43541814999156,252.7586669921875
2019-07-12,252.72208224260075,255.9210959418742,252.274229250522,255.4092559814453
2019-07-15,255.86625440011403,256.5609062910265,254.91568253252615,256.4512023925781
2019-07-16,256.83507415287755,257.17325110433325,255.7199883735684,256.5151672363281
2019-07-17,256.8807729350864,258.5259966141253,256.1221620065337,257.346923828125
2019-07-18,257.9319365606696,258.7179666015882,255.18077563107823,258.58087158203125
2019-07-19,258.7271748830637,259.8605311621519,257.1550865476216,257.30133056640625
2019-07-22,257.0361699589558,258.04157979663387,255.2995681810671,256.07647705078125
2019-07-23,257.6120805374792,257.82228364464504,255.02543311976189,256.0125732421875
2019-07-24,255.76574447288317,257.05449354787106,255.01628234064387,256.67974853515625
2019-07-25,257.0180777170167,257.6944321242434,255.3180148348796,255.7384490966797
2019-07-26,255.7382252635608,257.53881367646113,255.11670943910272,257.1732177734375
2019-07-29,256.84427550061366,257.1093165801337,255.5006884916263,256.0399475097656
2019-07-30,256.1678996490221,256.4421175941525,255.09853055326295,255.4641265869141
2019-07-31,255.0253846984411,255.6651986523546,249.1849136735874,251.9269256591797
2019-08-01,252.0365868039848,256.7711205253757,250.72041889710744,250.95806884765625
2019-08-02,250.7112357517721,251.29621158316047,247.23803240574827,249.0660400390625
2019-08-05,246.8633617251216,247.28379579711645,240.1180070669664,242.302490234375
2019-08-06,243.5545775756836,246.99124056195632,241.342676253136,246.1503448486328
2019-08-07,245.1175585446105,251.22309788573097,240.92228400214069,250.7112579345703
2019-08-08,249.55964594356251,251.20484189381872,247.6950700782685,251.16827392578125
2019-08-09,250.9671959568288,251.7806728728533,248.5268209951299,250.3822479248047
2019-08-12,250.4645777257178,251.33289290043703,246.14132768153985,247.97848510742188
2019-08-13,247.8596656686341,254.2394253712724,246.79029631697972,252.50282287597656
2019-08-14,250.43706191796525,251.6800938000703,244.9530386642872,245.0901336669922
2019-08-15,247.2654637058276,249.4956353608753,245.6568079826629,248.1703186035156
2019-08-16,250.52853393554688,252.32912316095388,249.9252878714154,250.52853393554688
2019-08-19,252.639880917,253.52646602477836,250.9398187576801,251.90866088867188
2019-08-20,252.52100198991715,252.5941100305408,249.38597523758872,249.4956512451172
2019-08-21,251.72583944061807,252.75866840077072,251.0769044250096,251.9726104736328
2019-08-22,253.1883277651606,256.8260468507395,253.06035378064465,255.84808349609372
2019-08-23,254.2850588171471,256.03995886530004,249.24891547145748,250.44625854492188
2019-08-26,252.03657651746488,254.57750625475128,251.981738514682,254.51351928710935
2019-08-27,256.83514057624967,268.20535330154314,256.2318945501333,267.23651123046875
2019-08-28,268.48871544401527,274.1555522549192,267.2731022139033,269.1650695800781
2019-08-29,272.49941951874695,272.728426014524,268.1757757602811,271.66583251953125
2019-08-30,272.975789278387,273.23227547897613,268.23992184209294,270.00787353515625
2019-09-03,268.0017420512802,269.3116525637588,266.0689125932733,267.525390625
2019-09-04,269.311600225079,271.418448500666,269.1009042155641,271.2535705566406
2019-09-05,273.36958594996,274.5420979122311,271.7665407227594,272.0321960449219
2019-09-06,274.07496868480433,279.0581519667021,273.24138173620787,278.2520446777344
2019-09-09,278.9299900220788,281.5315011885503,273.16817714630264,273.891845703125
2019-09-10,272.4077866977012,273.20472475816103,269.84289740398526,272.0596923828125
2019-09-11,269.5863807225769,270.9054601059015,263.6413822489758,266.279541015625
2019-09-12,265.9590700581375,268.16669677473146,264.43846306001,265.546875
2019-09-13,265.83068194453574,269.3756970990839,265.5100673433347,267.3879089355469
2019-09-16,266.1696735845844,266.9116523860463,264.12692560179374,264.4475402832031
2019-09-17,265.2444638840287,267.2872117549752,264.4475258042325,266.9391174316406
2019-09-18,266.28873670908746,268.91772653373465,264.5482651587224,267.8734436035156
2019-09-19,265.1803660836038,265.4277110024683,260.8017627849306,263.6597595214844
2019-09-20,264.5024560012294,265.10703639810464,262.1116420250718,262.3131408691406
2019-09-23,262.3131887676841,263.93457265919835,261.7544263327947,263.4216003417969
2019-09-24,265.006263084055,268.04747556772963,262.349793751523,263.7330017089844
2019-09-25,264.0536473228021,265.3543885073586,262.78035784345155,264.2826538085937
2019-09-26,265.12538461157834,265.4734789461652,262.533043467245,264.0536499023437
2019-09-27,265.21695165239913,265.21695165239913,260.5177347742939,261.9375915527344
2019-09-30,263.54071367416617,264.38344201070913,262.5055997338254,263.916259765625
2019-10-01,263.8521001103441,264.4383421321298,259.40019983398935,260.08721923828125
2019-10-02,259.4460161912532,261.7910401727286,258.52082112067035,261.1681213378906
2019-10-03,261.4247262743414,266.4353626680312,257.95297920689706,264.7315673828125
2019-10-04,263.6780510943624,267.43376273558846,259.5284550399669,267.1772766113281
2019-10-07,266.6001416133672,270.859655751997,266.10547988191536,268.7711181640625
2019-10-08,268.3498305480992,270.7589554699228,266.0597655253467,267.3788452148437
2019-10-09,268.4963929512198,273.4979155139338,268.4963929512198,271.9681396484375
2019-10-10,273.5528274513246,274.3314550813875,271.3818504739546,272.1879577636719
2019-10-11,273.0398472568826,275.5039591690995,272.3894487390867,272.6093139648437
2019-10-14,272.975713229943,275.11921044232935,272.517700288282,272.5360107421875
2019-10-15,273.26884877378586,274.4780096513873,272.270383913535,273.3329772949219
2019-10-16,271.8765050421112,273.86429375805415,270.300939207253,273.69024658203125
2019-10-17,273.75437499375585,277.1986137356551,273.75437499375585,277.0062561035156
2019-10-18,276.6398738184842,278.4719259629774,275.7055372885556,277.4276428222656
2019-10-21,277.5559015097525,278.0230837548906,274.96356001032785,275.797119140625
2019-10-22,276.2824492312731,279.2778706331036,274.7618714377539,274.7801818847656
2019-10-23,274.4230131421796,274.85354641191367,272.22455668274847,272.3528137207031
2019-10-24,270.27353829042005,273.2323131899615,269.82469436616543,272.1055908203125
2019-10-25,270.70396910729687,272.28870400851736,270.3283951264911,271.6016845703125
2019-10-28,270.86887694361127,273.97419028982665,270.42000523146646,273.8367919921875
2019-10-29,273.1680470890084,273.83675598945723,270.9695907511464,271.015380859375
2019-10-30,271.9864743994373,275.0368289280263,271.11623844651547,274.6612548828125
2019-10-31,273.8992902286585,275.0559995644604,270.4016508724891,272.75177001953125
2019-11-01,273.5595321159251,273.95430022032303,271.2736816316417,271.8153076171875
2019-11-04,272.79762621512134,273.77072089211225,270.9707834185179,272.4855041503906
2019-11-05,272.7333277586505,275.12017459141333,271.558268581607,274.6519775390625
2019-11-06,275.3772382522297,276.91949828309265,273.50447792011164,276.8460693359375
2019-11-07,279.01259324079405,281.9227162572606,277.681486864078,280.1876525878906
2019-11-08,277.9201244664628,279.3430659201471,276.57982909748574,277.8099670410156
2019-11-11,276.8277173623888,277.5437687315119,275.1294101517686,276.1759338378906
2019-11-12,276.16673299322173,277.9109857554474,274.17465401938904,275.8638000488281
2019-11-13,275.56998193467376,279.076809088415,274.9640881320154,278.0669860839844
2019-11-14,279.43488286133885,280.8119067587099,277.4886655532646,279.61846923828125
2019-11-15,280.27946077661346,280.3988073382865,276.87362928458845,278.7647399902344
2019-11-18,278.2597867682909,281.2617166995613,277.9293144908788,279.57257080078125
2019-11-19,279.53584553403743,279.6643812093679,276.7359082053805,277.46112060546875
2019-11-20,277.64469405504155,278.3148556584001,273.57789088348807,275.9280090332031
2019-11-21,276.03816684469933,277.1214187402335,274.9640760563353,275.652587890625
2019-11-22,277.18577961413445,277.18577961413445,272.8619316877402,274.7713928222656
2019-11-25,275.6709206848181,275.98304263636066,273.1555388143173,274.5325622558594
2019-11-26,274.7254676505758,276.6441176625326,274.3215383832561,276.5431213378906
2019-11-27,277.0756032898226,277.9660799543781,275.9280832589844,276.1025085449219
2019-11-29,276.1576129510021,276.22188080245684,275.0927109014609,275.2304077148437
2019-12-02,275.1753241139241,275.58844256238126,270.1445858343221,273.0088195800781
2019-12-03,270.9340121503409,271.9071066736625,268.7032404421007,271.42974853515625
2019-12-04,271.769514212343,272.7976878379766,270.9524663753408,272.21014404296875
2019-12-05,272.7700989703758,272.7700989703758,268.51968040152013,269.07049560546875
2019-12-06,270.7963992256523,271.72357643589515,270.13542651311985,270.76885986328125
2019-12-09,270.81478396530616,272.8252417214178,270.4016654614793,270.961669921875
2019-12-10,271.7602657106015,272.3661596109644,270.40159199321585,271.53076171875
2019-12-11,271.73277141578626,272.0540826607888,269.0246126565734,271.09014892578125
2019-12-12,271.0625603609324,273.3484391345623,270.0068476180906,272.9628601074219
2019-12-13,270.48423684533446,270.8147091445877,265.3984205648207,267.9413146972656
2019-12-16,269.00615354807604,270.31890934412536,268.8409174371644,269.4376220703125
2019-12-17,269.43768905049285,272.0081225779446,268.74917706825136,271.3196105957031
2019-12-18,271.723535983158,272.06319740704294,267.8954251053551,267.9413146972656
2019-12-19,268.11574189943417,269.7222698465895,267.6016551975944,269.6304626464844
2019-12-20,269.759023085704,270.8330861801915,268.7767391841201,270.6586608886719
2019-12-23,270.7320756897112,271.0992764510068,269.00620129443706,269.26324462890625
2019-12-24,269.8141077711325,270.3098442956517,269.3091821208692,270.1078796386719
2019-12-26,270.3464132992855,271.4847717285156,269.80478744069006,271.4847717285156
2019-12-27,271.93470905210364,272.00813800749995,269.1439324814044,269.9976806640625
2019-12-30,270.0803000819856,271.3746779004153,269.5845636312451,270.9432373046875
2019-12-31,270.8146870198857,271.2278053758257,268.2258754914041,269.8232421875
2020-01-02,269.9517760471608,270.4291342697384,267.1426493978356,267.59246826171875
2020-01-03,266.270517076409,268.88686815653966,265.6095444668562,267.81280517578125
2020-01-06,266.7295214139161,268.12492357927084,264.9577573651414,267.88623046875
2020-01-07,267.43644989616666,267.7761113616746,265.56368925736655,267.4639892578125
2020-01-08,267.1335410529028,271.2554530881043,266.68372205299653,270.5302124023437
2020-01-09,274.073617141199,277.2040545096545,273.3024871993995,274.872314453125
2020-01-10,275.4047963235989,275.65265055466523,272.3386262864044,272.8710632324219
2020-01-13,272.5773007392109,276.00148220897665,272.46711529510344,275.2854309082031
2020-01-14,274.7162545071332,276.3227823112685,274.10117153524794,275.1752624511719
2020-01-15,273.8900617596467,276.3595268836217,273.60547905902115,276.1575622558594
2020-01-16,276.68086961950286,279.131956774175,276.30447967867514,278.1864013671875
2020-01-17,278.5261122479345,280.27033744216163,278.18645073305623,279.701171875
2020-01-21,281.09656677072707,287.6511877569112,280.6926374084826,287.5777587890625
2020-01-22,287.7062843503491,287.8531703107973,284.7778103000635,286.3200988769531
2020-01-23,286.43931255446256,287.70617898569395,285.2550922084176,287.22882080078125
2020-01-24,288.2752553311071,288.5139483576547,283.7586341628024,285.05303955078125
2020-01-27,281.05060834799804,286.20985407097,280.59160032260013,284.080078125
2020-01-28,285.05314283010546,286.1547451654872,283.75873697314256,285.3652648925781
2020-01-29,285.3744613012672,286.3934737043387,284.0250045770172,284.19940185546875
2020-01-30,283.5200341581695,284.2544637055823,281.5279552949867,284.098388671875
2020-01-31,283.25381627173795,283.83217081520405,279.5909415172848,280.47222900390625
2020-02-03,281.8308939144312,283.2813467744781,276.9378812752991,277.2408142089844
2020-02-04,279.6001736996469,280.83031192672547,277.93856677969825,279.9031066894531
2020-02-05,281.8309510954225,284.2086095033749,280.36211968854207,283.62109375
2020-02-06,284.58700445892333,286.8776747286877,283.20707719767887,285.7461242675781
2020-02-07,285.18495522246315,288.6899680713188,284.3753934382682,288.5243835449219
2020-02-10,288.64400291870464,291.5694420652527,287.57685576798355,288.6716003417969
2020-02-11,288.89229770784004,289.2602726028299,285.6172734154658,285.8104553222656
2020-02-12,285.8933465555916,290.2263387740064,285.8933465555916,289.8951416015625
2020-02-13,289.6467637361917,293.2713752468893,288.4416293992267,292.7286071777344
2020-02-14,293.3449129952519,294.2096696001758,291.57862194135333,292.8297424316406
2020-02-18,293.46457497033526,297.58596844985004,293.1057803526678,296.2704162597656
2020-02-19,296.2979630813443,298.5518554581837,295.9760025201027,297.1627197265625
2020-02-20,296.5187828217791,299.04864952018625,295.313648567786,298.13787841796875
2020-02-21,296.739501567324,299.2233814117074,295.33197714208995,296.1783447265625
2020-02-24,290.244711142682,294.3844930765713,288.1840286750477,288.51519775390625
2020-02-25,289.78475132082343,291.2290820573968,280.03325883604094,280.46563720703125
2020-02-26,282.9310362800705,286.3808539622759,280.290780305906,281.2199401855469
2020-02-27,277.80695075538995,280.5851940452776,269.5457765746437,269.6653747558594
2020-02-28,262.41611834749614,264.3296047717165,249.56439707266108,258.6351318359375
2020-03-02,270.87053063026354,284.73420691971546,268.0554811955708,284.3938293457031
2020-03-03,284.39384116107067,289.0211964243695,276.93301934696456,278.4969482421875
2020-03-04,283.6119254731572,295.27690662106176,280.6036653612908,295.0653076171875
2020-03-05,290.4931281797949,298.5335248511875,288.12887372913457,290.48394775390625
2020-03-06,287.1536415340654,292.0753590311014,278.5152844705086,286.41766357421875
2020-03-09,272.16763898482407,285.4885178606796,269.54577176737075,277.80694580078125
2020-03-10,283.3174412889543,284.9365647797618,270.85211071849614,284.6329650878906
2020-03-11,276.7766124104169,283.1518980474959,270.64055123713985,273.6211853027344
2020-03-12,257.9912544568235,271.9653228883748,254.2194469089769,257.448486328125
2020-03-13,265.709638354271,278.97535428085604,255.9949506045145,278.07379150390625
2020-03-16,259.26993113928665,275.5530846883317,257.13566489523595,260.5118713378906
2020-03-17,265.86597554855894,282.5998950790612,263.38209534296936,282.4158935546875
2020-03-18,274.14556160283286,292.54459258288875,272.30565850482725,282.8851013183594
2020-03-19,285.5621481821796,288.7267835848105,278.404926642731,280.78759765625
2020-03-20,283.27145200551644,283.3542442638879,264.0444449759403,267.1723022460937
2020-03-23,268.6351257096595,272.0021525614367,256.1329845071944,262.673828125
2020-03-24,271.008570866592,273.5476465699704,260.18992977362126,262.13104248046875
2020-03-25,261.45937571896474,267.44826822950023,256.85961878606514,258.3775329589844
2020-03-26,258.8191345214257,270.2173463283422,258.3775477237455,268.9017944335937
2020-03-27,264.14561307096034,269.9964896817014,260.6497813945393,261.5697326660156
2020-03-30,264.47685564308824,268.33145478908483,262.95894123773206,267.8162841796875
2020-03-31,264.4125137753003,268.1842930545733,261.26626680109683,262.3058166503906
2020-04-01,259.75747176843487,265.6819612115102,258.4143505442911,263.8236694335937
2020-04-02,261.61579997434814,269.3433866023672,260.18067794663136,268.1474609375
2020-04-03,266.01322118835384,268.9386606831894,262.9221690605549,265.5440368652344
2020-04-06,269.54583847927404,281.03602581825885,266.39041099882616,280.6956481933594
2020-04-07,281.9651157543188,285.18494578740234,278.94767616058806,279.3248596191406
2020-04-08,280.6863966687462,282.81151052287726,278.08294620259744,281.4775695800781
2020-04-09,275.4795192886911,279.98727653729594,273.7591862049623,275.99468994140625
2020-04-13,274.67913724743767,279.61930093786987,273.83279749457904,275.6358947753906
2020-04-14,278.5152121094957,289.55462596684976,277.1352853773264,288.99346923828125
2020-04-15,286.69373743393874,288.63482188374127,282.25956387057875,285.4333801269531
2020-04-16,289.536264414851,296.80387360953813,287.0615933286373,295.81951904296875
2020-04-17,295.5896602905982,296.3440273761024,288.8832049493944,292.4710388183594
2020-04-20,292.4986507392117,292.8942232275432,286.5925485431307,287.0985107421875
2020-04-21,286.2337032733097,286.9236668503107,275.3874679819407,277.2089538574219
2020-04-22,279.6652483584548,286.22450686618095,277.8621513286361,284.6513977050781
2020-04-23,282.4527114910548,284.85379953523443,280.3920290889176,280.95318603515625
2020-04-24,282.728673110391,285.9485032575338,281.05438277064184,285.69091796875
2020-04-27,287.99083579451,288.2116432682631,282.96790794306816,284.0626525878906
2020-04-28,285.9485062081673,286.3532871053888,279.9228352433562,280.5392150878906
2020-04-29,280.539192127694,283.97059289984674,277.0157625254332,282.50787353515625
2020-04-30,282.2866341240071,283.90022752451534,278.9856954343408,279.3821716308594
2020-05-01,278.25725156679493,281.0603015564272,276.78196061757615,278.3863525390625
2020-05-04,279.3821007568207,281.7148940699301,276.6804918163525,280.7559509277344
2020-05-05,281.2815835270999,285.6521072591468,279.78786165102485,283.9186706542969
2020-05-06,285.7627324437465,286.7954274977746,282.6461882093067,284.8130187988281
2020-05-07,285.2279652812869,285.71665240616585,280.7928911463953,281.22625732421875
2020-05-08,282.05615807708244,283.2363854233896,280.02765727437543,282.0930480957031
2020-05-11,281.81640371548684,287.5238881516449,281.2262760558106,286.14080810546875
2020-05-12,286.6110553632714,287.2657053524499,281.0326439403321,281.0787353515625
2020-05-13,281.0787299550302,282.5171308793514,276.72663717048994,278.5892028808594
2020-05-14,277.5472462909739,279.2714812948433,271.5815608850181,276.376220703125
2020-05-15,275.7585309094929,276.4592723941979,272.79871908721526,275.8876037597656
2020-05-18,278.20194528350777,279.5573648695948,276.54226046491937,279.160888671875
2020-05-19,280.8758717809314,284.9329006737012,279.5204523041988,280.8851013183594
2020-05-20,282.8583163945889,283.91870033442694,279.56660708384175,281.143310546875
2020-05-21,281.0326927274034,281.2632061012416,277.76861547498004,278.4324951171875
2020-05-22,278.4693207620345,280.248876843363,277.38127650352385,278.8565673828125
2020-05-26,282.1575137337496,282.9781264640917,279.8708116272706,281.04180908203125
2020-05-27,280.82057360672815,282.4341670127933,276.127325305176,282.1575622558594
2020-05-28,283.3008454934717,286.758544990951,282.9781212459408,285.4307861328125
2020-05-29,280.48865390248216,284.80385703603747,278.7828494946463,284.4258117675781
2020-06-01,283.9001209208444,285.5966951110884,282.57236231303165,284.2597351074219
2020-06-02,283.9463313179422,284.9329069854133,280.9680889625955,283.1533508300781
2020-06-03,283.5313249528761,284.17677337090134,282.0744934529014,282.7383728027344
2020-06-04,286.6202871338888,290.7695271749939,284.9974642467182,286.528076171875
2020-06-05,288.7225946752294,289.18362138964994,283.3378060274579,287.7175598144531
2020-06-08,286.4450395230859,287.0259375190611,282.5724049758043,283.2455139160156
2020-06-09,283.53138306808194,284.54564730194573,281.3830113107989,281.7333679199219
2020-06-10,282.5908501136176,284.5732586922107,281.82553026690744,283.37457275390625
2020-06-11,283.0611695657652,285.0989278779125,277.2061528771192,277.3813171386719
2020-06-12,279.07784962993844,281.364523517797,273.1582558065641,275.41729736328125
2020-06-15,273.89590616339353,274.8364184855512,270.93612311510014,274.0157775878906
2020-06-16,277.86073268459376,279.14237197843164,275.896754900048,277.86993408203125
2020-06-17,277.5564767151004,278.4600990871515,275.60172820385435,276.2563781738281
2020-06-18,276.6159891038486,277.3628500233223,274.57825919632364,276.2195129394531
2020-06-19,276.78197753241585,278.36791047545034,275.36203558370295,276.5238037109375
2020-06-22,276.3394048003329,277.980658664802,275.0024161652859,277.03094482421875
2020-06-23,278.21121727240626,281.1341111578516,277.2891637572025,277.8055114746094
2020-06-24,277.3259910892064,277.79624732780576,273.48104416755206,274.79034423828125
2020-06-25,273.9051190723368,277.67631325244304,272.37450739635403,277.1046447753906
2020-06-26,276.9940331201852,278.5707363723042,272.88168331237654,273.4441223144531
2020-06-29,274.2555159596303,278.11892125820424,273.69304885513355,278.08203125
2020-06-30,277.547274755764,280.8758736851304,276.7450928814329,279.5757751464844
2020-07-01,278.921138021768,281.761049955084,277.30754466131145,280.9957580566406
2020-07-02,282.1482816568728,284.840689405403,280.85741279339834,281.9085388183594
2020-07-06,283.5590648066823,287.2749386712336,283.2916614570565,287.2103881835937
2020-07-07,285.85499113663843,293.25907897363885,285.57838636617504,291.5809631347656
2020-07-08,292.4200615733712,293.2591054992817,289.53402960553007,291.6639709472656
2020-07-09,295.05703929627896,303.3370875915103,294.761975503663,300.16522216796875
2020-07-10,300.58943124377623,301.8803004741106,297.9246832086228,300.801513671875
2020-07-13,300.8659978984159,303.45696556984234,296.4401530585195,297.7494812011719
2020-07-14,296.2741327112733,303.0419996337902,295.4719509518671,302.4334411621094
2020-07-15,302.5257017918933,303.650607974808,300.2389994141621,301.2348327636719
2020-07-16,301.1610116011954,302.3412385713264,298.8005576609335,300.8382873535156
2020-07-17,301.7879669481593,302.2489934959804,299.2799814024594,299.4736328125
2020-07-20,299.5659095070439,301.917134161514,297.5097205224333,301.05963134765625
2020-07-21,301.51144562853887,305.6514561680631,301.0504189532659,302.1937561035156
2020-07-22,303.95482993054014,303.9640594669106,299.6765177403733,302.7100524902344
2020-07-23,302.5256704432833,304.627950682495,299.97156498688776,300.6907653808594
2020-07-24,300.7922108059899,303.1250043910353,299.363039531314,300.3865051269531
2020-07-27,300.29425135328546,303.35547444446314,299.83322479637894,302.0646057128906
2020-07-28,302.4058029738059,304.2775699299429,300.4233941308166,302.0369873046875
2020-07-29,301.5297974054886,302.470309584989,300.02687447527984,300.7184143066406
2020-07-30,298.17745737166007,301.65184499794003,297.5398696806806,300.1456604003906
2020-07-31,300.14560809763447,301.5224137588376,298.0480267379972,300.8016662597656
2020-08-03,300.8201054074552,304.83044908765083,299.6650596514761,304.3037414550781
2020-08-04,304.52548930571083,314.00611352377246,303.9341205654462,313.9783935546875
2020-08-05,315.89106743755184,316.69500278605864,311.94544219542735,314.1446533203125
2020-08-06,316.399390726493,318.90352213647026,315.6601444915119,317.23101806640625
2020-08-07,317.0739173355424,318.54313207553906,313.83054000045377,315.0133056640625
2020-08-10,314.828451784177,315.1611195706872,312.8602496287758,314.1723937988281
2020-08-11,314.9578910690065,314.9578910690065,306.59534264540434,307.177490234375
2020-08-12,308.3972295484384,313.1560126192014,307.8613007033088,311.1785888671875
2020-08-13,311.3910223157676,313.6733933876829,309.6723281203923,310.19903564453125
2020-08-14,310.965994470808,313.026605966246,310.10664731505994,310.7349853515625
2020-08-17,312.00100590799127,314.5143870194108,311.7330273521697,314.1355285644531
2020-08-18,315.0964265908726,316.75968090603874,311.22471164455544,314.86541748046875
2020-08-19,315.20740908436795,315.9651259810524,314.1263018873048,315.0041198730469
2020-08-20,314.30175930734833,315.70628450447543,313.0080857686208,314.9762878417969
2020-08-21,314.237144960826,319.5688261884003,313.5533386759518,318.4322509765625
2020-08-24,318.89421568020106,319.818252159051,316.12210624365133,317.9886779785156
2020-08-25,317.99794828946017,318.709446273219,315.52150893169744,318.5246276855469
2020-08-26,316.95377515473297,318.6355001864688,315.73404018277427,318.1180419921875
2020-08-27,319.35622802474865,321.3244302002655,316.52867870760906,320.0492553710937
2020-08-28,321.0749584969222,322.5441731238109,319.2546054939175,321.9065856933594
2020-08-31,320.5020819692791,322.25774576872107,318.1365506648896,321.25054931640625
2020-09-01,319.4487183240393,324.78964929970886,319.1715185949445,324.6880187988281
2020-09-02,326.74859986612097,332.57929731363566,324.6233267624371,331.59979248046875
2020-09-03,335.4900204538817,336.0444481286557,319.2731590134005,321.84197998046875
2020-09-04,327.09049241349913,327.09049241349913,314.5420593408975,320.2433776855469
2020-09-08,317.72076179084087,318.7187371752841,312.4907109113115,313.1190490722656
2020-09-09,315.00403200414326,323.1355699893692,314.5327925724934,320.11395263671875
2020-09-10,319.9660948613105,321.5646880889226,313.02660022207925,313.73809814453125
2020-09-11,314.4311667018752,317.18480586543734,310.5687005605618,313.3685302734375
2020-09-14,315.0872239578639,318.6447704258519,314.6067350886925,316.8706359863281
2020-09-15,318.8110673837857,321.342946603541,316.7135146522264,317.785400390625
2020-09-16,320.8901176983518,322.2669511408996,317.1755014385158,317.6190490722656
2020-09-17,313.7843514564004,316.84293869432355,310.8182017221965,313.1375427246094
2020-09-18,314.35720364431523,315.2997106477856,306.0408758039826,310.43927001953125
2020-09-21,308.6004453228761,313.82124547305,308.3601868290985,313.7750549316406
2020-09-22,314.81931670164056,318.70025394337324,313.7936212953297,318.2844543457031
2020-09-23,321.5647127081276,321.79572184082014,317.9240065209433,318.4507141113281
2020-09-24,318.7925522334294,320.94554459876906,312.6107465733025,320.640625
2020-09-25,314.85620314402365,317.6560327458389,309.8848820227972,316.5564270019531
2020-09-28,317.6468350105755,323.20027587742595,317.0369674622607,323.0616760253906
2020-09-29,322.44254956580795,327.37690111653944,320.73307639239545,325.3902282714844
2020-09-30,325.77827735040074,330.5278380757224,324.4938813927439,328.0329284667969
2020-10-01,329.1972392406407,332.3666775400043,327.86662447834226,331.2301025390625
2020-10-02,327.783537706389,330.6572782109371,326.04634425698185,328.0422668457031
2020-10-05,328.3378847235812,331.71064058599416,328.3378847235812,331.34100341796875
2020-10-06,334.40882805555367,335.42527391942355,329.91802387430783,331.1285095214844
2020-10-07,333.087474055203,337.03310018217894,332.3390066657692,335.4437561035156
2020-10-08,337.08852784781465,338.16966303727355,334.27022760250566,337.35650634765625
2020-10-09,338.1974029578411,341.66254028322885,337.920203251554,341.3945617675781
2020-10-12,342.8175863050913,351.74378344563763,342.60504773054504,347.8813171386719
2020-10-13,349.6739340592776,353.24995110224404,347.8813008430097,351.7622375488281
2020-10-14,353.80438958011126,354.70992740633244,348.08460073345776,349.6000061035156
2020-10-15,347.8627529507539,349.6184165602282,344.7210346707439,347.9736328125
2020-10-16,351.5959398040505,355.6339753892454,350.3207647351763,352.55694580078125
2020-10-19,353.0096449067965,353.9891212907373,346.2456913049998,347.0311279296875
2020-10-20,348.9993674748312,353.0558732732132,347.548623320786,349.572265625
2020-10-21,349.8032848801921,352.3166655015369,348.38026065356644,349.1195068359375
2020-10-22,348.68525145683225,349.6370081218655,343.7693694862658,347.206787109375
2020-10-23,347.0773617619991,347.91823842278075,345.1830980773903,346.14410400390625
2020-10-26,338.8257247925464,344.3237536974243,338.3082665661295,342.5495910644531
2020-10-27,340.7570259389986,346.43062518285103,340.7570259389986,344.406982421875
2020-10-28,339.4263206713869,344.1204419595606,336.9684083567458,337.2363586425781
2020-10-29,336.2827893846284,341.70803553768013,335.6162034431174,337.7918395996094
2020-10-30,334.33859946264744,336.8568100415819,329.3947651852232,331.0889892578125
2020-11-02,335.34775574366535,338.5325525373008,333.949770032366,337.3567810058594
2020-11-03,341.56923005543507,346.9944771726468,340.5971383341832,344.3651733398437
2020-11-04,346.2722680372004,353.3269807171568,346.25376196452163,348.2627868652344
2020-11-05,354.1047118808344,357.9005198495513,351.3457809526684,356.65069580078125
2020-11-06,353.5492280220626,358.10420900437737,352.63268282818666,357.0487976074219
2020-11-09,359.44654860823124,360.6038137357529,337.6992313729777,337.9214172363281
2020-11-10,336.8845785480458,343.9763040365547,333.8386482215569,339.4212951660156
2020-11-11,342.2542856908272,346.90188153821407,340.847061160317,345.2539367675781
2020-11-12,348.98490985164835,350.17918721205314,345.7908465539488,347.8368835449219
2020-11-13,348.5868801459632,351.6513169777593,347.1703882818809,350.7347717285156
2020-11-16,348.94794418074935,352.9937397218768,348.94794418074935,351.6142883300781
2020-11-17,358.58559244832924,359.6595380038232,353.4658520501711,353.5862121582031
2020-11-18,354.48426946192365,359.2614358559383,353.41032385090125,353.87322998046875
2020-11-19,355.1508144358553,356.1692135351123,352.0956453916316,355.0860290527344
2020-11-20,355.465584210661,356.9005817333331,352.74369424532944,352.84552001953125
2020-11-23,354.58609037683703,354.6416368513381,352.1234264109482,353.39178466796875
2020-11-24,355.2248968200739,357.4098001213626,352.4659662031555,355.715576171875
2020-11-25,357.1690891323759,359.5298988919352,356.9561421595211,358.9836730957031
2020-11-27,361.4927041531247,361.6871451009518,358.9837604437389,359.5762939453125
2020-11-30,362.6869382627593,363.9830697239016,356.6506527416988,362.7054443359375
2020-12-01,365.29910927664775,368.6908400845755,362.1448941444525,368.206298828125
2020-12-02,366.22068481238114,367.5602767523257,362.515445932542,364.34906005859375
2020-12-03,359.1237312625491,359.81728753046656,354.6394337759282,355.3709716796875
2020-12-04,356.47300123801773,356.5680133023929,353.3188152534862,354.7818908691406
2020-12-07,355.5800426756205,357.69869344902435,354.0409453666915,354.6869812011719
2020-12-08,355.2759295675532,360.5677563439978,352.2357175756597,358.74365234375
2020-12-09,360.9098463795459,361.9739120331585,354.1833857935292,355.5989990234375
2020-12-10,355.59901387913266,356.27355034958214,353.00533199488603,354.1739196777344
2020-12-11,360.80533781455887,360.80533781455887,353.9364023512933,356.3685607910156
2020-12-14,357.7556698807401,359.2947670820108,354.57295348643873,355.6845397949219
2020-12-15,355.7984858397061,356.929062787097,350.8581481371435,353.309326171875
2020-12-16,352.625320149494,354.22141873043233,350.4306773522996,350.9912109375
2020-12-17,351.7702663652028,352.44480284411645,349.623115130196,351.7987670898437
2020-12-18,352.5683286607301,352.81532528552884,347.6564909798076,348.6730651855469
2020-12-21,346.8584181782544,347.8369816855979,343.7422134078542,346.7444152832031
2020-12-22,345.91783916446764,346.5448840334881,342.60210058463485,343.9512023925781
2020-12-23,344.3502395832834,344.96777454381254,341.54754300154184,343.8182067871094
2020-12-24,343.36212761006016,347.095866668124,343.36212761006016,346.3738098144531
2020-12-28,347.24795705102787,353.12884816434985,346.84891791364134,352.5303039550781
2020-12-29,353.660860702633,354.6204333635571,351.77024509731694,354.1073913574219
2020-12-30,355.51346089621273,357.090539405982,354.63939048708653,355.7509765625
2020-12-31,356.2639793690324,358.21162517322665,353.86032205447924,357.964599609375
2021-01-04,358.5821491600408,362.4964027496304,356.0929895857063,361.1663208007813
2021-01-05,359.94072282098807,361.2233132013399,356.51101056037857,356.9765319824219
2021-01-06,355.15252329294464,357.0336292952176,351.19074820865694,351.5422668457031
2021-01-07,352.4827481740888,353.0907731849925,348.4734826868554,349.54705810546875
2021-01-08,349.73712624013444,351.770274624313,346.0983983386629,351.4662475585937
2021-01-11,350.1741627777732,352.4733276994738,345.68986483435856,345.8323974609375
2021-01-12,345.8228237624167,346.83939781271283,342.2600886275017,346.0128479003906
2021-01-13,346.1744014063873,350.3261714865628,344.8728199205969,348.6255798339844
2021-01-14,347.7229414952729,348.1979728361134,343.50466086912,344.2552185058594
2021-01-15,343.0296931240836,346.6874409254043,342.7826675030934,344.07476806640625
2021-01-19,344.26471767224115,344.82528019853646,334.840111606632,336.76873779296875
2021-01-20,336.69275182524154,343.82770336072355,335.76167989271795,343.2576599121094
2021-01-21,343.25770597699403,345.8133774364648,341.9656343807804,344.68280029296875
2021-01-22,345.06278225670053,346.4213649514349,341.88006643124754,344.20770263671875
2021-01-25,342.83963325034773,343.88470808383204,339.00140057989904,343.8087158203125
2021-01-26,342.21257743436377,347.62791713222947,340.958487780437,346.7538757324219
2021-01-27,344.8632867984548,347.5329609493221,337.12979067630863,338.5928955078125
2021-01-28,339.0298955769836,343.5521745171886,338.28884779732215,339.2294006347656
2021-01-29,337.034810826168,338.49791579758005,334.30813496600365,334.8306579589844
2021-02-01,333.6715674184109,335.1726829667807,331.77144170708937,333.0160217285156
2021-02-02,334.1941157067064,339.8374913267039,333.206042229482,337.8233337402344
2021-02-03,338.44094558787003,339.6760158636361,335.5717368341772,337.47186279296875
2021-02-04,339.56605937679706,341.15580985294406,336.8435285282948,338.7474060058594
2021-02-05,339.41371808862834,339.6993171175547,337.0814857988065,338.1000671386719
2021-02-08,339.43277153175023,342.7359998105405,338.4808328813883,342.5360717773437
2021-02-09,342.7360548533993,344.287719750822,341.07966158116926,342.27911376953125
2021-02-10,343.64985988924826,343.64985988924826,338.0524558611967,339.00439453125
2021-02-11,338.63313882795927,339.3661211137096,334.5017286657218,335.2727966308594
2021-02-12,335.0728735364683,336.0153125472958,333.2737246082738,335.7963562011719
2021-02-16,336.1104707884744,338.2808896517644,335.12047555319185,336.9862670898437
2021-02-17,336.1390130763946,340.95584894686664,334.99670422777643,340.83209228515625
2021-02-18,335.34895134855606,340.98444102108743,335.34895134855606,339.7659606933594
2021-02-19,339.54700381300205,340.72739845809326,337.5383981289045,337.7192687988281
2021-02-22,335.796319473328,336.31037441838515,332.05520798903467,333.3783874511719
2021-02-23,332.9881043716075,334.1304422903802,325.5915520475916,325.7057800292969
2021-02-24,325.3631407164983,326.039009068208,321.65058554750027,324.3255310058594
2021-02-25,324.4682798578459,326.51494205178847,317.3287403086086,317.852294921875
2021-02-26,319.3849580958936,319.7466994450059,315.0345913251282,315.0917053222656
2021-03-01,319.0993786387508,319.851418381688,315.43440865962094,315.82470703125
2021-03-02,317.6524167870935,318.6043554561068,312.63571045970434,312.6737670898437
2021-03-03,312.3977291326577,312.63571380245554,308.1996760713196,308.3519897460937
2021-03-04,307.82842492004994,309.95125876314364,299.8987880184678,303.70654296875
2021-03-05,300.1748056566924,303.1258213205455,292.24516938063323,302.0691833496094
2021-03-08,303.582832763967,306.8384474764162,295.97685038256145,296.45281982421875
2021-03-09,298.6802931199016,304.88692292972576,297.6807400633802,303.4590148925781
2021-03-10,305.70563827502093,311.65525573801614,302.0692251094303,308.2663269042969
2021-03-11,314.5300661666938,315.32969118048936,311.0174100752104,312.8546447753906
2021-03-12,312.33107398249814,315.69141622384166,309.95122737953926,315.2249755859375
2021-03-15,317.5667618076879,317.6429041226692,311.5885878268436,314.6252746582031
2021-03-16,313.8256465940102,314.1683305844158,310.9412734713078,311.5219421386719
2021-03-17,310.3319962791898,314.6157201542093,308.5423469899327,313.3686828613281
2021-03-18,310.7889385702258,312.369160203431,306.8859843244407,307.4571533203125
2021-03-19,308.0568500991324,313.42579798627224,306.8955128443205,313.1021423339844
2021-03-22,312.66425206846725,320.0132193935692,312.4167387304303,318.4139404296875
2021-03-23,317.8427714471284,326.04847697202234,317.7570714142089,323.9827575683594
2021-03-24,325.7724004724909,326.0484707766804,320.64143792109127,321.7933044433594
2021-03-25,321.5743919939904,331.06522146587673,321.06033699040904,329.6944274902344
2021-03-26,329.5706490626308,335.52026521317663,327.56207259461945,335.1014099121094
2021-03-29,334.55886456726034,340.5750950156336,334.1400092191576,339.032958984375
2021-03-30,336.58646410261633,337.7192734505361,332.0742840769996,332.9405517578125
2021-03-31,333.8067715276682,340.27044234086327,332.44550638928445,335.539306640625
2021-04-01,335.59645658770154,340.1467221290412,334.73018893840344,337.881103515625
2021-04-05,340.31810252593385,345.2396386371511,339.689819465936,343.4785461425781
2021-04-06,342.5075369466027,345.3633530825139,341.745997597372,342.8121643066406
2021-04-07,343.5261159204936,344.0877562704957,340.4227864450564,341.56512451171875
2021-04-08,345.3633950477125,348.4286392347504,342.3172082297827,343.8593444824219
2021-04-09,343.56415397597164,346.229570360869,342.3171167690168,345.75360107421875
2021-04-12,345.4014131130968,347.6955887246662,343.97350515118853,347.2767333984375
2021-04-13,347.7812578915571,349.64704948441994,346.7626765785332,347.6575012207031
2021-04-14,347.314795490816,347.314795490816,345.1253193340688,345.7155456542969
2021-04-15,347.3434284391733,351.7889662956173,346.7627306740062,351.07501220703125
2021-04-16,351.93171252832286,354.8826989517261,350.8655168921216,352.9026794433594
2021-04-19,353.16926318647626,353.6737895432795,350.5038464054145,351.7889404296875
2021-04-20,351.2653935698571,357.3197099861583,351.0083805694587,353.8641967773437
2021-04-21,353.74992983354065,356.5771889623159,353.61667352068224,356.1107482910156
2021-04-22,356.3487985818508,357.39593716510456,352.2459443132161,353.4168395996094
2021-04-23,353.4166943112589,356.8341500160297,352.60754078179974,355.339599609375
2021-04-26,355.9299379701387,355.9299379701387,350.51340347139694,350.8085021972656
2021-04-27,350.47527184629666,353.1311598108672,347.7336838369285,352.4172058105469
2021-04-28,351.78894068432646,352.6932940843756,350.48478929226064,351.8270263671875
2021-04-29,351.57904815269984,357.46507590647286,351.5694990568376,356.34893798828125
2021-04-30,355.7479366655783,356.94040915616586,354.2406351341408,354.9656677246094
2021-05-03,356.6351055070864,362.1490967725428,355.7288439423348,361.8629150390625
2021-05-04,361.5861471202136,361.77695429524033,356.54914629823634,358.0182800292969
2021-05-05,359.0296018804855,360.14573976178747,354.9274792896071,355.3567810058594
2021-05-06,356.01504650044245,365.3163318528664,356.01504650044245,365.1446228027344
2021-05-07,365.2113351592299,368.6647595035996,364.61035355613416,366.6327819824219
2021-05-10,367.7489547749371,370.0385251712247,363.73271571182914,363.9235229492188
2021-05-11,361.85329858954657,363.38921790825646,358.69563456115384,360.7752990722656
2021-05-12,358.69559905708724,359.59234038377696,354.0306343397489,355.07049560546875
2021-05-13,355.91958239673073,363.8853030393231,354.46954658686207,362.0632019042969
2021-05-14,364.5531115861548,368.0637431063962,362.6069886097432,366.7281799316406
2021-05-17,367.3196495677311,369.237125301801,365.2781229385777,366.2893371582031
2021-05-18,368.6647541124634,371.5266876805879,364.90607903061255,365.1922607421875
2021-05-19,359.79276199533075,364.1619971150666,358.81971501038333,362.187255859375
2021-05-20,361.7293220390309,366.8235603751969,360.8707477779862,365.92681884765625
2021-05-21,367.3291054483353,367.6153162290783,362.9217330879325,363.1983947753906
2021-05-24,366.65185109329735,368.0065124785736,364.3146227794558,365.8028259277344
2021-05-25,365.9650020095576,367.9874305252682,364.4481806227746,367.6440124511719
2021-05-26,368.1018701668627,369.9049022332707,367.3005322861567,367.8729248046875
2021-05-27,367.4054895347645,369.9239758891516,365.850501000189,369.6664123535156
2021-05-28,366.4706316992631,367.5772496390807,359.67831320453865,360.8612365722656
2021-06-01,362.4448346426631,362.7024273208956,358.21871932196,360.8230895996094
2021-06-02,360.9661494417493,364.34323923762025,360.3269714620397,363.0744323730469
2021-06-03,362.1681531516781,366.50874058255823,361.42402250434617,366.2034606933594
2021-06-04,366.5087221547241,369.9144297841983,366.0508023439498,369.6854553222656
2021-06-07,367.72989435620775,368.66480326047815,361.1474520946116,362.8932189941406
2021-06-08,362.90274953139016,363.6659202336984,360.3079283852074,362.2254333496094
2021-06-09,362.71191365422646,364.2096658801456,361.6816303761669,362.4734191894531
2021-06-10,362.7691678983937,365.71695613488623,362.0250662961052,365.3830871582031
2021-06-11,366.1939593141401,366.1939593141401,363.0172255729453,364.2573852539063
2021-06-14,363.2652259408944,366.30841754683365,361.6339028906007,366.0985412597656
2021-06-15,366.09857783503287,366.8045121833824,363.9998147546751,366.2416687011719
2021-06-16,366.7090086665759,368.6551312551759,359.76405242870266,361.94866943359375
2021-06-17,362.8741204772021,368.6838424301272,361.7579535176207,367.0429992675781
2021-06-18,367.04299452609774,367.19563448263,362.797781254762,363.3511047363281
2021-06-21,364.65800890785096,369.8094831325901,363.0457841195381,368.9985961914063
2021-06-22,369.20845283492935,374.43626130791534,368.7696312281191,374.1309814453125
2021-06-23,374.913259991593,375.3330125353892,372.61417009451134,373.9306640625
2021-06-24,375.3139684146132,377.2982294792311,373.768499884378,374.0260925292969
2021-06-25,374.8846563230935,376.3919284336845,373.2438133465416,376.3537902832031
2021-06-28,376.8212103551049,379.12984931438206,375.037276624936,378.2903442382813
2021-06-29,378.0614343364917,381.05693895014826,377.2696454804328,380.4368591308594
2021-06-30,379.65458674767393,382.0395315021978,376.8212712147757,377.46044921875
2021-07-01,378.06136335603065,379.38740637712624,375.75275354908325,376.3728332519531
2021-07-02,377.97561614523255,382.3257535067373,377.8802125223815,380.5799865722656
2021-07-06,381.4385098720052,382.9267130272771,378.83413979373216,380.5036010742188
2021-07-07,380.8279755447851,387.4294860705728,380.8279755447851,386.0557556152344
2021-07-08,384.9300655001753,389.8335256619967,384.6057165221975,388.4120788574219
2021-07-09,389.7476432886239,394.9468342739411,388.8318326941477,393.391845703125
2021-07-12,394.9849970379048,395.2807278422617,385.9126583711494,389.1084899902344
2021-07-13,386.0748590910831,390.4536140600183,386.0748590910831,388.32623291015625
2021-07-14,389.7762473588567,391.5792794243808,388.5170187544176,391.0832214355469
2021-07-15,391.569731994666,393.229673215958,389.1084820027469,392.8671569824219
2021-07-16,393.1533786085416,394.393567381472,390.9115246575215,391.4839172363281
2021-07-19,391.1881088137412,396.2060410305082,391.17855972017486,395.0898742675781
2021-07-20,394.9468694700452,398.8295666956982,393.8498006552477,397.0837707519531
2021-07-21,397.9136387894985,397.9136387894985,393.24870280746217,395.9103088378906
2021-07-22,396.8547795559274,399.33512775077054,394.5175222137862,398.3239135742188
2021-07-23,399.0394396337461,404.4770964097093,397.85648719432527,403.94287109375
2021-07-26,403.9142351342152,404.9636166418897,401.0046141981628,403.7520751953125
2021-07-27,404.48662513224775,405.0208504212994,402.19708402015584,404.81097412109375
2021-07-28,403.7902088350148,405.3070301783372,401.1858678417854,402.7885437011719
2021-07-29,403.0274066744744,407.0129637954397,401.7657885329653,406.4681701660156
2021-07-30,407.1372362655982,412.4130544103021,407.09899745629633,410.7117919921875
2021-08-02,411.5719894439612,411.6580048920322,406.6593669033556,409.94720458984375
2021-08-03,410.9030053618884,417.47865212219614,410.13837492394407,415.8251953125
2021-08-04,416.7140055295572,418.6159706706836,413.7415870594015,415.7964782714844
2021-08-05,418.38659824960666,423.88225316664887,417.4117273559866,423.5859680175781
2021-08-06,423.1463218065867,423.8440123689546,419.4857214320758,420.1834411621094
2021-08-09,421.1583285061519,423.1941149774573,419.87760542505055,420.9862976074219
2021-08-10,421.1678834952181,424.1689738134052,421.1678834952181,423.43304443359375
2021-08-11,425.79381212985504,428.1832274616724,422.2574657716983,424.6468811035156
2021-08-12,423.40437916570846,426.8738147498523,422.6875545960148,425.6599731445313
2021-08-13,426.0613984794471,428.5272621118392,424.8762578836254,428.01116943359375
2021-08-16,428.0972221023793,433.1436662354424,427.2752480416686,432.8282470703125
2021-08-17,432.8281951161094,433.7075127071739,429.80800009556447,432.3312072753906
2021-08-18,431.0122705484631,435.1029482732367,426.1760964354067,426.4723815917969
2021-08-19,423.35660847146136,435.3514614389925,421.7891380565796,434.1663208007813
2021-08-20,435.3418611201929,440.2449455372403,433.59282211324313,438.6870422363281
2021-08-23,437.0431296741582,438.7539590646975,434.48168366924176,434.806640625
2021-08-24,435.1125150336845,435.2463362875521,430.3814611932698,431.8055725097656
2021-08-25,430.888025443897,432.7900198496396,427.5333062091827,431.2703552246094
2021-08-26,431.2703559974365,432.46506364513584,426.94073664888106,429.4352722167969
2021-08-27,429.43523987352125,431.6430571067726,427.036257763969,430.419677734375
2021-08-30,431.0887397031521,436.3932297654799,430.51527422319793,435.7624206542969
2021-08-31,435.9631597224043,436.6704172976698,432.4268135107437,435.3418884277344
2021-09-01,435.3323182829634,436.479220008981,431.86288295562326,436.3262939453125
2021-09-02,439.0980725097826,441.0287095226906,438.11363459794177,440.5794982910156
2021-09-03,438.69664160822987,443.09317151888274,438.69664160822987,442.089599609375
2021-09-07,442.0418269763568,442.7108749220905,437.3872506758865,439.2701110839844
2021-09-08,438.8017264614512,445.2244753267576,437.81728862078313,445.1002502441406
2021-09-09,446.6677787796162,448.9902836785061,444.66066389745066,445.3297119140625
2021-09-10,446.5052666963143,447.6808403449758,442.71087407075055,444.5841674804688
2021-09-13,446.4001480024717,447.527945090349,437.9320736803049,439.3274841308594
2021-09-14,440.5603748948793,441.7550824641054,437.1865218860914,438.1327209472656
2021-09-15,437.9702810903789,441.8029127717118,435.96319546438286,440.3501586914063
2021-09-16,440.4074589891249,443.2556232325808,436.37412497563423,442.8159790039063
2021-09-17,441.2007651231424,442.3476961692399,436.804235003326,439.1841125488281
2021-09-20,436.4314417630336,440.5603579638415,426.8642145826933,431.1842956542969
2021-09-21,431.1843849661551,436.6322349002836,430.2477235735068,432.1114501953125
2021-09-22,434.5869680788073,435.2082103685794,429.9419284819686,432.32177734375
2021-09-23,432.293022280183,435.3992622985968,431.14612038936974,432.7518005371094
2021-09-24,435.8102738929944,447.9867257103165,434.873612534866,447.05963134765625
2021-09-27,444.9569163089036,449.6784033898228,437.0145019921606,440.1876525878906
2021-09-28,436.9189709030581,437.2630327316114,425.9563315168287,427.56201171875
2021-09-29,429.9704887723906,435.829339605404,429.0433944929269,431.8055725097656
2021-09-30,433.5546215636476,435.217645274483,429.4257049357111,429.4735107421875
2021-10-01,429.83672265784446,431.1269836307665,421.26349909536106,428.4986267089844
2021-10-04,428.5081939160296,429.4735270650698,416.8765361575954,420.6709289550781
2021-10-05,420.1356621953187,429.2441122389201,419.8202722064899,426.5010681152344
2021-10-06,424.293260363806,429.88449818003886,422.8118344969957,429.4639587402344
2021-10-07,436.2785629455472,439.26054857983553,432.0731978416108,432.8377990722656
2021-10-08,435.29411181347575,435.5903969689497,430.0947419331374,431.8629150390625
2021-10-11,430.13297088012666,433.6215112067195,429.6550878444929,429.8080139160156
2021-10-12,430.23809148112207,432.8186715426115,426.0327265978176,427.1031799316406
2021-10-13,428.6993018587233,430.5821620983616,424.4270265519127,425.60260009765625
2021-10-14,427.3325682541301,431.7195603338543,426.7495649318589,430.7255554199219
2021-10-15,433.8127386691858,433.8605153125751,429.31105882339176,432.3790893554688
2021-10-18,429.722054038884,441.8985360219221,428.6611674910607,441.5162353515625
2021-10-19,442.5197070918743,446.4956975930789,439.9486939332403,446.4192199707031
2021-10-20,447.7954963027734,451.5994556571336,447.1455823932842,448.9902038574219
2021-10-21,448.9902336159593,456.5216752064648,448.3307526686705,456.1202697753906
2021-10-22,457.8023795306693,463.5752147477431,457.4009741160433,460.669677734375
2021-10-25,460.6696814325598,470.4376118916391,458.289833238032,468.42095947265625
2021-10-26,460.8035320728415,466.6528161615885,459.9433483834965,464.0531311035156
2021-10-27,462.4474519088073,469.7590570341987,462.1702715617181,467.4747619628906
2021-10-28,466.1728417950824,470.8349485454209,465.7133505369716,469.5904541015625
2021-10-29,466.0005261831432,473.0750788009766,465.8856533701907,470.5573425292969
2021-11-01,473.0558703528343,473.7643013256528,466.40256735243145,470.8731994628906
2021-11-02,473.6206750238693,478.16790842074425,471.6869147071767,475.7746276855469
2021-11-03,479.9390192925794,481.4898607843437,474.5876462127261,480.8867492675781
2021-11-04,485.366869911319,498.00340269038514,484.4095577072943,493.60931396484375
2021-11-05,492.7957142927513,495.7921067271242,486.9178022356351,491.2161254882813
2021-11-08,491.4936718279959,491.4936718279959,478.8476140077507,482.3034973144531
2021-11-09,483.5575761372768,487.3676895442943,482.542827453598,486.9943237304688
2021-11-10,486.5635474836809,488.57387989443663,482.2651954918469,483.9309387207031
2021-11-11,484.5914839359655,490.6225395656611,482.523685921965,490.3161926269531
2021-11-12,492.2978346987773,497.4768683688429,491.32135748616696,495.0931701660156
2021-11-15,496.3569437315781,500.7701402885928,495.89745243375785,497.69720458984375
2021-11-16,497.6493095517671,505.7481351555761,495.3229889743831,504.2355651855469
2021-11-17,504.9822214181463,508.0839038180095,502.11986708530605,503.8238525390625
2021-11-18,505.6140005543696,508.1413188590328,500.18605658275305,506.7723693847656
2021-11-19,511.2814421811456,512.4302287902929,505.4705486830378,511.0037841796875
2021-11-22,510.55390407529626,522.1373618300709,509.59659158548953,516.6137084960938
2021-11-23,514.995702312215,522.5201623296127,510.9845617778509,521.9840698242188
2021-11-24,522.2521039631974,527.3163231619958,520.1268988139141,526.2632446289062
2021-11-26,526.0910085923521,530.8775705091776,521.0747010522726,522.8170166015625
2021-11-29,522.8170584554483,536.8417093663687,519.2558257207876,531.1935424804688
2021-11-30,527.4790665642813,533.3856669747473,513.0140920288146,516.3551025390625
2021-12-01,519.9163563429345,524.8465387196649,506.8012228213895,507.2224426269531
2021-12-02,496.375962972673,508.2465993096892,492.09674701383216,503.0771484375
2021-12-03,507.3659144280952,514.5553388366867,502.36877248602246,506.3511657714844
2021-12-06,509.52950641080895,513.1672817128634,505.049291552947,510.43896484375
2021-12-07,515.2734813392466,519.8207159632343,511.8846159383848,518.882568359375
2021-12-08,522.8935988272053,524.4061102682087,503.1154929896477,507.4808349609375
2021-12-09,506.2268825916881,509.6062240585302,501.4403196730267,501.9477233886719
2021-12-10,511.8844852721365,537.3106978367576,511.78871898350775,534.9652709960938
2021-12-13,526.942925400158,535.8554995721558,524.5879163727061,533.4334716796875
2021-12-14,532.7059138201431,533.3855680182054,514.6222741730414,522.0606079101562
2021-12-15,522.8935740368883,542.3078371575596,522.2426086824372,541.3409423828125
2021-12-16,540.6804437350429,542.3653228902642,525.9953043924935,529.03955078125
2021-12-17,525.8707896851187,532.7155374426237,517.8867795453025,524.2337646484375
2021-12-20,518.9877985598908,525.6985681232385,515.0628409218148,525.143310546875
2021-12-21,527.0006158571896,528.2260041001839,513.1961837512814,522.1470336914062
2021-12-22,522.0990225687476,526.5218010229637,516.7572032089596,526.2058715820312
2021-12-23,528.1873673915501,529.0202242421032,524.1187909766694,526.8758544921875
2021-12-27,527.9960190143007,541.5898657234422,527.9003111536259,539.416748046875
2021-12-28,539.3785571478786,542.4515512066465,536.7651128062254,540.5369262695312
2021-12-29,542.2217508848636,547.0944381378154,539.4455216341172,543.5332641601562
2021-12-30,545.2181621677527,545.5531981376804,538.3637726260336,539.8380126953125
2021-12-31,539.3593400704073,543.9927576794686,535.1663656187262,543.4662475585938
2022-01-03,540.9102767975522,543.2460630619864,531.7966436581339,542.5185546875
2022-01-04,540.1444091796875,544.4427329241191,537.8085643597872,540.1444091796875
2022-01-05,539.6274001686156,540.9293309396999,526.3016286352097,526.4451904296875
2022-01-06,522.8840817873418,529.8916160657371,520.3471803748681,526.3303833007812
2022-01-07,524.1763228704558,524.9613259450944,511.4344988667698,513.2916870117188
2022-01-10,506.6958224887138,507.7680076247364,486.7933201678725,496.6536254882813
2022-01-11,496.6536603145627,500.1669804543241,488.50695167502806,499.7458190917969
2022-01-12,499.74580001099486,507.4042989013228,499.726635066262,503.3548278808594
2022-01-13,505.11630304126567,506.46608774746846,493.2360240415083,494.8156127929688
2022-01-14,489.7322493628457,491.0820339665684,480.43672610317617,481.51849365234375
2022-01-18,473.3526538064828,473.94618278585307,466.077074143388,467.2354431152344
2022-01-19,468.977711747192,475.05662115725744,466.3068023919736,469.2361755371094
2022-01-20,469.801013251589,478.5412792626686,461.27135711601215,462.2095336914063
2022-01-21,461.3479411417409,473.4962069474367,460.7735479378552,461.0511474609375
2022-01-24,455.2499028379968,469.0543605825244,448.9891007395073,468.030029296875
2022-01-25,459.4141889352831,462.0372446290407,452.20562813955087,456.9443359375
2022-01-26,462.6020415020279,472.7878293640818,458.3324075331371,462.831787109375
2022-01-27,466.1345303675794,474.6258860200341,459.806680704564,461.9223327636719
2022-01-28,463.0903152643796,471.6965740569144,455.58498916134994,471.4093627929688
2022-01-31,470.9976539532748,484.8021102427822,469.6861407700985,483.5671691894531
2022-02-01,483.44271484891664,487.9229294323874,475.72677999465486,486.7071533203125
2022-02-02,489.29192559214727,501.6221139495764,488.554805563226,499.7362365722656
2022-02-03,494.60665612238415,504.7311909593237,493.0055383136768,500.2537841796875
2022-02-04,496.744845911895,500.4744492427822,489.7362884366013,498.33642578125
2022-02-07,499.8032775503785,500.4744235384702,493.0248142553572,494.6163940429688
2022-02-08,494.6163204496354,501.80704385586426,489.44857318397726,499.659423828125
2022-02-09,506.2270372010552,512.2097110050537,504.002699257828,507.0228271484375
2022-02-10,499.3910985136075,502.8426234225803,493.5234710573887,497.0996398925781
2022-02-11,497.0229691022845,499.8512743127429,486.4573777268253,488.6529541015625
2022-02-14,488.0009610757027,490.4362282417458,480.7623092951795,485.6711730957031
2022-02-15,492.1715595378592,494.721844071275,489.6979339323884,492.72760009765625
2022-02-16,490.3978478213694,493.3316612795475,481.0211435952219,491.2703552246094
2022-02-17,488.6241507491,496.840759395104,486.1217632778567,493.772705078125
2022-02-18,493.6575985048056,496.5434851021385,489.2856113907527,491.5291137695313
2022-02-22,488.96930764633737,493.360460166787,477.617553113252,481.4717712402344
2022-02-23,482.2004229060509,487.0230011993264,474.37691076209,474.8371276855469
2022-02-24,463.3414716179616,485.66147728534975,463.06345136224377,484.7314758300781
2022-02-25,487.6077464732117,496.878998941565,484.4150780805128,496.15032958984375
2022-02-28,493.091969910688,498.2021948550188,490.215679914882,497.8378601074219
2022-03-01,498.0392689124091,507.53099169170247,497.7803840622812,501.36614990234375
2022-03-02,502.39196707985616,511.10715118811504,498.3364170638167,506.2270202636719
2022-03-03,512.4493775712368,516.7350798741021,507.7034876185534,511.0687561035156
2022-03-04,498.0775289054602,508.0678259971402,490.6758751400032,503.8301086425781
2022-03-07,501.8646793252508,522.8040377879086,501.8358883364361,506.7256164550781
2022-03-08,504.52036916222505,517.4732700284368,500.8674835216431,501.7783203125
2022-03-09,505.8626885043712,508.9690722386055,494.4438433304514,505.8914794921875
2022-03-10,501.5385887812778,512.3342714592134,496.7735639059557,510.7522888183594
2022-03-11,514.4915631173602,520.2729339697736,504.7217626403878,505.6709289550781
2022-03-14,506.0065836256728,513.2356386705529,501.9509746089131,504.2616271972656
2022-03-15,508.14451191739767,521.4233592460469,506.1502680138156,519.9564819335938
2022-03-16,522.0754261196588,528.8730253844652,509.3526179572893,520.982421875
2022-03-17,520.9440229568447,530.3590857171357,520.8002435707881,529.9947509765625
2022-03-18,530.1577420843068,539.3522487826843,526.8499972037314,538.2017211914062
2022-03-21,537.0417111233376,543.3791227541266,528.1252237681238,532.621826171875
2022-03-22,533.9927982273679,537.24296115541,529.5537197196813,536.351318359375
2022-03-23,533.9832417657091,537.5690072127907,529.1510371903744,531.174072265625
2022-03-24,532.602454400001,535.2390527039954,526.5717975548204,535.09521484375
2022-03-25,536.7349371493474,537.319768782818,527.5403703346792,532.79443359375
2022-03-28,533.7818328791146,541.9505143486134,530.6754493676893,541.902587890625
2022-03-29,544.5776193140007,547.6648094192271,541.2507383552029,546.4759521484375
2022-03-30,547.4059086527318,554.4048689216299,545.1432413470856,552.6982421875
2022-03-31,554.8363313063638,562.1421029431548,551.7778740502492,552.1038208007812
2022-04-01,553.5707473799517,558.9493953372626,548.7098105273511,551.8353881835938
2022-04-04,550.2725825742673,555.7854712670623,547.904406914995,551.4135131835938
2022-04-05,548.9782980686709,559.8985674698678,548.5084549011414,551.595703125
2022-04-06,550.3588670013066,562.6022332554597,546.8497609240754,560.6751098632812
2022-04-07,567.8658347511288,587.0219632825728,564.500625073937,582.9759521484375
2022-04-08,581.3749109249928,582.9281028333174,573.0815847388888,575.2963256835938
2022-04-11,574.097790171549,576.2166778905994,558.767176107731,560.56005859375
2022-04-12,562.49694444741,567.3290912858864,554.893957126925,557.38671875
2022-04-13,558.4509203357014,569.0165123127694,558.4509203357014,566.7155151367188
2022-04-14,567.3769454531699,571.6913800878988,562.8419554780238,566.0442504882812
2022-04-18,561.2408731752964,567.6933315497332,555.6991931341302,558.1152954101562
2022-04-19,559.2945597198964,570.3012024338935,558.0002526442663,569.7930297851562
2022-04-20,574.4430680211296,580.3202918688812,572.6693207637347,578.6424560546875
2022-04-21,582.2378431592784,584.0594584379775,566.7729854329489,567.338623046875
2022-04-22,566.0059637762681,567.4920938976294,547.5018414024386,548.1250610351562
2022-04-25,546.792310241839,546.8115042342098,530.7042920571897,544.7789306640625
2022-04-26,541.9409239690398,544.9035281426653,530.4932884886535,530.9247436523438
2022-04-27,533.254605099452,540.3782099697731,530.052309671601,531.2316284179688
2022-04-28,533.4306609470171,542.3904921627037,524.1443526906382,539.7015991210938
2022-04-29,538.674045529029,539.2982790080508,508.68317297709945,510.62298583984375
2022-05-02,511.112842587207,517.8063263543905,497.7067670578129,507.9630126953125
2022-05-03,508.9712453550096,513.0718437672936,502.92122151971023,507.12744140625
2022-05-04,510.5077130968165,524.4708478429266,502.0664945358779,522.8286743164062
2022-05-05,520.0821447482851,520.8216122296717,491.8486245272073,496.7943115234375
2022-05-06,493.9902184848262,495.9492564778349,479.02836840525833,483.3882141113281
2022-05-09,476.41633088485065,486.9318520208392,474.72615272612353,479.0379943847656
2022-05-10,489.47668066076346,490.3697740825375,475.96492802785616,481.5635986328125
2022-05-11,483.9260251550333,487.8441304733201,468.4552049117413,469.6748046875
2022-05-12,467.4757049272645,477.5302892764128,460.7246344917538,466.889892578125
2022-05-13,473.5449386184599,478.99959643183416,470.174224260722,477.5398864746094
2022-05-16,476.4547353438658,477.93361187426086,470.1934097331916,474.9085998535156
2022-05-17,469.7516835864165,473.9770996571695,461.1760047442022,471.00970458984375
2022-05-18,441.7486899437472,445.45552357908366,407.7052193982126,412.36279296875
2022-05-19,413.2942818946027,413.4479371200652,402.1065227195865,406.14947509765625
2022-05-20,411.7865094785338,411.8345432147663,390.3809299320514,399.9073181152344
2022-05-23,403.3357016644614,412.9389326564724,400.13783863908526,412.4395751953125
2022-05-24,407.9452724081571,421.3225964890525,407.5131445640949,420.3430480957031
2022-05-25,419.0177763893032,425.6728379211028,413.7359991998744,422.6477966308594
2022-05-26,431.2811298932302,449.4792358905825,429.7542196108608,446.5406494140625
2022-05-27,438.6755644654537,456.0382218962304,437.0622287495163,452.0816955566406
2022-05-31,452.08173812544334,452.1201299508182,439.8568138037695,447.7218627929688
2022-06-01,450.75648052610586,451.8320377547439,438.57959013415376,438.8580627441406
2022-06-02,442.6129301662066,471.6435092914049,439.7127648285796,468.2631530761719
2022-06-03,465.78557974272593,468.7817835612756,456.72012601613295,457.35394287109375
2022-06-06,461.4352706260738,461.9154321980052,450.3051289055124,453.723876953125
2022-06-07,441.6622178226816,454.9338906207026,441.3549073849687,453.0612487792969
2022-06-08,453.06132540827474,455.60617629252494,448.3653597096759,449.4216918945313
2022-06-09,448.7973821303552,465.0268362284321,448.6149184016573,453.3204956054688
2022-06-10,446.5502555635578,449.6136886935758,439.59752547874535,444.9273071289063
2022-06-13,432.14539485191233,440.4426005003019,431.08903358092726,434.3061218261719
2022-06-14,434.3061619574893,440.5578752921811,432.41432410405616,436.7549743652344
2022-06-15,440.30813750184507,445.9356167514297,433.48025438775153,440.5866394042969
2022-06-16,432.4430910769696,439.6070931682668,430.19593854881697,433.8355712890625
2022-06-17,433.1537613817192,437.60967503260144,425.61524781598064,428.9667663574219
2022-06-21,432.6736030457017,446.3774337712628,431.3195731329935,444.7352600097656
2022-06-22,441.1629346232694,446.2814449146234,440.308232819481,441.7102966308594
2022-06-23,447.86590981416015,457.3827158970151,447.232093008392,456.1535034179688
2022-06-24,460.9550955541627,465.5934433082128,457.7668157762965,465.1517028808594
2022-06-27,466.5345600527118,467.907815043813,458.41023488159686,462.6356506347656
2022-06-28,464.3162234591947,467.9078225106927,449.325593786618,450.0169982910156
2022-06-29,452.2641855737726,454.2040277278368,447.91392300775686,451.1982116699219
2022-06-30,449.71928346311495,462.9621468486126,446.28133975597433,460.2636413574219
2022-07-01,462.0882759254424,471.758736862791,459.0344554105122,466.486572265625
2022-07-05,466.2945666092102,471.4226893758947,459.4762655020189,468.887451171875
2022-07-06,468.8873766678829,477.2997872833938,468.42641101915166,473.1031799316406
2022-07-07,472.5365420582128,475.8688641041104,469.8092282029445,475.3118896484375
2022-07-08,477.587907617895,485.46253972578415,477.2805971816664,481.6404724121094
2022-07-11,481.2370819165562,485.4913059925804,475.2062543374618,479.1051635742188
2022-07-12,477.2902269526776,481.9861920031873,468.6761269662123,471.1057434082031
2022-07-13,465.1036697791008,477.58786951417534,464.6235082508287,472.6902160644531
2022-07-14,476.4066806995224,492.9050537453568,474.0346814825144,491.6278076171875
2022-07-15,496.4101820391416,503.9775324757104,495.3154582919587,502.2009582519531
2022-07-18,501.1541827376368,507.55957980977536,495.2097805957919,495.8147888183594
2022-07-19,501.6824258012569,504.7266925996264,496.45826515833903,499.58892822265625
2022-07-20,500.57798465856746,505.28353226851465,496.3045355150137,503.4013366699219
2022-07-21,503.2477344721833,508.7215882809143,500.9045435855517,508.4527282714844
2022-07-22,509.653192384486,515.799226248854,505.1972782687191,508.7024230957031
2022-07-25,510.3348919593666,511.17036837804346,505.1299571021394,508.1453857421875
2022-07-26,494.5663935128878,499.0606985601264,488.5739867832364,491.6181945800781
2022-07-27,492.7417977197667,504.4769773990041,490.8884103320979,501.5863952636719
2022-07-28,500.4994012732638,518.6808032540644,500.4994012732638,515.7948608398438
2022-07-29,511.7737448243303,521.5089850475014,511.6775702378524,520.7201538085938
2022-08-01,520.8355401567511,531.6963391281918,520.6720198885247,526.0206298828125
2022-08-02,523.3464317933432,530.0898677391247,520.2103650569971,522.798095703125
2022-08-03,524.2795439340199,527.8388846908136,521.5090344909213,526.213134765625
2022-08-04,526.2034792329038,526.3958871291175,520.1141245413507,522.6249389648438
2022-08-05,516.8145486880594,521.0087708284688,513.0724293345744,520.1141357421875
2022-08-08,523.1635469286796,526.6843700336431,518.1900650320894,521.2973022460938
2022-08-09,522.9711821648716,524.2794617761388,513.5918706927297,515.448486328125
2022-08-10,523.7792521475017,529.0028004962188,516.8626083097313,519.2964477539062
2022-08-11,522.5863398214733,522.8268349751879,511.6678833286824,511.9660949707031
2022-08-12,515.7947762817765,517.9304038498079,513.4379119536117,516.78564453125
2022-08-15,516.0065403294383,526.2035136342977,515.3138836007147,525.0010375976562
2022-08-16,530.1475835370136,538.6803483450004,528.0985597816696,531.99462890625
2022-08-17,529.089403139769,538.1801328093721,528.1370516084605,535.1691284179688
2022-08-18,537.8050253525779,543.2786988771015,535.2653817523661,539.6328125
2022-08-19,537.4106220052464,537.9974162285907,532.1389270539794,533.447265625
2022-08-22,531.9753718817766,531.9753718817766,523.5964981421704,524.7316284179688
2022-08-23,524.9913291353167,525.2510827087035,516.4681943658844,521.4608764648438
2022-08-24,522.1150359163858,524.4911001123776,518.8539071832195,522.567138671875
2022-08-25,524.9913479626777,529.9647718376282,519.0366849660911,529.8301391601562
2022-08-26,529.0893881209029,531.6578601649535,511.4562653457917,511.6005859375
2022-08-29,506.99275485331134,515.1407038155995,504.07792492880327,510.8695068359375
2022-08-30,513.9671150871505,515.631323034153,501.68260183906847,504.2126159667969
2022-08-31,505.5592460164638,506.3096190417076,500.4800191545894,502.2500305175781
2022-09-01,499.9605708789476,509.4457450078685,497.372899215532,509.0513000488281
2022-09-02,512.4471852734405,514.5058382824619,496.43018142474455,499.3738403320313
2022-09-06,500.38395211432425,503.2603242854232,493.0440919674156,499.1719055175781
2022-09-07,500.2299109133816,511.4465788505764,499.1717557415346,509.50341796875
2022-09-08,504.3953985840649,512.764643109121,501.730693036011,509.0032653808594
2022-09-09,511.8892318833807,517.6034003322607,509.3977344269244,516.1796875
2022-09-12,517.2858295809511,521.9706705899154,516.5836025040342,519.0078125
2022-09-13,510.6097179532773,512.0046017203233,489.349967830172,490.8987426757813
2022-09-14,494.3234113336167,494.4677319311661,483.9917475308519,488.6862182617188
2022-09-15,489.07096871754567,489.7058794851699,481.5001855114606,484.3572692871094
2022-09-16,480.5766723651397,487.1854746234386,478.39295753731176,484.9729309082031
2022-09-19,483.0682389204735,487.4452394267464,479.92257255396873,487.3105773925781
2022-09-20,483.8762984190572,484.289943079702,474.6605361099277,480.5285949707031
2022-09-21,483.39532391016655,487.1759011887215,474.2565068412181,474.3238525390625
2022-09-22,475.2184782780963,475.2184782780963,465.9930866457382,468.6481628417969
2022-09-23,460.7310943315383,463.9825941865638,445.9069664351317,448.6678466796875
2022-09-26,448.1579621414093,465.7044814248855,447.5230513308464,462.0393371582031
2022-09-27,467.0320000175517,469.8313673736474,457.35447653721474,460.1153564453125
2022-09-28,463.2225867105369,472.8616232014942,456.1616515690029,469.7255859375
2022-09-29,467.1474696399936,470.418227757938,456.046232643658,460.7695617675781
2022-09-30,462.3856377191609,465.4351000382721,453.9298193118991,454.3146057128906
2022-10-03,456.45983891154975,462.5587929834009,452.515712198068,459.5670471191406
2022-10-04,465.4351013731889,469.4658027873075,462.4529847389614,467.6476745605469
2022-10-05,463.0013466615968,465.47364435996127,456.7677298748399,462.0586242675781
2022-10-06,465.0695797353526,475.1030313599047,463.5977504431476,464.1460571289063
2022-10-07,460.0769286110569,460.8945887728675,448.3984680693037,450.3512878417969
2022-10-10,451.8327374005614,452.37144426790337,444.0599165592175,448.5812377929688
2022-10-11,447.3210331366132,459.1052969127928,446.0704699481922,454.0741271972656
2022-10-12,456.286719646053,461.5006389082072,448.5716151872399,448.6485900878906
2022-10-13,440.77001742446174,453.8048464774415,431.9582691273732,450.1974182128906
2022-10-14,454.0837622341605,455.39207129111577,436.53724313546246,437.3645324707031
2022-10-17,444.09840326906834,449.1295731137902,442.97290224205216,446.5226135253906
2022-10-18,455.2092339621905,458.4029872587604,451.0053540588095,455.2765502929688
2022-10-19,450.02413522281785,456.8157158058801,449.1968460110418,453.5065002441406
2022-10-20,453.0929165089183,454.1318427633096,445.3104960518454,446.9554748535156
2022-10-21,446.08004701703567,461.3370756663365,444.704421708543,459.9999084472656
2022-10-24,463.299522338756,479.0664004947462,462.7223573902825,478.0755615234375
2022-10-25,474.56439054799415,481.173194159142,471.85159755908296,480.0861511230469
2022-10-26,479.06641986198446,488.1282915645477,476.8442466485599,480.4613037109375
2022-10-27,481.67554544949286,484.75945259980176,476.2112847818806,478.5242004394531
2022-10-28,479.2566080360804,494.21351955785815,477.9748769502093,492.3342590332031
2022-10-31,491.148902736738,491.148902736738,482.3405124287781,483.3042297363281
2022-11-01,485.4244216213858,488.98054085404704,481.64663681934,481.8200988769531
2022-11-02,479.73844815951696,484.9810724930266,465.7356373176682,465.9669494628906
2022-11-03,463.4323735955067,473.5032015966689,462.30481142937816,468.6460876464844
2022-11-04,472.6069719968488,474.7560722270391,459.2016604286716,468.7617492675781
2022-11-07,459.7413174236963,472.221467984558,457.2838501197404,470.8240661621094
2022-11-08,472.9250330993522,480.1818236811621,466.9307099128272,474.8813781738281
2022-11-09,474.0525638833666,479.52647143409433,469.19542015016896,472.1925964355469
2022-11-10,486.6290374967138,496.1698029860997,483.2078236105978,494.5122375488281
2022-11-11,494.512298795612,498.0877114139005,488.3252203393976,496.7673645019531
2022-11-14,497.05650335299146,501.807622704998,490.9368924594537,491.18743896484375
2022-11-15,501.1329721793657,510.5773895063117,501.1329721793657,507.3681945800781
2022-11-16,502.3954753298812,509.3824259220424,501.29682346464347,505.0938720703125
2022-11-17,500.1692592246128,502.8580092114904,494.34842813469095,502.4050903320313
2022-11-18,507.7537067930552,510.326815401004,499.3886480557775,504.6697998046875
2022-11-21,506.6647426847588,508.1489050270189,503.1375631170025,504.3807373046875
2022-11-22,510.7316869113769,513.4686113472615,507.57066565230895,512.6494750976562
2022-11-23,514.6250169576996,517.3234135221901,511.1556583491596,515.0972290039062
2022-11-25,514.7791608528163,516.4174918797993,513.7287420297142,514.2973022460938
2022-11-28,511.6279794143313,516.7934909128408,509.7487185923373,511.6568603515625
2022-11-29,511.7724646859007,514.355220248146,508.8427849781244,509.7679748535156
2022-11-30,508.27419093684375,522.893826903923,503.1954400082208,519.6846313476562
2022-12-01,500.3042112840375,500.3042112840375,477.6857651650053,485.5785827636719
2022-12-02,480.43235040204144,480.86603496253696,474.2549188178719,476.5871276855469
2022-12-05,474.6307550124712,474.8235102304103,467.1426824195825,470.9300842285156
2022-12-06,472.857523622757,473.6381322658876,459.8569869409155,463.70220947265625
2022-12-07,461.7073081315514,468.8870136314543,461.4952891535454,464.4828186035156
2022-12-08,465.37910268037257,465.7934940826162,456.32016546762,463.9528198242188
2022-12-09,457.8620958996335,472.3082088401806,453.4289904299445,465.4947204589844
2022-12-12,465.2152434306811,470.1205607540329,463.2299882282343,469.9856262207031
2022-12-13,479.006043078936,479.90229308710434,464.0780424752722,470.4867858886719
2022-12-14,471.12284003278944,473.8501765476602,463.5865928607375,465.9765930175781
2022-12-15,458.0933761213112,459.4040469377226,446.3553065101538,447.0780944824219
2022-12-16,444.5242277956004,447.92614850900384,440.30314153827993,444.7073364257813
2022-12-19,444.1966059856493,446.5962527330784,438.838310557656,441.98968505859375
2022-12-20,439.9947522447088,443.55087130610457,436.1109728423848,441.20904541015625
2022-12-21,442.7124413248425,446.8660603787582,439.64782748460937,445.2951965332031
2022-12-22,442.0089517734069,443.6954571171267,436.939818567872,442.0667724609375
2022-12-23,440.9199859848695,446.3746301431535,438.2986734107529,445.8638610839844
2022-12-27,447.5503060428615,447.83943887763417,440.52479872543006,441.8643798828125
2022-12-28,440.9392221372533,443.7532601864132,436.3711821314677,436.5542907714844
2022-12-29,439.0985416132839,442.34626438251087,437.00726201978017,439.96588134765625
2022-12-30,438.1540069956198,440.1296448472394,434.3955159014967,439.9368896484375
2023-01-03,441.3825483591651,442.1535104786341,431.64899719669165,436.8338012695313
2023-01-04,440.5922815326308,442.8377593795853,436.1688225205655,439.9947814941406
2023-01-05,438.0481029683823,439.8695135100277,433.3066005525724,433.8559265136719
2023-01-06,446.27818546878206,466.84393812289176,445.4494027242158,465.3501586914063
2023-01-09,465.40796976410064,469.2050181250037,460.7917852596577,461.379638671875
2023-01-10,459.8280864995267,464.5984694868894,458.2283122527736,463.9335021972656
2023-01-11,462.9023096644974,466.9402874336306,461.7265734026681,466.7379150390625
2023-01-12,467.3932614888713,467.4029080735357,461.3796747220727,464.9261474609375
2023-01-13,463.4420057057352,467.9714591661751,461.6205659735639,467.643798828125
2023-01-17,467.52816155661424,472.68405480732656,466.7957270237852,469.108642578125
2023-01-18,467.219794353654,471.0746636567334,461.1580041396724,462.0735473632813
2023-01-19,458.960750196837,460.23286418182727,451.0871957653932,452.4556579589844
2023-01-20,456.7248943497013,462.8926788985517,452.43634080158,462.6902770996094
2023-01-23,462.5361502158436,477.2713672046533,460.2714085793022,474.7367858886719
2023-01-24,474.1971231579144,475.6909027370995,469.34000875767777,474.25494384765625
2023-01-25,471.6046804523759,474.09108753844623,466.9210285246845,473.0695495605469
2023-01-26,475.3054020271888,480.5769370331615,473.9272638844376,480.2203369140625
2023-01-27,481.6273153141651,490.6284303961263,479.7962291133996,485.02923583984375
2023-01-30,482.2152627212423,487.2555152272235,482.2152627212423,485.0196838378906
2023-01-31,484.9714749322895,492.85467550916593,483.7860920473274,492.594482421875
2023-02-01,489.8671123544078,501.5666538710681,486.4073709606677,499.1187744140625
2023-02-02,506.146937006674,511.7076217845309,502.6232805153351,505.3167114257813
2023-02-03,501.1654670083303,503.50170620451087,494.7648940071371,496.98529052734375
2023-02-06,496.63778857750657,499.3215559425316,494.5428980001088,497.7480163574219
2023-02-07,494.2725864799706,500.06495659549233,489.8317929606184,498.655517578125
2023-02-08,493.596836871892,494.45602313510216,484.2035325527869,486.3756713867188
2023-02-09,487.80440793019255,491.5404815609945,481.1721495361004,483.3056640625
2023-02-10,481.25906995148017,483.22845453539753,478.2373788934528,482.6878356933594
2023-02-13,484.3772544462884,489.2525166374155,484.0007657344855,488.9242858886719
2023-02-14,487.5340954204002,490.2758134434416,481.3748711492549,485.8060302734375
2023-02-15,485.3329826600106,493.7222665938181,483.9910696241373,493.5870971679688
2023-02-16,486.182515074922,493.0561515618788,486.17288115967983,486.6555786132813
2023-02-17,486.819670808459,490.1406315885785,484.4737682953933,489.9186096191406
2023-02-21,483.489111435117,486.5493969630148,479.366856096308,484.3772583007813
2023-02-22,486.4818540039108,487.9685410691287,479.4151556400467,480.1778259277344
2023-02-23,481.5389688785602,481.5968902161855,470.9775462159954,476.0748596191406
2023-02-24,471.6726384518683,473.391040236113,467.9269308988123,471.70159912109375
2023-02-27,475.5053004157384,475.9397399548681,468.8730414105346,470.1763305664063
2023-02-28,468.7957699631454,471.9622640609458,467.0387441720176,467.4248962402344
2023-03-01,464.45149336200257,465.8802589619549,458.5818758579096,462.1055908203125
2023-03-02,460.8409337437808,470.5624682680496,459.10323456351074,468.8826904296875
2023-03-03,458.39845642689016,459.5279814451896,449.2272046963664,458.8135986328125
2023-03-06,460.0300177085926,471.90439396073873,459.06462270247584,466.3630065917969
2023-03-07,469.2785262159164,478.07326072723305,468.2165857991199,468.36138916015625
2023-03-08,466.285711433336,470.03144815620766,464.4900911581622,469.2205200195313
2023-03-09,470.6107740528433,473.0435588924293,462.0573588720643,462.92620849609375
2023-03-10,462.4049053848254,463.83367112228177,452.1717125438937,454.8362121582031
2023-03-13,450.6463468734893,460.1941169857293,450.6463468734893,455.6664123535156
2023-03-14,458.9777004703874,468.3710036629817,456.63179788184254,465.2431335449219
2023-03-15,464.8473157188892,470.1666216755152,461.9800916381319,468.8536987304688
2023-03-16,468.1489592479168,471.2478982047957,466.0540687352266,470.3983459472656
2023-03-17,472.1457650533624,472.947029983286,464.8473808186949,470.1956481933594
2023-03-20,471.1127255535517,473.8061856558383,468.9116262929506,472.3580932617188
2023-03-21,475.9396984227912,475.9396984227912,469.1722705652001,473.8641052246094
2023-03-22,472.5221910183213,479.4344222061275,470.4852218712151,470.6493225097656
2023-03-23,473.7096425665951,476.1810512409497,467.5311208807084,470.8810424804688
2023-03-24,470.0894672773569,478.80698338692247,469.72261244508087,478.1311950683594
2023-03-27,480.07156999047805,482.56227584501136,475.4666469687357,476.1520690917969
2023-03-28,475.5631651028081,476.9629994852179,468.6123395354479,469.9252624511719
2023-03-29,472.2712297547334,474.2985356167085,469.08540868595645,473.8834228515625
2023-03-30,475.9397408862205,478.5849137912494,474.00895086234135,474.4723510742188
2023-03-31,477.870497418041,481.1142102892905,476.8471811340266,479.67578125
2023-04-03,479.31857258929216,481.92515062967055,477.870480224974,479.8302307128906
2023-04-04,479.3185960773941,485.1881844519918,478.3532011205413,480.5060424804688
2023-04-05,481.7321334078496,486.6846147637413,478.0250199246224,479.9268493652344
2023-04-06,465.3203458323864,470.9679119386301,460.9760687447396,469.1626281738281
2023-04-10,467.154602183018,476.80855151294816,464.99212696079854,476.740966796875
2023-04-11,476.7409242885946,482.687760080968,475.9396595287215,481.3941345214844
2023-04-12,482.697465753241,482.7457237152102,471.63404808740097,472.416015625
2023-04-13,476.41273071657633,481.1914473659498,473.34278193482265,480.6604919433594
2023-04-14,479.0193183544311,483.0546621389236,473.1979880359551,474.2985229492188
2023-04-17,475.7176125067719,480.6604589163502,474.1536775541511,476.8471374511719
2023-04-18,478.932468728446,480.4095219102741,477.0209760089847,479.7047729492188
2023-04-19,479.92677794337465,480.7570034272522,476.7409570527039,478.8648376464844
2023-04-20,478.5945015632125,492.9885424527192,478.3628162246332,488.0843200683594
2023-04-21,491.7432103513962,492.9692807667967,487.9685126430064,488.8277282714844
2023-04-24,488.5863819201499,493.9829360650599,488.3064091401055,493.7222900390625
2023-04-25,493.4423484094372,495.3731383990508,484.87929951934376,485.7578125
2023-04-26,483.1029511544528,485.4681510918852,476.3162258721696,477.5422668457031
2023-04-27,477.7063770247659,484.8792839973132,477.7063770247659,483.9235229492188
2023-04-28,484.2034711792591,487.3603019449602,483.31532435596455,485.8060302734375
2023-05-01,481.87690162946143,482.7457512250266,471.88505762666966,476.5093078613281
2023-05-02,477.87050015128966,478.5269616463903,472.86009800490336,477.6870727539063
2023-05-03,479.4151624912082,481.5197165186833,472.7153188398922,473.1014709472656
2023-05-04,473.0047342893024,474.9105302955515,470.0928251342148,474.3591003417969
2023-05-05,477.1258614686831,483.1237761715493,476.9130304278191,482.79486083984375
2023-05-08,481.1599381902441,483.9460792622948,479.5443826044266,482.79486083984375
2023-05-09,480.7633148106881,485.3875262108799,480.2119144089708,484.468505859375
2023-05-10,485.5906787721144,488.51224163568577,478.9639250466312,483.3753051757813
2023-05-11,483.23021691385134,486.6064630450862,481.3340750458496,485.53265380859375
2023-05-12,486.7709398315872,489.5377139245044,484.8651439373954,487.6416015625
2023-05-15,487.5835914294805,488.5413164440712,482.60141379192567,485.67779541015625
2023-05-16,483.7042650737863,483.98482181395934,478.1900246427589,479.979736328125
2023-05-17,481.7694128787879,481.77909641073205,475.8682153706599,478.8671875
2023-05-18,478.8671778335412,482.3498541223776,477.9771490785753,481.86614990234375
2023-05-19,483.1141029193271,483.1141029193271,477.8223777041804,480.3376159667969
2023-05-22,480.8020130917788,480.8020130917788,472.6177456424009,475.8392028808594
2023-05-23,471.2924402097685,471.2924402097685,467.2293124568199,469.0673828125
2023-05-24,471.3698084370267,471.3698084370267,465.2364418710278,467.0261535644531
2023-05-25,464.5591999348993,472.6177287942761,461.2119749900742,470.6925659179688
2023-05-26,469.8219474152929,494.1039074603764,468.3418135430263,490.7276611328125
2023-05-30,493.1751825700801,498.0121954989456,485.24242113989374,491.4725341796875
2023-05-31,492.27546697359287,497.1221929255488,488.4929257815427,494.8874816894531
2023-06-01,492.73020028645857,496.9964756776226,485.7358551303661,495.89361572265625
2023-06-02,493.6879054932201,501.60129982049887,492.7978766962985,495.8839416503906
2023-06-05,495.8838999295653,502.0075526155866,495.3324700536155,501.3594055175781
2023-06-06,501.35933711608,501.7269569832248,496.0482751485354,499.4342041015625
2023-06-07,497.7413358704557,502.36551760229423,493.9297441787571,494.5682373046875
2023-06-08,495.796869673184,503.3329608356814,495.796869673184,503.1395263671875
2023-06-09,501.3014584127045,505.0453249233585,498.6991269500029,500.421142578125
2023-06-12,500.4211635723541,504.28111455179226,499.1828521861218,503.9908447265625
2023-06-13,505.0065612792969,505.906244022562,501.0304678062553,505.0065612792969
2023-06-14,507.8894811606636,510.6465718685919,506.09011545557496,510.0177917480469
2023-06-15,511.7591010930112,513.9454537699822,509.49533920248535,511.9332275390625
2023-06-16,512.8231720361002,513.1327498113101,505.5966595904828,506.58343505859375
2023-06-20,504.93893744600746,505.8579874376929,501.2531129917202,502.7622680664063
2023-06-21,501.0304941970316,504.6389679376136,499.7051493181825,502.6847839355469
2023-06-22,503.7199869481904,507.5799378198397,502.7428948135753,507.1156005859375
2023-06-23,506.080444950386,508.2764812772994,502.4139877628271,507.3477478027344
2023-06-26,507.3091235847572,507.7637773117078,504.2714462293413,506.3610229492188
2023-06-27,505.6160258761854,515.0578822989173,505.0839040173446,513.0457153320312
2023-06-28,511.739794707503,516.1028170463533,511.38185824052266,515.435302734375
2023-06-29,513.2877017921649,515.0967512571793,511.710820957493,514.3615112304688
2023-06-30,516.7605631299336,521.9749089264358,516.2381838154546,520.8333740234375
2023-07-03,519.7401596543658,523.4453503360862,516.9250272081515,523.4066162109375
2023-07-05,523.5808081146865,528.2534077747151,519.9820767811499,523.4937744140625
2023-07-06,521.3171195872577,522.6908231833797,519.0920917509084,519.8563232421875
2023-07-07,516.4897530590035,518.9760000608691,507.531540644559,507.9378356933594
2023-07-10,507.9474651025259,513.8390083890556,507.9474651025259,509.83392333984375
2023-07-11,510.3080273604912,513.4617887873576,509.002049392255,512.3782958984375
2023-07-12,514.6613687848513,522.5070382620322,513.8003609705592,520.4658203125
2023-07-13,520.2722229367026,521.5492091034045,515.4254974311979,520.9010620117188
2023-07-14,521.1527385021119,529.0370836235481,520.562574346844,528.88232421875
2023-07-17,528.3792346507179,536.147554235841,528.3018254280119,534.9382934570312
2023-07-18,534.6577320396593,536.9118107690844,531.4846623123358,535.5477905273438
2023-07-19,536.4085955672366,537.7726744892358,534.0288086711992,536.0506591796875
2023-07-20,535.7605009239419,542.7838961062083,535.6637836919704,538.807861328125
2023-07-21,540.945891868667,543.7320335742911,539.2819772909429,539.6785888671875
2023-07-24,539.8139339563083,548.1046317479229,537.7630326943421,545.5506591796875
2023-07-25,548.2981753973526,549.052723379834,545.9086455199727,546.7696533203125
2023-07-26,547.0791877403628,549.5170760437326,545.0572780045488,547.7176513671875
2023-07-27,549.2170948786146,552.5449822962522,542.3291514635388,543.5191040039062
2023-07-28,546.1794542925913,549.3041645487053,544.2833125606453,544.9605102539062
2023-07-31,544.6509286886798,545.8988642669759,540.8296537030826,542.3968505859375
2023-08-01,542.3581935791836,544.5348625496721,536.4666502521883,537.3663330078125
2023-08-02,534.2610497932079,538.4886203896932,533.0614726508549,534.3480834960938
2023-08-03,535.489705365397,542.0873799912468,534.222343427925,539.5140991210938
2023-08-04,542.7838836661051,542.996685189937,533.4386846714132,534.0481567382812
2023-08-07,536.901989987781,541.3230535561448,536.901989987781,540.2105102539062
2023-08-08,539.8139720593933,540.6846633746361,533.8547613588044,537.9952392578125
2023-08-09,539.7945229332513,543.7706163527474,538.6626716322471,541.45849609375
2023-08-10,544.84447532723,550.6586098202878,542.425954093574,543.190185546875
2023-08-11,542.0873236541555,546.5857967502055,540.8103964080055,544.6123046875
2023-08-14,546.3632713848241,549.2074544969151,542.1743764000606,543.1707763671875
2023-08-15,542.7645695725502,546.7406046475451,540.0074787502534,540.307373046875
2023-08-16,543.3933680659583,546.5374457014123,540.5104505751409,540.8297119140625
2023-08-17,541.2359625413379,542.1550123531667,527.3150001972441,529.27880859375
2023-08-18,529.0950152744383,531.561895023632,525.4091914255209,527.1795654296875
2023-08-21,526.1347615294783,527.382756257521,518.8211557857445,525.5059814453125
2023-08-22,524.2966916621513,524.2966916621513,519.9820288268875,520.8236694335938
2023-08-23,521.3945032340887,523.5324382166449,518.7631214262669,523.2325439453125
2023-08-24,522.6994297898341,524.3568451812808,514.4900266166945,515.3526611328125
2023-08-25,516.515713707503,519.307119108962,514.2380319636177,517.5819091796875
2023-08-28,519.5107279653798,520.518712558763,516.7193223063989,519.6948852539062
2023-08-29,517.9017330614545,526.3631467439843,517.9017330614545,526.0723876953125
2023-08-30,526.0336987876915,527.671710814308,522.7189265717428,525.5781860351562
2023-08-31,523.3876598939219,535.2123558933947,523.3876598939219,532.3822021484375
2023-09-01,536.055568897093,536.4529297814547,524.0079678575079,527.5068969726562
2023-09-05,528.9413432999844,532.2949224243937,527.2645833165263,527.9721069335938
2023-09-06,525.0546907175321,531.8005970563681,523.5620880250207,529.871826171875
2023-09-07,531.7715981646729,534.0395783133063,527.5456823130995,531.7424926757812
2023-09-08,532.1786220607344,535.3867920868868,531.238432017666,534.2333984375
2023-09-11,535.8035331340994,542.1811247485625,534.8827467892506,541.5899047851562
2023-09-12,542.0745849232172,543.1601250041472,539.0699164626988,541.599609375
2023-09-13,541.1247493096831,543.1989297063773,537.5579659357203,542.5398559570312
2023-09-14,547.4343170004661,549.2661876873531,543.0146021232457,547.3955688476562
2023-09-15,547.9384666072245,548.1129220717969,538.4496037664627,539.244384765625
2023-09-18,541.0083793437285,546.8334997095698,540.3202001868874,545.40869140625
2023-09-19,544.3619326712219,547.9384172666488,542.2198989825538,546.988525390625
2023-09-20,546.9884596984497,551.7086355523135,545.3504480526591,546.4844970703125
2023-09-21,546.7172103829755,547.2018286070294,537.228406852701,538.0037841796875
2023-09-22,538.0813502823185,545.6510855574077,537.7130948091791,541.4058837890625
2023-09-25,542.2780453595853,544.003314487971,537.6741726175923,541.434814453125
2023-09-26,541.9485502196807,544.1002266062632,535.0184863798426,535.948974609375
2023-09-27,530.5405959654936,549.0723901739826,527.9720959848252,546.1937866210938
2023-09-28,546.7171256680851,554.5776178464399,546.7171256680851,551.1368408203125
2023-09-29,552.464702708046,553.4242372001826,543.450816758518,547.5797729492188
2023-10-02,550.4390693393203,554.1512616623644,546.6493806904298,553.7344970703125
2023-10-03,553.5308575304854,558.464296596509,545.6897685629793,547.6572875976562
2023-10-04,551.9704169130902,554.99442968791,546.4167113827469,554.2093505859375
2023-10-05,554.5680139022503,557.0686605563639,546.9982794456791,551.9995727539062
2023-10-06,548.6750175132976,549.508546555402,525.9367120211291,540.3783569335938
2023-10-09,537.9262076983989,542.530080647169,532.8668220324012,541.7740478515625
2023-10-10,542.6948709922929,549.5086318130989,540.0973243359222,544.7981567382812
2023-10-11,547.4731886098672,549.0724524255625,542.9662745831326,548.1226196289062
2023-10-12,550.5746951666391,551.6311888143282,545.0791416424005,546.4360961914062
2023-10-13,546.5038503475015,549.9834346062855,544.691383244684,549.4019165039062
2023-10-16,552.1642623448823,556.438568648092,551.0302723717847,554.6358032226562
2023-10-17,554.3450128259315,558.3382616568069,553.1528711050964,556.6712036132812
2023-10-18,556.264155141565,559.5401790063872,554.403237760733,556.9620361328125
2023-10-19,556.0509318207687,558.134754576188,546.7559287604494,548.2291870117188
2023-10-20,549.1111536838883,549.2371591450286,535.0281799404228,535.9198608398438
2023-10-23,537.0926834165028,539.7871298993949,529.8137084446942,535.299560546875
2023-10-24,535.1154161381721,538.8857600965703,532.4306714200627,534.8634643554688
2023-10-25,531.6746097325477,536.7922062657044,528.8250523805615,533.0703125
2023-10-26,532.7408272216294,537.5966520418922,528.7475778640598,530.7538452148438
2023-10-27,530.753882663219,531.1707064159768,523.6106144052708,526.3245239257812
2023-10-30,528.9510409713024,539.244326368867,526.9156682808773,537.8098754882812
2023-10-31,535.1734707037825,536.9859969464242,532.1688619416242,535.4448852539062
2023-11-01,537.9261628058019,541.2603381451682,532.7407721066163,539.6707763671875
2023-11-02,540.3698910485572,543.292655916672,536.0100428297642,539.855224609375
2023-11-03,541.1759246363177,546.6718446585379,539.1367571317128,544.6424560546875
2023-11-06,544.2443055396808,556.0518836816123,543.8947542879561,553.3038940429688
2023-11-07,555.9061827167743,557.2559080218107,553.0513957571584,554.7118530273438
2023-11-08,555.5372341004731,556.3820126175817,547.9341681804291,550.9346313476562
2023-11-09,552.5076234616328,552.5076234616328,545.7202370074772,546.9437255859375
2023-11-10,551.4395414851143,561.1399735989681,548.5653152318728,560.3922729492188
2023-11-13,558.3337326836765,563.1402697139052,556.8674902683197,561.4700927734375
2023-11-14,564.8783256109828,574.4039815537927,564.3637184164764,573.6757202148438
2023-11-15,576.7733125559494,582.5023259760527,576.1907271389505,579.4824829101562
2023-11-16,569.3839043536575,569.5878388838177,555.6537350417719,561.8099975585938
2023-11-17,562.1206631378293,563.1110582354587,557.4209239931389,560.42138671875
2023-11-20,560.6059624208049,565.4415993308702,560.6059624208049,563.9656372070312
2023-11-21,565.1308735632113,567.9953803941077,560.9652394907718,567.3641967773438
2023-11-22,569.8401503672727,574.0058428034284,569.3546428491048,572.0055541992188
2023-11-24,573.8893704727805,576.9771914170855,573.2970062122416,574.219482421875
2023-11-27,575.3459006486629,582.5508162793935,575.2390439427411,577.6569213867188
2023-11-28,575.9965610420738,580.1039367450483,574.2778450172232,576.7830810546875
2023-11-29,577.9482615647324,577.9579811993476,570.3937348261013,570.8209838867188
2023-11-30,570.7918509782742,575.8799608706444,565.9367752388275,575.5595092773438
2023-12-01,576.0838869382751,579.0648512444407,573.4718538581201,578.9677734375
2023-12-04,574.9866315545374,582.152727938006,574.3166287458048,581.7157592773438
2023-12-05,581.1816843854549,591.2316667588537,579.7251617651909,587.803955078125
2023-12-06,587.9497391664681,590.8433456723686,586.3572599182799,589.8237915039062
2023-12-07,592.3192839420948,594.601146001675,588.7750546842118,593.2417602539062
2023-12-08,590.9598557981608,595.8246516696865,590.1150772742983,593.0767211914062
2023-12-11,603.9422939084384,606.9136573080481,600.8253730549144,605.7775268554688
2023-12-12,609.2537395101133,611.4385235668578,605.1463644485729,611.2540283203125
2023-12-13,615.5459649268699,623.9743701060914,612.7106170178945,623.3917846679688
2023-12-14,622.5955320116074,623.2946937887702,612.0308816705466,612.4970092773438
2023-12-15,622.9062527358678,642.6955473146542,621.9352375328501,639.7242431640625
2023-12-18,645.2396593502843,662.14500944972,641.9381836622297,661.4944458007812
2023-12-19,655.4352530580618,661.0671293051998,649.7256790012487,658.0958251953125
2023-12-20,652.318297406977,654.8040940151543,641.6468495546915,641.841064453125
2023-12-21,646.5601546092524,647.9972973789722,640.3359733721398,645.8804321289062
2023-12-22,648.6381580250782,653.7554271291294,646.6961276118295,652.1337890625
2023-12-26,653.5030247859639,656.2703947194734,651.3376796047694,655.0663452148438
2023-12-27,658.1249843535011,663.964395927694,655.8408747980784,662.1966552734375
2023-12-28,661.2532319723638,662.256269062296,657.0226921070132,658.522216796875
2023-12-29,656.4367029809563,658.6115864637959,652.6231862360814,655.5230712890625
2024-01-02,651.0540996528487,653.2587443792005,645.0160570812129,646.1581420898438
2024-01-03,646.7143267549493,650.9250457816084,638.6602689057621,640.2393188476562
2024-01-04,637.6474107032843,645.4134325218251,636.0882419417167,643.8740844726562
2024-01-05,651.6500105937416,655.0960867378658,647.737208220399,651.481201171875
2024-01-08,651.2825366597078,657.5092703789564,649.5148566167356,657.1219482421875
2024-01-09,654.3313478119239,662.683261699039,653.7156329053254,662.5740356445312
2024-01-10,664.9376189680543,669.1781599657384,664.3914280742559,668.1155395507812
2024-01-11,666.3677257975876,669.853504076346,663.0309362336027,668.929931640625
2024-01-12,672.8228295642995,678.999860248113,671.4424109829009,678.523193359375
2024-01-16,678.5231970777886,681.7805824721374,673.4782502270808,676.7852783203125
2024-01-17,675.8021464135434,680.1419731292114,674.5011924651317,679.4666748046875
2024-01-18,678.1160111364422,682.9722063180964,675.5141034967692,682.5650634765625
2024-01-19,683.7468755236516,691.3242059504537,677.9571065048714,690.1721801757812
2024-01-22,690.6290114829484,693.8366934088588,685.7529349045309,687.7291870117188
2024-01-23,685.9514754304894,686.8552270443502,679.9035526586719,682.8431396484375
2024-01-24,684.2434915156591,685.2067660302805,678.4040792208191,681.7706909179688
2024-01-25,681.7607111354012,681.7607111354012,671.2934964008441,675.206298828125
2024-01-26,675.3850181119175,682.4955616808828,674.8090052268371,682.1380615234375
2024-01-29,685.1372602370969,689.3380387943628,681.5223746374458,689.2188720703125
2024-01-30,688.1562041518691,697.7991917689671,686.0309633631867,695.90234375
2024-01-31,696.4784294874732,700.6494468194071,688.2555615519065,690.0828857421875
2024-02-01,690.2220886832666,701.460563001074,687.7356978738889,700.64501953125
2024-02-02,699.5113286934287,710.3917781936673,698.4371907790746,705.6178588867188
2024-02-05,706.7715072532052,708.9793931132238,701.8384861266683,707.2886352539062
2024-02-06,707.3582004263257,708.8400794806164,700.5057542095626,706.9205932617188
2024-02-07,710.2624591613384,719.3825241190884,708.1241386749085,715.86181640625
2024-02-08,719.9494065728513,724.2060761605255,716.7369483031066,720.2178955078125
2024-02-09,721.1925543449021,721.5804458622044,716.1998624020106,719.4620361328125
2024-02-12,719.5814206609072,719.8598648698705,711.4061360019666,718.4774169921875
2024-02-13,717.4630243936264,717.8509159412549,705.1802169723729,710.3618774414062
2024-02-14,712.1023066130491,718.616638199167,707.1991513672261,718.2486572265625
2024-02-15,717.5623996180948,722.07772397206,714.369912814162,720.5659790039062
2024-02-16,718.0597154636719,725.0912360058148,714.5887235821185,720.048828125
2024-02-20,724.0668514370196,730.9591193041579,719.7703609413558,721.7395629882812
2024-02-21,721.7394934756965,724.8225934242344,716.3490158515557,719.0840454101562
2024-02-22,721.8986558377861,732.0431420945238,721.8986558377861,730.4021606445312
2024-02-23,736.0910447130693,738.4680489705605,733.1073756476368,733.9129638671875
2024-02-26,737.9607412952736,742.7147493321132,734.9770725299288,741.29248046875
2024-02-27,741.9390227081001,742.5755533284494,737.2944616405065,740.6560668945312
2024-02-28,739.1642241808764,747.7870104754386,739.1642241808764,743.8883666992188
2024-02-29,747.329492657604,748.4633014306146,738.9453901679418,739.8405151367188
2024-03-01,736.4092233494988,747.2896710221718,735.2256989980718,745.3602294921875
2024-03-04,750.969584680128,760.5769717863699,749.5672263097056,755.0472412109375
2024-03-05,764.2369117835675,765.0823210345703,752.7796648343312,755.8130493164062
2024-03-06,760.6764642180964,770.9402317752933,759.5028343701479,769.0307006835938
2024-03-07,774.8687107398583,782.7953556728083,772.7801668815399,781.3134765625
2024-03-08,751.934239807358,752.1032973728527,721.1527117646709,721.6102294921875
2024-03-11,715.8915984762655,716.080566609459,707.1395148027302,710.1928100585938
2024-03-12,713.1764497136035,736.0213788228575,713.0073314362522,732.86865234375
2024-03-13,730.9988188674944,732.4906531917138,722.6246725243533,730.2031860351562
2024-03-14,734.3107277872375,736.647910676799,725.0215457696561,727.9654541015625
2024-03-15,728.5324394848814,728.5324394848814,719.2830168350839,721.679931640625
2024-03-18,722.1472896387432,729.347928086525,722.0677688425385,727.5576782226562
2024-03-19,727.806267885104,731.3468855685883,726.045944669383,728.1842041015625
2024-03-20,727.0206856386098,738.0503421751536,725.1608701362316,736.687744140625
2024-03-21,739.4525244032538,748.2145619751283,737.0655652753346,738.5176391601562
2024-03-22,740.377508385399,740.7355340698385,730.3822301259663,730.7999267578125
2024-03-25,727.0206563951099,730.1634275985682,722.7838368382642,726.9808959960938
2024-03-26,727.0206429724651,730.7005133606482,726.244859934228,727.000732421875
2024-03-27,730.0043186824117,731.8840446439,723.7883418543939,728.0947875976562
2024-03-28,729.8551142128184,730.8994468869024,724.355249456364,728.6417846679688
2024-04-01,727.7765335214558,729.2783232587251,716.2794650311943,717.3137817382812
2024-04-02,716.0805080582626,716.0805080582626,704.5436797095937,707.4278564453125
2024-04-03,706.1150744535231,706.940573193369,693.4743025154767,701.8484497070312
2024-04-04,704.9116852392657,713.2261613039318,700.3864055307987,701.0428466796875
2024-04-05,702.1965314443695,712.9875040783318,702.1766815956838,709.834716796875
2024-04-08,709.6259386655566,712.2416268242608,707.0002952305001,707.9351806640625
2024-04-09,712.3409789807569,715.1356796943643,703.1313781322226,714.67822265625
2024-04-10,707.1295658638314,720.0388878804112,705.0907374839887,718.6465454101562
2024-04-11,727.5179326770578,729.7954447485944,720.2079681609839,728.36328125
2024-04-12,724.0370005031806,728.910350749266,722.5849264238526,727.3289794921875
2024-04-15,731.4265383433128,736.9662242634876,714.0417135035635,714.3699340820312
2024-04-16,714.3898431522928,718.5669921329545,708.2534472197492,712.072509765625
2024-04-17,719.0642355355027,719.8598684688205,707.1295594270296,711.2967529296875
2024-04-18,711.2967281084487,715.0362695377405,705.7073265155925,707.378173828125
2024-04-19,709.14850161372,710.9784511963228,698.1785165818868,705.6476440429688
2024-04-22,710.9685373857874,714.3500532550148,702.325840281113,711.5653076171875
2024-04-23,715.1158167175113,720.3272818071003,712.4006368499225,718.7459106445312
2024-04-24,715.7921636482937,721.4809967624591,712.1918745621062,719.9494018554688
2024-04-25,724.4917424748797,724.4917424748797,711.6612931870402,719.0826416015625
2024-04-26,712.2491356533524,728.1377823779935,712.2491356533524,726.3745727539062
2024-04-29,726.7232228858387,729.4327287267911,717.4489839720177,723.5355224609375
2024-04-30,722.7186569808288,722.7186569808288,714.3409798630863,720.1187133789062
2024-05-01,719.4912014881307,727.0519661324317,712.5679283382367,719.4413452148438
2024-05-02,721.9615933880636,731.5744902521,717.8574495597702,729.6220092773438
2024-05-03,731.4549804553131,744.6141177514847,730.5285050075094,741.0379638671875
2024-05-06,746.7060803680341,754.0277779146243,743.6079994651551,753.5396728515625
2024-05-07,755.7710271699623,769.2688828942748,752.6630358864418,768.3424682617188
2024-05-08,767.0375118257068,770.4144837750448,759.7755811668006,760.4728393554688
2024-05-09,760.8613682244918,776.710190649109,760.672096792383,776.042724609375
2024-05-10,776.0427088464266,784.4203863602585,775.1660896839735,784.161376953125
2024-05-13,784.9682614047905,786.4425478203586,770.6037577062217,772.167724609375
2024-05-14,771.9484997585073,777.8058817036643,768.4619657816437,774.9071044921875
2024-05-15,775.5247232486153,786.6218167416562,775.5247232486153,784.0119018554688
2024-05-16,788.7635758079576,801.4645212652765,784.7989079762095,790.0187377929688
2024-05-17,790.556682012474,794.531321317891,787.5682240925717,792.7482299804688
2024-05-20,792.1903790621859,799.8906194365114,789.3413971322689,789.9490356445312
2024-05-21,792.5091472903869,798.3565583065052,788.9528751404941,797.8485107421875
2024-05-22,796.9619582279948,803.2476791279807,794.9397999291194,798.7749633789062
2024-05-23,801.2055198242972,804.9410920547352,792.3696511725939,793.2761840820312
2024-05-24,797.5496596983864,813.7271681678907,796.0156065850126,806.6146240234375
2024-05-28,806.6245857598778,812.153220455541,801.623880318951,810.0413818359375
2024-05-29,803.9151295467192,810.3104125235948,803.1878967693611,803.4170532226562
2024-05-30,807.0828251579918,816.3470319079247,805.1901109530223,812.2030639648438
2024-05-31,805.9173712033459,808.6169058506714,785.1674954172055,806.7740478515625
2024-06-03,807.8797442240827,824.7246576381888,804.0246385947092,812.2528686523438
2024-06-04,811.8444380835236,824.8243358310107,809.9118995799174,824.2067260742188
2024-06-05,827.7131160419576,831.1797683752454,818.5186471563776,831.090087890625
2024-06-06,832.2057571330859,845.8232064451342,831.1100136339487,839.3980102539062
2024-06-07,843.4224647165219,847.1082414469643,839.0493402693204,842.3267211914062
2024-06-10,843.9205397928836,846.211678578667,839.4976198827964,845.0761108398438
2024-06-11,845.9726814508426,847.6661531453215,837.0272499545844,846.0424194335938
2024-06-12,849.0308435622941,852.4476397787797,840.3643035424697,844.5481567382812
2024-06-13,844.5481191893851,844.5481191893851,834.3275839569914,842.7052612304688
2024-06-14,840.1750596006476,852.8859772722304,838.670859355766,852.3779296875
2024-06-17,851.2024495350173,867.2106295660891,850.0867634554697,864.57080078125
2024-06-18,864.6604826119725,870.597574173326,864.3616489831176,867.39990234375
2024-06-20,867.9577562796894,870.4879621028641,857.2491153755901,859.1218872070312
2024-06-21,863.3056976644157,863.634384243821,844.3887696541414,845.0462036132812
2024-06-24,846.7297983132576,847.3573793807401,838.2724715852178,844.8968505859375
2024-06-25,846.0523189396845,852.3978060282438,841.7489324858476,852.218505859375
2024-06-26,849.4391914657897,856.4322019728405,846.7894523781168,853.5433959960938
2024-06-27,854.41003847758,855.0276482038995,845.3749274163212,847.3472900390625
2024-06-28,847.9748885484922,853.9418328085812,843.5519686361205,846.7197265625
2024-07-01,850.2162739922617,852.7066555798195,837.2662897369606,842.4163818359375
2024-07-02,842.4363214870194,857.049863569144,839.8363777105083,856.0537109375
2024-07-03,851.7105010032319,860.1977408903878,851.7105010032319,859.3410034179688
2024-07-05,861.2336844982265,883.5275844227447,855.4161265953546,882.262451171875
2024-07-08,883.3781089106254,884.5336799311772,874.2832311520103,877.4510498046875
2024-07-09,880.4494085556483,893.2200915652899,879.5727894460707,883.4378662109375
2024-07-10,883.9859144187532,886.8448677523634,877.311679288593,880.9077758789062
2024-07-11,887.3329305917173,887.3329305917173,843.2631477617205,843.3328857421875
2024-07-12,846.620201882894,846.729764083813,835.1544749964822,839.6571044921875
2024-07-15,843.6017381603394,854.5993012800761,841.4201616328114,845.4645385742188
2024-07-16,844.5381603049059,847.9649276735545,838.1030534349467,847.4967651367188
2024-07-17,844.7473112260486,846.679849553754,839.4079482918836,843.0239868164062
2024-07-18,846.1618562210117,852.0092668460136,821.9354188239228,836.1405639648438
2024-07-19,833.2916331366333,845.6140361118008,832.3452759929589,834.9053955078125
2024-07-22,842.4961100548692,846.3213630116987,835.3735942338286,844.15966796875
2024-07-23,845.6339929698754,851.2921326192126,842.3267589381575,848.8316040039062
2024-07-24,841.3505488257048,842.7451869303575,826.3086673271058,827.6235961914062
2024-07-25,832.5743636099073,833.4311010582163,811.1471721546804,812.8107299804688
2024-07-26,816.0128832259171,820.2825153125117,807.0447318184291,815.6138305664062
2024-07-29,820.5617916191424,821.7389177947531,812.1123966136153,813.5787963867188
2024-07-30,816.0128654325665,820.0031483931169,801.328653363446,808.062255859375
2024-07-31,818.4269949614893,823.4747006276808,809.2992589382359,820.003173828125
2024-08-01,816.5615192559256,822.1678619589228,807.7130716391686,814.9055786132812
2024-08-02,814.2172867269551,828.2730249880572,803.0544672096248,820.0830078125
2024-08-05,796.0614889813136,808.8503537924275,791.073635040328,799.8822021484375
2024-08-06,803.1043358664159,831.0662742698262,803.1043358664159,814.8956298828125
2024-08-07,822.1080542643008,831.8044740647922,807.2941522951122,808.3316040039062
2024-08-08,819.5044315800641,840.7127970315128,818.4569943926716,837.390869140625
2024-08-09,836.4630693859497,855.6862771190881,835.5951877090582,852.8531494140625
2024-08-12,855.1675741979969,868.1359946874387,850.3293801393843,861.4722290039062
2024-08-13,862.818909970261,865.9413114114939,854.0801801147264,862.7191772460938
2024-08-14,862.7690449655463,864.6245120235751,856.4145238991214,860.6143188476562
2024-08-15,870.7495914079323,878.1914912566176,866.888997406658,875.2186889648438
2024-08-16,875.2186859147134,875.2186859147134,866.5099126240802,868.4751586914062
2024-08-19,868.475161554544,871.5077547694648,866.589738190494,870.2308349609375
2024-08-20,869.8817237325401,874.6301704067438,869.0537229334108,874.071533203125
2024-08-21,878.6004677784676,888.9552572131508,875.0889991940531,879.27880859375
2024-08-22,880.1566984730956,881.8525809985476,871.0588577120255,875.42822265625
2024-08-23,880.346219214937,882.4111980155908,869.5524961753996,877.07421875
2024-08-26,881.0245809406861,891.0801115908463,879.2988029511604,890.3419189453125
2024-08-27,890.5214338847841,916.6976805826652,884.9150911493485,906.6920776367188
2024-08-28,908.7470803766024,910.003968387734,879.5182084335812,885.8927001953125
2024-08-29,888.8355757796795,898.2726173924228,883.019721013286,884.4761962890625
2024-08-30,888.3367812973257,894.1526360042321,880.9547331563825,890.2122192382812
2024-09-03,894.5017837134849,894.7112955021882,872.3158187126888,876.435791015625
2024-09-04,875.3184990943406,889.593734618614,874.4606028305074,887.8579711914062
2024-09-05,886.471345766477,886.471345766477,866.5897670089089,883.8277587890625
2024-09-06,889.0949531892803,891.0302429598634,868.8841592157914,874.5503540039062
2024-09-09,882.5907987089159,896.6465983714857,879.5582053313971,894.312255859375
2024-09-10,890.4317175718146,898.5020925495737,885.3641014854536,892.1176147460938
2024-09-11,892.8258619046411,899.8088574726104,875.7374693080737,898.2127685546875
2024-09-12,898.2326951129166,913.4756063734789,894.3322200211928,912.8072509765624
2024-09-13,911.4106034132768,921.5858376226936,907.1509566670404,913.7748413085938
2024-09-16,919.7602923168996,920.3887668019069,903.1507138763772,905.6646118164062
2024-09-17,906.223256676145,906.3928266679584,893.2748068596256,895.0903930664062
2024-09-18,897.753887154995,902.7816221739396,888.7857352154206,890.3519287109375
2024-09-19,902.0633484545652,902.9312301479652,893.3246188233362,898.5518798828125
2024-09-20,899.3799022280818,905.604734200424,893.5241665761782,904.7767333984376
2024-09-23,904.7767324114312,917.2663381416012,898.5918422449469,914.8522338867188
2024-09-24,909.7945119936708,910.5526755076928,895.3497069770792,899.3499145507812
2024-09-25,900.8064401020374,908.14854663996,898.9409875610387,906.2132568359376
2024-09-26,903.1007916038448,907.0312228108857,895.9482263445278,899.2501831054688
2024-09-27,891.0900832898103,891.3195050850468,871.876860355184,883.4686279296875
2024-09-30,889.2046489391265,907.7893971831792,879.2688221891387,884.366455078125
2024-10-01,883.0995344067621,884.8352978248349,870.6298996368276,875.2486572265625
2024-10-02,872.5253553471343,879.0893276040731,865.0534986466282,876.3959350585938
2024-10-03,872.3157930720674,879.0394103702031,870.5500733121702,873.5427856445312
2024-10-04,875.8571641294026,882.1418479000301,873.5427926008533,880.9647216796875
2024-10-07,879.4583864116447,885.5535902285375,870.2109465672196,871.4678955078125
2024-10-08,874.5703762092304,889.1448717121573,874.5703762092304,888.2570190429688
2024-10-09,890.0725722715313,907.7894396487768,885.7131926905429,906.8916015625
2024-10-10,907.7893960304166,907.7893960304166,889.6735377306335,891.4591674804688
2024-10-11,892.3271055662457,892.3271055662457,883.3489681150481,886.8704223632812
2024-10-14,890.2820395651337,892.9954028146306,884.1070741070461,887.5985717773438
2024-10-15,889.9229915163174,898.4621954143454,887.3891226319895,892.4368286132812
2024-10-16,887.7582343107542,889.1648433067493,877.3635630959126,885.2244262695312
2024-10-17,889.3941925032167,893.1550537866965,880.6554628236066,883.139404296875
2024-10-18,883.6082911194895,888.4464849781122,881.6031641386414,887.3990478515625
2024-10-21,886.8404692322305,889.2346635826647,881.5533560024875,884.6159057617188
2024-10-22,888.8156066079753,892.7161425094088,882.1618264599225,891.3195190429688
2024-10-23,893.8434062905255,903.4799134131008,892.8158791424386,896.9857177734375
2024-10-24,899.3100224193633,901.3051639000496,886.1021955591217,891.2496337890625
2024-10-25,893.4742847686454,899.4297530415948,887.8379855617287,889.0549926757812
2024-10-28,893.8134648707518,893.8134648707518,887.838025430264,888.7957153320312
2024-10-29,887.8380250424498,889.0051658472661,871.9667001715295,884.8353271484375
2024-10-30,884.2267979172107,884.416338801973,875.2386753959737,876.9545288085938
2024-10-31,875.0690796523724,875.5179986701096,866.5398618629107,872.056396484375
2024-11-01,873.3051129484929,878.4393937433476,866.3827687055779,876.3417358398438
2024-11-04,880.367281084192,886.021007247111,875.7623228620765,885.092041015625
2024-11-05,887.0199121055884,894.5915631109849,885.8212243551307,889.1875
2024-11-06,897.2886071674586,898.9068143132381,885.3018514400295,898.2575073242188
2024-11-07,897.6281651277238,918.4651267772056,893.3828559619786,912.9212646484376
2024-11-08,912.9912037073263,960.9382253462232,912.7414796362904,942.75830078125
2024-11-11,942.7583335631934,950.2301194864976,930.4119896941356,931.8504028320312
2024-11-12,934.9170193133012,938.5230203824062,925.9768850900168,931.3509521484376
2024-11-13,928.9735382493872,936.5551878228632,922.1810557546704,932.6994018554688
2024-11-14,925.9768530966544,930.12229705265,921.1521669852664,922.8703002929688
2024-11-15,916.727053794535,919.5339498767266,904.5605045325196,906.06884765625
2024-11-18,909.634912167339,924.9180128749128,906.1087790765912,918.4951171875
2024-11-19,926.9757616647914,932.969139434176,915.3485941599156,929.1234130859376
2024-11-20,924.0590361009318,927.7749011923293,915.4884884993176,927.0557250976562
2024-11-21,933.9680428449988,957.4321072360656,928.9735613324588,954.5952758789062
2024-11-22,961.6774270940498,975.222458666256,957.4621139156644,962.946044921875
2024-11-25,973.9238797496472,973.9238797496472,948.6418171663448,959.8294677734376
2024-11-26,962.9360122876994,973.294561816317,959.8294594944352,970.427734375
2024-11-27,970.3878048002264,971.2168448181096,957.5320145185048,960.4887084960938
2024-11-29,967.0215170958612,972.1957924596412,961.4076639666678,970.8073120117188
2024-12-02,970.2878920083552,975.422233605018,963.6952008380798,973.9238891601562
2024-12-03,973.6142515817088,981.915077519587,969.6885963803954,981.0660400390624
2024-12-04,980.9161561155298,990.0560815499548,976.4710554344828,989.8262939453124
2024-12-05,985.5710105220244,989.0372124354778,977.1203867234576,981.1759033203124
2024-12-06,981.175912767848,996.6088731640727,981.175912767848,991.5144653320312
2024-12-09,995.9096401661056,995.9096401661056,979.4178519957062,986.7697143554688
2024-12-10,988.637595623044,993.8917998103096,984.7918693324392,992.3035888671876
2024-12-11,993.901818500226,1006.6876789466704,992.493401543054,993.5921630859376
2024-12-12,1000.5744432427276,1001.3635493750884,986.1204429772914,987.2991333007812
2024-12-13,979.9172966980497,1005.5689470569458,964.6641302764502,988.258056640625
2024-12-16,987.9583787188934,1007.1371999772302,985.2813439364032,991.774169921875
2024-12-17,992.902920555295,995.819680675482,979.6775433200492,980.99609375
2024-12-18,980.9161922777628,984.5121946647796,962.9360584070909,963.6752319335938
2024-12-19,973.4344223883056,973.5642837819704,952.4576005339352,953.7461547851562
2024-12-20,948.3422013006756,960.8783380476876,942.0091717431158,953.0170288085938
2024-12-23,952.827222341558,953.2068078188852,935.9658476578752,948.861572265625
2024-12-24,949.6906804239115,958.321159287354,944.4065408233704,957.7617797851562
2024-12-26,955.7639589603892,958.3510662188554,952.9470640962968,955.084716796875
2024-12-27,947.6728447391416,949.4009767529628,930.9713282859332,938.662841796875
2024-12-30,929.9724764351728,933.1389607071546,914.489583433298,921.1921997070312
2024-12-31,922.6305875642672,923.7193503842086,911.5328033876824,915.2587280273438
