Date,Open,High,Low,Close
2017-11-09,52.21073052904711,52.3542075975492,51.60542286797463,52.19678115844727
2017-11-10,52.00497915622794,52.142481190873625,51.87295804633786,52.01892852783203
2017-11-13,51.8520352837704,52.2476007029698,51.77531373803201,51.87196350097656
2017-11-14,51.69859154656998,51.926764499490254,51.28060451266013,51.89388275146485
2017-11-15,51.56307889331856,51.79374143773268,51.35184284372202,51.6333236694336
2017-11-16,51.74990149176576,52.39805312923276,51.71253846231964,52.23414611816406
2017-11-17,52.30040915554357,52.36019000451378,51.49981025160514,51.607418060302734
2017-11-20,51.612898111740144,51.74741262148448,51.44749733733961,51.546142578125
2017-11-21,51.81416983108758,52.329802466921926,51.769334193668286,52.3253173828125
2017-11-22,52.3681601812423,52.58088999640126,52.173366901205824,52.40602493286133
2017-11-24,52.52907882585918,52.812053414069965,52.40602408646277,52.63519287109375
2017-11-27,52.737324848339846,53.45821088700012,52.54800869049195,53.40689468383789
2017-11-28,53.50553674087057,53.804950291513336,52.536549593675886,52.972469329833984
2017-11-29,52.6182554826318,52.74728907507892,51.296546774136296,51.6816520690918
2017-11-30,51.80919080823718,52.01843138542781,51.31747355137984,51.621368408203125
2017-12-01,51.33440852901197,51.6746743646524,50.66134946371477,51.06837463378906
2017-12-04,51.20437936507432,51.38074198939452,50.27873404985998,50.4107551574707
2017-12-05,50.3669152218417,51.646775742236414,49.93498263112309,50.795860290527344
2017-12-06,50.64242149811688,51.791256849314586,50.582138923741866,51.44949722290039
2017-12-07,51.61638799340843,52.256565320701824,51.58101664435043,52.039852142333984
2017-12-08,52.40054305204827,52.63020975653347,52.10411701356371,52.279483795166016
2017-12-11,52.36567197398071,52.60928806059949,52.01743559865813,52.40851593017578
2017-12-12,52.31036669281162,52.933109153440334,52.05479294371082,52.24908828735352
2017-12-13,52.41399510645304,52.58337924415546,52.1399868826184,52.37961959838867
2017-12-14,52.58388038095172,53.16128552502873,52.48972022484674,52.68252182006836
2017-12-15,52.99688019232755,53.56831028807363,52.8130487663547,53.406394958496094
2017-12-18,53.6280938837402,54.12828338862289,53.32519486754981,54.058536529541016
2017-12-19,53.95540467575537,54.052552348523626,53.41984387384348,53.79398727416992
2017-12-20,53.85078640908263,53.86622954102058,53.23701028590467,53.48411560058594
2017-12-21,53.57528710448344,53.681401152957214,53.25694115814339,53.34910583496094
2017-12-22,53.30676281295857,53.39245072914242,53.18918898793572,53.24996948242188
2017-12-26,53.239005717282126,53.24996756705969,52.74081169022088,53.10000991821289
2017-12-27,53.13737488464646,53.22057319302177,52.72785630723439,52.81852722167969
2017-12-28,52.92066095512548,53.04969454896104,52.47876232625436,52.6068000793457
2017-12-29,52.58388156859782,52.711417593677744,52.44488197280676,52.47975540161133
2018-01-02,52.460826317616565,53.60467857222642,52.460826317616565,53.466678619384766
2018-01-03,53.50255108352911,54.607048692560326,53.47764366223365,54.37887573242188
2018-01-04,54.65636456203183,55.00460091622372,54.515377091244765,54.59010314941406
2018-01-05,54.97322014768831,55.47789093690348,54.89101767767599,55.31398391723633
2018-01-08,55.34935367775671,55.75588093200793,55.2995350370062,55.509273529052734
2018-01-09,55.72001079545305,55.72001079545305,55.20985910397679,55.43852996826172
2018-01-10,55.150072709090495,55.43803029244289,54.99962095325843,55.3065071105957
2018-01-11,55.414618264416376,55.54115844586983,55.12417107092347,55.40166473388672
2018-01-12,55.30451924200712,56.36068813215429,55.20039687423817,56.32830810546875
2018-01-16,56.80955899112073,57.23651237313244,56.12952524706655,56.33079528808594
2018-01-17,56.61277283559557,56.760237070221166,55.97159589565193,56.7492790222168
2018-01-18,56.76173011618012,56.82350644360696,56.01992006766066,56.59334182739258
2018-01-19,56.695976110000295,56.98243615796676,56.42047411099872,56.96848678588867
2018-01-22,56.98442824563416,58.13326349309284,56.88478716464171,57.99775314331055
2018-01-23,58.31958676085381,58.71266257345653,58.15169637910945,58.59608459472656
2018-01-24,59.03499556437596,59.13812209146545,58.15916886510593,58.35296630859375
2018-01-25,58.822260668056266,59.03598631002072,58.38036209326648,58.89350128173828
2018-01-26,59.16203086669392,59.16352462768555,58.19055409353612,59.16352462768555
2018-01-29,59.1854478371726,59.6836418297383,58.98915700192121,59.10972213745117
2018-01-30,58.673307145248174,59.181961288748425,58.513383491137006,58.65586853027344
2018-01-31,58.976702598705394,59.10175282065055,58.39331860736033,58.897491455078125
2018-02-01,58.58711669761272,59.15804888599288,58.256813066655695,58.86610412597656
2018-02-02,56.16738447552228,56.36068398437685,55.357819252344086,55.75786972045898
2018-02-05,54.831732091642,55.54813687623257,52.64615814825753,52.92763519287109
2018-02-06,51.5122695886936,54.17262398605068,51.31448497004804,54.025657653808594
2018-02-07,54.05255717482724,54.130274559797485,52.54053650623508,52.57989501953125
2018-02-08,52.80208813460212,53.00435402023605,50.05355264116693,50.20351028442383
2018-02-09,51.10872769755671,52.39606088422533,49.669943100583694,52.12454605102539
2018-02-12,52.64266627133524,53.0860586353859,52.08568725438548,52.53754806518555
2018-02-13,52.31037139938961,52.869345903341525,52.15692831224642,52.5166244506836
2018-02-14,52.525589622352285,53.57926887230069,52.300408001153215,53.44126892089844
2018-02-15,53.9768275783037,54.50740538533291,53.16875611864553,54.37089920043945
2018-02-16,54.47153233053008,55.21533786136981,54.38036350077949,54.57715225219727
2018-02-20,54.44064988024278,55.61289882089005,54.30314784505331,54.98019409179688
2018-02-21,55.25470024911743,56.6048055790578,55.17548530230844,55.486358642578125
2018-02-22,55.75637866752995,56.069741603703015,55.057910455895744,55.294551849365234
2018-02-23,55.73097016714074,56.24610487512249,55.22181810516364,56.20076751708984
2018-02-26,56.38858620401424,57.00335819530648,56.26304185976205,56.97845077514648
2018-02-27,56.97845502916833,57.00585585403316,55.6378138941708,55.67368316650391
2018-02-28,55.89736571232522,56.17884654079806,54.95080014573287,54.99663162231445
2018-03-01,55.27661819954838,55.36280402823231,53.17174551118729,53.37700271606445
2018-03-02,52.70792955240727,54.14821169717984,52.31585337981675,54.011207580566406
2018-03-05,53.71178941060782,54.86012288736304,53.41984466674416,54.540283203125
2018-03-06,54.905960796349625,55.081825499727486,54.527332288558526,54.84617614746094
2018-03-07,54.443633936753095,55.60841399799492,54.29865930461153,55.55062103271485
2018-03-08,55.65823606971866,56.36766234154177,55.65823606971866,56.26503753662109
2018-03-09,56.76920435853312,57.84032221077156,56.50964723252876,57.83235168457031
2018-03-12,58.0420939016973,58.69522858379027,57.75065085123731,58.0859375
2018-03-13,58.37986680612104,58.68725469330841,56.52359699682676,56.78963088989258
2018-03-14,57.08306995103921,57.77854683528997,56.91119241133007,57.23701095581055
2018-03-15,57.27088636613807,57.91505082461529,56.57789910992464,57.322696685791016
2018-03-16,57.55884204343231,57.63157641684949,56.36367367773191,56.51612091064453
2018-03-19,55.6861362974616,55.76634328602331,54.249343379245786,54.804832458496094
2018-03-20,54.7216259365846,55.07783661525753,53.92551215487924,54.592098236083984
2018-03-21,54.43118552819667,55.23477195962344,54.16415198466516,54.50242614746094
2018-03-22,53.80545187232242,54.00024515564963,52.2924353623236,52.46730422973633
2018-03-23,52.37862375110153,53.14634089716325,51.058408874378735,51.14210510253906
2018-03-26,52.340260419204405,52.77219680649636,50.34648857870816,52.51412963867188
2018-03-27,53.00285842233725,53.034744327735694,49.70082946949741,50.16514587402344
2018-03-28,49.91455768157356,51.06438880342628,49.02229201500961,50.07746505737305
2018-03-29,50.37787482657758,52.21322051648279,50.02066831178454,51.6696891784668
2018-04-02,51.1954090595744,51.78875901812531,49.53293679170233,50.44861602783203
2018-04-03,50.62398443642497,51.06488720976162,49.68239803975262,50.75002670288086
2018-04-04,49.73122154898235,51.45049114874168,49.64553363560721,51.299537658691406
2018-04-05,52.13052382438,52.14646487747833,51.015068208556,51.44550704956055
2018-04-06,50.97022797714772,51.61289870654053,50.130772286091975,50.31510543823242
2018-04-09,50.81778095037719,52.040848163140566,50.77593283577623,50.820274353027344
2018-04-10,51.32693641837432,51.87245946595779,50.58711801150341,51.63780975341797
2018-04-11,51.413621682233696,51.6064232861684,50.77593394058099,51.06787490844727
2018-04-12,51.3872167062997,52.04383297487866,51.11719565684084,51.67716217041016
2018-04-13,52.15543490518356,52.45883183818013,51.32145632717947,51.614891052246094
2018-04-16,52.08867659959785,52.38161341010968,51.50927594325955,52.1160774230957
2018-04-17,52.868353755948405,54.054054222168375,52.6635944513918,53.7730712890625
2018-04-18,53.75562902772036,53.9045870205928,53.33266282596365,53.57528305053711
2018-04-19,53.25793541072304,54.67728963579866,53.25793541072304,54.2757453918457
2018-04-20,54.01768098246672,54.53978655323936,53.41137746462133,53.67143630981445
2018-04-23,53.95341441370685,54.20351106611651,53.14135952689448,53.4965705871582
2018-04-24,52.768711742343086,53.0322560547114,50.46008302670136,50.94731521606445
2018-04-25,51.30152880288932,51.61638931095505,50.66682858318504,50.964752197265625
2018-04-26,51.47439841344177,52.4110055413712,50.83820447933969,51.97707748413086
2018-04-27,52.08818034331921,52.3950665355644,51.19392294928536,51.38622283935547
2018-04-30,51.53418381255259,51.73096876784046,50.73109533723025,50.74504470825195
2018-05-01,50.63145276791925,51.8983596928912,50.34798027195624,51.84953689575195
2018-05-02,51.513258432351805,52.01045657307694,50.97321633900643,51.11719512939453
2018-05-03,51.08332071826053,51.34835877733495,50.21247703739465,51.1296501159668
2018-05-04,50.79636032882061,52.404034943290135,50.71864294261815,52.36019134521485
2018-05-07,52.504168319926364,53.05766189365627,52.32382233214757,52.78166198730469
2018-05-08,53.0387287987773,53.06912094383563,52.39207471787207,52.738319396972656
2018-05-09,53.01282679220372,54.502425828065,52.91368362931627,54.25083541870117
2018-05-10,54.55224486280382,55.270143383945815,54.496447376157285,55.0738525390625
2018-05-11,54.82176821314505,55.250215373448526,54.66284419949546,54.96973037719727
2018-05-14,55.07883363959368,55.70556330292018,55.04047476930948,55.130149841308594
2018-05-15,54.6469019406318,54.75750107119582,53.74417236106117,54.04757308959961
2018-05-16,54.05853521032769,54.52135787167429,53.88615974825511,54.00871276855469
2018-05-17,53.87769138105124,54.35296585262432,53.62659889319444,53.86772537231445
2018-05-18,53.10748034625112,53.49258562088978,53.04172065303935,53.288822174072266
2018-05-21,53.75513529529046,54.4675528929732,53.705316653680775,54.004730224609375
2018-05-22,54.29318619880474,54.392823482853466,53.4193511778203,53.5713005065918
2018-05-23,53.30676111493024,54.20351188769845,53.15530970437744,54.10187911987305
2018-05-24,54.14870586358597,54.159663911604106,53.42134309598613,54.07646560668945
2018-05-25,54.131271604051626,54.28172717382039,53.93448663503288,54.00821685791016
2018-05-29,53.60567309443028,53.87171078583066,52.96200654420101,53.21060562133789
2018-05-30,53.48012886352712,53.75463500199243,53.134880029043806,53.67890930175781
2018-05-31,53.9045912572315,55.2995360287753,53.70531669065557,54.80134201049805
2018-06-01,55.44251897212811,56.70245130948409,55.39967121542709,56.545021057128906
2018-06-04,56.71938844162665,57.683894375727135,56.644658578410215,57.44376373291016
2018-06-05,57.524470015688685,57.845305552442426,57.16576972810992,57.34312438964844
2018-06-06,57.43031106439884,57.52696082390223,56.61078359091275,57.14036178588867
2018-06-07,57.022285405501954,57.08655133285028,56.10261900407815,56.51612091064453
2018-06-08,56.35620504519026,56.73333599071616,55.95864416212893,56.43093490600586
2018-06-11,56.44238987638737,57.17971866198476,56.36566833557647,56.83895111083984
2018-06-12,56.84493046635163,57.23003573577188,56.84493046635163,57.2021369934082
2018-06-13,57.40589863079101,57.57329489170685,56.96250625957156,57.00485229492188
2018-06-14,57.40241245090831,58.08892297676884,57.32220166439743,57.79598617553711
2018-06-15,57.78651515626986,57.98529559034017,57.4761435568802,57.75413513183594
2018-06-18,57.42632454467092,58.99264893078544,57.34213039464866,58.96524810791016
2018-06-19,58.294178793987456,58.92688350016576,57.87071465511991,58.72163009643555
2018-06-20,58.95129567153564,59.857510659785454,58.88802558222096,58.989654541015625
2018-06-21,59.06139829309666,59.30152512586957,57.963875448712,58.26079940795898
2018-06-22,58.36293352559375,58.53779859648738,57.77306893506245,58.25333023071289
2018-06-25,57.541407653006935,57.59072837304907,55.79274562890509,56.75824737548828
2018-06-26,57.00036466405744,57.13636912219995,56.24609903644652,56.42644500732422
2018-06-27,56.5948396614678,57.10349760848608,55.63332505508433,55.64528274536133
2018-06-28,55.41860300185672,56.49520181434263,55.10374630141543,56.13550567626953
2018-06-29,56.411008028302895,56.861873004666826,56.14746372830167,56.25556945800781
2018-07-02,55.566070168649006,56.94307836797574,55.130150414301205,56.89923477172852
2018-07-03,57.26341649188384,57.28782599145703,55.52023537949552,55.61240005493164
2018-07-05,56.0268980130239,57.000370296266816,55.95316399189032,56.85838317871094
2018-07-06,56.882298036450194,57.60119238291373,56.65661469201935,57.54539489746094
2018-07-09,57.790506943502166,58.18557444073635,57.65250698562184,58.15319061279297
2018-07-10,58.2882044713302,58.46306954465537,57.91804438577791,58.146217346191406
2018-07-11,57.5722958019635,58.80881448953691,57.55984399214952,58.3614387512207
2018-07-12,58.53082217931601,59.882421267272015,58.44313878582096,59.84605407714844
2018-07-13,59.922777922520886,60.30339813485904,59.54863447589662,60.00348663330078
2018-07-16,59.97309265289609,60.21721045924879,59.45447249586312,59.609413146972656
2018-07-17,58.92340226687501,60.71789587152353,58.886533354106696,60.43492126464844
2018-07-18,60.20823808572511,60.85887933009391,60.01045728685415,60.42644882202149
2018-07-19,60.11458038942891,60.60430595035652,59.67019218600917,59.73844528198242
2018-07-20,59.745420887123664,60.31983852597152,59.61339597621898,59.67766571044922
2018-07-23,59.56706709017227,60.5355563859049,59.38522353635664,60.33129501342773
2018-07-24,63.32045608599935,63.51973444444013,61.98230850366322,62.68027877807617
2018-07-25,62.404777688009766,63.68114895940069,62.22692130396006,63.56656646728516
2018-07-26,63.13015481474581,64.1375047655286,62.92191006663056,64.0428466796875
2018-07-27,64.22318554005538,64.33876387101185,61.99974321726996,62.41822814941406
2018-07-30,62.02764274283651,62.418228937832495,60.987414945577726,61.27985382080078
2018-07-31,61.36305018794159,61.836336754608205,60.58985595050776,61.13936233520508
2018-08-01,61.73171714144781,62.06998748596704,61.02577634774451,61.42682266235352
2018-08-02,60.70493841421538,61.995760776861694,60.68301851667061,61.83235168457031
2018-08-03,62.03412115209305,62.10088048793753,61.24896917953218,61.68439102172852
2018-08-06,61.85626780063272,61.89861383521793,61.30426798816153,61.65997695922852
2018-08-07,62.37438707165164,63.07534869612491,62.36392694340807,62.5651969909668
2018-08-08,62.60903645938328,63.356327477895,62.3798676698166,62.83870697021485
2018-08-09,62.908454518479545,63.36828586369954,62.77742924853664,62.9946403503418
2018-08-10,62.73159111039591,62.83222803062542,62.13276399598271,62.399295806884766
2018-08-13,62.33403702015749,63.06986827864008,62.12629020547472,62.20649719238281
2018-08-14,62.39879995492003,62.80183796768965,61.75314170175215,62.67978286743164
2018-08-15,61.98928467838352,62.37289239183975,61.09054226295049,61.38846206665039
2018-08-16,61.87519893721164,61.960392731169925,60.76123705838981,60.98193740844727
2018-08-17,60.88130167083336,61.12591359056204,59.98255925571242,60.57291793823242
2018-08-20,60.81254986443849,61.0741024751289,60.21671026498706,60.87681579589844
2018-08-21,60.9301200799182,61.41536052167741,60.53206130262689,60.65063095092773
2018-08-22,60.491708754974574,61.10498695094934,60.44189011652003,60.86685180664063
2018-08-23,60.77368773999493,61.53542601377746,60.74728275924074,60.83745574951172
2018-08-24,61.07858633212097,61.64652721308195,60.85041337884121,61.6141471862793
2018-08-27,61.98231225463384,62.66633319937824,61.80993678722904,62.58662033081055
2018-08-28,62.56818266029294,62.60106440693375,61.92401818292648,62.067996978759766
2018-08-29,62.52334921169255,63.12965276028524,62.413745919668486,63.00410461425781
2018-08-30,62.94182894986682,63.24522967753168,62.135255012353554,62.49544906616211
2018-08-31,62.384352611459946,62.401289505029325,61.06612940296579,61.36753845214844
2018-09-04,60.905213487136194,61.17174910659433,60.11009551368821,60.34673690795898
2018-09-05,60.24261433373246,60.52409516434976,58.55473279254897,59.73844528198242
2018-09-06,59.71203893483984,59.73296299146072,57.97035162924937,58.98567199707031
2018-09-07,58.38833485326047,59.21284911001118,58.25233038565621,58.66682815551758
2018-09-10,58.99613297740478,59.118689796920265,58.319086748964246,58.5407829284668
2018-09-11,58.34349942800007,59.33191689807912,58.08692982302375,59.28458786010742
2018-09-12,58.88653044325213,59.319462679803856,58.09739131410254,58.368412017822266
2018-09-13,58.7719441101988,59.178471338303154,58.24983475428904,58.89350128173828
2018-09-14,59.1854462144445,59.1854462144445,58.46405850510477,58.68625259399414
2018-09-17,58.675795229324144,58.87756319213475,57.71378273238787,57.78203582763672
2018-09-18,57.92302199614545,58.85315236693292,57.86174358790296,58.144718170166016
2018-09-19,58.23689036707649,58.60106779570646,57.7217556491907,58.50143051147461
2018-09-20,58.8202744766851,59.48436720162949,58.60007204920482,59.3633041381836
2018-09-21,59.53019551803402,59.61289590403582,58.391326290268665,58.39431381225586
2018-09-24,57.76111207086117,59.04545387426363,57.3670404304994,58.76497268676758
2018-09-25,58.998624383628574,59.6268439904054,58.492456070062765,59.4788818359375
2018-09-26,59.46892362363193,60.14397439231115,59.05591959510796,59.48735427856445
2018-09-27,59.78328111357717,60.62323472326282,59.68613343380435,60.14995193481445
2018-09-28,59.987043591772505,60.20425850102895,59.67517440091018,60.13600540161133
2018-10-01,60.43093250942301,60.98890734565415,59.94220280647838,60.20823669433594
2018-10-02,60.11557359058247,61.00485167963605,59.766341400586015,60.16389846801758
2018-10-03,60.381110191228345,60.48971763674988,59.8903888060004,60.357696533203125
2018-10-04,60.03387180881218,60.07721368412615,57.98231076626056,58.64092254638672
2018-10-05,58.587612930589145,58.886528566786936,57.507528716552194,58.18058776855469
2018-10-08,57.79050384878761,58.58063880094381,56.56494706810459,57.58724212646485
2018-10-09,57.35757567949973,57.867727404103775,57.00186669004176,57.05168533325195
2018-10-10,56.614763307370616,56.64565337127244,54.378371332634536,54.4107551574707
2018-10-11,53.75712552367219,55.60144146143291,53.6001931959707,54.34001159667969
2018-10-12,55.77979130095908,56.08817502804774,54.553736600346056,55.82463073730469
2018-10-15,55.69809089841304,55.88740325068751,54.71266094352655,54.92290115356445
2018-10-16,55.47290394838312,56.613270716391554,55.38671812170062,56.449363708496094
2018-10-17,56.7941188052571,57.142853102114856,55.4988151014613,56.17586135864258
2018-10-18,56.295924276847146,56.41300017565568,54.12081052279961,54.69721984863281
2018-10-19,54.98617397837878,55.84505999331104,54.65338073365648,55.05940628051758
2018-10-22,55.424579732174486,55.88192145360788,54.80133931957887,55.3677864074707
2018-10-23,54.36741347333859,55.69809230011213,53.755632805169,55.54414749145508
2018-10-24,55.54862878461084,55.62933748650066,52.56245242570864,52.66508102416992
2018-10-25,53.81989904048704,55.6891224446652,53.58325764263041,54.98019409179688
2018-10-26,52.22717243099033,55.64826906572774,51.92327378262393,53.99177551269531
2018-10-29,54.62896630309316,55.24124869490723,50.17810190619772,51.54962921142578
2018-10-30,50.8162828314309,52.35520245311182,50.515375528570026,52.28595352172852
2018-10-31,53.217084995695416,55.199898865141165,53.217084995695416,54.3320426940918
2018-11-01,54.37289199365796,54.796356126758766,53.69634370098119,54.10287094116211
2018-11-02,54.25332648090296,54.70170183381989,53.19017916421,53.38098907470703
2018-11-05,53.43279887503412,53.47365114686266,51.51325902400626,52.59583282470703
2018-11-06,52.56046236510956,53.79598514633493,52.49021758948474,53.28533554077149
2018-11-07,53.97881985402121,55.29604335796237,53.8343431415657,55.21184921264648
2018-11-08,55.165024422306736,55.21085589947228,54.02216420053416,54.533809661865234
2018-11-09,54.00522843468235,54.22094577664345,53.02079808381298,53.656494140625
2018-11-12,53.4626986428494,53.511023525421805,51.8296186446769,52.27848815917969
2018-11-13,52.54999986615398,53.14085642818775,51.83210140841405,52.209232330322266
2018-11-14,52.80856092754246,53.09701642264641,51.86747254670332,52.53853988647461
2018-11-15,52.38311170957825,53.74866021769571,51.87644542791508,53.359073638916016
2018-11-16,53.069122020021325,53.42832023696621,52.55448523412139,53.22057342529297
2018-11-19,52.97745161917551,53.2071221304042,50.958772305562114,51.18544769287109
2018-11-20,50.18258457731957,51.68015798995287,49.929504199488,51.336402893066406
2018-11-21,52.07671736637064,52.54502095376308,51.785274325573866,51.98305892944336
2018-11-23,51.48835005041998,51.96163663934149,51.24024888669988,51.318965911865234
2018-11-26,52.011456571088864,52.65910651806805,51.8007184324311,52.60630035400391
2018-11-27,52.37713050676393,53.145345580743935,52.08618538669312,52.42395782470703
2018-11-28,52.68202322647021,54.44563042275588,51.95914173371105,54.3923225402832
2018-11-29,53.98081262495986,54.80881232583717,53.90458900416408,54.53131866455078
2018-11-30,54.58363244419592,55.28209686279297,53.963379529291,55.28209686279297
2018-12-03,56.40353771786432,56.54502312136516,55.3857238656491,55.61639022827149
2018-12-04,55.4484987462828,55.51077299959172,52.847427399594345,52.93162155151367
2018-12-06,52.061275822487495,53.776060332415724,51.93573147501342,53.70930099487305
2018-12-07,53.417852905881816,54.05554059214911,51.78078593679053,52.139984130859375
2018-12-10,51.95864408954048,52.78863547106607,51.46344141539679,52.46879577636719
2018-12-11,53.154314267417135,53.32668973727995,52.31535645864842,52.890769958496094
2018-12-12,53.65947876028128,54.389331136551306,53.4049008389303,53.492584228515625
2018-12-13,53.58923399438043,54.22443209659198,53.05716241376276,53.48311614990234
2018-12-14,52.80955723569714,53.39244327472429,52.278979435575344,52.39555740356445
2018-12-17,52.161406489659605,52.92713191966107,50.64789596476178,51.097267150878906
2018-12-18,51.5132617838728,52.793122326874126,51.33789499762354,51.98206329345703
2018-12-19,52.17535755329562,53.59122632995645,50.78739131991442,51.58599472045898
2018-12-20,51.1147019574424,52.18283226046682,50.21098038214571,50.994140625
2018-12-21,51.415614576584254,51.69609576028104,48.882298551824576,49.38348007202149
2018-12-24,49.038233076861815,50.42321183571536,48.70643567915788,49.05567169189453
2018-12-26,49.71926327613172,52.23314893719421,49.45322559017876,52.2032585144043
2018-12-27,51.12467211130218,52.47676914166575,50.16813669652222,52.45484924316406
2018-12-28,52.78365736286074,53.01930293247052,51.91181778715853,52.14497375488281
2018-12-31,52.70045353832808,52.95752486094844,51.465432489076726,52.05928039550781
2019-01-02,51.17449175833023,52.847926095546775,51.07883783488219,52.54352951049805
2019-01-03,52.34374980954156,53.12043331502938,50.933859873480685,51.08829879760742
2019-01-04,51.93971309237273,53.80495310880827,51.65574265855743,53.70880126953125
2019-01-07,53.853274977798094,53.93946080353687,52.94008531681157,53.601688385009766
2019-01-08,54.10386724722405,54.47004013864049,53.22455514767807,54.07248306274414
2019-01-09,54.203009954484365,54.38484969739052,53.52446617940964,53.88715362548828
2019-01-10,53.5528685152436,53.79548875468404,53.041720974825786,53.74666595458984
2019-01-11,53.301776614723046,53.47464999878858,52.63070921552545,53.03125762939453
2019-01-14,52.476766061082415,52.731343982993295,52.238132992443006,52.38559722900391
2019-01-15,52.709424149061945,54.21695966551821,52.53156776764897,54.129276275634766
2019-01-16,54.30314559965827,54.91891340952596,54.20400624109045,54.27873229980469
2019-01-17,54.20301407098503,54.83621673712615,53.96736470669732,54.75750350952149
2019-01-18,55.22928973564205,55.69809123661503,54.76547123897246,55.16502380371094
2019-01-22,54.602060873226655,54.750026830515125,53.351094966198616,53.736698150634766
2019-01-23,54.146713304392506,54.45011403771576,53.18570042325233,54.024658203125
2019-01-24,53.92999855922655,54.20350885996452,53.307753977957866,54.00423049926758
2019-01-25,54.51388038844279,54.9687325143831,54.39282113156591,54.87656784057617
2019-01-28,54.30663537761651,54.47103650932514,53.53642483667894,53.797977447509766
2019-01-29,53.85676644429836,54.04060168636918,53.10847954634356,53.30974960327149
2019-01-30,53.67343019520863,54.77742983042162,53.63756092565488,54.70120620727539
2019-01-31,55.41112987835694,56.17984286807748,55.06289351334632,56.09116363525391
2019-02-01,55.91181279049694,56.51512879800599,55.51126818814127,55.72897720336914
2019-02-04,55.74840908250364,56.91069581329492,55.67367921990439,56.86486053466797
2019-02-05,56.2774846174495,57.43030696344208,55.97707523225832,57.38546752929688
2019-02-06,57.25594364549677,57.49158919807967,55.71602426624209,55.941707611083984
2019-02-07,55.39020616680727,55.39867461359324,54.4819994572795,55.09577560424805
2019-02-08,54.54626492562985,55.05542078200463,54.51438282013796,54.9199104309082
2019-02-11,54.98816616417597,55.470419141597965,54.80134340257628,54.906959533691406
2019-02-12,55.34985151561132,56.43840800902685,55.34985151561132,56.17536163330078
2019-02-13,56.44737325827659,56.936102969772826,56.09664349728117,56.22766876220703
2019-02-14,56.04682860212221,56.60131804283424,55.65275694035118,56.25606918334961
2019-02-15,56.75924596064984,56.75924596064984,55.634322229900704,55.779296875
2019-02-19,55.63033401777845,56.27798391943831,55.63033401777845,56.12205123901367
2019-02-20,56.24012191269634,56.34225259019061,55.38671690729706,55.82711791992188
2019-02-21,55.73694689573487,55.755381350640015,54.70070247495326,55.011077880859375
2019-02-22,55.28459079637759,55.66072591171013,54.82625321194879,55.62635040283203
2019-02-25,55.89387978219903,56.06675316084332,55.50429323006231,55.66471099853516
2019-02-26,55.51724509554919,56.118565640979085,55.13513113463065,55.89786529541016
2019-02-27,55.499311089377606,56.0831930063345,55.22779626764095,55.941707611083984
2019-02-28,55.74791121152316,56.49470431598965,55.71851870717487,56.1240463256836
2019-03-01,56.34574296198331,57.29231236117783,56.34574296198331,57.21857833862305
2019-03-04,57.51948940311991,58.06551038343955,56.70693279769892,57.46269607543945
2019-03-05,57.59122640502625,58.612027718623125,57.44276632427254,58.24834442138672
2019-03-06,58.37638521401,58.52484530251439,57.94245711692572,58.036617279052734
2019-03-07,57.81541879259826,57.96886188511735,56.879309502505016,57.334659576416016
2019-03-08,56.49021836339214,57.46418856298271,56.30588521177399,57.29081726074219
2019-03-11,57.39194709615384,58.78240672815271,57.3705251191105,58.75002670288086
2019-03-12,58.90147698576053,60.06774701578147,58.90147698576053,59.64627456665039
2019-03-13,60.07871151812844,60.13799444650984,59.67915894831032,59.7364501953125
2019-03-14,59.734457941662434,60.01743253246734,59.34636514533024,59.411128997802734
2019-03-15,59.683645093100886,59.868970288548354,59.13612655093319,59.30003356933594
2019-03-18,59.26964198789586,59.53169251452304,58.860625145671,59.21284866333008
2019-03-19,59.37077509181327,59.95316705178564,59.25818427941898,59.90583801269531
2019-03-20,59.853027332583366,61.27736456766611,59.76285433949464,61.100006103515625
2019-03-21,60.779669344965,61.59869890035088,60.60928556404927,61.583255767822266
2019-03-22,61.22057084322493,61.45870599438887,60.08219572712969,60.164398193359375
2019-03-25,59.7613593687531,60.25357451778433,59.28508527204688,59.65275192260742
2019-03-26,60.0418445377841,60.164401363083584,58.87457857803044,59.27711868286133
2019-03-27,59.380739035998864,59.380739035998864,58.00123746828438,58.68775177001953
2019-03-28,58.56271011949399,58.64989179474743,57.96138955656966,58.40179061889648
2019-03-29,58.79585740139167,58.98467563054495,58.10835106101247,58.631954193115234
2019-04-01,59.16252751454623,59.79324052303749,59.103742509458,59.73246383666992
2019-04-02,59.78577009322545,60.07273184646985,59.3468628176136,60.05928039550781
2019-04-03,60.41598710829464,60.80956084004397,60.03636654920363,60.32183074951172
2019-04-04,60.34574248106862,60.80707139126202,60.23364958651617,60.75226974487305
2019-04-05,60.74479428716743,60.79909801065239,60.28296747829806,60.35371017456055
2019-04-08,60.336776817614506,60.47826221843152,60.01743502413603,60.1957893371582
2019-04-09,59.877444728935735,60.13949147854783,59.70257585451188,59.91729736328125
2019-04-10,60.03686288323799,60.22866483913021,59.81616254300411,60.1046142578125
2019-04-11,60.226671855937234,60.417979688272375,60.00946076370055,60.26104736328125
2019-04-12,60.5614609052035,60.93162098511972,60.44538464573805,60.91567993164063
2019-04-15,60.98342712118824,61.242988047814734,60.50865058461802,61.10498809814453
2019-04-16,61.277864172118335,61.57578398182727,61.03075884469464,61.37302017211914
2019-04-17,61.62659705569299,62.03013678539938,61.42233948959845,61.78303146362305
2019-04-18,62.02515365780992,62.071984776119706,61.74666415148421,61.84929275512695
2019-04-22,61.61015737524403,62.49046532281654,61.44575244284087,62.461570739746094
2019-04-23,62.60505080526329,63.49133758629916,62.37239278086986,63.30002975463867
2019-04-24,63.3000336034445,63.46991946857607,62.76298278650869,62.77493667602539
2019-04-25,63.28558298147307,63.41013148101968,62.67280649221818,63.13811874389648
2019-04-26,63.43902689261961,63.71452887658443,63.021541593794666,63.64029693603516
2019-04-29,63.79423832647217,64.61427131892226,63.35582896802209,64.5759048461914
2019-04-30,59.31647251773138,59.832101318493535,58.93635026187941,59.7314682006836
2019-05-01,59.6587304537894,59.74591592262789,58.37239320345918,58.454097747802734
2019-05-02,58.41822691267256,58.75600312905694,57.70730313317583,58.11482620239258
2019-05-03,58.65785883911349,59.35483328398988,58.46555896405415,59.26266860961914
2019-05-06,58.388336116617054,59.55560583082887,58.34648800246126,59.457462310791016
2019-05-07,59.07634340262194,59.52272328092993,58.03960104918897,58.730098724365234
2019-05-08,58.65187757868891,58.99961980675919,58.17062428914463,58.32755661010742
2019-05-09,57.92003339072839,58.49145966814033,57.52346836616725,58.18756103515625
2019-05-10,58.23090815226952,58.60156232500887,57.11146542637536,58.17112350463867
2019-05-13,57.05517381612389,57.39045666327646,56.07173929275528,56.62423324584961
2019-05-14,56.909699989371525,57.0367380951846,55.97359072658317,56.039852142333984
2019-05-15,55.92476766312456,58.70220157122343,55.86747641578216,58.328556060791016
2019-05-16,58.38036485351708,59.49233498849644,58.21147863800216,59.011077880859375
2019-05-17,58.57914439496358,59.100254125975816,58.11034290472413,58.2279167175293
2019-05-20,57.44177308737337,57.44177308737337,56.701456729571646,57.02627944946289
2019-05-21,57.51550333916804,57.69087013093796,56.95902221985945,57.51351165771485
2019-05-22,57.35458289997127,57.978819146279406,57.34212729008074,57.5837516784668
2019-05-23,57.09652113652925,57.29479985600684,56.453352497230064,57.060150146484375
2019-05-24,57.39194900974884,57.50952282770052,56.63021069526659,56.72486877441406
2019-05-28,56.86784782195669,57.61563671339356,56.72785239426111,56.772193908691406
2019-05-29,56.430430979665005,56.545017268560485,55.39667998168646,55.79473876953125
2019-05-30,55.80520115668334,56.13650062606326,55.59346718422625,55.86797332763672
2019-05-31,55.082323891689335,55.46891912820668,54.96823551757735,55.12516784667969
2019-06-03,53.1538139440995,53.15729938650911,51.16602090696556,51.74940490722656
2019-06-04,52.0358636194835,52.73084637479497,51.61439116294509,52.5340576171875
2019-06-05,52.559465480793776,52.64963847055797,51.46344023284129,52.0433349609375
2019-06-06,52.12156059052141,52.31037504004893,51.58849311119767,52.19878005981445
2019-06-07,52.52359795899403,53.477639929238855,52.36766147269202,53.22555160522461
2019-06-10,53.65549732855751,54.54427760629784,53.5698094120471,53.94245910644531
2019-06-11,54.65138196478385,55.00111588347808,53.78352963463814,53.85676193237305
2019-06-12,53.80246261120576,53.93049655404937,53.28682999472469,53.76011657714844
2019-06-13,54.03960136953754,54.631453800533016,53.93298940498101,54.35346221923828
2019-06-14,54.29019217792791,54.54028501725256,53.87868573017139,54.11881256103516
2019-06-17,54.2583075540018,54.86510516913194,54.2035059127669,54.49694061279297
2019-06-18,55.37426618661018,55.7369498526654,54.8407008158965,55.06239700317383
2019-06-19,55.16203213466937,55.2711375028092,54.60355556433242,55.026023864746094
2019-06-20,55.88241798142827,55.933236260933576,55.15007222062318,55.45895385742188
2019-06-21,55.292557905116254,56.125038872011466,55.28558321970137,56.06525802612305
2019-06-24,55.79773242940231,55.97558882659302,55.46444125549891,55.63332748413086
2019-06-25,55.55262022065298,55.58350648617045,54.03412278472468,54.18258666992188
2019-06-26,54.35296391417648,54.55822111654484,53.49059251387012,53.820892333984375
2019-06-27,54.14123492188343,54.22642491070728,53.59820148087709,53.63706207275391
2019-06-28,53.66695289663417,53.9444465637207,53.496071196456434,53.9444465637207
2019-07-01,54.85315233355055,55.22929124993785,54.56868397481713,54.80134201049805
2019-07-02,55.04196875209691,55.44351299591702,54.78490122490857,55.4290657043457
2019-07-03,55.72300174571752,56.19579043652952,55.541161988207655,55.94669342041016
2019-07-05,55.76634464677198,56.527585081192,55.67318412465954,56.4289436340332
2019-07-08,56.090164643582845,56.15692397485085,55.38721518768631,55.6378059387207
2019-07-09,55.31547691329431,56.18931192494353,55.15754874102005,56.01145553588867
2019-07-10,56.411505417396135,56.91069526942895,56.3288050290692,56.839454650878906
2019-07-11,57.10100374907332,57.45372520207377,56.77070391539257,56.99737930297852
2019-07-12,56.940086729874736,57.1677617537736,56.72237771453453,57.060150146484375
2019-07-15,57.06015305875447,57.326190767620695,56.79411915080705,57.31772232055664
2019-07-16,57.12939691425132,57.719759369091626,57.12939691425132,57.46468353271485
2019-07-17,57.338142789365584,57.71278411377842,57.12391922662354,57.12989807128906
2019-07-18,56.89375715151503,57.2011450597633,56.43841087566883,57.15481185913086
2019-07-19,57.25843320554139,57.37102401725053,56.35819703037167,56.37314224243164
2019-07-22,56.56843209966461,56.79511127964594,56.05728837511469,56.75475692749024
2019-07-23,56.96599493728826,57.23551808035211,56.43791050061193,57.19516372680664
2019-07-24,56.42645113585224,57.06613054934359,56.22169184457857,56.78066635131836
2019-07-25,56.74180794578144,56.97297222817298,55.98256300348546,56.59185409545898
2019-07-26,61.17822738749563,63.190429970077474,61.17822738749563,62.03611755371094
2019-07-29,61.900607120334186,62.22393607387098,61.28782680199021,61.86772537231445
2019-07-30,61.12840402878677,61.62211675990931,61.044707799280026,61.17822647094727
2019-07-31,61.022290129105386,61.522475825968506,60.19080495584724,60.68999481201172
2019-08-01,60.66159837851538,61.59172499732854,60.132016374440205,60.370155334472656
2019-08-02,59.93273828751488,60.25656133903816,59.28508458263134,59.599945068359375
2019-08-05,58.43666235499653,58.631459439497625,56.93112225014191,57.528953552246094
2019-08-06,58.06551065395155,58.85664148417087,57.86673020522515,58.342506408691406
2019-08-07,57.68089827595576,58.78041275241082,57.33415569230178,58.5831298828125
2019-08-08,59.10722925554582,60.09614464357306,58.48797600258756,60.0916633605957
2019-08-09,59.78278338029093,60.00547540376676,59.03050935966737,59.23028564453125
2019-08-12,58.7868942783502,59.06637963322188,58.22493224556917,58.51288604736328
2019-08-13,58.505411300036926,60.05379910678612,58.43765992621815,59.62036895751953
2019-08-14,58.59110415276028,58.925889068462446,57.84381313656624,58.00223922729492
2019-08-15,58.2104840610799,58.60853906951947,57.939965077631086,58.25482177734375
2019-08-16,58.82624891250215,58.978198230407656,58.43815613153456,58.74753189086914
2019-08-19,59.37625361383401,60.25108441879239,59.30501299836872,59.8051986694336
2019-08-20,59.55162201346721,59.68364312027833,58.93884171695709,58.96275329589844
2019-08-21,59.575039930072,59.811183418014565,59.18146618319477,59.36380386352539
2019-08-22,59.47439979444248,59.72250095979337,58.73258970103818,59.36081314086914
2019-08-23,59.04446205884988,59.56756732007966,57.29231447538671,57.47066879272461
2019-08-26,57.76310096750747,58.381358359924896,57.53393219238744,58.34748077392578
2019-08-27,58.9363570134508,59.0359943020318,58.017686313131726,58.32955551147461
2019-08-28,58.033124569833234,58.71216247882918,57.80295994394673,58.47552108764648
2019-08-29,59.10673227458688,59.74292623165953,59.049938948622575,59.49632263183594
2019-08-30,59.80072056898383,59.80072056898383,59.07186019935162,59.31149291992188
2019-09-03,58.87906148417693,59.23925556275366,57.97533980530057,58.26628494262695
2019-09-04,58.759489090166326,59.03000805766627,58.36491954740792,58.89997863769531
2019-09-05,59.46742352410036,60.48075221578814,59.41909864540104,60.39057922363281
2019-09-06,60.23863026959548,60.4284405423039,59.94568967269711,60.098140716552734
2019-09-09,60.136002767305264,60.80707016089562,59.4430154757866,60.04582977294922
2019-09-10,59.58848938717001,60.28147669440488,59.58450222340231,60.06725311279297
2019-09-11,59.97707635074445,60.9027216374074,59.8968655674205,60.779666900634766
2019-09-12,60.95254304311796,61.89661902649169,60.9072056850685,61.52546691894531
2019-09-13,61.38298397731822,61.8283718428759,61.1323932009133,61.77755355834961
2019-09-16,61.29978309506363,61.727234406820536,61.03823047976994,61.35906982421875
2019-09-17,61.35907039108914,61.526960770477785,60.94656428766628,61.27188491821289
2019-09-18,61.28981817868051,61.58873381112669,60.6038056049272,61.40988159179688
2019-09-19,61.39344563937251,61.99227277436514,61.39294771902642,61.71378326416016
2019-09-20,61.45920600462216,61.91555190724731,60.95802446484815,61.26989364624024
2019-09-23,61.1069847907373,61.76011948366756,60.9679889890091,61.51152038574219
2019-09-24,61.77605463621622,62.13026983262011,60.31335857446715,60.69646835327149
2019-09-25,60.58088679848645,62.17560777932155,60.24161681038137,62.07198333740234
2019-09-26,61.88267174176198,62.00871781137441,61.36853665786492,61.89014434814453
2019-09-27,61.917041169785065,62.02465277259386,60.54053095572702,61.07609176635742
2019-09-30,60.80955721235843,61.148827197970654,60.45185657292328,60.83646011352539
2019-10-01,60.9037182169395,61.42034666897124,60.0597774643364,60.08219528198242
2019-10-02,59.6089148348013,59.72150564868116,58.41972520048303,58.68326950073242
2019-10-03,58.95329024685855,59.334906283691616,57.94694001138176,59.25669097900391
2019-10-04,59.49881063418249,60.40402978566353,59.33340986412291,60.32929992675781
2019-10-07,60.13201209869418,60.72536207380168,60.00048891787176,60.19428634643555
2019-10-08,59.72200378261336,60.12553972113018,59.25918111392374,59.29156494140625
2019-10-09,59.8495432062891,60.20475426182025,59.68961955228314,59.90284729003906
2019-10-10,59.71353385169121,60.56145798203958,59.676668741955645,60.255069732666016
2019-10-11,60.98044246041934,61.2155900982544,60.4628181447867,60.56594467163086
2019-10-14,60.47527195524818,61.07260531967969,60.375136754421305,60.66857147216797
2019-10-15,60.85440020177328,62.13126943561301,60.82550561762313,61.88765335083008
2019-10-16,61.86622749462988,62.48299113477351,61.70281840703316,61.925514221191406
2019-10-17,62.34399902177741,62.95926893722558,62.26777539794408,62.41374588012695
2019-10-18,62.50790525387959,62.67828523388445,61.78303205558561,61.99576187133789
2019-10-21,62.20948693512754,62.44911584997772,61.77555886097488,61.98928451538086
2019-10-22,61.99924742712472,62.21098140257437,61.76858487669679,61.83584213256836
2019-10-23,61.78652082001744,62.67479930568402,61.78652082001744,62.65437316894531
2019-10-24,62.72810745239258,62.916921887242616,62.39132705542247,62.72810745239258
2019-10-25,62.373887340058815,63.17100078156591,62.23190402639893,62.98666763305664
2019-10-28,63.51973667466158,64.72735695561478,63.38572388386644,64.2162094116211
2019-10-29,63.56955629424037,63.80869109662991,62.55373795604727,62.80532836914063
2019-10-30,62.530818011429794,63.171994950188825,62.306632237513824,62.807315826416016
2019-10-31,62.77244639377459,63.09726910701287,62.24834531275328,62.71266174316406
2019-11-01,63.06139513079141,63.4200954058476,62.75799441812441,63.38272857666016
2019-11-04,63.57503559005602,64.39157553882181,63.57503559005602,64.24759674072266
2019-11-05,64.32681031487668,64.62772145316727,64.23614319820348,64.3387680053711
2019-11-06,64.27151318780028,64.41598610772114,63.88192662252673,64.31734466552734
2019-11-07,64.48025268929233,65.89363192524102,64.45385150771229,65.11096954345703
2019-11-08,64.84095045021948,65.61763785692855,64.84095045021948,65.2136001586914
2019-11-11,64.96449739224848,65.00934063160024,64.55947149079697,64.67953491210938
2019-11-12,64.69397587802594,65.23103047203485,64.47825854400105,64.626220703125
2019-11-13,64.42545329292031,64.8907693833711,64.37414088811491,64.57491302490234
2019-11-14,64.5161205679256,65.54838159856185,64.46331060717834,65.22106170654297
2019-11-15,65.5150046332317,66.43616485595703,65.35757058513106,66.43616485595703
2019-11-18,66.37638177373917,66.45509880415459,65.57030569897712,65.7536392211914
2019-11-19,66.09191638589431,66.09191638589431,65.35160377650742,65.3924560546875
2019-11-20,65.33117005407024,65.423334729017,64.22767215365603,64.8578872680664
2019-11-21,64.7278600198531,65.31921456208703,64.30439205916764,64.77220153808594
2019-11-22,64.91468159499655,65.108976956534,64.23514574996375,64.44986724853516
2019-11-25,64.57890344710442,65.28384466115433,64.54651961856601,65.04620361328125
2019-11-26,65.25893512491034,65.463196508785,64.96650002344872,65.41287994384766
2019-11-27,65.53344054113686,65.64403967279266,65.23701449537522,65.3695297241211
2019-11-29,65.09402910162295,65.2609198326384,64.92613492811438,64.96897888183594
2019-12-02,64.89275126367396,65.03623592951388,63.78775589721966,64.2102279663086
2019-12-03,63.7020694359458,64.62722057302477,63.62186245615664,64.50316619873047
2019-12-04,65.06911428975454,65.97433339614042,64.91716117696767,65.70879364013672
2019-12-05,66.11034434253041,66.15917094412113,65.47863925680925,66.10835266113281
2019-12-06,66.39679857050709,66.8810431720543,66.32107667483807,66.72760009765625
2019-12-09,66.70120058621491,67.63232678505871,66.56220099812916,66.90695190429688
2019-12-10,66.75501121525667,67.15655547409243,66.45907928439043,66.9019775390625
2019-12-11,67.17150216646628,67.25071331464794,66.81280185570814,66.96973419189453
2019-12-12,66.9179152400922,67.48435852895024,66.66832412294539,67.18096160888672
2019-12-13,67.1515626424577,67.32344017222796,66.84069312886085,67.10025024414062
2019-12-16,67.5052866369034,67.93024453543552,67.28658178303827,67.78926086425781
2019-12-17,67.87445062350825,67.97010454499008,67.29455205032858,67.49980926513672
2019-12-18,67.60492332791209,67.72598258295224,67.27910859189822,67.3513412475586
2019-12-19,67.3513430228631,67.63133389251267,67.1939165752205,67.5770263671875
2019-12-20,67.9088194007226,67.9536550339557,67.29255369795212,67.31696319580078
2019-12-23,67.69111834762558,67.84655312219071,67.15655712361124,67.28758239746094
2019-12-24,67.26664868645624,67.3563275574898,66.96574517267122,66.97869110107422
2019-12-26,67.08431885444504,67.91381620051823,67.03250472743726,67.87744140625
2019-12-27,67.95366241282655,68.10561554439893,67.405653542852,67.48735809326172
2019-12-30,67.59546062500813,67.60492491235867,66.65038501698088,66.74354553222656
2019-12-31,66.54824996368184,66.79087018476127,66.36591230787249,66.72760009765625
2020-01-02,67.176977721624,68.18681335449219,67.08132380627873,68.18681335449219
2020-01-03,67.15655543577822,68.43940351728152,67.12267404619415,67.83010864257812
2020-01-06,67.33738843542059,69.66345923216974,67.30600805367692,69.63805389404297
2020-01-07,69.77008329725511,69.92153470711604,69.32669091744489,69.50354766845703
2020-01-08,69.48909698901235,70.3375228813182,69.37999541559134,69.99825286865234
2020-01-09,70.83970143414861,71.17598393013975,70.2558194812113,70.73309326171875
2020-01-10,71.21533908846308,71.48784974028622,70.72362186567442,71.18992614746094
2020-01-13,71.50328944184061,71.81366484523728,71.01107809709713,71.7414321899414
2020-01-14,71.73993876603046,71.8709640363411,71.13064389247113,71.2711410522461
2020-01-15,71.39219126260538,71.77879025901605,71.32443609399188,71.7000732421875
2020-01-16,72.01144787956945,72.27300427999972,71.73993307286825,72.24610137939453
2020-01-17,72.86286877720866,73.76011367358568,72.56445103890334,73.70880126953125
2020-01-21,73.682891350434,74.22493276033909,73.24497990845329,73.84481048583984
2020-01-22,74.21746279473615,74.75799906007849,73.86523925075431,73.9255142211914
2020-01-23,74.10885847916708,74.4052845476194,73.74866059227482,73.96636962890625
2020-01-24,74.37139241036722,74.44014342272132,72.8947432066111,73.04370880126953
2020-01-27,71.31846997752507,71.56955866813779,70.71863939255725,71.32793426513672
2020-01-28,71.82662476293184,72.47726605072009,71.25967970809778,72.26304626464844
2020-01-29,72.65959425732443,72.94257262840148,72.00845893497106,72.57191467285156
2020-01-30,71.64528116546836,72.49968208968686,71.49084223477435,72.44986724853516
2020-01-31,73.12790379399927,73.21807678829367,71.09527131841374,71.38024139404297
2020-02-03,72.81851903680833,74.04657296301339,72.56743036798406,73.86223602294922
2020-02-04,72.46182298123878,73.10199650551328,70.84468413309284,72.00946044921875
2020-02-05,72.91617074068874,72.96449562114519,71.22580336725193,72.04134368896484
2020-02-06,72.33676825821126,73.81042993755283,72.26204220223194,73.53193664550781
2020-02-07,73.10449541727816,73.9942677344084,73.00585396908144,73.6883773803711
2020-02-10,73.59471884010038,75.17149956935405,73.4935839944387,75.16053771972656
2020-02-11,75.39020550159178,76.21771113263144,75.00061892772216,75.23028564453125
2020-02-12,75.51923806383654,75.74043633057408,75.16103948219266,75.65724182128906
2020-02-13,75.22729680616945,76.02191687395778,74.92837735428414,75.39618682861328
2020-02-14,75.45297562350825,75.72797967828164,75.00559231326048,75.66221618652344
2020-02-18,75.4435174707526,76.25158520613671,75.27761496690005,75.69759368896484
2020-02-19,76.08418918563441,76.2605518097851,75.77431549389932,75.96810913085938
2020-02-20,75.67616412195946,76.07770834757048,74.94132496189518,75.57553100585938
2020-02-21,74.95726817378268,75.27462206552566,73.6574832677561,73.90508270263672
2020-02-24,70.89549627943762,71.55959279941615,70.08543687850549,70.736572265625
2020-02-25,71.29156773137504,71.58300697779833,68.77170303202607,69.06563568115234
2020-02-26,69.49707216060908,70.42819845561333,68.57889939705458,69.27238464355469
2020-02-27,67.7115398365822,68.2226873655206,65.4746460468317,65.51001739501953
2020-02-28,63.48535365075221,66.88004494343048,63.18145503464202,66.72062683105469
2020-03-02,67.32544584408515,69.1229231286208,66.02067405586332,69.06563568115234
2020-03-03,69.63158946211831,70.15518886051058,66.2219446617251,66.64441680908203
2020-03-04,67.70256753542472,68.88926748762059,66.6085339749811,68.83048248291016
2020-03-05,67.03449374191095,67.4370414491301,64.84692814514692,65.50055694580078
2020-03-06,63.26815022542305,64.90222218354712,62.63345001724397,64.55299377441406
2020-03-09,60.03039060424266,62.41026376463806,59.68563965692624,60.5699348449707
2020-03-10,62.49296104143068,63.56208346017073,60.5061600095972,63.52820587158203
2020-03-11,62.18806372644597,62.61949838943698,59.34187890099212,60.32630920410156
2020-03-12,55.92825665674984,59.22281313910036,55.22331167410478,55.37675476074219
2020-03-13,58.537298689662194,60.500682240290445,55.41362009523488,60.49420547485352
2020-03-16,54.28371671880484,57.06662772504203,53.161286436824646,53.45621871948242
2020-03-17,54.33503021370316,56.09664189269421,52.26553273663821,55.70107650756836
2020-03-18,52.80557438423959,55.04993689691924,51.66271423119009,54.362430572509766
2020-03-19,54.2144668514263,57.42233951228538,52.58686790234642,55.38273239135742
2020-03-20,56.34075556015403,56.71838820983278,52.91318233474506,53.21757888793945
2020-03-23,52.62771969397402,53.152816591676384,50.2612982120029,52.5161247253418
2020-03-24,54.99962362416185,56.46182182723558,54.12529070401333,56.29642105102539
2020-03-25,56.025897922286106,57.1014970074779,53.95490673143392,54.88204574584961
2020-03-26,55.53468295067127,58.3624334086797,54.4042821365031,57.935977935791016
2020-03-27,56.169876906455066,57.34461915062074,55.00061558660406,55.31248474121094
2020-03-30,56.42744514551845,57.34212859909248,54.72611218061649,57.10847473144531
2020-03-31,57.2290415631662,58.458083824910496,56.630708544990256,57.88765335083008
2020-04-01,55.99700615531,56.26702721110004,54.47701502016982,54.90596008300781
2020-04-02,54.80134294224164,55.93573095399749,54.45908540949232,55.6497688293457
2020-04-03,55.53418339732919,55.73744511904495,53.55984186349984,54.43765640258789
2020-04-06,56.44538175140231,59.32244906224932,56.04682503081574,58.94581604003906
2020-04-07,60.6307069089706,60.818529302753255,58.64988857565713,58.9144287109375
2020-04-08,59.937719869279775,60.52558895059071,58.98367788811864,60.13201522827149
2020-04-09,60.68899666921797,60.87880693991357,59.40564692717376,60.11059188842773
2020-04-13,59.858012475342434,60.50666206471668,58.90297462683948,60.301902770996094
2020-04-14,61.77456615054075,63.55710205404441,61.20512769663744,63.03300476074219
2020-04-15,62.100379324447886,63.52521443511321,61.47713891872717,62.63793182373047
2020-04-16,63.12815206658485,63.4380295511721,61.68638004984677,62.64440536499024
2020-04-17,63.85352392139879,64.26702585267132,63.071359495228606,63.71901321411133
2020-04-20,63.26516046997255,63.6104093257928,62.59508889587213,62.82973861694336
2020-04-21,61.91106664037472,62.27424820103494,60.03237526579768,60.38908386230469
2020-04-22,61.831356188881415,63.76285379905656,61.6365629106537,62.69323348999024
2020-04-23,63.05841090344447,64.17486620532053,62.79885375578141,63.32892990112305
2020-04-24,62.52334452123908,63.65474490523256,61.97533190314895,63.59944534301758
2020-04-27,64.36666167637333,64.47128575857568,63.02452695217412,63.31348037719727
2020-04-28,63.92825679183895,64.00597037196816,61.29679347697088,61.40689468383789
2020-04-29,67.00708958197549,67.76185314940159,66.0968912581043,66.8666000366211
2020-04-30,66.3275613048283,67.25619418806347,65.83633815891375,67.09178924560547
2020-05-01,65.9653682187632,67.327435005306,65.24647767611364,65.62808990478516
2020-05-04,65.17025470993144,65.98430505914773,64.56644077311196,65.90608215332031
2020-05-05,66.6334510131675,68.30289816133721,66.51040006859995,67.20736694335938
2020-05-06,67.65475045457835,68.18731999160298,67.01357346407988,67.02851867675781
2020-05-07,67.81965374652499,68.5515055013109,67.38273810448287,68.21671295166016
2020-05-08,68.84145089097197,69.57977176792713,68.35272114857746,68.96699523925781
2020-05-11,68.59085382808611,70.52085390400352,68.52658789517999,69.92601013183594
2020-05-12,70.15667635511844,70.46106910899933,68.47726333946302,68.5106430053711
2020-05-13,68.5594573991325,69.01630496173733,66.16065230960501,67.17298126220703
2020-05-14,66.43516917592565,67.6233591363203,65.92601332371991,67.59795379638672
2020-05-15,67.16950274056389,68.48074356345606,66.70817007305355,68.40502166748047
2020-05-18,67.83310426795741,69.38647134899308,67.46543379437955,69.00884246826172
2020-05-19,69.02377862702917,69.37300699697117,68.43989676724456,68.4717788696289
2020-05-20,69.20711846144812,70.34648942602318,69.12043471161293,70.20350646972656
2020-05-21,70.29467493775918,70.56718559705264,69.46767107075028,70.08344268798828
2020-05-22,69.94145276179594,70.59408566129582,69.5453894587064,70.40676879882812
2020-05-26,71.83758241160733,71.99451473967798,70.71365837687964,70.81179809570312
2020-05-27,70.74355032318083,71.01008594637463,69.4781408664338,70.75749969482422
2020-05-28,69.74716011851211,71.96213022057283,69.70132864220743,70.65586853027344
2020-05-29,70.76496784378698,71.57702647189404,70.54327547342558,71.41710662841797
2020-06-01,71.02752733192398,71.8186581836549,70.85713974161835,71.48436737060547
2020-06-02,71.49083741107874,71.88939412258804,70.82375340976124,71.85501861572266
2020-06-03,71.87445322824456,72.18881201214307,71.32245340395113,71.70257568359375
2020-06-04,71.5795202176529,71.80570529874512,70.04657922341435,70.45957946777344
2020-06-05,70.52632996829688,72.05379744790729,70.12677742503232,71.74092864990234
2020-06-08,71.05642003198895,72.1883108306279,70.96674115496965,72.14048767089844
2020-06-09,72.0009911440297,73.12491517312255,71.85750646676351,72.34175109863281
2020-06-10,72.81155023889953,73.37251259643772,72.45534336088231,72.97047424316406
2020-06-11,71.79125013479211,72.317844611134,69.6679505395017,69.8418197631836
2020-06-12,71.0354895960037,71.46643014655847,69.03972605596952,70.39083099365234
2020-06-15,69.22355465173395,70.99263883796326,69.1094662895663,70.78041076660156
2020-06-16,72.18830958177831,72.59533476014369,71.1914274344332,72.06227111816406
2020-06-17,72.38459418523244,72.84591922394547,71.4973078503515,72.36466217041016
2020-06-18,72.23065677847741,72.38609154152647,71.05441692317615,71.4469985961914
2020-06-19,71.73993996264775,71.96412575466351,70.69372946412412,70.97471618652344
2020-06-22,70.99315006784434,72.28546244565803,70.70320078128806,72.27101135253906
2020-06-23,72.33776540656734,73.4935791055213,71.98903113596465,72.93460083007812
2020-06-24,72.89973548311546,73.52297212297677,71.24174433717035,71.37625885009766
2020-06-25,71.30251980582155,71.85551545856381,70.720629569588,71.79473876953125
2020-06-26,71.37276330008744,71.59146814297863,67.50528324968963,67.88092041015625
2020-06-29,67.7713227704338,69.64752464958299,67.33839053044488,69.60617065429688
2020-06-30,69.59172910748964,70.94282650629934,69.09602088066073,70.64640045166016
2020-07-01,70.7021974861631,72.16240389341202,70.4535946200705,71.83956909179688
2020-07-02,72.3298050665194,74.15718040763036,72.2914385919885,73.23103332519531
2020-07-06,74.13874222626067,75.22729491318063,73.58225733217644,74.71166229248047
2020-07-07,74.53630064372297,75.79124990468137,74.21595923259059,74.22692108154297
2020-07-08,74.76896117431934,75.2855896621943,74.34549320672672,74.90845489501953
2020-07-09,75.22380563879062,76.18083893904442,74.50940017796016,75.65872955322266
2020-07-10,75.38920428639194,76.78863406760478,74.76497183660314,76.67255401611328
2020-07-13,77.21708959553256,78.53331741345096,75.05592510143445,75.3384017944336
2020-07-14,74.36990704594152,75.86498319457694,74.02814364430351,75.7683334350586
2020-07-15,75.88640355335926,76.53903647589908,74.62099414042883,75.57005310058594
2020-07-16,74.80383049169487,75.52173283177987,74.14472076367511,75.472412109375
2020-07-17,75.57154526134265,75.89637177199131,74.63444396372523,75.56855773925781
2020-07-20,75.47639543898973,78.16714187775806,74.86361891146494,77.90957641601562
2020-07-21,78.96525526456607,79.065888395957,77.35060206870368,77.51500701904297
2020-07-22,77.50453461968445,78.06599868334108,76.88278799026335,77.95988464355469
2020-07-23,78.01369344820895,78.23389586305572,75.15704470098699,75.5635757446289
2020-07-24,74.68875512451017,75.4978187147444,74.11084821614986,75.13812255859375
2020-07-27,75.38970769221412,76.60031547041915,75.34337449446365,76.19528198242188
2020-07-28,75.97458351011703,76.02490006928045,74.75500559506845,74.91094207763672
2020-07-29,74.97819642494973,76.38957630642854,74.87905326549283,75.90035247802734
2020-07-30,74.62796282234285,76.76621511310496,74.48846911485644,76.64067077636719
2020-07-31,74.58212724621717,74.97918637040054,72.43739830833947,74.12876892089844
2020-08-03,74.28072312105229,74.61600212490353,73.3202006575534,73.87020874023438
2020-08-04,74.06699796515592,74.3858418003166,72.93709137089841,73.39891815185547
2020-08-05,73.57429299507842,74.23090931074083,73.29529795709186,73.6873779296875
2020-08-06,73.54090688926841,75.0414638688501,73.32917292799154,74.97570037841797
2020-08-07,75.17946947024757,75.72997170168529,74.04507773918269,74.64789581298828
2020-08-10,74.27076342552382,75.08530788975622,73.60766276318256,74.5706787109375
2020-08-11,74.43018637647529,75.24922357958758,73.64254476328017,73.7596206665039
2020-08-12,74.08742732192708,75.31049447767546,73.98180739873705,75.08979034423828
2020-08-13,75.13812091037408,76.57093045908631,75.13812091037408,75.55859375
2020-08-14,75.40714596693718,75.71503560697212,74.67928518835669,74.95977020263672
2020-08-17,75.52472220977971,75.9138146755014,74.9782032851523,75.53816986083984
2020-08-18,76.03038852817615,77.58724490192614,75.80869613350978,77.5080337524414
2020-08-19,77.34411980521735,78.15966773297319,76.72187900212155,76.95154571533203
2020-08-20,76.72038115531467,78.72312323476095,76.4458788058098,78.52783203125
2020-08-21,78.30613132210684,79.30651031281674,77.83335025134366,78.49395751953125
2020-08-24,79.33589725744946,80.14845763456078,78.4675469972095,78.97122192382812
2020-08-25,78.71963154557028,80.15343686372387,78.60903241627476,80.00248718261719
2020-08-26,80.02490608104357,82.34101106223622,79.75986802379185,81.9095687866211
2020-08-27,82.03311751863201,82.10186853182472,80.64813884839977,81.13188934326172
2020-08-28,81.1792203252564,81.77106895544175,80.98691665183625,81.6754150390625
2020-08-31,81.88167310885905,81.92800630889975,80.97297225024275,81.18221282958984
2020-09-01,81.31323658609256,82.66134643712245,81.18221131603306,82.45509338378906
2020-09-02,83.09925020291392,85.99326184572126,82.70966367213177,85.55933380126953
2020-09-03,84.66906553604466,84.69298091600302,80.0951464942045,81.18121337890625
2020-09-04,80.15941758540397,81.45422340222592,76.62074691855972,78.77494049072266
2020-09-08,75.97458541832226,77.49656444782057,75.55111747525575,75.90483856201172
2020-09-09,77.16527153565474,77.65449538796737,75.98305657760726,77.08207702636719
2020-09-10,77.22904054800122,78.39879605198924,75.72548837275342,76.02689361572266
2020-09-11,76.13151325135439,76.65710424434029,74.38135757977268,75.51425170898438
2020-09-14,76.30587620432017,77.56879974493008,74.98367354101607,75.16899871826172
2020-09-15,76.1185618969855,77.26938879198397,75.83011019321296,76.47875213623047
2020-09-16,76.84543328535601,77.43778367605645,75.30650967657043,75.3314208984375
2020-09-17,74.02215665166219,74.66233774102265,72.85887796426488,74.08343505859375
2020-09-18,74.14621099905342,74.48996606174869,71.32244788364751,72.29242706298828
2020-09-21,71.32245611530352,71.74292896409321,69.88068396867533,71.24872589111328
2020-09-22,72.25407316357077,72.93411073010083,71.2168328603775,72.72735595703125
2020-09-23,72.34224858842106,72.39156930532971,69.8806750211675,70.21495819091797
2020-09-24,69.88068149776949,71.63979990027593,69.85427271441243,70.88603210449219
2020-09-25,70.99512977984065,72.03585156774594,70.12976715020248,71.69309997558594
2020-09-28,73.33365977505386,73.38347461301063,72.05280345095021,72.66956329345703
2020-09-29,72.93112903772052,73.33416328416592,72.43741246591681,73.03624725341797
2020-09-30,72.78315208556084,74.04159062936886,72.52509251682595,73.01531219482422
2020-10-01,73.915057097324,74.48349973165284,73.5732936680054,74.12628936767578
2020-10-02,72.71789249064658,73.68439010609272,72.10611181504586,72.51712036132812
2020-10-05,72.86835236433393,73.96687115597771,72.74081632962691,73.87371063232422
2020-10-06,73.50853375240524,73.95790119838244,71.98954209764706,72.28895568847656
2020-10-07,72.70194989206978,73.18320700814674,71.40265906364932,72.6934814453125
2020-10-08,73.0078400755712,74.13275995762241,73.0078400755712,73.90359497070312
2020-10-09,74.37338551928684,75.31945693732641,74.08144457179348,75.24971008300781
2020-10-12,76.62223387226929,79.13412396919452,76.18879995044458,77.94692993164062
2020-10-13,78.56569445694564,78.97172378559651,77.65001515673892,78.07048797607422
2020-10-14,78.44563158309474,78.90645495748937,77.01580961564979,77.88964080810547
2020-10-15,76.9460653245229,78.28620846255698,76.7781787431495,77.49258422851562
2020-10-16,77.8094402312883,78.60057110140168,77.60169720567637,78.10188293457031
2020-10-19,78.51189109073204,78.91044782578675,75.87096715362827,76.22119140625
2020-10-20,75.88043277067209,78.40777009705141,75.75040333901116,77.27388000488281
2020-10-21,78.20899238494292,80.46531667906677,78.0739837449452,79.01307678222656
2020-10-22,78.96375064141789,80.37961564707625,78.5891092929625,80.04283905029297
2020-10-23,80.46082633106839,81.41088115636,80.30438812044022,81.35408782958984
2020-10-26,80.45832854576939,81.1846916659165,78.10585648871245,78.92837524414062
2020-10-27,79.15954231999152,79.8106776850853,78.56469855934021,79.65524291992188
2020-10-28,77.22057217953115,77.40988073140537,75.15157254606702,75.26715087890625
2020-10-29,75.57702297863642,79.15006883310937,75.55360932054283,77.56282806396484
2020-10-30,83.07086129202403,83.76235480157268,79.78925464364642,80.51362609863281
2020-11-02,80.8837926057364,82.61252643628038,80.4204682214181,80.92265319824219
2020-11-03,81.24348228397723,82.65037701500384,80.31434778840128,81.98578643798828
2020-11-04,84.9709721050456,88.18183610365294,84.8424402415851,86.97720336914062
2020-11-05,88.20276501925385,89.26741002616306,86.73707744938896,87.80670166015625
2020-11-06,87.25071413274178,88.10561678657324,86.52035998576054,87.668701171875
2020-11-09,89.47465453904104,90.51637235151792,87.56009373587862,87.75289154052734
2020-11-10,86.17611073287821,87.65126251758112,85.4960731491163,86.57217407226562
2020-11-11,87.10423512740996,87.8266148903884,86.83820124035478,87.04595184326172
2020-11-12,86.78538826902123,87.93024008262216,86.58461615942764,86.82624053955078
2020-11-13,87.08431448870246,88.5355508426952,86.48548735624237,88.29293060302734
2020-11-16,87.88839806390286,89.3929460898464,87.74840262917563,88.38111114501953
2020-11-17,88.07372465767033,88.53605320268133,87.6567410725559,87.76484680175781
2020-11-18,87.51474953078005,87.93123897541416,86.61450958788471,86.71763610839844
2020-11-19,86.34847896703232,87.85601451986335,86.18855911636818,87.61090087890625
2020-11-20,87.78178049366831,88.0986326654224,86.43665822607944,86.50540924072266
2020-11-23,86.69671872564506,86.98417459885138,85.20014502917995,86.06600189208984
2020-11-24,86.0630160459935,88.00497382203966,85.72573772498068,87.8764419555664
2020-11-25,88.07124242721204,88.1992725773442,87.10225138238091,87.88790130615234
2020-11-27,87.90831865377476,89.52595914203532,87.90831865377476,89.02825927734375
2020-11-30,88.4618146660326,88.69546472193882,87.07633429808473,87.40315246582031
2020-12-01,88.01394925762817,90.75700402494574,87.8331015354611,89.44376373291016
2020-12-02,89.44375546572586,91.30600791613692,88.93609717998572,90.91890716552734
2020-12-03,90.69821757214092,91.85850886844304,90.52185493709996,90.7629852294922
2020-12-04,90.68226470726584,91.1445856115015,90.35195729963404,90.85862731933594
2020-12-07,90.4496157499248,91.1341384390011,89.8263790772547,90.52335357666016
2020-12-08,90.09938442115568,90.47053652120316,89.2404984455747,90.23937225341795
2020-12-09,90.19104514431577,91.08829757012232,87.78177973255339,88.57191467285156
2020-12-10,87.81167253448392,88.42893411573529,86.36342371825536,88.06326293945312
2020-12-11,87.68214672631133,88.5445219658633,87.32045890491517,88.41947174072266
2020-12-14,88.21620184043023,89.16675066292049,87.14059520793384,87.2965316772461
2020-12-15,87.6751623675375,87.88141540591312,86.7689549942617,87.73594665527344
2020-12-16,88.1360003477814,88.1360003477814,87.13712650323956,87.54215240478516
2020-12-17,87.8779342956904,88.01643216274311,86.24485447323394,86.7111587524414
2020-12-18,86.99313920631526,87.10224076733915,85.4402664025447,85.99923706054688
2020-12-21,85.14782693035072,86.53629486272519,84.39405917743379,86.41473388671875
2020-12-22,86.15417747044755,86.31758655277737,84.98093279518055,85.70032501220703
2020-12-23,85.88516072253306,86.89051128625628,85.7491486524078,86.09938049316406
2020-12-24,86.13773459583713,86.80581441415256,85.90607622362667,86.39480590820312
2020-12-28,86.93036398590236,89.02726225465624,86.77642679040835,88.37761688232422
2020-12-29,89.03872983045667,89.10050235919063,87.43852790533303,87.57054901123047
2020-12-30,87.93123961215915,88.0687416405065,86.0879233616201,86.49893188476562
2020-12-31,86.54975758459906,87.557601623684,86.49096497190563,87.31548309326172
2021-01-04,87.68214606917775,87.80619285085264,85.04869477317573,85.99476623535156
2021-01-05,85.9429483768037,87.02602010440519,85.53492737727899,86.68824768066406
2021-01-06,84.70592848888685,86.88353542794194,84.49867961477806,85.83283996582031
2021-01-07,86.0261481075079,88.56992817426452,86.0261481075079,88.39656066894531
2021-01-08,88.53704298309565,89.64303422597571,87.74291709686659,89.56681060791016
2021-01-11,88.53006966005195,88.89674428175523,87.29056728433751,87.497314453125
2021-01-12,86.95278383812753,88.0757119949811,85.5090201510068,86.5577163696289
2021-01-13,86.05404491707665,87.5023013481082,86.05404491707665,87.04695129394531
2021-01-14,87.12765580672892,88.0582879688526,85.99177402952512,86.2333984375
2021-01-15,86.13873947397137,87.0653806618715,85.27637182228375,86.0689926147461
2021-01-19,86.83521025974277,89.86622218269375,86.32854784500995,88.9012222290039
2021-01-20,90.98865630936496,94.64291272511348,90.64690050867388,93.6639633178711
2021-01-21,94.34050839326144,96.25506146549635,93.63107455098276,93.86721801757812
2021-01-22,94.23139220833392,94.87555662959848,93.4860929542847,94.28619384765624
2021-01-25,95.29155743989048,95.74391995060924,92.62223321351706,94.37188720703124
2021-01-26,93.95889149093976,95.4415158290426,93.46767596818984,95.05292510986328
2021-01-27,93.40689168755648,93.68388743518037,89.53941134895017,90.61849975585938
2021-01-28,91.21932607485262,94.05852868409468,91.21932607485262,92.3253173828125
2021-01-29,91.3697688702084,92.04332962559052,89.75263771585273,91.03797149658205
2021-02-01,91.89637432349734,95.43106164858229,91.89637432349734,94.3116226196289
2021-02-02,95.3109954120656,97.11644703413344,94.974211203038,95.60941314697266
2021-02-03,102.90746072666758,104.95055343734262,100.31385813211097,102.57217407226562
2021-02-04,102.65884809055704,103.09127858814465,101.3874560564438,102.31061553955078
2021-02-05,102.60604747712506,104.41847761913148,102.12977714218258,104.06426239013672
2021-02-08,104.62073945674986,105.3680304528695,102.7948618010392,103.84953308105467
2021-02-09,103.36528753401436,104.54650658602348,103.12615654590056,103.39468383789062
2021-02-10,103.7807850841294,104.5649450130785,102.24136741179711,103.94718170166016
2021-02-11,104.17236127042146,104.32181337866476,103.06935758019875,104.06026458740234
2021-02-12,103.61289391276202,104.59582664089332,103.30400846982872,104.37313842773438
2021-02-16,104.2097364197912,106.86959656226462,104.2097364197912,105.15381622314452
2021-02-17,104.32082571287908,105.73868998579212,104.04034832641678,105.54837799072266
2021-02-18,104.86984384270406,105.71627805815076,104.28844769707172,104.91019439697266
2021-02-19,105.00884029321222,105.5463890231248,103.79523735548332,104.06326293945312
2021-02-22,102.30912492140789,103.64079961329028,102.03013748467448,102.34200286865234
2021-02-23,100.33577698787236,103.25070912204706,99.15206448655958,102.63394165039062
2021-02-24,101.13537459318772,104.03885071091864,101.01033197264503,103.8141632080078
2021-02-25,102.4251983982703,103.77380989746868,99.9621271839074,100.43341827392578
2021-02-26,101.13088744744115,102.45458773490998,99.68911542657376,100.73033905029295
2021-03-01,102.03013401200472,103.4365347187737,101.35358570003427,103.10922241210938
2021-03-02,102.86909087667888,104.35869373421453,102.46207329492115,102.85115814208984
2021-03-03,102.2269160378579,103.42457021471338,99.33987527190384,100.20723724365234
2021-03-04,100.379609587903,103.35482407898712,99.90931435204482,101.32917022705078
2021-03-05,102.68525911486968,104.92961791711122,101.02278293828932,104.47476959228516
2021-03-08,103.826619650932,105.30525296763314,99.89735933199496,100.01244354248048
2021-03-09,102.11731505776058,102.8232520419617,101.4123663123597,101.64950561523438
2021-03-10,102.69770994837371,102.69770994837371,100.60180744400728,101.44176483154295
2021-03-11,102.53928968782216,105.1822052377634,102.4511083758253,104.64764404296876
2021-03-12,103.44550965546584,103.50529050639058,101.25395308684377,102.12977600097656
2021-03-15,101.87967631284526,102.3783644281171,101.02328375306622,102.35096740722656
2021-03-16,102.92638942693472,105.3022753921105,102.59260033416,103.8181610107422
2021-03-17,103.04993805951716,104.57092129429356,101.836836842482,103.73495483398438
2021-03-18,102.03909806206924,103.06388655356882,100.5943384635034,100.7019500732422
2021-03-19,101.11994498943469,101.4841186386522,99.78478097599964,100.98194122314452
2021-03-22,101.01531550606788,102.04707490789406,100.33627376484463,101.16776275634766
2021-03-23,101.62908681148028,102.8327237478334,101.03374890974982,101.69783782958984
2021-03-24,102.21745147719272,103.0065906053198,101.08356142573824,101.25942993164062
2021-03-25,101.08604981741834,101.91255193489722,99.4439998294648,101.25593566894533
2021-03-26,101.22255614176294,101.60118083384282,99.83059898478972,100.87083435058594
2021-03-29,100.74280057109878,102.09041626621833,99.91031577409844,101.92002868652344
2021-03-30,102.27823561365268,102.76098268873136,101.43977576639968,101.95391082763672
2021-03-31,102.34897775246182,103.93622616566056,101.98031145156382,102.75350952148438
2021-04-01,104.23464498652896,106.40178437315846,104.193792712741,106.10436248779295
2021-04-05,106.96972539348022,111.04694804336208,106.87307563358485,110.54725646972656
2021-04-06,110.14670337558957,110.99762260350208,109.69185505974016,110.06400299072266
2021-04-07,110.25531616396992,111.81964506587008,110.25531616396992,111.54713439941406
2021-04-08,112.79112075301704,113.17921735300315,111.74541201319592,112.11507415771484
2021-04-09,111.86647971286348,113.28782565198276,111.4589528136676,113.12342071533205
2021-04-12,112.29890533032506,112.43690147795414,110.9886526996113,111.82562255859376
2021-04-13,112.14297049692216,112.76471715502048,111.74740129934294,112.31434631347656
2021-04-14,112.96200490633524,112.96200490633524,111.39718186658428,111.69061279296876
2021-04-15,112.6889994794816,114.38534950155716,112.15194486886276,113.84978485107422
2021-04-16,114.04856393280971,114.29766093867129,113.13587213844484,113.72523498535156
2021-04-19,113.0990103588193,114.78838186688787,113.0990103588193,114.07447052001952
2021-04-20,114.45956839924328,114.53479617885418,112.44836557021146,113.53890991210938
2021-04-21,113.19217019429358,113.58823351736392,111.83558432610454,113.50603485107422
2021-04-22,113.3590652676498,114.03063440238844,111.61140281475126,112.21920013427734
2021-04-23,112.94058602127448,114.8895223599752,112.65412597200616,114.58113861083984
2021-04-26,114.80980729457114,115.80669706509308,114.45110698869604,115.07933044433594
2021-04-27,115.46293758663587,115.50378985999158,113.8951194695114,114.13525390625
2021-04-28,119.19291651533727,121.1298950633469,117.23601355179916,117.52596282958984
2021-04-29,119.03000305783482,119.7738047891347,118.2637759076854,119.20586395263672
2021-04-30,117.97333747895604,118.66233759698788,116.90421509270776,117.24996185302734
2021-05-03,117.81839945604708,118.64739502673145,116.3532137163149,116.73084259033205
2021-05-04,115.25967352737906,115.82960607841665,112.42644594452452,114.92488861083984
2021-05-05,116.01095514761973,116.3283014483051,114.9971285118413,115.3204574584961
2021-05-06,114.8999807999298,116.44538116455078,114.23788355330844,116.44538116455078
2021-05-07,117.76758486917416,118.13425188151923,116.88428180149477,117.17173767089844
2021-05-10,115.98653868476472,116.1290275242415,113.81441248301604,114.17361450195312
2021-05-11,111.74840465287846,113.60218105528584,111.29255288711724,113.09302520751952
2021-05-12,110.90745515149418,111.99302033670637,109.28483535815144,109.6151351928711
2021-05-13,110.90396211934528,111.5675568900471,109.93746454623565,111.0494384765625
2021-05-14,112.5191089163858,113.8233789149502,112.09364929698384,113.5075225830078
2021-05-17,112.76969964230364,114.07546724640189,112.36815538903664,114.03262329101562
2021-05-18,114.70169815084596,114.96723792984368,112.70094778430196,112.71489715576172
2021-05-19,111.01904703596884,113.3386336243094,110.87008903639968,113.16476440429688
2021-05-20,114.13625000710029,115.18245286035572,113.7636003426539,114.93087005615234
2021-05-21,115.45197236390597,115.52571018302984,114.0515467438402,114.29217529296876
2021-05-24,115.3264271053242,117.85027498603496,115.18045663197168,117.62559509277344
2021-05-25,118.1716223385103,118.7694536538538,117.3246940082872,117.7167739868164
2021-05-26,117.8986010430773,119.01804756536346,117.89561352112118,118.58561706542967
2021-05-27,119.02103252382877,119.02103252382877,117.38745859414044,117.7072982788086
2021-05-28,118.29218362539557,118.37438229281668,117.2175802937284,117.41685485839844
2021-06-01,118.29317889914864,118.85464300235402,117.288816549542,118.62895965576172
2021-06-02,119.02602129528476,119.24971296514327,117.19316506458466,118.10137939453124
2021-06-03,116.86286004564526,117.42531997629092,116.05528647797112,116.95502471923828
2021-06-04,118.035608077233,119.51823235304435,117.69384469019003,119.2462158203125
2021-06-07,119.0404770571528,119.79125736221336,118.62000420564456,119.68115234375
2021-06-08,120.16490004883796,120.5390396901974,119.30650814842411,119.48884582519533
2021-06-09,120.13599690283668,120.208229558603,119.4121195704126,119.96212768554688
2021-06-10,119.91131416876632,121.36006473182732,119.75488355948264,121.31671905517578
2021-06-11,121.55933394024407,121.64502184723942,120.51113183593498,121.07110595703124
2021-06-14,121.17373756371184,122.00372898271593,120.46331544605977,122.00323486328124
2021-06-15,122.00770667877788,122.33203145695492,120.61874461427762,120.9809341430664
2021-06-16,121.1328772619074,121.4457460653678,119.03847235757074,120.33626556396484
2021-06-17,120.2615448489189,122.07994993979185,120.06475608698388,121.30376434326172
2021-06-18,120.92861453704752,121.16376215684788,119.58150062772084,119.67715454101562
2021-06-21,120.065262840516,121.559343207855,119.46543224214392,121.37252044677734
2021-06-22,121.31024036704764,121.95789409471352,120.62672117126525,121.88864135742188
2021-06-23,121.65248764504226,122.65086725358871,121.39442809784713,121.68586730957033
2021-06-24,122.25680782875446,122.6110230424508,121.85825869956588,122.05753326416016
2021-06-25,121.55933183346728,122.19004863902798,121.12590550091116,122.06599426269533
2021-06-28,122.23537855577858,122.3415001990115,120.96698166036414,122.09339904785156
2021-06-29,122.22742138019473,122.57665739686148,121.25145947253569,121.8308563232422
2021-06-30,121.55385571715162,121.8154121296348,120.91616800193192,121.64851379394533
2021-07-01,121.2853289488081,122.14421492657009,121.0925311529432,122.00223541259766
2021-07-02,122.70518309487176,124.95103944609428,122.6150101029608,124.80506896972656
2021-07-06,125.194659146303,125.97134646912995,124.13250762769844,125.73420715332033
2021-07-07,126.70269223196745,126.82424560699673,125.6973340734699,126.01717376708984
2021-07-08,123.57801783819254,125.14184495739204,123.57403447556104,124.59233856201172
2021-07-09,124.57341489187984,125.28034775924216,124.10162205842528,125.06513214111328
2021-07-12,125.7222485400322,126.61053082848238,125.1572951967742,126.5168685913086
2021-07-13,126.57963904780594,127.59495565583836,126.21695538501842,126.8815460205078
2021-07-14,127.49581974887208,128.859384126759,127.45247407208284,127.77381134033205
2021-07-15,128.18432371890728,128.23513439920174,126.07297423261969,126.54625701904295
2021-07-16,127.20188838851512,127.34985055293852,125.69784204050538,126.51139068603516
2021-07-19,125.6340668586888,125.74915107299049,123.05889887533584,124.1280288696289
2021-07-20,125.074088179987,126.58411707879128,123.9013451863934,125.75363159179688
2021-07-21,125.6779108921096,127.13512993141453,125.56830759877757,127.08830261230467
2021-07-22,127.3822357122905,128.018927615848,127.03848061851856,127.9576416015625
2021-07-23,129.95937801445345,132.91716155671864,129.33166392864507,132.5345458984375
2021-07-26,132.84692745937272,133.7521390487209,131.82362892844895,133.55087280273438
2021-07-27,133.7655882856649,133.91355044141807,129.63406588377933,131.42356872558594
2021-07-28,135.819631878109,137.79746258397032,134.78886841336347,135.6024169921875
2021-07-29,135.65823098456275,136.16738687452755,135.0534287718123,135.28707885742188
2021-07-30,134.54725604869537,134.8157833421163,133.77007463180635,134.2398681640625
2021-08-02,134.62898048624183,134.8476853716803,133.3107609250977,134.367431640625
2021-08-03,134.64688381400205,135.24172755796863,132.83795068538504,135.14010620117188
2021-08-04,134.86061057740247,135.15952999689696,134.00122294773328,134.63742065429688
2021-08-05,135.1904169466429,135.85750855812594,134.3589280063779,135.7593536376953
2021-08-06,135.55063102381257,135.97957231042835,134.72163543333963,135.2482147216797
2021-08-09,135.45148814200485,136.68850476469763,134.85065410304122,136.41847229003906
2021-08-10,136.8459222607176,137.27487874765453,135.871959635437,136.3128662109375
2021-08-11,136.68601024578308,137.18519250849718,135.77929347351906,135.78677368164062
2021-08-12,135.4843663149795,136.80409100682985,134.93636501556526,136.69847106933594
2021-08-13,136.75425764856152,137.358573315832,136.53804618875844,137.2300262451172
2021-08-16,137.02825475056147,137.86273882965995,134.81029711193796,137.80992126464844
2021-08-17,137.25246188470885,137.7661028735175,135.59048725024795,136.1678924560547
2021-08-18,136.00696124700988,136.60928520906825,134.83272067135763,134.9597625732422
2021-08-19,133.94992958578757,135.8599977332164,133.76509850399083,135.18992614746094
2021-08-20,135.5087644810794,137.0571522442763,134.7614735004852,136.93310546875
2021-08-23,137.47116792714942,140.36567418925966,137.11047591549757,139.5356903076172
2021-08-24,140.10360516690898,141.5668067613832,139.83159623375502,140.7512664794922
2021-08-25,141.11345621696415,141.6759161710867,140.86536264941796,141.56581115722656
2021-08-26,141.2380025988611,141.9030873487792,140.8464167531898,140.92962646484375
2021-08-27,141.1408483459269,143.99051865072698,140.98590770006297,143.48385620117188
2021-08-30,143.87841943307075,145.44325759375565,143.64227596635465,144.0682373046875
2021-08-31,144.6227355158281,144.6471374136657,143.75986616388167,144.1748504638672
2021-09-01,144.47625751522853,145.7257258564105,144.36017746381918,144.69097900390625
2021-09-02,144.69148832739003,144.99388942023097,142.6678183896574,142.7694549560547
2021-09-03,142.5637053377978,143.63431772651683,141.88615355979695,143.22032165527344
2021-09-07,143.31496546430748,144.0428261305215,143.10024398314985,143.7593536376953
2021-09-08,143.57951629992405,143.87842053577396,142.48348342289364,143.17198181152344
2021-09-09,143.32095496544682,143.7892585645254,142.66035528425843,143.0225372314453
2021-09-10,143.69159226728954,144.1957764935622,140.22965495774272,140.36715698242188
2021-09-13,141.43677770651655,142.43366746913202,140.73981083958526,141.8184051513672
2021-09-14,142.47900759751042,142.84518811573292,141.23800760581798,142.02963256835938
2021-09-15,142.25580564640651,143.928741910643,140.83695318139684,143.90782165527344
2021-09-16,143.43054806092687,143.7787882133272,141.88714709734165,143.09127807617188
2021-09-17,142.51388572470947,142.9318651671126,139.9626329845503,140.29144287109375
2021-09-20,137.66244645281046,138.4979186835155,135.8295980791719,138.2184295654297
2021-09-21,139.24472651193784,139.50578881343628,137.77854492045785,138.53082275390625
2021-09-22,138.80084013439108,140.3781149795771,138.0510557030059,139.77679443359375
2021-09-23,140.47827282612718,141.18471163689526,139.8943908485368,140.70594787597656
2021-09-24,140.03088145961,141.8164162845254,139.73445540328063,141.70132446289062
2021-09-27,140.29590337917637,141.42580992504531,139.5615659889685,140.56243896484375
2021-09-28,138.15417908972435,138.59408220929217,134.871082402692,135.33938598632812
2021-09-29,136.4852181878325,136.6556057586618,133.38147942996824,133.8682098388672
2021-09-30,133.77655641839215,135.05292011764217,133.0735993124789,133.1931610107422
2021-10-01,133.9618689093938,136.41598518000123,133.5887251341205,136.0498046875
2021-10-04,135.46939554403545,135.46939554403545,130.5766406639165,133.1767120361328
2021-10-05,133.55684162099922,136.72884494534537,133.55684162099922,135.53167724609375
2021-10-06,134.2632806312712,137.2524445785351,134.06400607552172,137.068115234375
2021-10-07,138.39031721172944,139.5361725075919,138.1501903850964,138.7221221923828
2021-10-08,139.07285091061453,139.824125312018,138.7146523252528,139.28060913085938
2021-10-11,138.78888733505104,140.20375649731594,138.35743745715638,138.41224670410156
2021-10-12,138.97618878992267,139.00309929245716,135.26962435212994,135.95614624023438
2021-10-13,136.90621170713885,137.5015572433609,136.0259036757584,137.08506774902344
2021-10-14,138.97021448905156,140.82697835916224,138.32355663005825,140.6411590576172
2021-10-15,141.10299145910653,141.2061179827892,140.2465988856145,140.8573760986328
2021-10-18,140.56693683465275,142.28022366058383,140.5599583482601,142.2622833251953
2021-10-19,142.86957358264954,143.14358939003492,142.08492719728906,142.71961975097656
2021-10-20,142.8202605045603,143.0275169927179,140.86584337602682,141.25692749023438
2021-10-21,141.25693811410423,141.64254893456277,139.99252444523884,141.37351989746094
2021-10-22,138.6473871358995,140.0752098330497,135.56456843501937,137.06961059570312
2021-10-25,137.05318633547756,137.50155794019958,134.93485817821207,136.9505615234375
2021-10-26,138.76047747698152,139.57700596995255,137.8049417965224,138.80531311035156
2021-10-27,138.9014683036961,148.11307052372035,138.9014683036961,145.68936157226562
2021-10-28,146.6030686470754,146.62648230748036,144.10461823040788,145.32220458984375
2021-10-29,144.5539791333044,147.7065521801531,144.1270295572053,147.51126098632812
2021-11-01,147.51126369246262,147.51126369246262,142.70816449344113,142.9786834716797
2021-11-02,144.0572802251033,146.07944497081846,143.81415826390838,144.90719604492188
2021-11-03,145.37350633659418,146.1392394014242,144.06874219700023,146.06849670410156
2021-11-04,146.59308724096792,149.1926723694144,145.779538603533,147.73196411132812
2021-11-05,148.63068915378162,149.78451116049047,147.66171341286932,148.31434631347656
2021-11-08,149.2838294941872,150.07098453053808,147.89436569436276,148.49270629882812
2021-11-09,148.69397817850614,149.2933070445316,146.7131521856348,148.380615234375
2021-11-10,146.96723507406335,147.53518355143552,144.015441603622,145.3665313720703
2021-11-11,145.96038595465913,147.00261306187474,145.07458945686048,145.239990234375
2021-11-12,146.08591055666164,148.31235170447883,144.88576297964158,148.14096069335938
2021-11-15,148.36266834084333,149.00932621836836,147.04195556476728,147.91578674316406
2021-11-16,147.6143838167143,148.2251610010941,146.78040149844156,147.3418731689453
2021-11-17,147.49280725486528,148.0228833104321,146.7081609003049,147.51223754882812
2021-11-18,147.70605520115123,150.03661127521585,147.3503500304683,149.2972869873047
2021-11-19,149.43378735163904,150.42122041688864,148.3611833003311,148.38858032226562
2021-11-22,148.7931157245559,149.28831460223827,145.61962236738557,145.7735595703125
2021-11-23,145.62510956137248,146.13028209755623,143.59447621265684,145.2554473876953
2021-11-24,144.9480443888763,145.7212424454902,143.85152499609853,145.5922088623047
2021-11-26,143.82710864428418,144.0353533712897,141.33016360155258,141.66943359375
2021-11-29,143.479878085286,145.76908022052288,143.37375643405665,145.00485229492188
2021-11-30,144.48473491377032,145.47265451139563,141.0900431567815,141.38497924804688
2021-12-01,143.47987435242788,145.42332966480942,140.4030307121987,140.54202270507812
2021-12-02,140.7398102016987,143.34486867005117,139.70804321343067,142.44961547851562
2021-12-03,143.16203989520787,143.8784371086145,139.7942432157484,141.4886016845703
2021-12-06,142.5238510678337,143.33291469033858,139.64378830097576,142.637939453125
2021-12-07,145.07061790397407,146.99813994463742,144.7029474077652,146.73757934570312
2021-12-08,147.06337983886414,147.8570116479077,145.87718915415954,147.6512451171875
2021-12-09,147.05791082804922,148.56146305841114,146.5836321880292,147.10523986816406
2021-12-10,148.16289756802271,148.43939159848796,146.17410486346097,147.4669189453125
2021-12-13,147.2477146860788,147.43554088789833,144.99189980486057,145.29978942871094
2021-12-14,143.44797605651408,143.9581200953131,140.70491419729726,143.38719177246094
2021-12-15,142.89101719943707,146.1910510495034,141.1662666060249,145.9120635986328
2021-12-16,146.6389288369081,147.1435996261895,143.0882929753909,143.92327880859375
2021-12-17,141.9852989150622,143.31498194691542,140.78963628072304,141.21310424804688
2021-12-20,139.49431465775666,141.2624106909957,138.81776638026082,141.0955047607422
2021-12-21,141.54040373475354,143.3493521552757,139.99501101530765,142.95428466796875
2021-12-22,142.55075662879798,145.9708538512981,142.55075662879798,145.8861541748047
2021-12-23,145.97083426807583,147.70803641079925,145.92300351120997,146.38583374023438
2021-12-27,146.72410558903078,147.80817316067498,146.6379159607732,147.37225341796875
2021-12-28,147.7005665519586,147.7633425242842,145.52695801248083,146.15716552734375
2021-12-29,146.11482978841877,146.88454625540766,145.12143685112068,146.1252899169922
2021-12-30,146.1641415512686,146.76795547689343,145.4671747130842,145.67242431640625
2021-12-31,145.5224672383806,146.16862338260864,144.32879638671875,144.32879638671875
2022-01-03,144.5310511838685,145.32418124624684,143.19390325785943,144.46778869628906
2022-01-04,144.87082080849984,145.9558918037321,143.1973980446636,143.8779296875
2022-01-05,143.8983459357538,143.97755707497902,137.1906676070589,137.27734375
2022-01-06,136.50366666273266,139.43453978877605,136.06525350814445,137.2499542236328
2022-01-07,137.64651288308093,137.9484274517106,135.27610798857754,136.5220947265625
2022-01-10,134.59010553112222,138.3180922049629,132.68351909922848,138.1686248779297
2022-01-11,137.50851871383009,139.70953938055476,136.19876781842893,139.23126220703125
2022-01-12,140.64015807589763,142.0928995430795,140.18631320047015,140.91964721679688
2022-01-13,141.02874718461857,142.33402820196187,137.90905972125992,138.08642578125
2022-01-14,136.5838694757939,140.2336484368428,136.50367009139453,138.97669982910156
2022-01-18,135.68313752257072,136.63617983713343,134.9493017820108,135.50677490234375
2022-01-19,136.0303793886013,137.4611972177534,134.5278306220574,134.6284637451172
2022-01-20,135.7578809274716,137.12891803083016,132.48424059326524,132.8260040283203
2022-01-21,132.11458262034927,134.37836419221756,129.61663404867633,129.88067626953125
2022-01-24,125.52297023951006,130.72910386725636,124.05031186821007,130.33154296875
2022-01-25,128.27499735076876,128.93161364102292,126.04358446552224,126.47650909423828
2022-01-26,130.64539407702827,132.51959651517802,126.68275423803644,128.76620483398438
2022-01-27,130.82973938977935,132.17336419567405,128.4667993761177,128.53904724121094
2022-01-28,129.19065818420185,132.8748122564678,128.0209027774419,132.86932373046875
2022-01-31,133.67741708115645,134.98368644603235,131.73197000766598,134.81478881835938
2022-02-01,137.0975146046982,137.29529921578177,133.88316879097903,137.14683532714844
2022-02-02,150.7036845748489,150.99910716965758,144.9968790105651,147.46542358398438
2022-02-03,145.179212364594,149.1343720910172,142.1501844290377,142.57315063476562
2022-02-04,142.92639369575792,144.35172307352371,140.00747043707253,142.7754364013672
2022-02-07,143.72897072865783,143.72897072865783,138.3982887830749,138.69821166992188
2022-02-08,138.52434045716993,139.49431967260577,136.51911265261106,138.89549255371094
2022-02-09,140.4543422583785,142.0097085643231,139.68064246811812,141.08056640625
2022-02-10,139.1989062498169,140.97346402511863,137.45870878065372,138.1193084716797
2022-02-11,138.09939580945573,138.65387386368178,132.9181655614825,133.7974853515625
2022-02-14,132.77516542033035,135.80767481385527,132.77516542033035,135.03646850585938
2022-02-15,137.07358211363078,137.60964843169666,135.3309066687984,136.1150665283203
2022-02-16,136.15292936440233,137.587228762947,134.4366474247579,137.24049377441406
2022-02-17,135.75087249893463,136.618226825468,131.99997439556665,132.0602569580078
2022-02-18,132.984919959572,133.58575399879967,129.72624024100966,129.93199157714844
2022-02-22,129.36902164807677,131.70305930479284,127.76035128771632,129.34461975097656
2022-02-23,131.17298611837336,131.5740286454837,127.06686891969257,127.1271514892578
2022-02-24,124.5021680331408,132.51960530986702,124.5021680331408,132.2117156982422
2022-02-25,133.069607879294,134.78289467970927,131.2756047745065,133.9738311767578
2022-02-28,132.5694288271008,135.26116339490252,132.11357705186626,134.56918334960938
2022-03-01,134.39130553688372,135.7633306405831,132.7373131052674,133.57725524902344
2022-03-02,134.14173316744186,134.77393236956735,132.5908519204788,134.08543395996094
2022-03-03,135.51871338193845,135.946666365466,132.5449966008486,133.4158477783203
2022-03-04,132.4473618386773,133.36802027083928,129.86670554907704,131.43003845214844
2022-03-07,131.01307695249176,131.25917883811977,125.83882547699304,125.92202758789062
2022-03-08,125.79398761968976,130.77592772343985,125.22056582723054,126.64540100097656
2022-03-09,130.7759197846523,133.25244619528775,129.43129167805884,132.93807983398438
2022-03-10,130.7918764796572,132.79062756683956,130.43965294916046,131.951171875
2022-03-11,133.00634115976752,133.31223910249224,129.16327780099954,129.4014129638672
2022-03-14,129.77953889503618,129.9379611837264,124.82251004302124,125.49606323242188
2022-03-15,126.51734918467436,129.3854612705248,125.26638337315536,128.7313232421875
2022-03-16,130.2608035608324,132.8514034266474,128.26951737639257,132.79910278320312
2022-03-17,132.66808060179636,133.59621939679317,131.70755797740026,133.3555908203125
2022-03-18,132.94257155134628,135.75189131600223,131.7807827668189,135.63381958007812
2022-03-21,135.67166632345658,136.55496933499083,133.60814776446165,135.60989379882812
2022-03-22,135.60991764590503,140.54054578335715,135.60991764590503,139.36280822753906
2022-03-23,138.20152168218482,139.08432313178503,137.33716229162818,137.77606201171875
2022-03-24,138.69721201374352,141.10748100525953,137.2529541189332,141.06065368652344
2022-03-25,141.4033886360212,141.52196208267603,139.23276022482557,141.16127014160156
2022-03-28,140.39157678516145,141.48960144139332,139.3065056605493,140.944580078125
2022-03-29,142.1322690345722,143.27412583152392,141.52545996341837,141.9907684326172
2022-03-30,141.94544301021685,142.2050001415122,141.08854871095858,141.4258270263672
2022-03-31,141.53989069141255,141.59469993435332,138.52234159497291,138.565185546875
2022-04-01,138.99612402003592,139.96360982137884,137.8079264817857,139.64427185058594
2022-04-04,139.851525015587,143.1929124115474,139.80369425800453,142.455078125
2022-04-05,142.35296269605644,142.47401435286852,139.87544790884033,140.08319091796875
2022-04-06,138.24883657715384,138.8571355934928,135.0275124335932,136.05479431152344
2022-04-07,135.51872621528315,136.66906661978643,133.74266339149753,135.39767456054688
2022-04-08,135.09377300030388,135.17996263287105,132.4852329000314,132.8060760498047
2022-04-11,131.3473642822272,131.6153898754899,128.20376113873866,128.3582000732422
2022-04-12,131.12466797846432,131.12466797846432,126.33104064844365,127.2531967163086
2022-04-13,127.53766387363494,129.86323309844258,127.27959670604396,129.42481994628906
2022-04-14,130.00822369017715,130.00822369017715,126.14372310060229,126.2722625732422
2022-04-18,126.5412847134124,127.74939916513134,125.72623848269868,127.21533966064452
2022-04-19,127.2302793384276,129.86223307709335,126.54077748702284,129.53941345214844
2022-04-20,130.4192182517386,130.92439074544885,127.03947181038676,127.5775146484375
2022-04-21,128.78315046816914,129.62858119551973,124.07670859496464,124.3636703491211
2022-04-22,124.54850223814198,124.94905064704274,118.4954480701032,119.20337677001952
2022-04-25,118.6708064246,122.83221937115556,118.08294114702063,122.62945556640624
2022-04-26,121.85278013963156,122.06750164191152,118.08294529869256,118.22144317626952
2022-04-27,114.05603142600462,116.81851618495187,112.3292969578043,113.88166809082033
2022-04-28,115.99451256530844,119.2173267053612,113.70281707255184,118.09439849853516
2022-04-29,116.31285280617492,117.49407188234726,113.40340165212348,113.69733428955078
2022-05-02,112.9953734700684,116.32380727233824,112.19328087180575,116.16189575195312
2022-05-03,116.00995439354028,118.01419405260393,115.6153886202329,116.91019439697266
2022-05-04,116.6087787152119,122.4107438309078,114.70019314800211,121.81938934326172
2022-05-05,119.76982898497512,120.60181207679796,114.59010423610528,116.08468627929688
2022-05-06,114.76844842145442,117.14682747025036,113.60367219564212,115.3284149169922
2022-05-09,112.8409434244508,114.66134780600098,111.5959601189541,112.1046142578125
2022-05-10,115.09028860402236,115.83010701093993,112.4927027927816,113.98180389404295
2022-05-11,112.827486250851,115.94418607674837,112.827486250851,113.1921615600586
2022-05-12,110.97520666665028,113.88216439344116,109.42781470720205,112.43640899658205
2022-05-13,114.11931168053762,117.44924346052596,113.19466975696596,115.63133239746094
2022-05-16,114.54027796596183,115.75039161219318,113.47813407934586,114.03162384033205
2022-05-17,116.41847239485114,116.47775912305292,114.45509269235411,116.05229949951172
2022-05-18,114.58461851253956,114.9831752277332,111.15255632058106,111.4953155517578
2022-05-19,111.02901521850386,112.60181255661593,109.60268248023328,109.98529815673828
2022-05-20,111.54663361819895,111.77829961435592,105.41436818384658,108.5146255493164
2022-05-23,109.19167142132176,111.74242226758814,108.3482247834865,111.0853042602539
2022-05-24,105.38995924003346,106.0739801788429,101.51649616200837,105.58724212646484
2022-05-25,104.60629253885428,106.11532568367646,103.48137263713303,105.42283630371094
2022-05-26,105.29529233882666,108.25705159539172,104.84492151470928,107.40315246582033
2022-05-27,109.08755826445858,111.9123175693701,108.74429727876397,111.91082000732422
2022-05-31,112.33926213439878,115.31697028183716,111.67367565423848,113.3510971069336
2022-06-01,114.44014803749836,116.6785318128768,112.84094193937696,113.48062133789062
2022-06-02,113.58823393580184,117.4736470011331,112.53854183575936,117.19764709472656
2022-06-03,115.64328520481222,115.9013523792528,113.1084753451537,114.12728118896484
2022-06-06,116.2829660025942,118.91592321574372,115.74442143076864,116.39855194091795
2022-06-07,115.0633861757364,117.26590451207755,114.6364365844124,116.72635650634766
2022-06-08,116.33975798951197,118.14222964489704,116.17884229636871,116.77069854736328
2022-06-09,115.90732298592224,117.87170609912248,114.36142860478935,114.42071533203124
2022-06-10,112.03885158121808,112.86983883225176,109.96735849781228,110.7599868774414
2022-06-13,106.4007909500003,108.39854624273096,105.73570618726906,106.00821685791016
2022-06-14,106.15019572048266,107.53467266532452,105.41784995654064,106.33003997802734
2022-06-15,108.1529339029106,111.0210386532561,107.28060028133892,109.36803436279295
2022-06-16,106.83372350162648,108.25606531080729,104.75824701640175,105.6505126953125
2022-06-17,105.65050894263936,108.30687974760193,104.66657274002397,106.75650024414062
2022-06-21,108.53605463994865,112.08320145579312,108.20774646282972,111.14111328125
2022-06-22,110.15717138024289,112.9370871645517,109.98379628304926,111.08480834960938
2022-06-23,111.82611824123934,112.33527408903892,110.10137542228378,111.83657836914062
2022-06-24,112.586865871045,117.6525021464967,112.54451603583252,117.5488739013672
2022-06-27,117.84579504506772,118.15118363498702,114.76346307255491,115.41510772705078
2022-06-28,115.38421878212635,116.8857792626597,111.4440041546244,111.6029281616211
2022-06-29,111.14907666812196,112.75176440222242,110.47202664013756,111.29803466796876
2022-06-30,109.60267674032724,110.48746974453034,106.36441583663574,108.56941986083984
2022-07-01,107.54314330676284,108.8553876240998,106.34498736005416,108.34474182128906
2022-07-05,106.71365021128987,112.96747611105182,105.34959181651884,112.85388946533205
2022-07-06,112.89275555794994,115.17199159638264,111.07334704915516,114.15816497802734
2022-07-07,114.66433788700073,118.75899163325042,114.41873011949816,118.3539581298828
2022-07-08,116.82649880125815,119.25270126914828,116.47925446446548,118.92240142822266
2022-07-11,117.571799816333,117.571799816333,114.9139313120298,115.25868225097656
2022-07-12,115.79523524205696,116.55149645869648,113.2793614612062,113.6086654663086
2022-07-13,111.29753482991671,113.78352568085528,110.79984254030296,110.9512939453125
2022-07-14,109.81242620090936,110.69173833815984,107.98156166532056,109.96885681152344
2022-07-15,111.59596575421486,112.73184754783156,110.49943867439904,111.37376403808594
2022-07-18,112.23314605564605,113.26939050950664,107.97857255160504,108.6361846923828
2022-07-19,110.44960309317406,113.60815108041504,109.16426172131028,113.39891052246094
2022-07-20,112.76123505512729,114.98318377628502,112.0737324621881,113.48860168457033
2022-07-21,113.86722110483028,114.13625012583104,110.70867292263873,113.927001953125
2022-07-22,110.59907051490777,111.934226816386,106.11532441295203,107.51026916503906
2022-07-25,108.01842428405529,109.4731498189094,105.91604504349232,107.12167358398438
2022-07-26,106.21495799233352,106.81278926472052,103.69409759917966,104.64066314697266
2022-07-27,108.86536406251822,113.49857016821542,107.619878958935,112.6516342163086
2022-07-28,111.96412538101411,113.92700340954364,111.05740862715432,113.80744171142578
2022-07-29,112.67156144466348,116.28844729503248,112.6516294268244,115.8998565673828
2022-08-01,114.883534900398,116.29840398003972,113.92699576858487,114.44512176513672
2022-08-02,113.58823375436928,115.92974407016644,113.30924632635428,114.71414947509766
2022-08-03,115.29206098977046,118.19155388015966,115.06289599403432,117.65350341796876
2022-08-04,117.0556651055272,118.35096493912133,116.4677922349789,117.76309967041016
2022-08-05,115.81018107651089,117.68338778780269,115.58100849072952,117.0457000732422
2022-08-08,117.96237919767223,119.71602427287344,116.45783113194356,116.8763198852539
2022-08-09,116.71688496342674,116.89623510020368,115.2920498773202,116.20872497558594
2022-08-10,118.35097160610655,120.48324142934476,117.9823128920244,119.26764678955078
2022-08-11,120.84193281345172,121.05117337671156,118.13175629569916,118.4107437133789
2022-08-12,119.825624619829,121.24049377441406,119.02851116837525,121.24049377441406
2022-08-15,120.69248771878344,121.85826757223798,120.17436925201092,121.6390609741211
2022-08-16,121.08107160117451,121.98778836889164,120.20425286028116,121.26042175292967
2022-08-17,119.68613546527628,120.85190766091915,118.94880283395143,119.11819458007812
2022-08-18,118.99862164827164,120.38360038927006,118.29118706560487,119.73594665527344
2022-08-19,118.62995262877436,118.7196315015644,116.33826479410028,116.78663635253906
2022-08-22,114.78390131401044,115.21234848329696,113.43877895522078,113.8273696899414
2022-08-23,113.07012099937216,114.59459352304536,113.0202985553702,113.44874572753906
2022-08-24,113.09003413464454,114.36540951475897,112.46231245276113,113.27935028076172
2022-08-25,113.82736187810217,116.2984074387404,113.6978341760305,116.2286605834961
2022-08-26,114.30563648060958,114.70419321459045,109.7919999027321,109.9414520263672
2022-08-29,109.59271349740904,110.54924506087626,108.4070169520038,109.02477264404295
2022-08-30,109.77206174534813,110.10087160262944,107.41062710194252,108.5465087890625
2022-08-31,110.25033230488236,110.44960686158905,107.73943032009058,107.82910919189452
2022-09-01,107.88890221638432,110.05106256823537,106.97222698912552,109.3436279296875
2022-09-02,110.19054251249288,110.34000222911855,106.87257633295454,107.46044158935548
2022-09-06,106.91243756837105,107.6397965658172,105.39792352120227,106.42420196533205
2022-09-07,106.6732978769794,109.58275664245654,106.51387974839608,109.0546646118164
2022-09-08,107.64975712989909,109.20411992962872,106.7729384534582,107.988525390625
2022-09-09,108.67604080074555,110.58910397053998,108.6262183591191,110.25033569335938
2022-09-12,110.58909953884488,111.21682883009888,109.53293071485643,110.4595718383789
2022-09-13,107.41063285266732,107.9088268684926,103.71402656562675,103.94319915771484
2022-09-14,104.1922956423202,104.89973022901852,103.2855864910276,104.62074279785156
2022-09-15,103.6542493297218,104.88976840352449,101.98031707412176,102.53829956054688
2022-09-16,101.7013214743888,102.75749030745364,100.57540578634492,102.4286880493164
2022-09-19,101.38248384055446,102.95677878016085,101.18320927177488,102.69771575927734
2022-09-20,101.71129593843176,102.00024939074886,100.15692538107648,100.77468872070312
2022-09-21,101.30276093781193,102.50838944373184,98.91142834014148,98.92139434814452
2022-09-22,98.46305799062657,100.8743150315285,98.4331675680939,99.77828979492188
2022-09-23,99.27013894569497,99.30003697281704,97.11794470499508,98.38335418701172
2022-09-26,97.74565994434268,99.51922934382029,97.4467481095284,97.8154067993164
2022-09-27,99.0708640164821,99.63880490034056,96.5201130436214,97.14783477783205
2022-09-28,97.29729626907184,100.33627531251146,96.75924580063727,99.68862915039062
2022-09-29,98.28371751179849,98.28371751179849,95.61339721014332,97.06812286376952
2022-09-30,96.69945671946287,98.54277296628402,95.21483315256675,95.30451202392578
2022-10-03,96.41050754187312,98.93136803181928,96.17136894226655,98.2837142944336
2022-10-04,100.07721793776368,101.47215512299265,100.01742948565564,101.27288055419922
2022-10-05,99.46940996530486,101.56182312084472,98.44313160246332,101.06362915039062
2022-10-06,100.31634777237376,102.55822085345912,100.22666889617489,101.05367279052734
2022-10-07,99.4893424120102,100.16688657060564,97.94494554001106,98.32357025146484
2022-10-10,98.6424201973601,98.74205748527272,96.65961004109948,97.50653839111328
2022-10-11,97.0780841240967,98.89150999833014,95.96212681616952,96.82898712158205
2022-10-12,96.94856328573908,98.39332296191309,96.3905807913383,97.2076187133789
2022-10-13,94.8063137046324,99.41958711524546,94.0390907362861,98.70218658447266
2022-10-14,99.62883082298052,100.32630696190093,96.02191124286752,96.21121978759766
2022-10-17,98.5029258631292,100.565448877666,98.47303543712457,99.60891723632812
2022-10-18,102.7574975398728,103.09627343207028,99.60891523399144,100.40602111816406
2022-10-19,99.64877393686338,100.65512042360852,98.56270697749738,99.2701416015625
2022-10-20,99.63880766233278,101.9504276960254,99.03101032744551,99.60891723632812
2022-10-21,97.49655825103298,100.9440596056398,97.36703055570356,100.76470947265624
2022-10-24,101.43230336205212,102.37886893924696,99.61887747177592,102.14969635009766
2022-10-25,102.5283281002118,104.4413912615172,102.34897795372456,104.10262298583984
2022-10-26,96.08169441542344,97.9549011045563,94.3479814370857,94.5871124267578
2022-10-27,94.17858967638884,95.08530639815775,91.46842072319252,91.88690185546876
2022-10-28,91.93672307290274,96.20127036088272,91.79722935246538,95.94220733642578
2022-10-31,95.07534163917173,95.6831389305382,93.6405480808209,94.16863250732422
2022-11-01,95.10523477424424,95.68314165822098,90.0435893405344,90.14322662353516
2022-11-02,90.61153024141043,90.8506612410477,86.56618965426108,86.65586853027344
2022-11-03,86.00821530738868,86.2074898746506,83.03897560342638,83.12865447998047
2022-11-04,85.09154235666125,86.32706142998515,83.40764409253529,86.26728057861328
2022-11-07,86.96474344125453,88.57889473824162,86.53629629709458,88.17037200927734
2022-11-08,88.57889556884766,89.99376471795951,87.27362210709543,88.57889556884766
2022-11-09,88.13050850877252,89.11693802318032,86.96473646647588,87.00459289550781
2022-11-10,91.9167945677153,94.04906431593592,91.279106844986,93.60069274902344
2022-11-11,94.34798655132452,96.57989364686716,93.58076349852588,96.06177520751952
2022-11-14,94.7465270795621,96.4403911657284,94.16862784252442,95.35432434082033
2022-11-15,97.9050919854812,99.77829878404354,96.36068746623714,98.08444213867188
2022-11-16,97.54639245394532,99.28010554733504,97.28732943020373,98.49295806884766
2022-11-17,96.61975142886372,98.92140541569442,96.4404012739264,98.00473022460938
2022-11-18,98.41323544083149,98.54277074077606,96.02191041887346,97.0780792236328
2022-11-21,96.9385902443316,98.04458154174412,95.01556108414778,95.25469207763672
2022-11-22,95.6034224157986,96.86883939122016,93.71029135951498,96.69945526123048
2022-11-23,96.73931570156702,98.403289583972,96.73931570156702,98.1043701171875
2022-11-25,97.8851602865482,98.2837170284754,97.04819797015486,97.10797882080078
2022-11-28,96.6895013056447,97.22755178724331,95.2646660308107,95.7030792236328
2022-11-29,95.3842265796523,95.77281729148432,93.7700752830782,94.84617614746094
2022-11-30,94.47750916203434,100.67504369281036,94.07895244459412,100.6252212524414
2022-12-01,100.65511167592793,101.88067225173512,99.8878962663711,100.6252212524414
2022-12-02,98.69223833554074,100.40601937763044,98.542778609275,100.07721710205078
2022-12-05,99.04096889811132,101.01381288462308,98.64241217702865,99.12068176269533
2022-12-06,98.94132709072056,99.41958905266468,96.07172491170854,96.62970733642578
2022-12-07,96.061775697462,96.53007169614035,94.37787745777824,94.59708404541016
2022-12-08,95.03548717492762,95.23476934121264,93.1124579808419,93.37152099609376
2022-12-09,93.4313048049758,93.91954042646346,92.414992331156,92.49470520019533
2022-12-12,92.37513014885984,93.2220584246516,91.27910487419771,92.97296142578124
2022-12-13,97.40689540275184,99.17049886129242,94.68675275108303,95.28458404541016
2022-12-14,94.8561359816481,96.52010974399587,93.26191667810996,94.7266082763672
2022-12-15,92.7936119975584,93.30177200768404,89.6848862928774,90.53181457519533
2022-12-16,90.43217684823811,91.00011770315804,89.19665025710515,89.9339828491211
2022-12-19,89.93398560057557,90.23289744808844,87.8913871009693,88.12055969238281
2022-12-20,87.79174668968311,88.85788153834193,87.12416855867481,88.69845581054688
2022-12-21,88.75824520706126,89.89412692329897,88.00098819562373,89.25643920898438
2022-12-22,87.84156512231799,88.22018980580087,86.00820734550712,87.44300842285156
2022-12-23,86.79535440709022,89.22654342295682,86.75549797711113,88.90769958496094
2022-12-27,88.47925920662847,88.61875292126555,86.69572373881171,87.07434844970703
2022-12-28,86.66583640297101,87.72200530910052,85.62959191314083,85.70929718017578
2022-12-29,86.30713177944276,88.52907277484294,86.29716577087261,88.1305160522461
2022-12-30,86.66583092741621,87.9810627733662,86.25730820163317,87.91131591796875
2023-01-03,89.26639931771285,90.72113252068196,88.20026443734325,88.79810333251953
2023-01-04,90.02365347405346,90.32257291211344,86.95477663707446,87.76185607910156
2023-01-05,87.15406609854381,87.25370338563282,85.58973712554938,85.8886489868164
2023-01-06,86.47651205651783,87.37326274187966,84.55348298751184,87.02452087402344
2023-01-09,88.04084037204656,89.72473844973383,87.54264639420649,87.70206451416016
2023-01-10,85.66944256272718,88.34972108150079,85.51998284414289,88.10062408447266
2023-01-11,88.8578858679864,91.269143104598,88.68850172532865,91.1894302368164
2023-01-12,91.14957653320798,91.5381672405778,89.42582196828673,90.80083465576172
2023-01-13,90.52185251603512,91.8570164514758,89.80445190616697,91.78726959228516
2023-01-17,91.72748156795588,91.91679773028648,89.7247470582125,90.96026611328124
2023-01-18,91.80719072227554,92.46481045839508,90.31260870582628,90.79087829589844
2023-01-19,90.39232693608494,93.27188785053708,90.30264805682005,92.7139129638672
2023-01-20,94.75650327034288,97.94494963302564,94.67679040086234,97.66595458984376
2023-01-23,97.59620744614632,99.67866244471271,97.14783585983596,99.4295654296875
2023-01-24,97.74566366368212,99.25021170889296,96.84891292144265,97.34710693359376
2023-01-25,95.2248024005236,95.81267528301451,93.4213425238584,94.87606811523438
2023-01-26,96.15145025391288,97.21758520135944,95.03549286145454,97.16776275634766
2023-01-27,96.95852091146214,99.95765113848242,96.95852091146214,99.0110855102539
2023-01-30,97.12790179059655,97.93497360648114,96.05180096819252,96.58985137939452
2023-01-31,96.52011594950132,98.5228505149704,96.47029350481615,98.48299407958984
2023-02-01,98.35346443427652,100.82451016647552,97.22754866378033,100.06725311279295
2023-02-02,105.4178577079184,107.46044862949763,105.22854154766723,107.35084533691406
2023-02-03,102.55821872611254,107.42058950445696,102.20948444110049,104.40153503417967
2023-02-06,102.03012634363638,103.98304578936136,101.51200035898968,102.5283203125
2023-02-07,102.84717223763629,107.7892558852478,102.74753495639422,107.25120544433594
2023-02-08,101.68140584887736,102.7674651991219,97.6858875492638,99.0110855102539
2023-02-09,99.63879824471734,99.66868866789684,93.29180405986752,94.66682434082033
2023-02-10,95.1052274791992,96.40053486436466,93.90956497122862,94.22840881347656
2023-02-13,94.39780010751662,94.85613769042568,93.50104935754784,94.26827239990234
2023-02-14,94.08892331366818,94.50740446777245,91.92676308229196,94.33802032470705
2023-02-15,94.1486963136537,96.76920151646188,93.8099280557692,96.58985137939452
2023-02-16,95.02552246808358,97.32717622276208,94.39779318819902,95.1650161743164
2023-02-17,94.50740269191552,95.2148372777522,92.87332693835305,94.00920867919922
2023-02-21,92.6640865477044,92.76372383007642,91.38871108893322,91.45845794677734
2023-02-22,91.36877693627122,91.7772996668387,90.28271766067176,91.31896209716795
2023-02-23,91.58798498742568,91.6079170048575,89.43579081686464,90.56170654296876
2023-02-24,89.11694514159397,89.5653167008038,88.26005085355271,88.80805969238281
2023-02-27,89.54539489746094,89.8343483380739,89.01730285657956,89.54539489746094
2023-02-28,89.00734406302703,90.90048283015722,88.99737805426645,89.73470306396484
2023-03-01,89.6549980280425,90.70120089545082,89.34611257037564,90.03362274169922
2023-03-02,89.33614986921337,91.94668150969538,89.26639541290174,91.66769409179688
2023-03-03,92.14596493323111,93.39144992442412,92.11606690789932,93.31173706054688
2023-03-06,93.68039333078706,95.62335442791785,93.66046891625142,94.78638458251952
2023-03-07,94.63693816201268,95.32444073148584,93.1921709615657,93.52098083496094
2023-03-08,93.78004108357678,95.61339135052926,93.66047178718708,93.9095687866211
2023-03-09,93.71029636831206,95.18494638161611,91.56806060387984,91.98654174804688
2023-03-10,91.8370812734991,92.45484457781508,90.07347783645488,90.30264282226562
2023-03-13,89.76459425581886,92.23563992279024,89.0970160980626,90.78091430664062
2023-03-14,92.22567394079232,94.0191754416838,92.10611224195785,93.63058471679688
2023-03-15,92.88329469038732,96.57989342190083,92.30538780034908,95.76285552978516
2023-03-16,95.85252039748472,100.82450187867342,95.15505185394971,99.9576416015625
2023-03-17,99.8978642704192,102.46853956549562,99.73843853952351,101.2529525756836
2023-03-20,99.7583752892932,101.38248509019448,99.5092782743296,100.85440063476562
2023-03-21,100.8842886171206,104.72038103429298,100.85439819234284,104.54103088378906
2023-03-22,103.8933786002966,106.20499857159132,102.95677900280212,102.99663543701172
2023-03-23,104.68052407511516,105.91605070653397,104.08269277704916,105.21857452392578
2023-03-24,104.61077914201698,105.10897316654568,103.46493136523353,105.05915832519533
2023-03-27,104.242121909354,104.38161563005596,101.56183558673976,102.08992004394533
2023-03-28,102.0699879214083,102.07994632796544,99.37973579275614,100.66507720947266
2023-03-29,101.91055785677118,102.1197984131208,100.28644824215068,101.02377319335938
2023-03-30,100.54551337622746,100.79461036792142,99.4195901085952,100.52558135986328
2023-03-31,100.93410825723852,103.51474954923272,100.67504524662844,103.35533142089844
2023-04-03,102.0201694850945,104.15243925490958,101.56183190485584,103.9830551147461
2023-04-04,103.95316039228292,105.19864537464468,103.66420696415454,104.3417510986328
2023-04-05,105.3979248868827,105.71676875328583,103.28558712265108,104.09265899658205
2023-04-06,104.87980673804246,108.77568000362449,103.95316556101758,108.02838897705078
2023-04-10,106.59359242866748,107.20138211978892,104.74031012584882,106.0555419921875
2023-04-11,106.16514495942444,106.34449510437418,104.3018966536598,104.96947479248048
2023-04-12,106.1950343273825,106.36441846208496,103.96311974534716,104.26203918457033
2023-04-13,105.45770081878456,107.10174251651073,105.45770081878456,107.04196166992188
2023-04-14,106.50390934187408,108.5465077179774,106.4540869027157,108.4767608642578
2023-04-17,104.28197622280368,105.77655828721112,104.14247490310184,105.58724212646484
2023-04-18,106.10536105037748,106.15518349348778,103.69410379985447,104.12255096435548
2023-04-19,103.20587202176895,104.600816757779,102.69771200755616,103.80370330810548
2023-04-20,103.53468571674718,105.86623010018933,103.4948292826066,104.90969848632812
2023-04-21,105.0890472068993,105.61713164884956,104.40153703055935,105.02926635742188
2023-04-24,105.10897252104596,106.24485428184865,104.32182505490422,105.58724212646484
2023-04-25,105.44774323564162,106.30463751867882,103.46492565414268,103.47489166259766
2023-04-26,104.54103206703503,105.96586727832177,102.2593025271794,103.3354034423828
2023-04-27,104.07272766283153,107.97857455423448,103.16601850003548,107.20138549804688
2023-04-28,106.65337392352426,106.96225177525533,104.71041273525408,106.95228576660156
2023-05-01,106.4540896310021,107.59993734447949,106.43416521593024,106.8127899169922
2023-05-02,106.7530086628134,106.81278950963804,103.33539755232404,104.93958282470705
2023-05-03,105.1488280563767,107.1017476916255,104.58088718082902,105.02926635742188
2023-05-04,105.1089726343614,105.21857592734976,103.59446615227093,104.3118667602539
2023-05-05,104.44139154407344,105.49756040855702,103.73395696485925,105.18868255615234
2023-05-08,104.80008844598916,107.57004582481336,104.78016403112034,107.38072967529295
2023-05-09,107.99849418300556,109.7521391829327,106.80283162959532,106.96224975585938
2023-05-10,107.58002119199466,112.53207111884932,107.54016475695272,111.34636688232422
2023-05-11,114.98317653574632,117.4940709469064,113.99675454584457,116.1489486694336
2023-05-12,116.25855216567884,117.60367444556135,115.69061130964675,117.08555603027344
2023-05-15,115.69060802476172,118.05205025481185,115.5909707479397,116.08916473388672
2023-05-16,116.06923500226898,120.31384997460805,116.00945415536636,119.07833099365234
2023-05-17,119.17797328210968,121.2305301983083,118.4605726817738,120.40352630615234
2023-05-18,120.51312301465028,122.8645992531462,120.39356132235058,122.38633728027344
2023-05-19,123.10374444267283,125.51500165661868,121.70879967695764,122.31659698486328
2023-05-22,122.4959407602368,125.9733326838088,122.2966586030265,124.59832000732422
2023-05-23,123.71153643510983,124.1798324046692,121.768575294327,122.1173095703125
2023-05-24,120.68251681712212,121.46966424621482,119.42706581359634,120.46331024169922
2023-05-25,124.07023343765825,124.86734689781152,121.51948252810746,123.03399658203124
2023-05-26,122.7251109241848,124.80756584445876,122.00771033158968,124.159912109375
2023-05-30,125.18619811737948,125.20613013606504,121.55934610406106,123.22331237792967
2023-05-31,122.30663156557443,123.61189746171073,122.05753455627593,122.42620086669922
2023-06-01,122.37637397359454,123.97059325476,122.1770994141378,123.27312469482422
2023-06-02,123.5421442808356,125.69434597991656,123.3129793010376,124.21968841552734
2023-06-05,123.56207932544066,126.96972449731848,123.39268758623903,125.55485534667967
2023-06-06,125.55485880304526,127.82661471166512,124.90720505794604,126.85015869140624
2023-06-07,126.51138895956268,128.57390426880946,121.67890855069604,122.05753326416016
2023-06-08,121.78851615880586,122.78490422077098,120.80208650413728,121.69883728027344
2023-06-09,121.80843759953775,123.31298566486451,121.46966931562756,121.78851318359376
2023-06-12,122.34648449378062,123.60193551318817,121.2205687806728,123.19341278076172
2023-06-13,124.52858400389016,124.7079341600891,122.73508244190091,123.38273620605467
2023-06-14,122.6553714747957,123.60194471457754,121.01132961777483,123.22331237792967
2023-06-15,122.69521482146682,125.00683462293748,121.95788984735071,124.63816833496094
2023-06-16,125.47514162852602,125.65449177329197,122.83471189796404,123.08380889892578
2023-06-20,122.48598084955104,124.12005661083856,121.6988333935176,122.65536499023438
2023-06-21,121.95789455442348,122.21695756683378,119.6661990792251,120.11457824707033
2023-06-22,119.56656118504849,122.79485620853036,118.40078903793518,122.70518493652344
2023-06-23,120.94157025819976,122.3464809586778,120.6227264087195,121.89810180664062
2023-06-26,120.32380882386585,121.55932773130915,117.84279739930608,117.91254425048828
2023-06-27,116.65711050253054,118.64988653051294,115.68064690401076,117.90259552001952
2023-06-28,116.66706775870844,119.95515121318527,116.42793676622344,119.74591064453124
2023-06-29,118.80930878212835,119.62634667787648,117.87270918572874,118.66981506347656
2023-06-30,119.73595039030788,120.64266716655467,119.25768838235332,119.26764678955078
2023-07-03,118.80930682460853,119.75588001624992,118.39082567554806,119.46692657470705
2023-07-05,118.80930563505716,122.16713600643207,118.79934722815834,121.31024169921876
2023-07-06,119.36728487378151,119.86547887141528,117.9723401600396,119.67616271972656
2023-07-07,119.66620237640888,120.61277557782724,118.96873378743742,119.04844665527344
2023-07-10,117.87269694889396,117.88265535502272,115.72049533854464,116.02937316894533
2023-07-11,115.86996773145336,117.28483694393134,114.93336052794712,116.7168960571289
2023-07-12,118.3708995404575,119.89537199120542,117.98230882171146,118.50042724609376
2023-07-13,120.49320284562856,124.37911762087124,120.01493325406626,124.09016418457033
2023-07-14,124.3492318830343,126.32207596821485,123.04395836616128,124.96698760986328
2023-07-17,125.48510952290584,126.6409156717828,123.7513888968344,124.19976806640624
2023-07-18,124.14994292055287,124.22965578476324,122.5158672134261,123.31298065185548
2023-07-19,124.14994261118204,124.72784947251137,121.36006078730566,121.58922576904295
2023-07-20,120.9814299172462,123.6417840699944,117.79299133737987,118.76944732666016
2023-07-21,120.18432570988016,120.5529844121068,118.30115296021432,119.58648681640624
2023-07-24,121.22056924233992,122.55572553012772,120.5430250898072,121.09103393554688
2023-07-25,120.92164928904084,122.70518473602398,120.5828734132814,121.7685775756836
2023-07-26,129.600198794557,130.50690035010535,127.85651973620853,128.80308532714844
2023-07-27,131.19440695995235,132.75874342754594,128.32480463674472,128.93260192871094
2023-07-28,130.30761859333836,133.256933698894,130.09838563194066,132.1011199951172
2023-07-31,132.25057425134872,133.04768768767389,131.30400869732006,132.24061584472656
2023-08-01,130.30762134379327,132.15094522413256,130.20797646238464,131.07484436035156
2023-08-02,128.9824251800842,129.62011289995053,127.09925244456684,127.91629791259766
2023-08-03,127.50777621513872,128.92264537997931,126.95975976306237,127.9860382080078
2023-08-04,128.81303466574116,131.03497556664055,127.44798802133764,127.6472625732422
2023-08-07,128.6934816156915,131.13462924868435,128.55398789962547,131.05491638183594
2023-08-08,130.148187885622,131.03497254426583,129.0720870857497,130.9253692626953
2023-08-09,131.18444155563853,131.56305863932317,128.53404595147833,129.19166564941406
2023-08-10,130.84569031592892,131.57304935925964,128.982434262809,129.22157287597656
2023-08-11,128.1952826458814,129.46068444854572,127.7070470566833,129.09202575683594
2023-08-14,128.92264146281912,130.8954854266769,128.49420192473363,130.8556365966797
2023-08-15,130.62648839324402,130.9453246851949,128.8130547201368,129.31124877929688
2023-08-16,128.23513793945312,129.8094328699446,127.4081416421522,128.23513793945312
2023-08-17,129.33116767322912,131.51325986348394,128.82300005410565,129.4507293701172
2023-08-18,128.0458137178071,128.78314629564642,125.92351005903534,126.9996109008789
2023-08-21,126.7206297098306,128.26502659218565,126.10286639578614,127.90632629394533
2023-08-22,128.04582105287807,129.8094321339003,127.8565200970956,128.61376953125
2023-08-23,129.70978404287024,132.92812826674933,129.40090619188467,131.89187622070312
2023-08-24,133.46618540825082,133.7651048844821,129.10201578850825,129.31124877929688
2023-08-25,129.07208995110042,130.28768448144152,126.79036820697252,129.41087341308594
2023-08-28,130.8356930932361,132.06124595673748,129.6699210713193,130.53677368164062
2023-08-29,131.76235276638167,136.07671457100213,131.76235276638167,134.0839385986328
2023-08-30,134.29317305416347,135.78775505005075,133.58574609016776,135.3892059326172
2023-08-31,135.51873588106614,137.50155361301168,135.299529289447,135.67816162109375
2023-09-01,136.9634995889822,136.9634995889822,134.36292633084724,135.1699981689453
2023-09-05,134.9507921886889,135.92724816468564,134.09389790666236,135.27960205078125
2023-09-06,135.5286975357515,136.03684993312544,133.18717969715058,133.97433471679688
2023-09-07,133.1074573532688,135.09027476905888,132.46976969851147,134.77142333984375
2023-09-08,134.4227137643466,136.16639282966472,134.36293291469514,135.8874053955078
2023-09-11,136.0467980283053,136.98340509275795,135.29950709862578,136.42543029785156
2023-09-12,135.76782566349192,136.37562296174207,134.70169839168076,134.8511505126953
2023-09-13,134.60205806109118,136.40551799947846,133.66545086125632,136.21621704101562
2023-09-14,137.10300226224282,138.199019999041,135.74791390114632,137.6011962890625
2023-09-15,137.48160863258406,138.01966665352936,135.98702666900658,136.90370178222656
2023-09-18,136.11657319680083,138.65736578516098,136.11657319680083,137.71080017089844
2023-09-19,136.9236261904939,137.91005570496588,136.12651281347675,137.5413818359375
2023-09-20,137.58124746594825,137.58124746594825,133.1373505999044,133.25692749023438
2023-09-21,130.96524483957415,131.75238469211735,129.6001981063206,129.96885681152344
2023-09-22,130.28767811949052,131.55309502689272,129.13187969441304,129.77952575683594
2023-09-25,129.36105343327074,130.6962096792964,128.49420075473788,130.6364288330078
2023-09-26,129.30128398003765,129.88914929190594,126.76049136317812,128.10562133789062
2023-09-27,128.1056261221129,130.4271970305092,128.1056261221129,130.06849670410156
2023-09-28,129.37101273802696,132.81852186678947,129.3211902978825,131.83209228515625
2023-09-29,132.79860168217624,133.56582475847176,129.8891503218669,130.38734436035156
2023-10-02,130.7360789985593,133.9344760337104,130.69621496363905,133.6853790283203
2023-10-03,133.45621581921205,133.7750520844503,131.36379486457568,131.95166015625
2023-10-04,132.31036298398095,135.08033576112487,132.0513075632974,134.75152587890625
2023-10-05,134.58213806152344,135.00061920828836,132.96797911980192,134.58213806152344
2023-10-06,133.52595623463657,137.66097573732085,133.52595623463657,137.08306884765625
2023-10-09,136.4453786655851,138.4381547168922,135.12018076702492,137.92002868652344
2023-10-10,137.9997535339692,139.2153482470968,136.83398126718475,137.56134033203125
2023-10-11,138.07947251437622,140.60033333333632,138.07947251437622,140.0423583984375
2023-10-12,140.54053705772182,140.7099212012559,137.76060589277833,138.46804809570312
2023-10-13,138.87655368835686,139.49430933595497,136.12651328824006,136.8638458251953
2023-10-16,137.6709311895877,139.12566439147554,137.49158864337292,138.5975799560547
2023-10-17,138.12928790413469,139.3946898512302,136.6845129884962,139.21534729003906
2023-10-18,138.94629346243022,140.21171038750475,136.883778358218,137.46168518066406
2023-10-19,137.99973237579405,139.15554605757043,136.88378272645053,137.25244140625
2023-10-20,136.83397661053107,137.3720194831689,134.5921034344683,135.1102294921875
2023-10-23,134.55223997647707,137.16278709122918,133.4661806153915,136.00697326660156
2023-10-24,137.3321530740984,138.85662542242744,136.92363036541585,138.30860900878906
2023-10-25,127.69708818641148,127.84654030313648,124.6182453506459,125.1562957763672
2023-10-26,122.82474750878784,123.88092397604004,120.83197147482018,121.83832550048828
2023-10-27,122.43615619505098,122.86460334434447,119.77580202707922,121.72872161865234
2023-10-30,122.76496724336327,124.94705944350844,122.30662966559456,124.0104522705078
2023-10-31,124.60828431827504,124.91716977612808,122.24684955767498,123.63182830810548
2023-11-01,123.62185498612892,126.0331120462072,123.27312071741297,125.99325561523438
2023-11-02,127.95615168958372,128.5141265655758,126.4715356220548,127.02951049804688
2023-11-03,127.55759664006862,129.06213705409462,127.39817091040808,128.63369750976562
2023-11-06,128.5838633011544,129.86919702018562,128.2052310287806,129.77952575683594
2023-11-07,130.23787758583876,131.43354010302204,129.41087375050458,130.49693298339844
2023-11-08,130.49693213138377,131.7324586731549,130.307615986695,131.36378479003906
2023-11-09,131.4833655819673,132.07123084598703,129.6001928928534,129.7695770263672
2023-11-10,129.63008754377262,132.32033215828918,128.94257737706485,132.111083984375
2023-11-13,131.3040066805253,132.1110785110762,130.77592226785188,131.61288452148438
2023-11-14,133.70530807658145,135.2098484824034,132.83845538225,133.13735961914062
2023-11-15,134.38284027794552,134.5422660015874,133.0875480834585,134.1337432861328
2023-11-16,134.70170405454627,136.72437059690728,133.83485130887016,136.43540954589844
2023-11-17,135.50876870106666,135.56854954878804,133.16725080748287,134.82125854492188
2023-11-20,133.20712252737732,136.1663962897221,133.13736806522817,135.75787353515625
2023-11-21,135.79771375738326,136.6844984687596,135.46891909679343,136.4752655029297
2023-11-22,136.97345661626224,138.91641013353967,136.97345661626224,137.98977661132812
2023-11-24,137.53143003219628,137.63107491048424,135.49880526671663,136.19627380371094
2023-11-27,135.53866503962365,137.92003186771603,135.5087746144586,135.91729736328125
2023-11-28,135.58847237214127,136.75424443468464,134.93085268444804,136.7044219970703
2023-11-29,137.073109098943,137.7904944958527,134.3529588201955,134.50242614746094
2023-11-30,134.5622020587288,135.06039605731448,130.80581505236393,132.05130004882812
2023-12-01,131.38372802734375,131.63282503822498,130.1980238229611,131.38372802734375
2023-12-04,129.41088263563404,129.5603347591654,127.43803098480844,128.80308532714844
2023-12-05,128.4842360834322,131.66271639741683,127.78676748875102,130.51687622070312
2023-12-06,130.9652537936094,131.3638029506084,129.41089079616714,129.55038452148438
2023-12-07,134.55223672357351,138.05952694634925,134.21346843258232,136.43540954589844
2023-12-08,133.71527108675093,135.90732172023704,133.54588694545663,134.50242614746094
2023-12-11,131.90184646110157,132.85837041367114,130.8855264582816,132.8085479736328
2023-12-12,131.3338939218721,132.51959802096323,130.7858775058627,132.0413360595703
2023-12-13,132.89824315365036,133.01780485463578,131.09478321330286,132.09117126464844
2023-12-14,132.89822572093507,133.23699396507317,129.22155186116376,131.4634246826172
2023-12-15,131.14457683804127,133.02774945143423,130.70616370837544,132.1210479736328
2023-12-18,132.15094586950747,136.6546087020942,131.95165610571698,135.3094940185547
2023-12-19,136.34573400445132,136.9734633268152,135.58848457703954,136.1564178466797
2023-12-20,138.46804609813597,141.18818116993648,137.57130295032147,137.84031677246094
2023-12-21,138.98616251214816,140.18182502770122,138.6772694723545,139.9127960205078
2023-12-22,140.261542298475,141.47713686854152,140.20176145136915,140.97894287109375
2023-12-26,141.078574093363,142.16463337081103,140.68002497250987,141.0088348388672
2023-12-27,141.07857062773616,141.56680621191086,139.38471410020873,139.86297607421875
2023-12-28,140.27149664668124,140.63019692261247,139.24521825792567,139.72348022460938
2023-12-29,139.12565921696174,139.8530181890156,138.27872334820412,139.18544006347656
2024-01-02,138.0495612625078,138.94630438637614,135.9870307924664,137.67092895507812
2024-01-03,136.7542468301381,139.12565502832445,136.58486270222102,138.418212890625
2024-01-04,137.92002048142746,138.65735304986882,135.85750529693797,135.89735412597656
2024-01-05,136.25606616421598,136.66458891457754,134.66183919892327,135.23974609375
2024-01-08,135.79770863307002,138.50788510563882,135.76781821050795,138.3385009765625
2024-01-09,137.9997548525819,140.97896080972643,137.6510129285237,140.44090270996094
2024-01-10,140.4907073459037,142.48348333662574,140.40103607520302,141.76608276367188
2024-01-11,142.97172905920294,144.6954761563001,140.1320169897214,141.5668182373047
2024-01-12,142.15466712346748,142.68275152112463,141.3077464874483,142.13473510742188
2024-01-16,141.4870909621475,143.82860876024412,140.93907454092556,141.97532653808594
2024-01-17,140.83946844078756,141.3276888947719,138.39830535616042,140.9590301513672
2024-01-18,141.5369186712633,143.68912040365055,141.47713782375382,142.9617462158203
2024-01-19,144.21721204550573,145.9210270994899,143.85851173882352,145.85128784179688
2024-01-22,146.56868356917025,147.85401742312334,145.31322493579674,145.4626922607422
2024-01-23,145.36305566912128,146.6483895963913,144.97446492797684,146.50889587402344
2024-01-24,148.00347709209575,149.30875823368288,147.56507911278618,148.16290283203125
2024-01-25,149.52795540200455,152.4971874037259,148.99985577128933,151.32144165039062
2024-01-26,150.55423005590535,151.98901597789123,150.4645435827961,151.64028930664062
2024-01-29,151.51076103072688,153.22454965433968,150.88303170821908,152.9555206298828
2024-01-30,152.24808962231998,153.0651198773838,150.6439043322597,150.91293334960938
2024-01-31,143.10123840478371,143.47987070654617,139.3647834384674,139.59396362304688
2024-02-01,141.60667053706408,142.5432777745924,140.2814725524416,140.650146484375
2024-02-02,138.75699680595707,142.1048613208855,136.00697121299544,141.86573791503906
2024-02-05,142.30413171637227,144.94455365415317,142.26426768504354,143.1610107421875
2024-02-06,144.12753009117665,144.83497231956045,142.67281200439112,143.57952880859375
2024-02-07,144.23713126730334,145.09402561403104,143.41012734632514,145.01431274414062
2024-02-08,145.30326748025513,145.8014614926525,144.5759084791839,145.3829803466797
2024-02-09,146.15019488835944,148.90023569338922,145.65200085309178,148.46182250976562
2024-02-12,147.88390077456958,148.80057588309657,146.8376903646867,146.9971160888672
2024-02-13,144.39654659834972,146.14022559186256,143.17099361993803,144.61575317382812
2024-02-14,145.5523660312579,145.9907791994086,143.5695483675491,145.41287231445312
2024-02-15,142.62297693010822,143.00160923320863,139.9526644025084,142.2543182373047
2024-02-16,142.47353083877866,142.6728054053805,139.6338188527591,140.012451171875
2024-02-20,139.15555724494791,141.56681447608818,138.9861731026745,140.6102752685547
2024-02-21,140.93907760734248,142.17460418355395,140.17185460093927,142.0351104736328
2024-02-22,144.40651186833028,144.47626632914975,142.28421567385627,143.56954956054688
2024-02-23,143.15105667715588,144.15740304546077,142.91191809295157,143.4400177001953
2024-02-26,141.6266058914734,141.92552536635725,136.89376235078677,137.0731201171875
2024-02-27,137.52146272824896,138.74701559279427,136.59481407188093,138.37835693359375
2024-02-28,137.4019042655953,137.511507557848,134.92090778300894,135.8874053955078
2024-02-29,136.7841540649648,138.35844905187955,135.90732769157543,137.95989990234375
2024-03-01,137.9299871846384,138.36840034880373,136.42544673822982,136.6446533203125
2024-03-04,135.17000103766665,135.17000103766665,131.43354600148837,132.86834716796875
2024-03-05,131.403656057557,132.75874436377524,130.1980198718621,132.1907958984375
2024-03-06,132.63915773615787,133.09750287827276,130.37736805851614,130.9253692626953
2024-03-07,132.31035434571908,134.4525976438854,131.1346238166757,133.89462280273438
2024-03-08,133.72523591626486,137.59121089480263,133.51598775330365,134.9208984375
2024-03-11,135.6382987137455,138.59757218986644,135.6382987137455,137.1727294921875
2024-03-12,136.53504899669008,138.87656692228538,136.53504899669008,137.99974060058594
2024-03-13,138.4979249071936,140.58037207166473,138.48796650102636,139.28506469726562
2024-03-14,140.68002514056542,143.07135027588964,139.95266615248607,142.5831298828125
2024-03-15,141.98528334139613,142.66281985185842,139.52420388051803,140.6700439453125
2024-03-18,148.07322469496503,151.6004316065011,146.63842350936574,147.14657592773438
2024-03-19,147.6248552319126,148.25256935681344,145.55236629021525,146.49893188476562
2024-03-20,147.46542618481558,148.3223204856581,146.20998275953795,148.2027587890625
2024-03-21,148.93012002291613,149.82686316822054,146.36939548869665,147.06687927246094
2024-03-22,148.58138391432624,151.0325052525323,148.44189019287876,150.22543334960938
2024-03-25,149.3984187966953,149.8368319482388,147.28608110690303,149.5279541015625
2024-03-26,149.67740663878985,151.71003147002185,149.43826804536724,150.1257781982422
2024-03-27,150.63392055153534,151.09226569075258,148.3621572785026,150.32504272460938
2024-03-28,150.3051442537394,150.88303594669563,149.6275924700879,150.3848419189453
2024-04-01,150.14570981418507,155.1774722435792,150.0659969499238,154.92837524414062
2024-04-02,152.9455554136123,154.14121795265817,151.60042555488943,154.00172424316406
2024-04-03,153.04520359621367,154.5198535860717,152.17833569366672,154.3604278564453
2024-04-04,152.9455714438344,154.21098857209273,149.90658473597423,149.98629760742188
2024-04-05,149.48809334917573,152.86584812713113,149.05965379855488,151.9491729736328
2024-04-08,152.22814958014885,154.70916104563747,152.0587654533173,154.29067993164062
2024-04-09,155.5261951959325,157.98727470773983,154.6294521008992,156.03436279296875
2024-04-10,155.6457737437859,156.04432285610454,154.12128614016555,155.57601928710938
2024-04-11,156.34324327992178,159.10322706769728,155.89487172481208,158.83421325683594
2024-04-12,157.3894585118247,159.64128996632022,156.57241303671086,157.1602783203125
2024-04-15,158.28621151267316,158.664843849483,154.0316301401818,154.3006591796875
2024-04-16,153.63306745005346,155.0877854093437,152.8758028431647,153.84230041503906
2024-04-17,155.05789938771466,156.5126325919776,154.02166253265213,154.908447265625
2024-04-18,154.7789092868179,156.37313617874938,154.06150870581618,155.4464874267578
2024-04-19,155.63579594687147,155.79522166897988,151.74988899343913,153.53341674804688
2024-04-22,153.75262956404245,157.0706034223683,153.50353256450154,155.71551513671875
2024-04-23,156.3930622954958,158.39579663975618,155.71551057070164,157.6883544921875
2024-04-24,156.92116100653016,158.99364999529317,156.60230952963957,158.55523681640625
2024-04-25,150.7833934385234,155.92475901649166,150.32504828236043,155.4365234375
2024-04-26,173.7401911350597,174.0789746497095,169.03723800547138,171.3289337158203
2024-04-29,168.44935854969052,168.93759415954082,164.6132737420375,165.54986572265625
2024-04-30,165.01182715214094,167.49283889377236,162.01270456618366,162.19204711914062
2024-05-01,163.7065405648681,166.51634663228762,162.50090447534802,163.26812744140625
2024-05-02,164.1947661575407,166.12776124334462,163.2980230699924,166.01815795898438
2024-05-03,166.95476152926307,167.35332582922285,162.46105737339033,166.63592529296875
2024-05-06,166.85515585993315,167.53269246182137,165.43031298857602,167.4928436279297
2024-05-07,167.8913723019788,171.13959159841556,167.78176901755162,170.63143920898438
2024-05-08,168.38958665601007,169.53542687427006,168.1305312267856,168.76821899414062
2024-05-09,168.77816664131814,170.07347411221014,167.57253044363202,169.3461151123047
2024-05-10,167.42309201857475,169.23652566691624,165.58974155478566,168.0408477783203
2024-05-13,163.6666896221682,168.66856170690536,163.40763421198423,168.52906799316406
2024-05-14,169.15679818060167,170.63144819115178,168.19030058623227,169.7247314453125
2024-05-15,170.01370260740424,172.02639557823605,169.89412569954976,171.88690185546875
2024-05-16,172.66407281675458,174.48746471273262,172.06624912861932,173.5508575439453
2024-05-17,173.55085792394885,175.633320439319,173.06263752478722,175.424072265625
2024-05-20,175.5536163084611,178.12429935090404,175.44401301272487,176.28097534179688
2024-05-21,176.2610303253048,177.50651531969976,175.1749710590742,177.20761108398438
2024-05-22,176.00197532798722,176.51012773355615,174.5771477888585,175.742919921875
2024-05-23,176.43043151758943,177.60616206688846,172.3253025944312,172.9231414794922
2024-05-24,174.34796706352915,175.13512209343563,173.02276920607682,174.35794067382812
2024-05-28,173.81989422193843,176.62971585206563,173.7401813526077,175.76284790039062
2024-05-29,174.7963448469939,176.20125561851225,174.08891785958235,175.2646484375
2024-05-30,174.56719314282105,174.5871251619717,171.1695060522383,171.4883575439453
2024-05-31,171.23923492299636,172.43489743083498,168.82797789114755,171.87692260742188
2024-06-03,171.91678057614513,173.89959818960278,170.5417754606809,172.5445098876953
2024-06-04,172.65410956169362,173.22205801333217,171.26913086477708,173.16226196289062
2024-06-05,174.56719528698295,176.01195501779563,173.30177811970134,174.7764434814453
2024-06-06,175.2646404353294,176.51012541626176,175.11518831908717,176.09164428710938
2024-06-07,176.41050588192562,177.2275361704782,173.67043876634654,173.82986450195312
2024-06-10,174.5381083622753,176.62294579014605,172.33355678991887,174.5780029296875
2024-06-11,175.7850144566034,176.4034791591506,173.3410651546964,176.18402099609375
2024-06-12,177.80999118579393,179.96466289474736,175.67527436890197,177.3511199951172
2024-06-13,175.67528254711183,176.3037322967602,174.44832299786256,174.72763061523438
2024-06-14,173.78994381015124,176.62292969308552,173.72010929713878,176.3535919189453
2024-06-17,175.02688536504445,177.91972065432515,174.37848075115542,176.802490234375
2024-06-18,176.70274924653248,176.95213214968163,173.6702598415333,174.65780639648438
2024-06-20,174.93711009387113,176.8523689204245,174.55805843997848,175.8648223876953
2024-06-21,176.5630868470822,180.40358945734675,176.1740501459251,179.1865997314453
2024-06-24,179.715285228895,180.4434789884633,178.22895776023654,178.77760314941406
2024-06-25,179.17661159493576,183.8350820927234,178.97710832976765,183.5757293701172
2024-06-26,182.179187278342,184.05453619494568,182.02954841692076,183.4261016845703
2024-06-27,183.72535675600184,185.5907511371848,183.56576327329063,184.95233154296875
2024-06-28,183.86503542704605,184.6730336035256,181.51086019599327,181.70037841796875
2024-07-01,182.57820938644684,183.4261173435166,180.85248396281747,182.53831481933597
2024-07-02,181.600617357914,185.11193259145267,181.11182143055515,184.78274536132807
2024-07-03,184.3937212610164,185.63065069620225,183.54581331756708,185.361328125
2024-07-05,185.4012116474977,190.38886932097915,185.34136219079565,190.1295166015625
2024-07-08,189.43123257522203,189.70057035182427,187.31647058991524,188.5633850097656
2024-07-09,189.8402381541788,190.88764938829925,188.2541665482638,188.51351928710935
2024-07-10,188.6830810780451,191.27666912067292,188.56338216630397,190.70806884765625
2024-07-11,189.38137232601392,190.38887371973013,184.62314253366375,185.1119384765625
2024-07-12,184.6231442745435,186.6481321381669,184.03460430299504,184.61317443847656
2024-07-15,184.46352323598356,187.77533512360395,184.46352323598356,186.06954956054688
2024-07-16,186.8975144333893,188.2142481828392,182.91735801356307,183.46600341796875
2024-07-17,182.5183493766844,183.09691950366312,179.4559202044025,180.5731658935547
2024-07-18,181.4809126994732,182.04951300513557,176.03439880682015,177.2513885498047
2024-07-19,178.4384558228494,179.84496379774254,176.6927755390493,177.22146606445312
2024-07-22,180.14422170027328,182.24901391161868,179.78510972796855,181.2215576171875
2024-07-23,181.60063077483176,183.15677763502865,181.09187991745063,181.3412628173828
2024-07-24,173.17147948125148,175.7550824876713,171.39587457774786,172.20387268066406
2024-07-25,172.09415162233938,172.9919239516059,166.77730649977468,166.86708068847656
2024-07-26,166.73739219847286,167.67507428919038,163.65502336750666,166.5877685546875
2024-07-29,168.41325743181997,170.00929881723164,167.57533456289457,169.1115264892578
2024-07-30,169.81977976349475,170.80732627515368,168.0242198953097,169.86964416503906
2024-07-31,172.8123777659636,173.81987919012954,169.59033977786405,171.11656188964844
2024-08-01,169.82975009576955,173.62037311276333,168.46313671318876,170.33848571777344
2024-08-02,166.0291532919356,168.09403568140388,164.26351818998194,166.2486114501953
2024-08-05,155.1161596756341,164.02410932064197,154.54755937261288,158.85690307617188
2024-08-06,158.9367028046725,160.17364739940209,156.02391252139645,157.89926147460938
2024-08-07,160.8519639234384,162.57768925896593,158.07882740651024,158.54766845703125
2024-08-08,160.11378318649506,163.2859414220711,159.81453589918704,161.63003540039062
2024-08-09,159.61502198985195,163.38569012929312,158.66737003691415,163.2659912109375
2024-08-12,163.94431682299714,164.49294700024495,161.44050288346338,161.88938903808594
2024-08-13,163.0066273700011,164.32336104553403,162.56771107111587,163.75477600097656
2024-08-14,161.9991088123198,162.81709194492808,157.32069888325617,159.97412109375
2024-08-15,160.10381193490807,161.24099727999334,159.21600947445663,160.90184020996094
2024-08-16,161.07141184942105,164.65254626638267,160.73225479390817,162.5577392578125
2024-08-19,164.87200724527577,166.27853033162688,163.85452084013636,166.25857543945312
2024-08-20,166.48801110675902,168.2237214990038,166.4082219766287,166.76731872558594
2024-08-21,164.7423285347124,166.43814433776538,164.26351765512456,165.44061279296875
2024-08-22,166.84711081705245,167.17629803386515,162.906864492798,163.39566040039062
2024-08-23,164.31339409733906,165.7697816007338,163.42559164849283,165.21116638183594
2024-08-26,165.96930557266754,167.13641566956838,164.05404680689762,165.74984741210938
2024-08-27,165.43063885798506,166.02916391355154,164.05405558398127,164.27349853515625
2024-08-28,164.63261000175098,165.19124048836477,161.13127953483584,162.44802856445312
2024-08-29,163.90441474074623,165.56032084961527,159.85443888061718,161.3806610107422
2024-08-30,162.21858134242328,163.2560227137605,161.2908842753107,162.97671508789062
2024-09-03,161.32081125226367,161.45049523076827,156.0937401989441,156.97157287597656
2024-09-04,156.2733005844292,158.60752082271256,155.57503152440304,156.06381225585938
2024-09-05,155.9141855757843,159.05640389536052,155.59496817105187,156.85186767578125
2024-09-06,156.91171078806016,157.44040127478374,150.17837304317212,150.54745483398438
2024-09-09,152.3354019943942,153.2243825181643,147.05146466034253,148.53976440429688
2024-09-10,150.27776654607942,151.0968351518263,148.17018139774882,148.4898223876953
2024-09-11,149.7483678165099,151.3265608410383,147.35112146407118,150.98695373535156
2024-09-12,153.623943613462,154.64278025669208,152.4752509078758,154.51292419433594
2024-09-13,155.25206445570748,158.19869964127616,155.0323303223496,157.27975463867188
2024-09-16,157.12991739820075,158.06884377455685,156.42073870376782,157.87905883789062
2024-09-17,158.83795940795798,160.36620665654814,158.1986926846348,159.1376190185547
2024-09-18,159.67700574881235,160.31627251867317,158.41845358227067,159.62705993652344
2024-09-19,163.52260155578028,163.602496564332,161.15530422207948,161.9543914794922
2024-09-20,163.31283190595235,163.5425643438158,161.87447792027933,163.40272521972656
2024-09-23,164.16185660339156,165.30055091054933,161.4849167682097,161.6647186279297
2024-09-24,162.84336059885683,163.03314552379246,160.50604310941137,162.1042022705078
2024-09-25,161.28514863352729,162.62361092925534,161.11534508030692,161.3051300048828
2024-09-26,163.4526630547652,163.89216177797897,162.0942193836139,162.543701171875
2024-09-27,162.6236194767887,165.51031051590132,162.44383284910126,163.76231384277344
2024-09-30,163.1330385549028,165.9597853581085,163.0730944402025,165.66014099121094
2024-10-01,167.49803900926474,168.9663574434244,164.39159857770997,166.79884338378906
2024-10-02,166.22949200998104,167.32823890222443,164.54142416704428,165.67013549804688
2024-10-03,164.22179840650557,166.4492413884297,163.73235383790225,165.67013549804688
2024-10-04,167.8676144263969,168.03741799352926,165.29056599793975,166.86875915527344
2024-10-07,167.52800594767675,168.2871304607625,162.56369407072728,162.79342651367188
2024-10-08,163.75233474045888,164.54142369438745,162.68355229004484,164.19183349609375
2024-10-09,163.26288934163853,164.65129754460094,159.5571448589351,161.67471313476562
2024-10-10,160.6858334406201,162.88332710504665,160.21637027061266,161.8944549560547
2024-10-11,161.94440120303656,163.7123639633056,161.05542066959453,163.05313110351562
2024-10-14,163.45266773305087,166.03969909717978,163.21293699316715,164.7711639404297
2024-10-15,165.6002081913426,167.48804403838992,164.44154766375664,165.27059936523438
2024-10-16,164.3416483401979,165.61019873881125,163.55255942155696,164.97093200683594
2024-10-17,165.54026682623436,166.179533539939,162.5736656844729,162.74346923828125
2024-10-18,163.0031929718876,164.52145724074808,162.89331828319396,163.23292541503906
2024-10-21,162.76345865438105,164.3116873279236,162.43383459552447,163.88218688964844
2024-10-22,162.79342721641044,165.5802419476502,162.79342721641044,164.95095825195312
2024-10-23,164.57138759989343,165.63018698109346,161.74462537741965,162.59365844726562
2024-10-24,162.64359660721192,163.14302421507978,160.82567279873874,162.53372192382812
2024-10-25,163.48263605894513,165.4004362996681,163.2329222477887,165.080810546875
2024-10-28,168.55681917401554,168.55681917401554,163.76231104702376,166.52914428710938
2024-10-29,167.5379836387061,170.18495914581706,166.89871690047832,169.48574829101562
2024-10-30,180.47314972890095,181.8116272766613,173.86073320012326,174.26028442382812
2024-10-31,172.93181542068857,176.61759375547854,170.80424884729752,170.91412353515625
2024-11-01,169.87531325104803,172.1227374784499,168.68667310994414,171.09390258789062
2024-11-04,169.7354619545759,170.53454918701203,167.81766174152193,169.0462646484375
2024-11-05,169.2360421349021,170.33478903527796,168.64672117984685,169.5457000732422
2024-11-06,173.60104838470335,176.73745331219902,173.30138875645662,176.3079376220703
2024-11-07,177.20691786224168,180.8727148897729,176.9871684826014,180.5430908203125
2024-11-08,180.44319843386415,180.69291225137096,177.87614831538193,178.14584350585938
2024-11-11,178.37557658568522,180.3433226939525,178.26570189593804,180.1435546875
2024-11-12,179.61415166757834,182.28109325658863,179.18463600062077,181.41207885742188
2024-11-13,180.25342505699032,180.75285268181247,178.3356095653103,178.67523193359375
2024-11-14,178.0759037938209,178.6152941368307,174.12044573791286,175.37899780273438
2024-11-15,173.5311122159291,173.9406465119526,171.02399111342126,172.29254150390625
2024-11-18,173.2214668063966,175.23915857623498,172.70205783527248,175.0993194580078
2024-11-19,173.52113492372038,178.66523335503967,173.3613144261031,177.9160919189453
2024-11-20,177.13697761802752,177.47658472831748,173.58105554247194,175.77853393554688
2024-11-21,173.70092179220046,173.93066947333787,163.51260129552497,167.4381103515625
2024-11-22,165.66014438880168,166.26944668285782,163.7123645160949,164.57138061523438
2024-11-25,165.8998571680873,168.43695792128975,165.4204109377555,167.45806884765625
2024-11-26,167.43810706347386,169.62560245554164,167.38816125371517,168.9263916015625
2024-11-27,168.80653770105775,169.28598395476882,167.8276638210122,169.03627014160156
2024-11-29,168.30710998168675,169.236038050321,166.96864760176737,168.756591796875
2024-12-02,168.5767985152317,171.88300683066288,168.37703052095557,171.29368591308594
2024-12-03,171.29368202779142,172.4823069012363,170.65441531581507,171.1438446044922
2024-12-04,170.95406461457648,174.70976999200622,170.86417130279446,174.17037963867188
2024-12-05,175.15925501840792,175.858450636237,172.13272486876673,172.44236755371094
2024-12-06,171.83306973436635,174.8795813358406,171.6632661685559,174.510009765625
2024-12-09,173.9600067138672,176.25999450683594,173.64999389648438,175.3699951171875
2024-12-10,182.8500061035156,186.3600006103516,181.0500030517578,185.1699981689453
2024-12-11,185.30999755859372,195.6100006103516,184.8500061035156,195.3999938964844
2024-12-12,195.0,195.17999267578125,191.7100067138672,191.9600067138672
2024-12-13,191.00999450683597,192.72999572753903,189.63999938964844,189.82000732421875
2024-12-16,192.8699951171875,199.0,192.6199951171875,196.66000366210935
2024-12-17,197.25,201.4199981689453,194.97999572753903,195.4199981689453
2024-12-18,195.22000122070312,197.0,187.7400054931641,188.3999938964844
2024-12-19,191.6300048828125,193.02999877929688,188.3800048828125,188.50999450683597
2024-12-20,185.77999877929688,192.88999938964844,185.22000122070312,191.41000366210935
2024-12-23,192.6199951171875,195.1000061035156,190.1499938964844,194.6300048828125
2024-12-24,194.83999633789065,196.1100006103516,193.77999877929688,196.1100006103516
2024-12-26,195.1499938964844,196.75,194.3800048828125,195.6000061035156
2024-12-27,194.9499969482422,195.32000732421875,190.6499938964844,192.75999450683597
2024-12-30,189.8000030517578,192.5500030517578,189.1199951171875,191.2400054931641
2024-12-31,191.0800018310547,191.9600067138672,188.50999450683597,189.3000030517578
