Date,Open,High,Low,Close
2017-11-09,177.63146810918818,178.71731664479552,176.41610940302652,178.61770629882812
2017-11-10,177.67131703133026,178.4184629983237,177.2828017365226,177.78089904785156
2017-11-13,176.8245350687115,178.3586680085953,176.62529919610256,178.08970642089844
2017-11-14,177.45214900464077,178.28894882066714,176.50575197383594,177.3923797607422
2017-11-15,175.98774279464692,177.89047814082667,175.72872246854965,177.2728271484375
2017-11-16,178.07974234606152,179.1456778711266,177.82073722068955,178.90658569335938
2017-11-17,178.61767853156263,179.29508350144124,178.21919160746768,178.31881713867188
2017-11-20,178.18932467446635,178.81693214175803,177.42226577080248,178.05982971191406
2017-11-21,178.46825939327297,181.19783811363592,178.3088798072475,181.1679534912109
2017-11-22,180.61008851197516,181.0384449042813,179.7533605266391,180.1817169189453
2017-11-24,179.71349419979205,182.4530292650372,179.60391218915333,182.08444213867188
2017-11-27,181.86529863614103,183.0308445894964,181.2974755720203,182.33351135253903
2017-11-28,182.81166327148765,183.54885273846415,181.39706878138924,181.72581481933597
2017-11-29,181.19783191384903,181.27752930449665,173.3378572698156,174.46356201171875
2017-11-30,176.1770217209363,177.6015727076885,174.5332915046184,176.50575256347656
2017-12-01,175.36013900968155,176.80461817897452,171.68417840320356,174.43368530273438
2017-12-04,175.61913970137238,175.89808817460275,170.14006939027533,170.81748962402344
2017-12-05,169.80136945185134,174.71261681874176,168.3668467710499,172.1723175048828
2017-12-06,171.8435643893867,176.09731948583655,171.24584156339532,175.3900146484375
2017-12-07,175.13100239596164,179.70353166612276,175.13100239596164,179.45448303222656
2017-12-08,180.83918803077523,181.5863339126412,178.05981203855157,178.31881713867188
2017-12-11,178.61769341813292,179.5341906188523,178.1195961220426,178.35867309570312
2017-12-12,177.9203643962386,178.4981438965518,175.9279751653769,176.28660583496094
2017-12-13,176.6252959331518,178.47821839555743,176.57548316573912,177.62149047851562
2017-12-14,177.61154083465354,179.67367109567982,177.00386147857915,177.71116638183594
2017-12-15,178.3387799453891,179.8031873745132,177.68128779338952,179.49435424804688
2017-12-18,180.3211764340672,180.61008137624304,179.06597672870208,180.1319122314453
2017-12-19,179.26521709877142,179.39472726235306,177.54180467900662,178.82688903808594
2017-12-20,179.12575029778705,179.12575029778705,176.68507654471523,177.2130584716797
2017-12-21,177.2628753392561,178.00004963884328,176.3762627243596,176.7747344970703
2017-12-22,176.46591129795144,176.85442658493963,175.55937056140456,176.5256805419922
2017-12-26,175.95784587786764,176.3264329922078,174.00529789765872,175.32028198242188
2017-12-27,175.87817140811242,177.76097871974054,175.58926644242612,176.944091796875
2017-12-28,177.27281980155624,178.25905789316613,177.00384301280394,177.24293518066406
2017-12-29,177.32263085172073,178.1694023040545,175.7884979248047,175.7884979248047
2018-01-02,177.00384115162942,180.8890090347099,176.87434619603252,180.7296142578125
2018-01-03,181.1878783978132,184.07683665251065,180.63996832861932,183.96725463867188
2018-01-04,184.196393630279,185.5014214536247,183.3994500322409,183.62857055664065
2018-01-05,184.883746903258,186.1887593599961,184.2262548377994,186.1389617919922
2018-01-08,186.48763032230468,188.18115814068648,185.62094586481973,187.5635223388672
2018-01-09,187.98190309105112,188.0815286234497,186.38800097772756,187.15505981445312
2018-01-10,186.2286140788675,187.17499587377387,184.92360163317613,187.12518310546875
2018-01-11,187.68305796444764,187.68305796444764,186.6669504093632,187.0554656982422
2018-01-12,177.3824111890314,180.7893949573534,176.72491909319987,178.6874237060547
2018-01-16,180.80933241022748,181.0583810774592,177.3624921674218,177.71116638183594
2018-01-17,178.57783527169502,178.63761971521384,175.13101053086947,176.92416381835938
2018-01-18,177.452155728844,180.29130132667245,176.40614831881294,179.1157989501953
2018-01-19,180.1618000582648,181.6760049105177,179.48437982375307,180.60011291503903
2018-01-22,180.11199493241577,184.68452470672835,179.72347962873022,184.6645965576172
2018-01-23,185.3420103118217,188.8286914483488,184.84391300660357,188.62945556640625
2018-01-24,189.16740495209208,189.93447910287225,185.81023378421256,185.84011840820312
2018-01-25,187.23476845525173,187.90221700042235,185.88991489136103,186.7665557861328
2018-01-26,187.03553964715252,189.2769775390625,186.09911427352773,189.2769775390625
2018-01-29,188.031741284838,188.12139515568745,184.9236188229309,185.27227783203125
2018-01-30,186.90602576620643,187.46389230942935,181.14802220108996,186.40792846679688
2018-01-31,187.65318157655145,189.10763245557737,184.5151745056574,186.17881774902344
2018-02-01,187.5037465712109,194.5767342263678,187.175000533081,192.35520935058597
2018-02-02,191.3092052354776,193.4709609047336,189.25704678151223,189.555908203125
2018-02-05,186.2186580293034,189.88466223389065,179.92271576592665,180.5702362060547
2018-02-06,177.89047097464808,185.06306881081963,177.06362766065268,184.6048126220703
2018-02-07,183.44924843408623,184.37571741203564,179.26523372261363,179.49435424804688
2018-02-08,180.32118641096724,181.1480297866981,170.82745270272727,170.9270782470703
2018-02-09,174.09496578158814,176.22682165377913,166.54380876120825,175.43983459472656
2018-02-12,176.3862136477638,176.87435447458842,171.18607661369526,175.7386932373047
2018-02-13,174.95169074463877,175.30036493484212,172.4412912977784,172.4910888671875
2018-02-14,172.78994470581395,179.1257427636226,172.55086773805843,178.83685302734375
2018-02-15,179.81314597707163,179.81314597707163,176.16706967362848,179.27520751953125
2018-02-16,178.30887590547454,179.19548848636992,175.6291100147,176.68507385253906
2018-02-20,175.1011329801002,177.27282995989836,174.44364088135035,175.3402099609375
2018-02-21,176.0375711159835,180.58021648982165,175.72873799214543,177.23300170898438
2018-02-22,178.0199787096655,179.52424234099507,176.7348943154028,178.3088836669922
2018-02-23,179.21541472106438,182.6921395851913,178.8268994085123,182.59251403808597
2018-02-26,183.87759833987133,184.9534903158545,182.52277309612091,184.22625732421875
2018-02-27,183.74809770906293,183.99714636825132,180.7694854736328,180.7694854736328
2018-02-28,181.6062840869702,182.1840787964501,177.46211077804614,177.6414337158203
2018-03-01,178.32880228417173,179.43457897515495,173.74631592569682,175.27049255371094
2018-03-02,172.63054631191503,176.4360167767129,172.33170010847851,175.9478759765625
2018-03-05,175.5294717648366,180.4606316093951,175.22065389508182,179.71348571777344
2018-03-06,181.08826024954973,181.68598311320028,178.4284223876801,179.0958709716797
2018-03-07,178.05983668120504,183.12050731217028,177.3923880917863,183.01092529296875
2018-03-08,182.86149214262045,183.6982920215918,180.75952076997663,181.6461334228516
2018-03-09,183.2101318885653,184.80403394851749,182.51279878729116,184.5251007080078
2018-03-12,184.52512797769288,185.39182764660143,183.51897686864243,184.05691528320312
2018-03-13,184.9036831280748,185.2822419460675,180.42080735985,181.18788146972656
2018-03-14,181.90512903701625,183.54884394730013,181.1579831322104,183.48907470703125
2018-03-15,182.5427035690779,183.29980599112872,181.49669620126647,183.16033935546875
2018-03-16,183.78794300891505,184.6247428055396,182.71205104151656,184.3856506347656
2018-03-19,176.33641409740173,176.4958088937093,169.4128641404891,171.90335083007812
2018-03-20,166.83271154279652,169.55231855543016,161.33371307268345,167.51011657714844
2018-03-21,164.17287741893617,172.7401420828321,162.67858547980882,168.7454071044922
2018-03-22,165.49782961922745,169.62207505035863,163.09699675502063,164.26254272460938
2018-03-23,164.8104272781994,165.9660165938139,158.41486014972406,158.783447265625
2018-03-26,160.20804546562906,160.4869787769146,148.452944487432,159.450927734375
2018-03-27,155.71516377059922,162.2302844765021,150.176324643716,151.64073181152344
2018-03-28,151.07290890582976,155.28682311702593,150.22615259442617,152.44766235351562
2018-03-29,154.55957332944556,160.8057172111652,153.55342233890283,159.18191528320312
2018-04-02,157.20944910578766,158.59415883067612,153.52353255471314,154.7986602783203
2018-04-03,155.95427350709147,156.79107335423703,150.2361108168157,155.5159454345703
2018-04-04,151.4514563169926,154.9680218646766,149.93723634382496,154.50978088378906
2018-04-05,160.94519578754534,160.95516746192422,156.05387669459256,158.733642578125
2018-04-06,157.1297733149107,160.80573389853478,156.21327608767294,156.60179138183594
2018-04-09,157.21944319358508,159.91912211801616,155.4462027743921,157.32901000976562
2018-04-10,157.32899768337734,165.34836683563975,156.412500523222,164.4119415283203
2018-04-11,164.73073453813575,168.008207981833,162.62876338951344,165.6870880126953
2018-04-12,166.34458018737425,166.81279289396088,162.47935524035324,163.2464141845703
2018-04-13,163.9537053997648,165.06943846240648,163.1467902240527,163.89393615722656
2018-04-16,165.0893867218656,165.1491559716851,162.76825124928396,164.20277404785156
2018-04-17,165.19894087144104,168.35687571008194,165.02958962528675,168.01817321777344
2018-04-18,166.24495414178227,167.48022567592855,165.13917756480512,165.7269287109375
2018-04-19,165.5675331021251,167.6894323826201,164.57133854049894,167.46031188964844
2018-04-20,167.1514803856669,167.78904430310047,165.17901939121973,165.64723205566406
2018-04-23,166.63347425709495,167.80897658351972,164.46176213437764,165.2089080810547
2018-04-24,164.80046855255122,165.46793232403024,157.58802923824078,159.0823211669922
2018-04-25,159.5306057054729,160.44710293102028,155.59563999990553,159.0823211669922
2018-04-26,172.5608432478179,175.59924005425344,170.15005395242173,173.4972686767578
2018-04-27,176.1371605933562,176.4260655328714,171.94318993977927,172.92941284179688
2018-04-30,173.12867133810218,175.05133502584405,171.05659972541417,171.34548950195312
2018-05-01,171.34547220054188,173.35778956049498,169.58220349204308,173.19839477539062
2018-05-02,173.58692749427937,177.40235504177002,173.5371147188419,175.40000915527344
2018-05-03,174.4635800531363,175.44980306285004,171.46502432273917,173.35780334472656
2018-05-04,172.42136155748952,176.306514380368,172.40143340947594,175.93792724609375
2018-05-07,176.67513454151083,178.81694704702093,176.49581159274146,177.2927703857422
2018-05-08,177.57167198361958,178.35865896075526,176.43601084656387,178.23912048339844
2018-05-09,178.98629254155563,182.3135790541279,178.09967990315826,181.9649200439453
2018-05-10,182.45305682987268,185.4217280390537,181.805536342368,184.82400512695312
2018-05-11,184.1465713636114,187.60336771915055,183.4791076286317,186.27842712402344
2018-05-14,186.99569933670347,187.1451224498361,185.49143572779144,185.9297637939453
2018-05-15,184.17644253317283,184.58487072231776,182.5028278823468,183.6185760498047
2018-05-16,183.00095070914887,183.61860171697776,181.96491498103143,182.5028533935547
2018-05-17,181.9848227266664,183.35957614263725,181.52658172182493,183.0607147216797
2018-05-18,182.79176320497896,183.48909642519112,181.91510704201275,181.98483276367188
2018-05-21,183.07068727494652,184.5948638083509,182.43312333418083,183.78794860839844
2018-05-22,184.22627559379305,184.7144164611556,182.7319835679713,183.1005859375
2018-05-23,181.80551627694027,186.1987381540525,181.48672670547728,186.1887664794922
2018-05-24,185.17266031545935,186.0891575392267,184.3258888105221,185.2224578857422
2018-05-25,185.3121287636978,185.62094666594027,183.7480959030199,184.21630859375
2018-05-29,183.63852146922656,186.09912351548945,183.01092916481664,185.033203125
2018-05-30,185.83013628833348,187.28458711059577,184.5450519267972,186.95584106445312
2018-05-31,187.15507683609,191.9866267831306,186.7665615455554,191.0502014160156
2018-06-01,192.335288120905,193.8096517914668,191.3390935757941,193.2517852783203
2018-06-04,191.1099719462899,193.2418278216437,190.7413848017123,192.54449462890625
2018-06-05,193.56062059956736,194.25795380384668,191.88700570857324,192.20579528808597
2018-06-06,190.30305953727364,191.7973514868627,188.3903676658865,190.61187744140625
2018-06-07,190.0241251940797,190.24328922818577,186.05927483286456,187.46389770507807
2018-06-08,186.81636882061972,188.75894521614688,185.7205486996952,188.38040161132807
2018-06-11,188.0914893436008,191.8670751762212,188.0815328704249,190.81109619140625
2018-06-12,191.43871092333129,192.544487516944,190.83103162052208,191.66783142089844
2018-06-13,192.0065720029115,193.75986920313136,191.17972857759776,191.6778259277344
2018-06-14,192.3651770816893,196.5292630778636,192.17589768173175,196.06105041503903
2018-06-15,195.04493662393813,196.32007971345936,193.8993188990837,195.10472106933597
2018-06-18,194.05869115513948,198.82049963718072,193.39124266589425,197.55532836914065
2018-06-19,195.49323634787729,197.2066922984748,193.05254738519255,196.7384796142578
2018-06-20,198.34234974115375,202.77541264420776,198.0534447964954,201.23130798339844
2018-06-21,201.9884150772316,202.6160225501936,199.32857727384192,200.73321533203125
2018-06-22,200.3945106022527,201.4704026008792,198.5515445007611,200.9723052978516
2018-06-25,199.2389178919418,199.2389178919418,192.3751377785933,195.60281372070312
2018-06-26,196.84807037637947,198.3423623624328,195.4832733592917,198.24273681640625
2018-06-27,198.4220435709585,199.986076471592,195.05491598230023,195.09475708007807
2018-06-28,194.43725374356936,196.5890377168081,192.524561945376,195.48326110839844
2018-06-29,196.56913508917225,196.84806837434076,193.22192046642664,193.5805511474609
2018-07-02,192.6341411642969,196.69861687676556,191.4885234770275,196.6089630126953
2018-07-03,193.8096635093186,194.6564198034248,191.7873896765334,191.99658203125
2018-07-05,193.99895059897852,197.89406010756352,193.291645712858,197.69482421875
2018-07-06,197.6948104092736,202.86506268670283,196.9476644778699,202.4566192626953
2018-07-09,204.15017120554376,205.0168709252242,201.3508665494329,203.96090698242188
2018-07-10,203.7217953974291,204.1302388309961,201.49031402448296,202.76544189453125
2018-07-11,201.4504669752783,203.7217893767213,200.9822543117532,201.7692413330078
2018-07-12,202.6558590119705,206.29197840141765,202.4167820378133,206.1325836181641
2018-07-13,207.01920780340177,207.6368436222268,205.6643824712484,206.5310821533203
2018-07-16,206.7103677741555,207.92572633327097,206.0528757272788,206.4413909912109
2018-07-17,204.12027569756023,209.6591306657039,204.06050645126385,209.19091796875
2018-07-18,209.02154964243812,210.1870954522516,207.6467962869401,208.56329345703125
2018-07-19,207.9755464385532,209.19090504054995,206.96938018566567,207.29812622070312
2018-07-20,208.05524955005973,210.69515917575504,207.7065753576592,209.1410980224609
2018-07-23,209.77866057430876,210.8146962694088,208.00543540336213,210.1074066162109
2018-07-24,214.2914317157011,215.3772802357545,211.7909886170898,213.8531036376953
2018-07-25,214.89910753228452,217.788065888844,213.45462835400485,216.67233276367188
2018-07-26,174.22448210679937,179.44454755633546,173.08882081137529,175.58926391601562
2018-07-27,179.185501177644,179.2452704159711,172.341649776196,174.22445678710938
2018-07-30,174.63291284826528,174.63291284826528,165.92616675008958,170.40904235839844
2018-07-31,170.02052824155396,173.57695021144846,169.35307969273407,171.9232635498047
2018-08-01,173.26813356970433,174.4137665732872,170.24966490233714,170.99681091308594
2018-08-02,170.03050232316957,176.11725248460405,169.62207405298767,175.6988525390625
2018-08-03,177.01383123636342,178.16942068797536,175.4796829504279,177.10348510742188
2018-08-06,178.28893934602004,185.08297825421823,177.7011882112875,184.98336791992188
2018-08-07,185.7902852042956,187.58343845016523,183.02086554706688,183.1105194091797
2018-08-08,184.04693966837056,186.13895426451103,183.06070161006627,184.4752960205078
2018-08-09,185.1427715814741,185.8600329060112,181.7855854594618,182.3932647705078
2018-08-10,181.34726084136528,181.407045286812,178.73723581695816,179.57403564453125
2018-08-13,179.41466567878825,181.9151088216981,178.2192199173304,179.36485290527344
2018-08-14,180.02233512003986,181.2974630080305,177.94027682728586,180.4208068847656
2018-08-15,178.65753760869234,180.1817141450768,174.1148926217643,178.84681701660156
2018-08-16,179.73343663097947,179.81313402693425,173.34782528689078,174.0352020263672
2018-08-17,173.8359592848457,175.54941522852496,171.38531385818516,173.1386260986328
2018-08-20,173.37768448086834,173.90568155171755,170.25960602535986,171.8435516357422
2018-08-21,172.15239892673137,173.50722428939278,170.7378043158344,171.96311950683594
2018-08-22,171.55468178129777,173.5769556389217,171.47498438780474,172.97923278808594
2018-08-23,172.43131431234855,174.88195964058156,172.17230919665025,172.24203491210938
2018-08-24,173.0390002433127,174.15474853995124,172.26196966569702,173.98538208007812
2018-08-27,175.32029122415804,177.9900854268455,175.12104014574118,176.78469848632812
2018-08-28,177.42227362852523,177.56174027179753,175.1609075119379,175.58926391601562
2018-08-29,175.62910829213496,176.11723391009014,174.08500364597455,175.23062133789062
2018-08-30,175.23062047579336,179.10581678250668,175.0313846000129,176.96400451660156
2018-08-31,176.47587385727212,176.9440865527015,174.3141333191546,175.061279296875
2018-09-04,172.83975864796935,173.228273923933,168.15764718871648,170.5086669921875
2018-09-05,168.84503030635602,170.47878886245428,166.03575420339982,166.54380798339844
2018-09-06,166.3445617315595,166.3445617315595,159.39112802755952,161.9114990234375
2018-09-07,159.69994874986497,164.00351657959197,159.55052564496728,162.4195556640625
2018-09-10,162.88777300204654,164.38206489680198,161.54291941720058,163.5552215576172
2018-09-11,163.31614353462527,166.5537759524803,163.09697950874337,165.30853271484375
2018-09-12,162.6287575709967,163.86404426462295,161.18427853776936,161.38351440429688
2018-09-13,161.3835203376603,162.69850446638816,160.24785913590566,160.74595642089844
2018-09-14,161.10457823590133,162.2203112288446,159.72982494050913,161.70230102539062
2018-09-17,161.30383024143418,161.44329687950932,159.1620178994109,159.96893310546875
2018-09-18,158.78346167872758,161.1444380907342,158.2654362142364,159.69000244140625
2018-09-19,159.47082808949196,162.81804244222204,158.87310526907766,162.43948364257812
2018-09-20,163.87399422460086,165.81657044730136,163.8441096058456,165.38821411132812
2018-09-21,166.00587103195616,166.61355035878245,162.19044380951874,162.3099822998047
2018-09-24,160.41721099835303,165.06943783377878,160.26778789257645,164.78054809570312
2018-09-25,161.3735690309308,164.95986047726768,160.53675401280125,164.28245544433594
2018-09-26,163.67477245145875,168.65574534894245,163.58511858747755,166.31468200683594
2018-09-27,166.91241014670624,171.11635262202816,166.57370762707183,168.19749450683594
2018-09-28,167.68945126258004,168.1476923001162,161.9414037386287,163.8341827392578
2018-10-01,162.409620119118,165.2487810838172,160.64635125049242,161.82186889648438
2018-10-02,160.96511631384527,161.66244945480508,158.0661865413669,158.7236785888672
2018-10-03,159.39112891558975,163.0372046377073,158.9229162583424,161.81187438964844
2018-10-04,160.8455823581726,160.8455823581726,156.7512220573213,158.24551391601562
2018-10-05,158.60415881203306,160.2877150220635,155.60560315120114,156.73130798339844
2018-10-08,154.9480966670048,157.73744450202463,153.80247899225583,156.65159606933594
2018-10-09,157.08992569267647,159.9788838932905,156.82094889997614,157.2991180419922
2018-10-10,156.2232407463371,157.08992516345697,150.73419890265035,150.80393981933594
2018-10-11,149.55871606427223,154.22089999163833,148.5924059834701,152.76646423339844
2018-10-12,156.1335649286674,156.2929597021491,150.72423590986165,153.1549530029297
2018-10-15,152.73657038540537,154.97800833838204,151.96949625196177,152.93580627441406
2018-10-16,154.80862362124506,158.8531861748467,154.42010836322763,158.17576599121094
2018-10-17,158.9527905953587,159.87925937661757,157.34891685638075,158.81332397460938
2018-10-18,157.9068100335925,158.05624835297897,152.69671621966964,154.33047485351562
2018-10-19,155.26688536361243,156.7512207363334,152.9656783527318,153.46377563476562
2018-10-22,154.17106611510144,156.7412499286906,153.8722199048073,154.1909942626953
2018-10-23,150.6445550420073,154.18104906272424,150.27596788854552,153.802490234375
2018-10-24,153.69290191915115,154.06148905751257,145.04594007359003,145.4842529296875
2018-10-25,147.16781690189077,151.6307794391021,146.4405991351769,150.3755645751953
2018-10-26,145.26510270550563,148.4329942117996,143.25278537341163,144.81680297851562
2018-10-29,147.93491281688915,148.26365889168034,138.50094780031978,141.54930114746094
2018-10-30,139.4074734073362,146.08197412261515,139.20823752940848,145.66357421875
2018-10-31,154.41016318430707,155.80482954568245,148.39315448144328,151.21237182617188
2018-11-01,150.94341062525626,152.1687257317381,148.78167015907877,151.1725311279297
2018-11-02,151.22234166285298,153.54347687950175,148.39315267803252,149.77786254882812
2018-11-05,149.5288063995043,149.6184602598501,146.87892527731952,148.11419677734375
2018-11-06,148.7418230386433,150.39550983115748,147.43681045926166,149.3694305419922
2018-11-07,150.99322543772143,152.4277329179992,149.25984133139096,150.953369140625
2018-11-08,149.917337049772,150.36562159823697,146.18160714469082,147.3072967529297
2018-11-09,146.19156800365974,147.1977191493458,143.52177358109904,144.40838623046875
2018-11-12,143.9301955007994,144.48806205998983,139.9553886662058,141.0113525390625
2018-11-13,141.45963902274198,144.3286844530687,141.08108019492835,141.61903381347656
2018-11-14,143.15317810311515,145.02602903936756,141.01136553721165,143.67120361328125
2018-11-15,141.78839211896715,144.28883531979102,140.29410008325914,143.3026123046875
2018-11-16,140.5331869740856,141.23052019093672,137.24574157953137,138.99903869628906
2018-11-19,137.08632908480277,137.2257957101635,130.71069021013665,131.0493927001953
2018-11-20,126.54659600926897,133.64946821362926,126.36728068124005,131.92604064941406
2018-11-21,133.88856116906737,136.66795288553354,133.61959954545432,134.30697631835938
2018-11-23,133.14140584945918,133.98817736289706,130.7605012984002,131.2287139892578
2018-11-26,132.49389525386562,136.47867405849314,132.2747312035531,135.8610382080078
2018-11-27,135.23341301812064,136.09014095724044,133.20118278152552,134.48626708984375
2018-11-28,135.76139385415706,136.26944760911886,131.3482592356151,136.23956298828125
2018-11-29,135.40277568057502,139.45729522268462,135.14377054254132,138.1522674560547
2018-11-30,137.7338573084595,140.43355131151614,136.8372882657728,140.07492065429688
2018-12-03,142.45582056468228,143.13322556192978,140.22433930175862,140.55308532714844
2018-12-04,140.1944533426596,142.84433446694305,136.63804673962434,137.4051055908203
2018-12-06,133.31077486706707,139.16838905094417,133.1613365496845,139.09866333007812
2018-12-07,138.72008674369644,140.33391699993064,136.1399465881629,136.8970489501953
2018-12-10,139.0687733143298,142.50564167072838,138.48100694324074,141.31021118164062
2018-12-11,143.33247510943175,143.33247510943175,140.5630555075742,141.53932189941406
2018-12-12,142.53552451733802,146.62988491198467,141.96768630167895,143.9501190185547
2018-12-13,145.01605741222716,145.29499068838916,142.64510936412677,144.4581756591797
2018-12-14,142.79453369889418,145.4543715198239,141.96769033721796,143.5117950439453
2018-12-17,142.53552646998585,144.3685209022459,137.89325594419205,139.65652465820312
2018-12-18,140.54314300601314,145.3746779367011,139.2978996938682,143.1133270263672
2018-12-19,140.67264320288282,144.3585601054044,131.99578173061275,132.73297119140625
2018-12-20,130.202626950675,135.0541048315834,129.5052937934701,132.89234924316406
2018-12-21,132.88239491139456,134.38664326051764,122.9503336958716,124.4745101928711
2018-12-24,122.63155993154692,129.24629940185525,122.55186253543626,123.58790588378906
2018-12-26,125.5205087324674,133.7291569980252,125.41092672792604,133.66937255859375
2018-12-27,131.93601581611054,134.47631509703734,129.17655250619566,134.0081024169922
2018-12-28,134.82497103105683,135.4027657124951,131.69692065273446,132.693115234375
2018-12-31,133.93835506452038,134.1276344623473,129.45547956083132,130.5911407470703
2019-01-02,128.4991371719911,136.9867035751858,128.07076562213234,135.16366577148438
2019-01-03,134.17744891661195,136.6480071912697,130.62102700930907,131.23867797851562
2019-01-04,133.50003947784327,137.47486160073385,133.24103434129094,137.425048828125
2019-01-07,137.03651741011265,138.3415298151105,135.39280251235795,137.524658203125
2019-01-08,139.35765682471327,142.59528915480414,139.00898264733746,141.98760986328125
2019-01-09,142.4060092646415,144.1493497440635,140.73240970074326,143.68113708496094
2019-01-10,142.53552727192752,144.00989104523853,140.30404586310596,143.65126037597656
2019-01-11,142.60525672157422,144.80685356561833,142.02747720666335,143.25279235839844
2019-01-14,141.45964680505264,146.01226386125325,140.73242893331408,144.8367462158203
2019-01-15,145.4543642321741,150.1065910672183,145.43445128522075,148.3831787109375
2019-01-16,148.43299696220393,149.08051737872955,146.44060774123474,146.97854614257812
2019-01-17,146.3907879978945,148.43298989226142,145.94250348467315,147.73565673828125
2019-01-18,149.18011969566626,151.8499135397835,147.98468938933436,149.46900939941406
2019-01-22,148.6322403295151,150.9533757129271,145.8130076157758,147.00845336914062
2019-01-23,147.71571961472674,148.23374501222912,142.51558309561602,143.75086975097656
2019-01-24,144.08958096967524,145.8827342230379,141.97765336056074,145.27505493164062
2019-01-25,146.9187860139303,149.25984957411436,145.98236058985665,148.44296264648438
2019-01-28,147.48662346620725,148.39316426120794,145.65362892739049,146.90882873535156
2019-01-29,147.52644909984775,147.53642077393442,142.8841787908209,143.64129638671875
2019-01-30,145.66358078680935,150.37557715548465,145.14555532026068,149.84759521484375
2019-01-31,164.9698308619025,171.02668061734465,164.3721080251581,166.05567932128906
2019-02-01,165.208916964966,168.4565212496211,165.02960922446857,165.0794219970703
2019-02-04,165.06943284355083,168.65573928099911,162.99734636866094,168.60592651367188
2019-02-05,168.5063061693017,171.32553863877033,168.04806517751018,170.5086669921875
2019-02-06,170.54850667051844,171.81367802562585,168.62585845435612,169.84121704101562
2019-02-07,167.5599228944769,168.59597375510998,164.62115196608914,165.74685668945312
2019-02-08,163.84413525721862,166.73309366114722,163.58513012054937,166.69325256347656
2019-02-11,167.26105924811273,167.65954618945966,164.45179851504895,165.15908813476562
2019-02-12,166.2250229021894,167.69938657715912,163.87400316067004,164.4119415283203
2019-02-13,164.7506760109761,165.5874758684455,163.10694571874262,163.44566345214844
2019-02-14,162.56900837341098,164.2426080994384,161.63258296449007,163.32611083984375
2019-02-15,163.88396798589767,164.07324739179646,160.24786378035466,161.88162231445312
2019-02-19,159.8892274768784,163.5253315541632,159.71987622513294,161.6724090576172
2019-02-20,161.63257309876198,163.09698037001354,160.6363785033921,161.94139099121094
2019-02-21,161.3137917704484,161.62262487939316,158.9826999464039,159.4309844970703
2019-02-22,159.96892856351946,161.79196648134865,159.69995176889597,161.27394104003906
2019-02-25,162.44945610663967,165.43803982179804,162.28008965281126,163.99354553222656
2019-02-26,163.7146092138707,165.60738798525887,163.17667084349625,163.5054168701172
2019-02-27,162.28011408185554,163.30619342913093,159.7995989533292,162.19046020507812
2019-02-28,161.75211428437245,162.87781906015118,160.24786589252997,160.8356170654297
2019-03-01,161.98124989915397,162.50923182715513,161.0747091545771,161.66246032714844
2019-03-04,163.27629661937746,166.86260343010514,163.20657089843985,166.73309326171875
2019-03-05,166.7330950150861,171.22594265031734,165.91622330005032,170.60829162597656
2019-03-06,172.24204618312118,172.90950996471176,170.61825926577092,171.85353088378906
2019-03-07,170.84738085279602,171.0864730387865,166.97218430912017,168.4864044189453
2019-03-08,165.56753444510272,168.97451804941278,165.33841395027258,168.95460510253906
2019-03-11,170.94699424535042,173.63671654346732,170.9270660977535,171.4152069091797
2019-03-12,171.43512884954157,173.13862834145743,170.56844439264458,171.26577758789062
2019-03-13,171.66425869768784,173.36774293073492,171.46500761951265,172.7102508544922
2019-03-14,169.1139869925861,170.49869685537558,167.52008477970372,169.52243041992188
2019-03-15,166.52389093096815,166.94229083372258,161.89157697764966,165.34837341308594
2019-03-18,162.94755374165868,163.2762845743944,158.67387050741988,159.85934448242188
2019-03-19,160.8655006107059,163.19660753970206,160.20802372374513,160.95516967773438
2019-03-20,160.88543083573964,165.48784510749027,160.62642570727385,164.81044006347656
2019-03-21,164.26252406186242,165.75681593526187,163.12686284610774,165.447998046875
2019-03-22,165.0196273457259,166.78289602187428,163.46556622127903,163.71461486816406
2019-03-25,162.3797224458365,165.9062446989799,161.3835278296044,165.65719604492188
2019-03-26,166.7131850272731,168.8051847254143,165.7169903517608,167.0419158935547
2019-03-27,167.21127638026593,168.29712488953618,164.16290801369584,165.23880004882812
2019-03-28,163.9437621778005,166.0855746123989,162.70847532951134,164.92002868652344
2019-03-29,165.75681790291688,166.553776618335,164.18282862016494,166.05567932128906
2019-04-01,167.19135990065826,168.25728033532633,166.64344977034992,168.05804443359375
2019-04-02,169.49253161959408,174.23441196726773,168.90478051277557,173.53707885742188
2019-04-03,173.83596168051378,177.28280176375813,172.29185697501205,172.87960815429688
2019-04-04,175.3501739501953,177.32263495927015,174.86203313450784,175.3501739501953
2019-04-05,176.2069046850544,176.32644317212612,174.4336795234491,175.0513153076172
2019-04-08,174.54327649787916,174.83216626663918,173.5669947673672,174.2643280029297
2019-04-09,174.9516877692141,178.50810972620002,174.8819620527932,176.90423583984375
2019-04-10,177.50194125831575,178.10962055429138,175.8681827708814,177.14332580566406
2019-04-11,177.56175151927522,177.72113112116494,176.32646460009826,176.8345184326172
2019-04-12,177.32263690268573,178.94643894754284,177.27282413307407,178.41845703125
2019-04-15,177.82073665681915,179.81312586305802,176.19693458950303,178.9663543701172
2019-04-16,178.31882595272106,179.4843717619566,177.621492801989,178.18931579589844
2019-04-17,178.91655728326538,180.05221852585666,177.681270499804,178.09967041015625
2019-04-18,178.11958792028324,178.19928530807468,176.6651371943535,177.6015625
2019-04-22,177.5716791782456,180.9786627274526,177.5716791782456,180.74954223632807
2019-04-23,182.044607002656,183.51897075709687,180.78939207594257,183.0806427001953
2019-04-24,183.78794342469928,184.43546382101636,180.95873926667025,181.8852081298828
2019-04-25,196.23042740268235,197.7247194500391,191.3889205612176,192.5245819091797
2019-04-26,191.76744248311624,192.1659142053898,188.3704155680992,190.76129150390625
2019-04-29,190.2233456452009,194.66638001163685,189.92448424105743,194.0387725830078
2019-04-30,193.4510342387233,196.63885395866484,191.5482988806232,192.66403198242188
2019-05-01,194.03879660510427,195.4334630628042,192.27552778301447,192.2954559326172
2019-05-02,192.2655454115609,193.2617399473721,189.0279131701745,191.79733276367188
2019-05-03,193.6403020979776,195.41352718645763,192.97285357147985,194.7261505126953
2019-05-06,190.51227385631503,193.54069895992023,189.8248971030059,193.1422271728516
2019-05-07,191.80731511323955,192.16594580254284,187.1351748785795,189.04786682128903
2019-05-08,188.66930247006192,189.9942431668129,187.8325026197109,188.8187255859375
2019-05-09,186.4876344527516,189.04786198604748,185.55120905459236,187.9321136474609
2019-05-10,187.53363714803064,189.2769777324081,183.8875611919591,187.623291015625
2019-05-13,182.80169961432767,184.72434779621327,180.15181846765776,180.84915161132807
2019-05-14,181.8254330806997,182.79174300791115,177.42225500447805,180.042236328125
2019-05-15,179.73342799232526,186.56732355956373,179.3349562324274,185.5611724853516
2019-05-16,184.34580723640525,187.8623728337103,184.34580723640525,186.27842712402344
2019-05-17,184.1366229045396,186.86620182818783,183.57875631009463,184.59487915039065
2019-05-20,181.1878736693776,183.5289217937872,180.6798047090554,182.0246734619141
2019-05-21,183.8676505607011,184.99334015859003,183.1902303064317,184.11669921875
2019-05-22,184.02702549942305,186.0293863880051,182.91129240378712,184.6147918701172
2019-05-23,181.72582162749237,183.2001854159577,178.98628640935922,180.1817169189453
2019-05-24,181.6361736680896,182.9312297625711,180.14188168231652,180.3710021972656
2019-05-28,180.8491639756637,184.00711428633605,180.75951010836005,183.60862731933597
2019-05-29,182.80170128083708,183.8576650795536,180.6598890627403,181.49668884277344
2019-05-30,182.3833090335209,182.7817807928852,180.201640429302,182.3135681152344
2019-05-31,179.59395145770813,179.85295656729397,176.4858293397885,176.79464721679688
2019-06-03,174.33406282401108,174.3838755963913,160.39729427227667,163.5253448486328
2019-06-04,163.08703869260404,167.63964050210902,160.22794960800613,166.86260986328125
2019-06-05,166.84266784750605,168.0779546274366,164.0035223495046,167.53004455566406
2019-06-06,167.65955324444272,169.0542195960371,166.5936177322988,167.68943786621094
2019-06-07,169.52241645755285,173.20833307211888,168.19747594677307,172.69032287597656
2019-06-10,174.08501371737324,177.18317966251826,173.13863184746648,174.15475463867188
2019-06-11,177.80081535578714,179.2951073180125,176.11724397956405,177.42227172851562
2019-06-12,177.701202984325,178.58781559709928,172.22213251868695,174.3739013671875
2019-06-13,174.86202736629264,177.35251373019554,173.94553020846303,176.79464721679688
2019-06-14,179.82308200268312,181.1480226464568,179.31502822829668,180.6399688720703
2019-06-17,184.3059475231442,188.77886650791368,183.7082399158481,188.2907257080078
2019-06-18,193.26174713012196,193.789729037667,186.5673183846083,187.75279235839844
2019-06-19,186.28838664346432,187.38420676283272,183.84771296020523,186.7665557861328
2019-06-20,190.2233714797624,190.4325790512924,186.92596951459683,188.80877685546875
2019-06-21,188.0317388441559,191.2693714335255,188.0317388441559,190.4126434326172
2019-06-24,191.68777300563025,193.2418342297578,190.8410166723423,191.8670959472656
2019-06-25,192.14601834309804,192.4050234655313,187.41409401696455,188.1213836669922
2019-06-26,188.8187279461722,190.03408663956515,186.5972181249511,186.9458923339844
2019-06-27,189.157428426958,198.1231794911277,187.5535545730054,188.77886962890625
2019-06-28,189.8248901567301,192.46479985108743,189.2172108232164,192.26556396484372
2019-07-01,194.46716078975444,194.53688650961405,191.1996284123182,192.26556396484372
2019-07-02,192.26556060008517,194.2579498291016,191.9766708501961,194.2579498291016
2019-07-03,193.4211448431209,196.6488055795924,193.4211448431209,196.44956970214844
2019-07-05,195.43345437449008,196.3200821840624,193.43110864908328,195.65261840820312
2019-07-08,194.44723737514911,195.93155768441875,192.9031326178994,195.0150604248047
2019-07-09,194.22806419860143,198.7009834667875,194.14836680576764,198.45193481445312
2019-07-10,199.2389196147888,202.18766231340587,198.9101735733376,201.95852661132807
2019-07-11,202.48650720319625,203.02446079503025,199.44812585959215,200.4642333984375
2019-07-12,198.9201404011669,204.5187646702516,198.4021301277259,204.09039306640625
2019-07-15,203.47275098428955,204.54864299717943,201.0520053558299,203.1340484619141
2019-07-16,203.1141133064988,204.68810257472188,202.3271262727488,203.06430053710935
2019-07-17,203.40299135508795,203.5823142744368,200.8228511767003,201.0320587158203
2019-07-18,199.38833798845883,201.6995166974438,198.62127911068131,200.0159454345703
2019-07-19,201.4106190824804,201.5600573945102,197.316273825452,197.60516357421875
2019-07-22,199.14926201991776,201.79914324934705,198.0534419022672,201.5500946044922
2019-07-23,202.0681044437125,203.4627859725896,200.19526897458024,201.5899353027344
2019-07-24,196.87794808895208,204.0306181814298,196.4695046455948,203.88119506835935
2019-07-25,205.91342404757663,207.86597218288065,197.50553905803287,199.94622802734372
2019-07-26,199.42819621316036,202.10796207637156,195.50318711988615,198.9898681640625
2019-07-29,198.24271940680583,198.8703268500637,194.55680253838165,195.19436645507807
2019-07-30,194.64646138946156,197.9538347425755,192.7636542121624,196.2901763916016
2019-07-31,196.2005103325272,198.00362000604525,191.9467554182833,193.4908599853516
2019-08-01,193.4311046950574,197.71474453817015,190.1536311318024,191.99658203125
2019-08-02,190.372806946316,191.88701189565305,187.35433832132705,188.30072021484372
2019-08-05,183.98717953676103,184.96344596961893,178.65753244986698,181.03843688964844
2019-08-06,182.99097446439427,185.08297384343177,182.3932516699709,183.80784606933597
2019-08-07,182.9013298822702,185.6607779079648,180.5303819317169,184.44541931152344
2019-08-08,185.9098334147543,189.6156785832172,183.34962116921625,189.43637084960935
2019-08-09,189.2769746708171,190.25324112607456,186.40792934841747,187.1351623535156
2019-08-12,186.1389755773628,186.8761498865116,183.75807098283352,184.6645965576172
2019-08-13,184.81402157519145,190.65172238529703,184.66458326869773,187.7328643798828
2019-08-14,185.0929597732305,185.2822391794005,178.62765134511582,179.02613830566406
2019-08-15,180.2613984277212,182.50283613594277,179.34490127777946,181.8951568603516
2019-08-16,183.05074355241396,184.395612238394,181.66603377384223,183.0009307861328
2019-08-19,185.3021530665349,186.786488500748,184.1465788768934,185.4615478515625
2019-08-20,184.7442778774781,185.29218792492756,181.69592495986103,183.1105194091797
2019-08-21,184.29599581283207,185.1925648473081,182.4430733009552,182.8515167236328
2019-08-22,182.7319847921156,183.40940508606965,179.2253904258845,181.34727478027344
2019-08-23,180.15183085744675,182.43312504236837,175.98774465548894,177.07359313964844
2019-08-26,178.71730676540966,179.81312691554444,177.56173257157698,179.6736602783203
2019-08-27,181.2376844528896,183.33965576168748,180.32118720365543,180.61009216308597
2019-08-28,179.8430137296813,181.25760826754512,178.23913978169423,181.06832885742188
2019-08-29,183.07067733018425,185.3718843163681,182.7718159240268,184.86383056640625
2019-08-30,186.0692318479558,186.0891599967662,182.76187357944144,184.9634552001953
2019-09-03,183.29979668054617,184.96343975024487,181.4169895944108,181.6959228515625
2019-09-04,183.9473264242501,187.035535758068,183.19022400209693,186.4278564453125
2019-09-05,187.81256193047244,190.63179440063504,187.2248107796407,190.1735382080078
2019-09-06,189.48618562038223,189.48618562038223,185.6408737738392,186.7765350341797
2019-09-09,187.01560779093356,188.2608510395295,185.14277228153705,188.04168701171875
2019-09-10,186.72671925654345,187.38421134423967,183.84771745514752,185.4615478515625
2019-09-11,185.7504465719371,188.7191021401109,185.37188777036923,187.7727203369141
2019-09-12,189.13749614157533,190.20341639595296,186.51749963480117,186.756591796875
2019-09-13,186.6171277624464,187.25469166944737,185.8301255518017,186.4776611328125
2019-09-16,186.2186574825951,187.07538548435372,185.0630832482541,185.5113677978516
2019-09-17,185.9496786322376,187.60336523591056,184.83393039805983,187.36427307128903
2019-09-18,187.37425948994436,188.36049772581177,185.30217266757307,187.424072265625
2019-09-19,187.94207910189868,190.372796386697,187.43401012144056,189.41644287109372
2019-09-20,189.93446260345135,192.365179815022,187.4041198534172,189.2072296142578
2019-09-23,188.61948456575584,189.37660220085556,184.50521114644596,186.1090850830078
2019-09-24,187.2646494489108,187.3244186904961,179.70353637391256,180.59014892578125
2019-09-25,180.75951651585447,182.72202119581607,177.19313783858226,182.10438537597656
2019-09-26,180.6399649263,180.7096906424896,176.99388911712663,179.4246063232422
2019-09-27,179.8031547294042,180.07211630579644,174.9915333645563,176.42605590820312
2019-09-30,177.19313618676884,177.9900949408665,176.17702859600013,177.40234375
2019-10-01,178.46827792604086,179.15565471464234,174.2145374181095,175.1409912109375
2019-10-02,174.174639080315,175.85821018213497,172.43129874186351,173.93556213378906
2019-10-03,174.90188879736675,179.15562868732457,172.9692688901017,178.6973876953125
2019-10-04,178.8667518212808,180.29130286944476,177.42227262398396,179.76332092285156
2019-10-07,179.31502063435394,180.4905229177212,177.4122853783382,178.99623107910156
2019-10-08,177.58164692196587,179.68361817148374,177.04370851720174,177.07359313964844
2019-10-09,178.47821173613718,180.0322727368037,177.26285322008323,179.16558837890625
2019-10-10,179.63381460961526,180.9188989341305,178.48818171805092,179.34490966796875
2019-10-11,181.45682933355485,185.7803251885803,181.4468728604175,183.48907470703125
2019-10-14,183.49904728172348,183.91744720104157,181.87526037595367,182.58255004882807
2019-10-15,183.10057657964825,189.655539088664,182.96110993906169,188.17120361328125
2019-10-16,187.60337447271613,188.97811268498916,186.18876476329268,188.8286895751953
2019-10-17,189.57584295678123,190.1137813738489,188.05166637424503,189.66549682617188
2019-10-18,189.50609859501105,190.76131354658577,183.22011296535337,185.1427764892578
2019-10-21,186.32822192270044,189.1873106173698,186.03933219155087,189.03787231445312
2019-10-22,189.2769882828498,189.9245087414224,180.8093335438802,181.6461334228516
2019-10-23,181.31738973063472,185.67077085464825,181.30743325601335,185.44163513183597
2019-10-24,183.9174639354012,186.0194353979813,182.10439745338817,185.6707763671875
2019-10-25,185.12284460495948,188.2807796673569,184.3856551276523,187.1750030517578
2019-10-28,186.48761998686737,188.80875515311723,184.37569236810043,188.6792449951172
2019-10-29,190.9605476507168,191.79734747681735,187.7527997832744,188.589599609375
2019-10-30,188.8386428435525,189.72525541496725,185.2722644100181,187.53363037109372
2019-10-31,195.9514704740522,197.3361803295959,187.533629329169,190.92068481445312
2019-11-01,192.11613507072835,193.3713347969536,189.1873205088128,192.88319396972656
2019-11-04,193.8096679023792,196.61892884874305,193.0724784054563,193.97901916503903
2019-11-05,194.62654336648072,195.00510219666248,192.8632897853923,193.5805511474609
2019-11-06,193.29164920576733,193.6303517429433,190.62185480582835,190.8210906982422
2019-11-07,191.1797243366865,192.70390097823585,188.74900688982424,189.6953887939453
2019-11-08,189.2769697342825,191.6080613975733,188.9781083208732,190.11376953125
2019-11-11,189.2072326187972,189.3566709288656,187.8225227362136,188.88845825195312
2019-11-12,189.2769741288712,194.31771637618752,189.01796900495523,193.7299652099609
2019-11-13,193.9590669548797,194.95526145921983,192.00653423877725,192.45481872558597
2019-11-14,192.19581400256897,193.29163412644291,190.72145027285737,192.41497802734372
2019-11-15,193.5207594380631,194.55681034471684,192.64411851788316,194.35757446289065
2019-11-18,193.81961475623825,197.8741339869839,192.3153664149993,196.6488037109375
2019-11-19,196.6488012354778,199.2389131872005,196.1108628581904,198.5615081787109
2019-11-20,197.8243125236648,198.830463531446,194.68629061894467,196.7583770751953
2019-11-21,196.6687345603364,198.33237770515845,196.1108680208419,197.17678833007807
2019-11-22,197.6250874759662,198.5415846739724,196.86796985968755,198.06341552734372
2019-11-25,198.7607472696679,200.2052263735165,198.4917704763081,199.0297088623047
2019-11-26,199.2389240916469,199.38834720442625,197.2863759472304,198.2128448486328
2019-11-27,199.139293255757,202.36696921250356,198.6611241068504,201.23130798339844
2019-11-29,200.83283956795867,203.02446467103255,200.4443242778716,200.8726806640625
2019-12-02,201.3608243185232,201.41062188917027,197.29634842639345,198.9400634765625
2019-12-03,196.84805691242357,198.17298233946505,194.3376422913578,198.06341552734372
2019-12-04,199.2389111931749,199.2687958137961,197.296334849186,197.95382690429688
2019-12-05,199.09946145598627,200.5240124955368,197.4557463794704,198.6013641357422
2019-12-06,199.7370172980248,200.80295281636143,199.29868924191345,200.2849273681641
2019-12-09,199.8864300920603,202.36695999028177,199.44811725929247,200.5738067626953
2019-12-10,200.89259301316096,201.28110827269305,199.3883295410652,200.1055908203125
2019-12-11,199.5178647623412,201.85892828745432,199.5178647623412,201.4903259277344
2019-12-12,201.5799931062473,202.8850056630319,193.36138726011856,196.0012969970703
2019-12-13,195.65263231612465,196.05111931516728,192.4349277025699,193.3713531494141
2019-12-16,194.5269299069967,198.36227011700524,194.0686736882877,197.16683959960935
2019-12-17,198.0833247998964,198.24271957939,195.38364602556675,197.63504028320312
2019-12-18,199.32858314758604,203.52256929719772,199.32858314758604,201.7294158935547
2019-12-19,202.0083314513172,205.51494055508417,201.73935466419368,205.27584838867188
2019-12-20,206.69044062513973,206.91957631576895,202.6558496643791,205.5149383544922
2019-12-23,205.91342646347763,207.79623370141795,204.8973036872281,205.39540100097656
2019-12-24,205.514949296653,206.00307492284685,204.21989327476592,204.3394317626953
2019-12-26,204.78772956860624,207.02916740054957,204.52870924623,206.999267578125
2019-12-27,207.87594379552615,208.13494894223837,205.80385701965508,207.30812072753903
2019-12-30,207.06899391464523,207.10883500720053,203.12405691989915,203.6321258544922
2019-12-31,203.22370507336709,204.77776626828293,202.8252333005716,204.4689483642578
2020-01-02,205.9632362503966,208.9916611857842,205.4850670923298,208.9817047119141
2020-01-03,206.42147999252987,209.5993278476401,206.1624596803162,207.87591552734372
2020-01-06,205.91342765086304,211.9702928450579,205.734119913227,211.79098510742188
2020-01-07,212.01014482311425,213.76344186963544,210.9442092909168,212.2492218017578
2020-01-08,212.1894477696659,215.41712371504224,211.80093248741235,214.4010009765625
2020-01-09,216.7121664337201,217.5489814496444,215.45696671091855,217.4692840576172
2020-01-10,218.36585533847423,219.04327557723664,216.5926301498152,217.23019409179688
2020-01-13,218.76434461787983,221.1253210028928,218.3758293241344,221.0655517578125
2020-01-14,220.76667858028864,221.5337526530094,217.79802302710817,218.22637939453125
2020-01-15,219.7705027384637,220.83642311149785,219.30229003606647,220.30844116210935
2020-01-16,221.72304516658733,221.78281441202117,219.55133297790888,220.92608642578125
2020-01-17,221.1850957154445,221.4441008507693,219.6908037486056,221.294677734375
2020-01-21,221.31461245565927,221.52380482482351,218.28617213386056,220.59735107421875
2020-01-22,221.46402139771052,221.90234945838608,220.43794216509443,220.4777984619141
2020-01-23,219.9099594464481,220.6471489277249,218.43559568461785,218.92372131347656
2020-01-24,219.95975848504105,220.9360248825344,215.28760363881057,217.1106414794922
2020-01-27,212.28906894334847,215.23779635808896,211.69134612107044,214.0523223876953
2020-01-28,215.3175123150707,217.90762450066276,212.7074871808823,216.9612274169922
2020-01-29,220.597326840348,223.34681836667303,217.6186996196204,222.3805084228516
2020-01-30,205.7440669935625,210.62541439328652,203.97084184341145,208.73265075683597
2020-01-31,207.63684067968467,207.89586101350116,200.29489107678893,201.14166259765625
2020-02-03,202.66583317112864,204.35936096197256,201.72940780893688,203.41297912597656
2020-02-04,205.83373315218685,209.7985987927944,204.4191385771676,209.03152465820312
2020-02-05,211.7013009323716,211.92046495210465,207.9157737567416,209.31044006347656
2020-02-06,209.66907912641216,210.3863404560038,208.54337436177352,210.04763793945312
2020-02-07,209.4997293334174,212.01014400454648,209.1311269915593,211.52200317382807
2020-02-10,210.71508878614225,212.98641128759687,209.8583608109813,212.2492218017578
2020-02-11,209.3901648886167,210.057613508632,205.72416051514088,206.40158081054688
2020-02-12,207.0590473908769,210.4162182265094,206.61074767393708,209.9579620361328
2020-02-13,208.7226988349368,213.51439247443096,208.38398111516295,212.32891845703125
2020-02-14,213.18565197876964,214.112105693358,211.8407831406701,213.36495971679688
2020-02-18,212.7373642687112,217.15049914161025,212.58792595518747,216.97119140625
2020-02-19,217.16046607383507,217.4892121155397,215.28761536378065,216.6623687744141
2020-02-20,215.69606298454917,217.93750087545428,212.13964090129903,213.7634429931641
2020-02-21,212.66761793390208,213.42473555474115,208.03531914636304,209.3801727294922
2020-02-24,201.03206872530845,202.8750195727516,197.41587754572956,199.9561767578125
2020-02-25,201.48035170201368,202.72559491401623,195.20432287337624,196.02120971679688
2020-02-26,196.4396132285293,200.4443197282613,194.74608546917145,196.44956970214844
2020-02-27,191.09005368306583,195.13460128916347,188.77887493631115,189.0279235839844
2020-02-28,182.00473918724396,192.0065408685755,181.1280983296459,191.7375640869141
2020-03-02,193.29164167328744,195.8219845305823,188.13136081745827,195.6924743652344
2020-03-03,195.4733094297256,196.4894321976902,183.26992534238772,185.1826171875
2020-03-04,188.45013303907223,191.1000143567284,185.68071323213715,191.0302734375
2020-03-05,186.0692365523336,188.2708334294741,183.1902346057494,184.46536254882807
2020-03-06,177.65138724531585,183.080644848617,175.58925709907265,180.40087890625
2020-03-09,168.95460600654283,174.3340506314528,164.56138428245674,168.85498046875
2020-03-10,174.0053228449877,177.61154272056265,168.85499817603568,177.51193237304688
2020-03-11,173.3478211345171,175.21071541879763,167.0219943894663,169.59217834472656
2020-03-12,158.93288579801953,165.96603270824437,153.75267672252585,153.88218688964844
2020-03-13,162.9076906895614,170.14005752351306,157.00026440796933,169.6320037841797
2020-03-16,151.74037726739235,158.5244604412561,142.5554613248833,145.45437622070312
2020-03-17,150.16636342229629,153.3541827613487,139.46722908985743,148.85137939453125
2020-03-18,139.2182019974518,147.6161155800919,136.57829226168954,146.40077209472656
2020-03-19,146.0620356741442,159.3213823046789,144.24896955192136,152.54727172851562
2020-03-20,155.42629000309913,158.66392254173144,147.43680483617922,149.16021728515625
2020-03-23,149.09049925485857,151.73040907298997,141.70869303789186,147.53643798828125
2020-03-24,154.61936927319388,160.69614716240977,151.98941615901373,160.36740112304688
2020-03-25,158.31524900720504,162.36976845358615,152.4775478588327,155.61557006835938
2020-03-26,157.64780247369134,163.37592167889656,156.4224873173023,162.7184295654297
2020-03-27,157.59798214562304,159.48078932521167,154.16111382741812,156.19334411621094
2020-03-30,158.57425476625656,166.11545545256448,157.45852163884277,165.31849670410156
2020-03-31,164.85028373148052,170.27954144509982,163.57515581637918,166.16526794433594
2020-04-01,161.00497807479826,163.52534937968912,157.43859932383515,158.99267578125
2020-04-02,158.49455335176384,160.73599100959427,155.32664689098812,157.5880126953125
2020-04-03,156.55197617189145,157.30909380052398,150.2560341695938,153.59327697753906
2020-04-06,159.5405684124167,165.56754913399064,157.90680978118223,164.92002868652344
2020-04-07,171.13627344887402,172.73019098046765,165.37826954709635,168.1875457763672
2020-04-08,170.59832239996905,174.3340520875596,167.10168488464456,173.61679077148438
2020-04-09,175.23062032700508,176.40613783434068,170.91711117752652,174.52333068847656
2020-04-13,173.00909916354004,174.33403968926507,168.80515710468973,174.1248321533203
2020-04-14,178.29890432543408,180.54034216378852,175.94788447362004,177.4919891357422
2020-04-15,174.52332944390554,177.51191315893135,172.16235317326647,176.2965545654297
2020-04-16,177.27281231682034,177.37243784940307,171.85351167991757,175.57928466796875
2020-04-17,178.51809657835963,179.59398873496897,175.98776859574696,178.55795288085938
2020-04-20,176.7348785023935,179.8131160091693,176.09731459936495,177.5617218017578
2020-04-21,174.5831182317601,174.71262840480867,167.69940932263634,170.15005493164062
2020-04-22,177.77092236590673,184.0768359738002,177.462104473697,181.5863494873047
2020-04-23,183.37951441982008,186.33821376934893,182.4530454837506,184.42552185058597
2020-04-24,182.532742467818,189.68542799855737,180.1418813749501,189.3467254638672
2020-04-27,191.9268671247363,193.0127156575521,186.69684515208007,186.7864990234375
2020-04-28,187.94207771557387,188.48001611363532,181.86528454840263,182.2139587402344
2020-04-29,190.2034303754408,196.16068511233215,189.27697668066693,193.45103454589844
2020-04-30,206.13259669520463,208.8920601525404,200.8029643982884,203.93101501464844
2020-05-01,200.8328413460984,206.4912194877957,198.29254202654985,201.5002899169922
2020-05-04,199.43815487620915,205.12643270190188,198.0036322273125,204.47889709472656
2020-05-05,206.23221542687085,209.5794299733282,205.71418996591143,206.2820281982422
2020-05-06,207.32802257479943,210.79479084916795,205.87358692008493,207.67669677734372
2020-05-07,210.35645960472445,210.7947876696347,208.24451667385904,210.45606994628903
2020-05-08,211.43233388651728,212.3986438029229,210.04762408889303,211.5419158935547
2020-05-11,210.08746509727249,214.1818252484224,209.56943968232983,212.3687438964844
2020-05-12,212.47833933525308,214.46077205955012,209.2008657928172,209.3004913330078
2020-05-13,208.63302829494464,209.97789708854268,201.34089170938017,204.31951904296875
2020-05-14,201.7891681053839,206.14253347836075,199.9262891381325,206.0229949951172
2020-05-15,204.48887738582889,210.53577092782476,203.34324443288585,210.07752990722656
2020-05-18,211.3426874620484,213.82321759572983,210.1373004562533,212.3787384033203
2020-05-19,212.458424422794,219.650950577206,212.02009637116643,216.0546875
2020-05-20,222.64948388043672,230.45964557285663,222.34066599934008,229.0948638916016
2020-05-21,233.82680566266384,236.2973640982965,230.32019629546917,230.5094757080078
2020-05-22,230.62901192175843,235.0919747816404,227.86956375789785,234.01608276367188
2020-05-26,238.85760742372256,239.98329709798708,230.78842427517176,231.31640625
2020-05-27,228.19831016926025,229.68263043285472,220.28852241034076,228.26803588867188
2020-05-28,223.4464461675208,230.74855422488287,223.1475847549366,224.6020355224609
2020-05-29,224.34302623050968,226.62432043132432,222.0318626077638,224.2334442138672
2020-06-01,223.73534447473412,231.55547826669732,222.64949599479,231.02749633789065
2020-06-02,230.0611712834144,232.11332961960952,225.6978343001537,231.8343963623047
2020-06-03,231.226725569156,231.7646639563581,227.66034713328676,229.28414916992188
2020-06-04,228.68643951877328,230.7485697234599,223.7552790824548,225.4288787841797
2020-06-05,225.84728282954856,230.469625132266,224.4526012791481,229.89183044433597
2020-06-08,228.1584480999013,230.6688627489616,226.5446177115813,230.51942443847656
2020-06-09,230.63896437998085,238.85756934292647,229.5331878314829,237.76174926757807
2020-06-10,240.0430615117375,240.29211016589525,234.38466818489687,235.8291473388672
2020-06-11,229.06498487461528,232.0037558546732,222.6993020965105,223.5759429931641
2020-06-12,229.0251435920884,230.7784559017757,223.6456985708954,227.71017456054688
2020-06-15,224.23344383599655,232.8804210600343,223.94455408391156,231.61524963378903
2020-06-16,236.23758554018897,237.55256970132336,232.1133405268397,234.7532501220703
2020-06-17,234.1057460714109,236.6858866033432,230.848185263491,234.63372802734372
2020-06-18,234.0957629921643,235.24138064542944,231.2665589150119,235.04214477539065
2020-06-19,236.8851072797396,239.91354737658003,234.65364110388165,237.8813018798828
2020-06-22,237.6521850296528,239.78404089868695,236.00846999444957,238.30967712402344
2020-06-23,240.36182280130333,244.2569471884849,238.9472283467733,241.31817626953125
2020-06-24,240.28214094943323,242.29445835181724,231.7945584727032,233.1294708251953
2020-06-25,233.7271630285512,236.3969723563037,231.854327590435,234.7831268310547
2020-06-26,231.75470032133217,232.2029848302687,214.5803007465008,215.2577209472656
2020-06-29,208.95182551176316,219.90996653979363,206.3218722730648,219.8003845214844
2020-06-30,219.7505653419522,226.63427374429315,217.63863763326984,226.20591735839844
2020-07-01,227.63046258057437,238.09050571885015,226.6940372389368,236.64602661132807
2020-07-02,238.090505891421,239.0867004767408,231.7248230992567,232.53173828125
2020-07-06,232.8704382226935,239.4851695882037,231.3861180354072,239.3656311035156
2020-07-07,238.49895651678605,246.70759041907093,237.9112053418843,239.9434356689453
2020-07-08,237.2038906357482,246.05010331756864,235.6896706269855,242.653076171875
2020-07-09,244.06767737889825,245.59185390320656,238.32960194625068,243.569580078125
2020-07-10,242.76266722665912,244.5558205668989,238.40930164010413,244.13742065429688
2020-07-13,246.07002860272232,249.1980791140628,237.51272043071015,238.09051513671875
2020-07-14,235.859019435535,239.41544132438412,231.14702340531284,238.81771850585935
2020-07-15,240.6308024691148,243.88836298337037,237.1441214589662,239.3656311035156
2020-07-16,237.09431025052712,240.8399964023928,235.43066712453663,240.01315307617188
2020-07-17,240.08289904762916,243.23087763767205,236.95484860582587,241.1089782714844
2020-07-20,239.1464801657953,245.11369146477205,234.74330173043552,244.486083984375
2020-07-21,245.283038742012,245.97041545685423,239.1664044283881,240.83004760742188
2020-07-22,239.3456991076031,240.97945757520463,237.2138433608459,238.95718383789065
2020-07-23,238.71813693724783,241.49751341666143,230.86811796486856,231.7148895263672
2020-07-24,229.31403632182503,232.6014815264253,226.0365475909173,229.83206176757807
2020-07-27,230.57918955173696,234.0558986869806,229.9515821419086,232.6114196777344
2020-07-28,233.73714052317075,234.06588656056124,228.95540347133576,229.24429321289065
2020-07-29,230.2604094609015,232.81066509652172,229.43356615391608,232.4022216796875
2020-07-30,229.3439237932875,233.9961507870083,228.1285651558752,233.60763549804688
2020-07-31,254.8465242868863,254.87640891051925,248.0524694341496,252.70469665527344
2020-08-03,251.68855166925397,254.42808673282505,249.37738817454436,251.00119018554688
2020-08-04,250.6027000451976,251.8379867667496,246.48841166517963,248.87928771972656
2020-08-05,249.23793260232915,251.3100192209883,246.8271434635001,248.1719970703125
2020-08-06,248.09230169705577,265.58549200841645,247.7237145515596,264.2705078125
2020-08-07,263.07503315346247,277.8287018343583,262.4275128014407,267.41845703125
2020-08-10,267.02000524946084,272.8178346328324,258.70177437901185,261.9991760253906
2020-08-11,259.19986672224866,264.9080725335297,254.1591246472423,255.1553192138672
2020-08-12,257.9845494868813,262.8957821912096,257.1278062135061,258.90106201171875
2020-08-13,260.55468219178897,264.150960461302,258.582236365527,260.3056335449219
2020-08-14,261.31178505413493,261.6504875465789,257.6955940415485,260.245849609375
2020-08-17,261.5010959147742,263.0950134368301,258.41288641606246,260.16619873046875
2020-08-18,259.95698018784816,264.14097906027695,258.2734089649064,261.3416748046875
2020-08-19,260.39531351539165,266.8904911740159,260.3554572201455,261.5907287597656
2020-08-20,260.50489669787135,268.6039639336276,260.46504040012024,267.986328125
2020-08-21,267.6675266155325,269.4606647155896,265.40617584247394,265.9939270019531
2020-08-24,270.03844923457405,276.1949239213989,267.74718365369284,270.35723876953125
2020-08-25,271.37340270771705,282.0127548400095,269.2315901764361,279.7514038085937
2020-08-26,282.919271060578,303.5106271584194,282.919271060578,302.7535095214844
2020-08-27,299.01778009052265,300.0837156277858,290.90874130992586,292.10418701171875
2020-08-28,293.8774081071837,296.0989330180741,289.8727167446168,292.5425109863281
2020-08-31,292.8314049580137,295.75024774126024,290.4405136774634,292.0842590332031
2020-09-01,293.588501861237,300.3427000287538,291.5961126625424,294.31573486328125
2020-09-02,297.7426873926412,302.44472775997764,291.93485506021165,301.3489074707031
2020-09-03,294.86363950912147,296.46752867600287,282.55068844562334,290.0121765136719
2020-09-04,286.1569024740361,287.90024304611467,270.1082218574818,281.65411376953125
2020-09-08,270.24768180359314,278.23715190381387,268.39477435848016,270.1281433105469
2020-09-09,274.7205926706943,277.4203021102223,270.31742926261126,272.67840576171875
2020-09-10,274.46153928875844,278.09764290646683,266.0137995116333,267.0697631835937
2020-09-11,269.0323120071259,270.35726785369485,261.64056507896566,265.5954284667969
2020-09-14,269.91895971861715,275.58730985918567,264.6889376677602,265.13720703125
2020-09-15,269.6399908452497,273.4753155219664,268.2751787815204,271.3833312988281
2020-09-16,266.2728543716457,271.40325031228923,260.793784252203,262.5171813964844
2020-09-17,257.29713602872783,260.50488380637853,249.2379254895453,253.85031127929688
2020-09-18,257.4166884235615,258.2136623749683,249.0984723152529,251.56903076171875
2020-09-21,246.59800915130737,248.99884182983368,243.200997055101,247.2056884765625
2020-09-22,252.34605593306685,254.3484168411676,247.27542898205851,253.78057861328125
2020-09-23,254.288616733622,257.00822361360264,247.2056728368529,248.07237243652344
2020-09-24,245.5619607553214,251.28012304192453,244.68530467216644,248.58042907714844
2020-09-25,248.45092325550735,254.77676494639124,245.67154705350123,253.85031127929688
2020-09-28,258.4128657613341,258.61211683620814,253.85030800059693,255.8426971435547
2020-09-29,256.8289272739403,262.3279105188514,255.92238654019008,260.7937927246094
2020-09-30,260.9830939470925,265.0674678254544,259.11024307917785,260.90338134765625
2020-10-01,264.34022864354114,267.3088689312499,263.7923034028258,265.6153564453125
2020-10-02,260.2159617584923,264.1409705949083,258.1936881012683,258.9508056640625
2020-10-05,261.20225511325583,263.86207786221894,259.8474145508197,263.6429138183594
2020-10-06,260.7838118742204,264.6789362695211,257.25727460354693,257.6756896972656
2020-10-07,258.22360486018664,259.18991487980696,253.85032618683744,257.13775634765625
2020-10-08,258.7615667644889,263.6130299662554,258.1638438793533,262.7563171386719
2020-10-09,263.51337506514693,263.74251075933546,261.1723421614329,263.44366455078125
2020-10-12,269.1717853652261,279.1137877313297,266.8506349889479,274.7006530761719
2020-10-13,276.52366451848934,278.0378996624251,272.349637403228,275.08917236328125
2020-10-14,276.56353033135315,277.6892350542798,270.46682445645547,270.7856140136719
2020-10-15,266.5816731762141,268.01619579001186,262.66663581005366,265.7050170898437
2020-10-16,266.36249347048897,270.33729984472336,264.2903918608161,264.9179992675781
2020-10-19,264.51953117501324,267.528027697902,258.89103818548114,260.4052429199219
2020-10-20,262.0589336454426,268.673679993458,261.8796259243258,266.54180908203125
2020-10-21,278.4961702128668,281.9728797666005,275.31830688957376,277.6693420410156
2020-10-22,278.80498610953504,281.3751852785994,273.9933794254177,277.0616455078125
2020-10-23,277.7390718663258,284.15456820494563,275.7666258054155,283.706298828125
2020-10-26,282.0824767449961,284.1446069376227,273.2163505659209,276.05548095703125
2020-10-27,277.6992148020787,283.4273337186137,275.2585258857592,282.21197509765625
2020-10-28,277.72913935604555,277.72913935604555,266.24301524972054,266.6514587402344
2020-10-29,275.49761025992603,282.5208005784098,272.7381621044478,279.7613220214844
2020-10-30,273.4554046771894,275.6470448533952,258.1140146480841,262.1087341308594
2020-11-02,263.5931087989884,269.44076649317986,256.36072595738165,260.36541748046875
2020-11-03,262.1585949898316,269.0223605093348,259.8872723410963,264.2904357910156
2020-11-04,279.9306810926945,287.8404686062195,277.5597330932296,286.2864074707031
2020-11-05,290.7892044311462,296.24836191079106,287.850448533581,293.5586242675781
2020-11-06,292.8314106199197,293.47893102031964,286.96380991759634,292.29345703125
2020-11-09,288.7669340102952,291.4666129589929,277.4700904965096,277.70916748046875
2020-11-10,272.06074376935914,272.95731280412,262.9953670813419,271.3932800292969
2020-11-11,272.4293315645231,277.3405635215419,271.4431086640138,275.4278869628906
2020-11-12,276.12521791058765,278.6854453843714,273.3856827012686,274.033203125
2020-11-13,276.66317709360766,276.70303339167884,272.0607627134411,275.8961181640625
2020-11-16,274.003343050103,278.3467677980265,273.5849582963711,277.8984680175781
2020-11-17,276.62331602574073,276.62331602574073,272.25003743308173,273.9535217285156
2020-11-18,273.4753119721197,276.33441581608946,270.80551792278453,270.9350280761719
2020-11-19,269.98862980117605,272.4293185532487,268.1656071931439,271.9013366699219
2020-11-20,271.5228081269431,271.96113619982054,268.38480109723474,268.6737060546875
2020-11-23,269.85916889775,269.9189381414374,263.52335545386865,267.40850830078125
2020-11-24,267.4682676914292,276.76277996122934,266.85063192844774,275.8662109375
2020-11-25,277.0815741772722,279.113789224855,271.61244527778683,274.541259765625
2020-11-27,276.33442292780114,278.067791729578,273.77419561839963,276.7528076171875
2020-11-30,274.9795902823005,276.6432486171017,269.9787044064691,275.916015625
2020-12-01,278.09767183885526,288.19906868038885,277.8984207699877,285.45953369140625
2020-12-02,284.27408872574154,290.6696717102576,279.7613282091371,286.4258728027344
2020-12-03,285.1606851691503,285.5591569021982,280.0004047827854,280.7774353027344
2020-12-04,279.2333430926013,282.381321776808,278.2371484609452,278.6356506347656
2020-12-07,278.12755775684974,287.39215487497097,277.1413348846764,284.49322509765625
2020-12-08,284.9216168224966,285.34000151433867,280.4785671804424,282.321533203125
2020-12-09,282.580543095095,286.5354365821965,270.7158626337903,276.8623962402344
2020-12-10,274.4914253266733,277.66928803184345,270.8254066714705,276.0653991699219
2020-12-11,273.4852842736392,275.42787577601905,269.2215728830751,272.5090026855469
2020-12-14,272.3297195571098,276.16507494062256,270.5266097193985,273.1466064453125
2020-12-15,273.78414249637257,275.0293857188784,266.4521649949526,274.5014038085937
2020-12-16,273.714430968882,276.80260982812024,271.4729931766599,274.6209716796875
2020-12-17,276.01565683275226,279.3728279130028,272.5688014814225,273.4355163574219
2020-12-18,274.7205676009812,276.9420924525854,270.10821224590984,275.3481750488281
2020-12-21,271.9412325448222,273.62480397285174,266.7709797643087,271.751953125
2020-12-22,270.4668611935208,270.4668611935208,263.6230084651211,266.0736389160156
2020-12-23,265.8743934436736,271.1342997563098,265.2169013544132,267.0897216796875
2020-12-24,267.8567946454759,269.37099941230457,265.18700055602324,266.3824157714844
2020-12-28,267.7173155633605,276.244738540555,264.6490497039362,275.9458923339844
2020-12-29,275.8960815311191,279.4425315523675,275.2286178332047,275.7267150878906
2020-12-30,276.892298841727,277.02177860139483,270.67602391837346,270.8354187011719
2020-12-31,270.964954948141,276.0355822583716,268.7832861508176,272.1205444335937
2021-01-04,273.73436865054026,273.95353269275245,264.19083714282647,267.9165954589844
2021-01-05,267.2690486328217,271.3633937065147,267.1893360427298,269.9388427734375
2021-01-06,261.0030013414244,266.73112064567323,259.020583693287,262.3080139160156
2021-01-07,264.8881267784929,270.5763891898327,263.7723937382419,267.7173156738281
2021-01-08,267.2889931852237,267.9265723755679,262.1785095929648,266.55181884765625
2021-01-11,259.48878816797986,262.46740038322883,254.9261997377507,255.8626251220703
2021-01-12,255.65343299320105,258.7316707545216,249.34751915549,250.13450622558597
2021-01-13,250.5927497004047,252.9836106127,248.2516863565432,250.68240356445312
2021-01-14,252.435710754502,254.05951285014916,243.6791667286222,244.7052459716797
2021-01-15,246.95664797735785,252.8939747874335,246.2194736638581,250.4034881591797
2021-01-19,255.92241536266195,261.20226557569094,251.75832876398644,260.1064453125
2021-01-20,267.9066222170974,269.2913473851233,262.5969180638694,266.462158203125
2021-01-21,268.23535624451296,272.5588369753029,266.4720724210523,271.83160400390625
2021-01-22,270.97486878727955,277.4102765813348,270.96489711407105,273.45538330078125
2021-01-25,277.08162810434004,279.0341613424291,270.4768519106256,276.9521179199219
2021-01-26,277.08156020719645,284.303970524681,276.7527989886263,280.9766540527344
2021-01-27,281.45487792922563,282.371390399105,267.0997091358158,271.1044311523437
2021-01-28,276.1252204546108,285.6986666648596,263.69273091979187,263.9915771484375
2021-01-29,264.2904010334879,265.5456158905764,253.88018626312984,257.346923828125
2021-02-01,258.5323943917056,263.1647232936775,253.93995218492304,261.012939453125
2021-02-02,262.99536328865884,267.8269129748191,262.2681303168631,266.0636291503906
2021-02-03,264.6091748005896,268.1755680892335,262.8359498296005,265.63525390625
2021-02-04,265.9939317658907,267.13954948374766,262.99537627010574,265.47589111328125
2021-02-05,265.7847017544922,268.1457084460497,264.65902741642924,267.07977294921875
2021-02-08,267.7273074869956,268.8330689363865,263.991577615084,265.5655517578125
2021-02-09,265.42609656963776,272.3496613283842,264.7387198507974,268.4246520996094
2021-02-10,271.41322858899696,272.7580669662373,266.70121722712844,270.8354187011719
2021-02-11,270.8554066350345,272.53894780230445,267.46832014555565,269.3611145019531
2021-02-12,269.4905550375292,270.1480471285098,267.3188580833926,269.4706420898437
2021-02-16,269.7695091811734,275.5474566088308,269.0223631656405,272.9274597167969
2021-02-17,270.2077805053335,272.92740237500504,268.5540940235514,272.5289306640625
2021-02-18,268.5441758892192,270.9151238155532,265.0176386205776,268.3648681640625
2021-02-19,268.8330700722336,269.2415135214621,259.1600286620997,260.5646667480469
2021-02-22,256.9684375962494,262.06894964704213,256.5500224414258,259.33935546875
2021-02-23,258.5124839009608,266.442183950605,253.98976736419053,264.8482666015625
2021-02-24,261.3317229143533,265.3663293913309,257.40674405645774,263.30419921875
2021-02-25,261.30183639415884,265.9241940188549,253.07327431376152,253.72080993652344
2021-02-26,255.4940003444315,264.539432876034,255.4940003444315,256.6396179199219
2021-03-01,259.82748421693225,265.6352853884401,256.9185825931977,263.90191650390625
2021-03-02,264.7686025446504,265.695056236705,257.6657301026709,258.014404296875
2021-03-03,259.2994990519081,259.9968170259454,254.1292466835673,254.4380645751953
2021-03-04,255.49404580412752,265.4759053581925,252.535346446273,256.6596069335937
2021-03-05,259.6780743937797,264.4398836340917,254.6373166650812,263.2743225097656
2021-03-08,264.53946287874135,264.56934750057155,254.0794348186366,254.33843994140625
2021-03-09,260.186084544869,267.50812054717704,258.8213028794178,264.7287292480469
2021-03-10,267.61772564525324,267.9464564788886,261.869663481459,263.8919372558594
2021-03-11,267.0897364118175,276.84249067161846,266.8008618486904,272.8377990722656
2021-03-12,268.1158362881691,268.7135287427312,263.0152942648092,267.3786315917969
2021-03-15,268.0560401291778,274.9098641108466,267.47826061510057,272.7082824707031
2021-03-16,275.0293892697429,281.0663564597235,273.7542614094919,278.2172241210937
2021-03-17,274.66079655913705,285.14078289920985,274.3619503485229,282.9292297363281
2021-03-18,278.8049967524485,284.10475968034206,277.22105087916407,277.55975341796875
2021-03-19,280.14982785356773,291.68574717184134,280.129914907423,289.0059814453125
2021-03-22,289.3447359434442,298.56947733701,285.6588037346761,292.4229736328125
2021-03-23,292.03444735444225,296.8659973513561,288.70716096518794,289.5240478515625
2021-03-24,289.89264582002005,290.6099071906842,280.09009402190867,281.0663757324219
2021-03-25,279.91075672785223,286.96380079354674,276.6930373739072,277.67926025390625
2021-03-26,277.24095329563903,283.4173721605965,276.7129713579355,281.9429931640625
2021-03-29,284.6825169522724,292.0643225100769,283.6166118463992,289.7133178710937
2021-03-30,288.72707552615447,291.357043935581,285.6090118791391,286.904052734375
2021-03-31,288.8864779638438,295.3717148893724,287.5117244771928,293.4092102050781
2021-04-01,297.26447819706783,301.24925680668383,295.4713399833198,297.52349853515625
2021-04-05,299.7449970903577,309.58737384991946,299.53577434278225,307.7344665527344
2021-04-06,307.66471194227694,310.16516991621256,304.0883772632591,305.09454345703125
2021-04-07,305.1742461086089,313.05414893931214,304.33744630377043,311.8985595703125
2021-04-08,313.65188007140904,314.67795930702925,308.87012768679824,311.8288269042969
2021-04-09,310.2150017004918,313.54228811650506,309.1490661500486,311.2709655761719
2021-04-12,309.86630566264114,310.96212575870106,306.75818350032216,310.3544616699219
2021-04-13,311.0219269922182,313.2334803584964,308.142940227036,308.5812683105469
2021-04-14,306.13056506727503,306.85779801432125,300.8009486849842,301.6676330566406
2021-04-15,305.17424169363784,308.95979931003205,302.9427755796847,306.64862060546875
2021-04-16,306.99731003126504,307.7743406203492,303.4508292076958,305.0148620605469
2021-04-19,303.8493222266958,306.5290881112237,299.41624413182944,301.08984375
2021-04-20,300.8407989283855,303.9389799575848,296.07898993423856,301.498291015625
2021-04-21,300.80096877180426,300.8308533934624,296.2583238710927,300.3227844238281
2021-04-22,300.1833260021654,301.7673022779315,294.9134780962532,295.3916320800781
2021-04-23,297.62312388141186,301.4385360209274,296.01923468336224,299.9841003417969
2021-04-26,302.18565651246075,304.6362866365535,300.4124313980448,301.8868103027344
2021-04-27,303.1220539699199,304.17801768246443,299.9641041040661,302.4147644042969
2021-04-28,306.19035588831184,309.7368366130836,304.20793837426686,305.9313659667969
2021-04-29,328.8637370754832,330.5473082822204,320.3861118014405,328.2560729980469
2021-04-30,324.89895088400993,328.5649400479308,323.265176999238,323.84295654296875
2021-05-03,324.9288129529213,327.29973061401193,320.6152732185873,321.3524475097656
2021-05-04,318.80218522074733,320.9639408812368,311.92844855514466,317.14849853515625
2021-05-05,316.9791476231169,319.8382211293504,313.2932156121139,313.8211975097656
2021-05-06,313.32311475668405,319.021349086728,312.07787150625006,318.8021850585937
2021-05-07,321.15321352832405,321.7110800609453,317.5370223391015,317.8657531738281
2021-05-10,313.1537483510291,313.3828536299801,303.66995721789255,304.8056335449219
2021-05-11,299.6055218965839,305.67234328033123,298.549558066986,305.363525390625
2021-05-12,299.9840718766192,303.7994836540944,297.0552574463088,301.3986511230469
2021-05-13,304.9152451800012,307.684665091712,301.61784331970176,304.098388671875
2021-05-14,308.36209242038615,315.6442726895928,307.9038210043115,314.7377319335937
2021-05-17,312.3568165951335,314.4787160383786,310.3943119421477,314.2595520019531
2021-05-18,314.3890678380439,315.2956086231753,308.6310639424369,308.7804870605469
2021-05-19,303.0324145226781,313.46257239933686,302.41477878236554,312.3966369628906
2021-05-20,312.38669478024747,318.0351316381315,311.9683100657062,317.3975524902344
2021-05-21,318.0749641980802,318.7125128969515,314.608196243362,315.026611328125
2021-05-24,316.9991006155491,324.7096681118598,316.81979286949394,323.3946838378906
2021-05-25,325.8353130089416,327.92732772751424,323.5639905605776,326.5426330566406
2021-05-26,327.10049314049525,328.57484164717323,324.58012209444763,326.4131164550781
2021-05-27,326.75181005235726,332.5098132939294,325.51653854769484,331.4837341308594
2021-05-28,329.7404157605605,331.6032948161848,327.08056277642936,327.47906494140625
2021-06-01,328.89364050459415,330.1588271011921,325.39701813801105,327.8775329589844
2021-06-02,329.1227606623162,330.6070808150183,325.8751566972119,327.8974304199219
2021-06-03,324.5402655721899,326.1341829633674,322.2490302233662,324.7992858886719
2021-06-04,324.6598173325449,331.1948515423076,323.9425559972564,329.0928955078125
2021-06-07,328.22617663254385,336.4049250106904,327.6782514136262,335.29913330078125
2021-06-08,335.41874452869297,337.0126316176597,330.9756945839282,332.41021728515625
2021-06-09,334.462323032438,335.51828674295245,328.74417647911145,328.99322509765625
2021-06-10,329.5312267463236,332.66923371793064,327.29973012532423,331.1948547363281
2021-06-11,331.31440452125946,331.5634531846622,327.6783001158695,329.9994506835937
2021-06-14,330.63697115426925,335.5382618071754,328.5549281545963,335.4884338378906
2021-06-15,335.7076133559302,338.6264866810284,333.7550804242409,335.4685363769531
2021-06-16,335.4187381355204,336.265479234852,327.4690941845248,329.8200988769531
2021-06-17,329.2323505940614,336.6938689789754,328.893648071066,335.2294616699219
2021-06-18,333.2570114152347,334.87084196326083,327.7480559462388,328.4055480957031
2021-06-21,329.8300670127516,331.6531201585846,326.4031551509533,331.0255126953125
2021-06-22,331.4239977837728,338.62649598788244,331.33434391419235,337.7398681640625
2021-06-23,338.0586432207351,342.11316253465003,336.9130255122768,339.2939147949219
2021-06-24,340.54909812051665,343.5874792047035,340.48932888224334,341.8740234375
2021-06-25,341.2863120244718,342.81048858061723,338.3873820252447,340.0709533691406
2021-06-28,341.156784068299,356.7771380373392,340.46940738260423,354.2866516113281
2021-06-29,354.9142097693082,355.3824224085436,347.7216841376279,350.5509033203125
2021-06-30,350.8298909455982,351.5770369494507,345.8489175865818,346.3868408203125
2021-07-01,345.5002120747215,353.320345620296,345.1814225122737,353.0414123535156
2021-07-02,353.7487220190341,355.0836191857236,351.2781483723781,353.3502502441406
2021-07-06,355.1433756534986,357.4246698047438,347.85122386967987,351.4375305175781
2021-07-07,353.90808696164675,355.13338680606967,348.66809387945307,349.1562194824219
2021-07-08,344.4143683541473,347.0044499805939,341.2564181106248,344.33465576171875
2021-07-09,344.0059189068472,349.3753918725092,343.956090937089,349.0865173339844
2021-07-12,349.8934527243088,352.8421803325884,348.30950690224967,351.81610107421875
2021-07-13,350.16240142286506,357.1257919389138,347.4726638459515,350.7501525878906
2021-07-14,353.21075009309254,353.8483292210307,345.4105598588523,346.30712890625
2021-07-15,347.90103743410833,347.90103743410833,338.9253147122856,343.149169921875
2021-07-16,343.5974542899092,344.6733309909552,338.8456173913364,339.8617248535156
2021-07-19,336.2854214378455,338.49697468576085,333.26695298880065,335.66778564453125
2021-07-20,337.5107308110484,342.143060193653,333.22710603308553,340.35986328125
2021-07-21,340.2004640702531,345.20135013783363,339.95141541427193,344.9124755859375
2021-07-22,345.3607293800307,350.2022508431243,343.89632213272137,349.85357666015625
2021-07-23,359.53659951924334,373.9017087377094,355.830754362479,368.3828125
2021-07-26,368.1735877378131,373.0151093136962,366.81877767139264,371.0426330566406
2021-07-27,370.4947125044524,371.7299839972044,363.1627049310748,366.4103088378906
2021-07-28,373.13465548903446,376.1132676827848,365.5336856527333,371.8595275878906
2021-07-29,359.6262456106284,364.12903419563696,355.38244694504294,356.9564514160156
2021-07-30,352.6528869047466,359.3572874788406,351.59692306533964,354.9441223144531
2021-08-02,356.7372777143854,358.0323184807113,349.40526995023885,350.6106872558594
2021-08-03,351.3877626207122,352.4237832053547,346.3769045650007,349.9034118652344
2021-08-04,351.0789039914609,359.1082297993869,350.17236328392784,357.5541687011719
2021-08-05,358.2714305681252,362.51519877306265,355.54183676708993,361.5887451171875
2021-08-06,360.02469222796736,363.7604216653109,360.02469222796736,362.1266784667969
2021-08-09,362.3757599624865,364.3880621240596,359.3772044670222,360.2339172363281
2021-08-10,360.4531163918129,362.71449782694697,357.67375505654144,359.7557983398437
2021-08-11,360.72205035960366,360.9810402679872,356.4483672546604,358.5901794433594
2021-08-12,357.0859293352041,361.61860213248576,355.75100195698207,361.2699279785156
2021-08-13,361.58878126412577,363.27235269169927,360.1044609315055,361.7979736328125
2021-08-16,361.1404652915466,365.5536305949413,356.02004071672485,365.16510009765625
2021-08-17,361.5986974550612,363.28226862430495,353.71879516151245,357.0859375
2021-08-18,354.89432510865527,358.4905730103954,353.79850497189017,354.0973815917969
2021-08-19,350.0129428927795,356.2092738853384,349.6642687382504,353.7685852050781
2021-08-20,353.25063431594106,358.6201077519429,351.9655346855885,358.0024719238281
2021-08-23,358.072191121538,364.2984074004967,357.73348860413626,361.9673156738281
2021-08-24,362.2761439557223,366.5597687178801,360.46306242696073,364.1191101074219
2021-08-25,364.2087373264639,369.4487000406662,364.0094862538255,366.9881286621094
2021-08-26,366.97815591510187,368.0341197138184,362.74432904619965,362.9933776855469
2021-08-27,363.710661352788,372.3177670492516,362.6945233848294,371.2120056152344
2021-08-30,371.1422736135096,380.0382844755459,369.11002803020807,379.2114562988281
2021-08-31,378.5041480291977,381.3034524053221,377.3584999253089,377.9363098144531
2021-09-01,378.145530516897,382.86748351648856,377.3684998916294,380.5961608886719
2021-09-02,380.0482296543719,380.2972782976578,372.63653959806607,373.8518981933594
2021-09-03,373.3238920811973,375.7247244949894,371.6901184944731,374.8281555175781
2021-09-07,374.4496031050745,381.5026469689018,371.7299811059693,380.7256164550781
2021-09-08,378.7133496410574,379.4206393074584,373.3637894064311,376.1332092285156
2021-09-09,376.2029384963865,378.3845766729862,375.1370029917539,376.5615539550781
2021-09-10,379.9087236836783,382.3294994477109,376.82054502429855,377.2489013671875
2021-09-13,380.2275490668648,380.2972899854752,372.9254559979386,375.0772399902344
2021-09-14,375.9638524445199,377.1493265026148,373.6825581980874,375.09716796875
2021-09-15,375.5653360740825,376.1232025761884,366.2708545287785,372.4970703125
2021-09-16,371.3713887477206,372.1384476354948,368.3030923937314,371.6403503417969
2021-09-17,369.9966365281194,369.9966365281194,360.2139983524716,363.33209228515625
2021-09-20,357.9327118278841,359.6561394506684,348.46886301661107,354.346435546875
2021-09-21,357.13576697950003,358.6699151882745,353.8383652590296,356.1196594238281
2021-09-22,345.9086214268068,348.5086744358731,339.39350099275384,341.9039001464844
2021-09-23,344.0457707802318,348.3393977041544,341.6947659917591,344.6434936523437
2021-09-24,341.93380900752913,353.00154631190134,341.06712460972705,351.6168212890625
2021-09-27,348.47885411929406,353.79852999424577,345.7592317331747,352.2344970703125
2021-09-28,346.6458196331948,348.2696216179247,337.6302710940714,339.3536682128906
2021-09-29,341.8441642811484,343.91626603377915,337.5904243661517,338.317626953125
2021-09-30,339.15447461997616,341.4955076839836,336.8632087255414,338.0985107421875
2021-10-01,340.3100455767817,343.7070730391821,337.35137660139446,341.7047424316406
2021-10-04,334.2531843622985,334.6616278104517,321.472020583479,324.98858642578125
2021-10-05,327.3296252087425,333.904515988842,324.91885117695654,331.6929626464844
2021-10-06,328.485208457027,333.10756614543567,324.5601991720853,332.3703918457031
2021-10-07,335.71758652139374,337.5505809717345,327.7281166234768,327.9671936035156
2021-10-08,330.248472311904,332.13126424434466,327.45910926927,328.79400634765625
2021-10-11,326.3832448041209,329.2024621726233,324.0720660135255,324.2115478515625
2021-10-12,321.80072858361314,323.14559732442774,316.1622637068661,322.53790283203125
2021-10-13,325.7257381726709,325.75562279356666,321.4321420291282,323.30499267578125
2021-10-14,327.1104492126291,329.26223322936005,325.85526467062124,327.2798156738281
2021-10-15,327.42923575196744,327.81776624094044,321.2827320587294,323.524169921875
2021-10-18,327.69820599115644,334.6117985287112,326.25371174803007,334.0638732910156
2021-10-19,338.35749498875487,341.1567994254865,335.99651861484824,338.6961975097656
2021-10-20,342.1430376966396,342.6710196034064,338.15825941117083,339.4831848144531
2021-10-21,338.98512296623915,341.007396941465,336.5145492264545,340.5790405273437
2021-10-22,325.10809399566216,328.3756108686573,319.8880139365098,323.37469482421875
2021-10-25,319.0811513474941,328.30592402970376,318.5033717961436,327.4392395019531
2021-10-26,327.0108185868218,328.9533796345494,308.4218254385663,314.6081848144531
2021-10-27,312.99439552064973,318.0351379531954,310.87249607900134,311.0318908691406
2021-10-28,311.7989215824348,324.2812380421031,306.93748732813617,315.7139892578125
2021-10-29,318.97157177238654,324.7594603358264,318.3838205690323,322.3387145996094
2021-11-01,324.7992950532916,332.18110066830343,324.75943875699,328.72430419921875
2021-11-02,330.1190037112649,333.51603127780567,322.5678308796438,326.83154296875
2021-11-03,326.2437438656032,330.8860141226756,321.97009112971296,330.3580322265625
2021-11-04,332.7389660445746,335.986539747779,331.38412558808767,334.57196044921875
2021-11-05,339.0149613257448,345.4703128866175,338.3475280090483,339.83184814453125
2021-11-08,343.1093679959107,343.47795514494527,337.0524876179697,337.3314208984375
2021-11-09,338.7061664126644,340.01117891584454,333.197211451481,334.0937805175781
2021-11-10,331.22473856672923,331.9220869593952,324.27131959512985,326.3932189941406
2021-11-11,328.5649302882064,331.1948683836995,325.7556540486866,326.4928283691406
2021-11-12,328.9235670765148,340.5591141707265,328.5250952667172,339.59283447265625
2021-11-15,343.02964837978425,352.3042177673243,341.89400233306856,346.2373962402344
2021-11-16,342.5215917042159,345.33086790184603,339.5728640649204,341.6549072265625
2021-11-17,342.9300635246514,345.97841696098334,338.8058331584466,339.4732666015625
2021-11-18,338.42726340304085,341.156827142116,334.0240694692782,337.40118408203125
2021-11-19,340.897813410094,350.7601341339255,338.6065475278641,343.9859924316406
2021-11-22,347.72169302661376,352.48350172545287,339.21421351958287,339.7123107910156
2021-11-23,337.6402746652612,340.1008768798887,332.23094454370136,335.9666748046875
2021-11-24,334.7214034829016,340.47940736247216,331.5435401070046,339.7621459960937
2021-11-26,334.5221503147453,336.4647420370484,330.6369972715871,331.85235595703125
2021-11-29,335.6080063323729,339.37362062516365,334.0340018726477,336.74365234375
2021-11-30,333.72518001242486,334.53209517974227,322.19920157355926,323.22528076171875
2021-12-01,329.0331351354939,329.24232749683847,309.1092423974099,309.4180603027344
2021-12-02,310.21496757975564,313.4028022056902,306.03096883484113,309.2088317871094
2021-12-03,312.53612782135576,312.5560407678805,298.3602683983433,305.6723327636719
2021-12-06,306.9574738647008,318.8819254878454,305.17427686201216,316.660400390625
2021-12-07,320.3463019219596,325.2973902552526,319.77846370874653,321.5815734863281
2021-12-08,323.7632238069608,331.4837314515884,321.84057565116154,329.30206298828125
2021-12-09,328.2859776162031,334.850896394424,326.7518294169016,328.5649108886719
2021-12-10,331.29451346978647,333.755115642898,325.128065724245,328.4952087402344
2021-12-13,329.6905952672198,339.79199209693763,328.33575488368376,333.21710205078125
2021-12-14,326.80159109132705,334.42250327981003,326.4031193746312,332.4699401855469
2021-12-15,331.2247450845132,340.80813262697296,322.7471493977321,340.35986328125
2021-12-16,337.6900710019132,343.1491981881942,332.4699904000222,333.6255798339844
2021-12-17,331.5335830027604,335.827179714737,329.49139603447946,332.51983642578125
2021-12-20,328.5250571344495,328.6445956233688,321.30264621492387,324.2115478515625
2021-12-21,325.1678587884857,334.72136064196854,322.5179777018968,332.92822265625
2021-12-22,332.5297323414096,333.2370523688457,327.0108363618432,329.1925048828125
2021-12-23,328.84383954300944,335.3888452817984,327.1104402870962,333.9642639160156
2021-12-27,337.56054731728005,346.5462116920972,336.72374749890776,344.8626403808594
2021-12-28,345.3109397729048,351.36778957673374,343.8863887883202,344.9024963378906
2021-12-29,345.5898730341148,348.359292811666,340.33993842600256,341.6349792480469
2021-12-30,342.6909145950882,345.9086338365329,341.913884086192,343.0495300292969
2021-12-31,341.7146694864941,342.1330846058311,334.9903557645264,335.070068359375
2022-01-03,337.0126321170958,339.7820519802337,335.9068706673779,337.2517395019531
2022-01-04,338.6563887819363,341.78442422363474,330.6071188578736,335.2493896484375
2022-01-05,331.752730183828,334.48232418781873,322.60767062665843,322.9364318847656
2022-01-06,321.5915544116577,337.8793425232194,321.4919288694033,331.1948547363281
2022-01-07,331.47380199043704,335.7176009775485,327.6285051891461,330.5274353027344
2022-01-10,324.0720569466976,327.09052531324653,314.2296496150884,326.8215637207031
2022-01-11,325.5364815839548,333.35661554838686,324.04218963157086,333.0975952148437
2022-01-12,333.9044978914395,335.0899718945722,328.7741017946386,331.9918212890625
2022-01-13,333.70529490857587,334.352815350994,324.5203790165713,325.2376403808594
2022-01-14,320.5654802370274,331.4638519803939,319.987670323686,330.6369934082031
2022-01-18,322.05978629762274,322.9762683775235,316.4312924413649,316.9393310546875
2022-01-19,318.3638686571998,325.85527178298685,318.1148199979957,318.37384033203125
2022-01-20,322.66744230850446,326.5725387283157,314.77759767465767,315.3553771972656
2022-01-21,313.61201611075734,317.0986971720326,301.8868167435038,302.0163269042969
2022-01-24,296.7066166132408,308.35213472779,287.91023106123095,307.5352478027344
2022-01-25,298.8085918146114,305.0646928830254,296.44758500124937,299.0078125
2022-01-26,305.8417135804538,306.339810879975,289.74320521175594,293.5088195800781
2022-01-27,296.6169495183932,300.56187171998573,293.14024000648965,293.518798828125
2022-01-28,294.49500786685223,300.7511079969524,291.9148678069762,300.56182861328125
2022-01-31,299.53578695560094,312.59591405423964,298.18097688359325,312.06793212890625
2022-02-01,313.36293530666785,318.4435332691659,310.93221832698555,317.7860412597656
2022-02-02,326.57253956372614,326.75184730553406,315.6641959153554,321.7708740234375
2022-02-03,243.71898915191693,247.0562469551893,234.852863789056,236.85520935058597
2022-02-04,234.07584696513769,241.68677312019756,229.2343405889659,236.18777465820312
2022-02-07,236.79546083015603,237.3931836892515,223.15755389495052,224.05413818359372
2022-02-08,220.00958106083635,224.91085661462728,215.32745433196004,219.3421173095703
2022-02-09,223.34682098760743,232.4819234290626,221.3644035090441,231.1171417236328
2022-02-10,227.40135380696927,234.10573945078264,225.83732093216344,227.20211791992188
2022-02-11,227.5906365590293,229.54316956175376,217.937507962827,218.71453857421875
2022-02-14,218.4754407263709,220.15901207434936,213.96268029221704,216.8715667724609
2022-02-15,219.6310299063097,220.308434954088,214.24161334384263,220.1590118408203
2022-02-16,211.60169952162727,216.63248531287093,211.5518867512737,215.71597290039065
2022-02-17,213.20557164901396,216.67232458619048,206.3716761138068,206.91958618164065
2022-02-18,208.59319267543947,209.9480179783704,204.39920660069663,205.37548828125
2022-02-22,201.57000975989823,206.6904493461833,199.2986873099958,201.31100463867188
2022-02-23,203.3831023288286,206.1525222252914,197.2963524411229,197.69482421875
2022-02-24,190.332930958274,207.5571434815645,189.49613117272025,206.80999755859372
2022-02-25,204.16013493304,210.5158616932212,202.40682261259047,209.67904663085935
2022-02-28,206.8896859993156,212.33887164491543,206.04292971479327,210.22694396972656
2022-03-01,209.07136392312097,210.9442147077806,201.4504810186902,202.7156524658203
2022-03-02,204.0007244309743,208.3540898718388,201.25123286843717,207.31805419921875
2022-03-03,208.22458115615328,208.28435039475823,200.6534967846023,202.19760131835935
2022-03-04,201.59989790770308,205.1065071832129,198.0335193878436,199.29869079589844
2022-03-07,200.02589517716615,200.1255207115442,186.5673124019901,186.756591796875
2022-03-08,187.13515496554908,195.9514677382991,185.4017709515782,189.56585693359372
2022-03-09,194.99513727130008,198.3423517489764,193.18205579556056,197.74462890625
2022-03-10,194.0985455014076,195.53306810789917,190.3429029338467,194.46714782714844
2022-03-11,191.9069300866831,192.82342730868817,185.9596470171813,186.8960723876953
2022-03-14,186.31827155741647,191.5582495893452,185.11288462494136,185.9197998046875
2022-03-15,190.07394022094223,191.54830403092183,185.20254904273372,191.29925537109372
2022-03-16,193.9590918288618,202.95472814062688,193.779784091432,202.8551177978516
2022-03-17,200.93245312570852,207.24832340957013,200.3447019442449,207.0490875244141
2022-03-18,205.913429416227,215.9750013785163,205.21609620712425,215.6661834716797
2022-03-21,213.683751594222,213.8929591582272,206.8398992395618,210.68521118164065
2022-03-22,210.5656550683776,218.62488121550024,209.3801810209909,215.8255615234375
2022-03-23,212.51819491645765,215.9749913794593,211.35264906362104,212.647705078125
2022-03-24,214.18181982440265,219.8302408766154,213.97261228881467,218.73443603515625
2022-03-25,219.6708634325821,224.64187990586356,218.05703306201303,220.97589111328125
2022-03-28,221.28471537103297,223.18743553895305,218.70455975774112,222.73915100097656
2022-03-29,225.2097196954575,230.0113697455367,224.4326739256313,228.98529052734372
2022-03-30,228.03890449437492,230.2703706205953,225.84727946295587,226.98294067382807
2022-03-31,227.58064572601464,227.620502021088,221.41419892593,221.51382446289065
2022-04-01,223.69550807652905,226.4151151708021,221.8525419235728,223.99436950683597
2022-04-04,225.1200512949494,233.45821042763177,225.00051280726413,232.9999542236328
2022-04-05,233.1892297506724,235.9586494746176,230.1408767596193,230.95774841308597
2022-04-06,226.04651944758,228.1186060315397,220.56744916906987,222.45025634765625
2022-04-07,223.07784418741716,224.6618051163752,217.728284176608,222.10157775878903
2022-04-08,221.533760524166,224.27329568049672,219.1926971284668,221.48394775390625
2022-04-11,217.58882442289055,219.77049304620164,214.40100471790967,215.63629150390625
2022-04-12,219.4019123862364,221.18509409864447,212.3189679071651,213.3251190185547
2022-04-13,211.0139550868608,215.78572070482383,210.5258142429764,214.17189025878903
2022-04-14,214.07225596135265,214.17188150116507,209.2008649986976,209.3801727294922
2022-04-18,209.20086718164444,212.5680098128948,207.50733939222343,209.9679412841797
2022-04-19,209.7189075782107,217.598795917723,208.20468741354568,216.48306274414065
2022-04-20,212.79714346636823,213.34505357346728,198.16304137323925,199.65733337402344
2022-04-21,200.83283596366135,202.19761769139532,184.87379433279807,187.3543243408203
2022-04-22,189.64556620077488,191.98662965356405,182.57259347238025,183.40939331054688
2022-04-25,182.03462854997284,186.46769132270785,180.9687082701282,186.27842712402344
2022-04-26,185.9198069241301,186.47767347960237,178.81693441435888,180.26141357421875
2022-04-27,173.76621527893357,180.52042859318897,168.35688594406028,174.28424072265625
2022-04-28,202.14780861269367,207.7364609876768,192.16593435562115,204.94711303710935
2022-04-29,203.68194453244368,211.6714138848514,199.13928461246624,199.7071228027344
2022-05-02,200.4044638010343,211.0737145458472,200.2251560712218,210.3265686035156
2022-05-03,209.6491400589866,214.08220276743384,207.2981203123787,211.2231292724609
2022-05-04,209.8483918185997,223.44645757952685,206.17244641845892,222.55984497070312
2022-05-05,217.90761377501096,219.33216476646172,205.3754837967292,207.48741149902344
2022-05-06,206.5509745130456,208.58321990906592,200.25503285641565,202.99456787109372
2022-05-09,199.0795399771,201.79916238127427,194.8357561386939,195.4633636474609
2022-05-10,198.750780239985,202.1876637890016,193.4510328439293,196.8978576660156
2022-05-11,195.58288765845128,199.90636857463943,187.5535616138952,188.0217742919922
2022-05-12,186.34816657468656,197.2963511198904,184.07684401582995,190.51226806640625
2022-05-13,191.8471575740584,199.12933765587084,190.5521015560605,197.8641662597656
2022-05-16,196.30013563539495,204.58846623998917,195.1843874226964,199.27874755859372
2022-05-17,201.35085592668904,204.678157579386,197.60516954968256,201.8489532470703
2022-05-18,199.23893378658855,200.2351284555215,190.9007892718516,191.5084686279297
2022-05-19,190.47240362969092,194.5468358773313,188.8785013972392,190.5620574951172
2022-05-20,194.2280635050955,197.1568780782061,187.1550757237641,192.80349731445312
2022-05-23,194.4472254179816,196.24037872901383,190.5122598081228,195.48326110839844
2022-05-24,179.86293115195522,182.98100979353063,175.43982486596843,180.59014892578125
2022-05-25,179.71349215000518,184.7442777071286,178.6376154041981,183.1304473876953
2022-05-26,182.1840840879453,192.0962179040776,181.56643306292108,190.9007873535156
2022-05-27,190.63180835339105,194.586702320019,189.0777471354088,194.3874664306641
2022-05-31,194.14836519961247,196.84805925690145,191.27931988422392,192.9031219482422
2022-06-01,195.76218043906644,198.77069215775,184.29598694008132,187.9221343994141
2022-06-02,187.7328669242958,200.17534279112155,187.01560560542876,198.10325622558597
2022-06-03,195.2342253077132,195.86183280805716,189.0578214527857,190.05401611328125
2022-06-06,193.25179809600863,196.17064101043297,187.68305866693552,193.51080322265625
2022-06-07,191.19964155885685,195.7821432611649,190.7613286592726,194.90548706054688
2022-06-08,193.9292037675331,201.26119673778692,193.67019864004104,195.89170837402344
2022-06-09,193.54068386376557,198.6910080735612,182.9810151221312,183.2998046875
2022-06-10,182.34344535596165,182.4032297980972,174.353975938839,174.90188598632812
2022-06-13,169.9408318044619,171.92326451484138,163.40579771292855,163.63491821289062
2022-06-14,165.39818415759146,166.11544546802398,160.74595731399802,163.10693359375
2022-06-15,166.56372376960553,171.50485536806903,163.35597614010638,168.70555114746094
2022-06-16,163.09697304966215,164.45179824658493,159.002612838432,160.2578125
2022-06-17,161.06472408551306,165.26866621220572,159.29149904068692,163.1168975830078
2022-06-21,165.29855960753932,167.12159751572244,155.3764700884688,156.45236206054688
2022-06-22,157.77731400503416,160.17813156619349,154.84849929312313,155.25694274902344
2022-06-23,155.6753309846027,159.14208386038231,153.66301368052564,158.14588928222656
2022-06-24,161.11455306406137,169.6021355578739,160.68619667001295,169.51248168945312
2022-06-27,170.6680697182877,171.0964261088505,167.37065275509303,168.84503173828125
2022-06-28,169.2534741260171,170.64815583202488,159.99883201435608,160.0685577392578
2022-06-29,162.94755970899314,165.69705136125984,159.7099272254014,163.31614685058594
2022-06-30,161.53295213759753,164.60123340239417,157.88689136774562,160.63638305664062
2022-07-01,159.69995377955496,160.00877167321815,154.41016288945764,159.4210205078125
2022-07-05,157.53822809144935,167.60975704241326,156.4224948998863,167.54998779296875
2022-07-06,167.55991445795715,170.9370132572919,164.8303512140958,169.1239471435547
2022-07-07,168.80518070335654,172.0627414708679,167.14153745897693,171.53475952148438
2022-07-08,169.33315207708776,171.7439411597345,167.51011415410747,170.229736328125
2022-07-11,166.43423532324175,166.8526352216144,161.29386765628104,162.2601776123047
2022-07-12,164.17287342417885,165.27865004025557,161.48315103934237,162.64869689941406
2022-07-13,159.55052908006334,164.3521790964023,159.00261901577076,162.86785888671875
2022-07-14,160.6064977411958,161.97127950541878,156.6814885089991,157.4485626220703
2022-07-15,159.92908401290842,164.35219073500463,159.21183784244272,164.07325744628906
2022-07-18,166.11544353641128,171.0366471143732,165.0096669624129,166.59361267089844
2022-07-19,169.7216823882295,175.8184041527028,168.8649543573144,175.11109924316406
2022-07-20,176.814584158326,182.90133374247677,176.02758191578414,182.3932647705078
2022-07-21,179.94263385273206,183.15038165209816,178.18932164395167,182.47296142578125
2022-07-22,172.41141239577743,174.93178360071428,167.76914175873597,168.62586975097656
2022-07-25,168.35690221940536,169.92093517542455,164.1828440458734,166.01583862304688
2022-07-26,165.308542748398,165.36831199531662,157.3489420180495,158.54437255859375
2022-07-27,161.9712862323734,170.2197768067757,161.40346318016032,168.9346923828125
2022-07-28,160.4471009556734,160.89538548863504,154.26074095921115,160.1083984375
2022-07-29,157.08991470511106,159.53058821432833,154.57950028385122,158.4945526123047
2022-08-01,156.65160162909262,164.56138922454696,154.63928427088203,159.32139587402344
2022-08-02,157.70756312476198,161.622615768185,157.40870170759086,159.58041381835938
2022-08-03,162.07090411173056,168.89482809416302,160.95517100877802,168.15765380859375
2022-08-04,167.6595628406042,171.4949031273698,166.165270863773,169.92092895507812
2022-08-05,166.35455208096266,170.95696655520752,165.1690780010574,166.47409057617188
2022-08-08,167.36068927243943,176.83449424649405,166.4940048529385,169.6021270751953
2022-08-09,168.30707177581826,168.8848664581072,165.96602362595013,167.888671875
2022-08-10,175.32029817851816,179.7932023329523,173.28805262354928,177.66134643554688
2022-08-11,179.02614375004953,182.40324293969053,175.6988421313586,176.81459045410156
2022-08-12,180.12194350476884,180.76947911632044,178.2291798417913,179.81312561035156
2022-08-15,178.27898147382044,180.74953967553083,177.52186389535265,180.20162963867188
2022-08-16,178.75716371752355,180.30126840720223,176.36628752684328,178.78704833984375
2022-08-17,176.08735147517908,177.46210488312778,173.5072111173905,174.18463134765625
2022-08-18,173.67655651274185,175.09115096850198,171.2059982520286,173.99534606933594
2022-08-19,169.5523281268027,171.66427114293046,166.4143210274456,167.32086181640625
2022-08-22,164.860252203272,164.860252203272,161.64253265435707,162.42953491210938
2022-08-23,161.86169950583565,164.42192700570618,160.08847427743004,160.49691772460938
2022-08-24,159.9888666965836,164.83037329835594,159.16202331389442,162.63873291015625
2022-08-25,164.5514191373578,168.23735137182393,163.3958449370133,168.13772583007812
2022-08-26,167.83885283426787,170.26956995833945,161.05477040891608,161.1643524169922
2022-08-29,160.04862063549962,162.42952501066324,158.40489050156498,158.5642852783203
2022-08-30,159.7398295333085,161.04484218521776,155.3167225415953,156.5619659423828
2022-08-31,166.4342426233535,167.20130153698656,161.52299523754945,162.3099822998047
2022-09-01,162.9575031014197,166.72311721014682,159.73979902453848,164.73072814941406
2022-09-02,166.81278779719648,167.2909569635195,158.61411024634438,159.70993041992188
2022-09-06,159.4907522797637,161.07469795362135,157.08991978498986,157.93667602539062
2022-09-07,157.15965122163325,160.34748603320335,156.21326941226465,159.77964782714844
2022-09-08,158.10605546974315,161.61264960184374,157.13974546836624,161.44329833984375
2022-09-09,162.62877484774137,168.89483243992694,162.39965433693038,168.50631713867188
2022-09-12,166.75302941022358,170.73780819075412,166.64344738572998,168.3170623779297
2022-09-13,160.9252560900832,161.01492514944175,152.0890155609478,152.54727172851562
2022-09-14,152.7465230670168,152.95571542502842,148.48281130505512,150.8936004638672
2022-09-15,149.22994463025614,153.61319451122552,148.13412455965266,148.98089599609375
2022-09-16,147.48660373350202,148.01458562023032,143.74090255885926,145.73329162597656
2022-09-19,144.68730635625357,148.01459260723,144.54783972300078,147.45672607421875
2022-09-20,145.22523973995774,148.27359261944463,144.66737322615916,145.5340576171875
2022-09-21,145.83293323998612,149.03072473363375,141.4596393634684,141.5791778564453
2022-09-22,141.01133325669048,144.02980134869446,140.3339130983608,142.27650451660156
2022-09-23,140.88185308212272,142.0772836856452,138.3614816994485,139.87570190429688
2022-09-26,139.58677320267705,141.69871595068577,135.67173598144632,135.85104370117188
2022-09-27,137.3951590959728,138.8894510143319,133.60961652931834,133.8885498046875
2022-09-28,134.10771532658035,141.48952113352624,133.7590563288539,141.0711212158203
2022-09-29,138.82968607406912,139.3078552465669,134.6855127104912,135.8909149169922
2022-09-30,135.53226808199588,140.4534714645469,134.98435805344266,135.16366577148438
2022-10-03,136.61812750481192,139.08868586870452,135.58209180405802,138.08253479003906
2022-10-04,139.95537758744285,141.8481411492554,138.8097447362637,139.7461700439453
2022-10-05,137.71393661974443,139.67644105021586,134.26709687463924,138.45111083984375
2022-10-06,137.19591798758043,140.91171949348796,136.08018492860447,138.54078674316406
2022-10-07,136.23958659152188,137.7637633211906,131.9360332373765,132.9421844482422
2022-10-10,133.0417915553021,135.5920472931512,131.3681767268866,133.28086853027344
2022-10-11,131.11912335957982,132.15517421625412,126.50674527458663,128.05084228515625
2022-10-12,127.83170318329596,129.1765568235177,125.76957298727596,127.01481628417967
2022-10-13,123.059919340796,130.64096095455358,122.06372472769108,129.794189453125
2022-10-14,130.50149677812166,131.28848384899953,126.03854148307708,126.2776336669922
2022-10-17,129.80416427059245,134.27706846327047,129.6846105776332,133.52992248535156
2022-10-18,136.5683154043659,137.31546136168888,130.8999656426933,132.29464721679688
2022-10-19,132.38428945396717,136.47864954844954,131.71684094814535,132.72299194335938
2022-10-20,132.42414639827953,136.2495453741906,130.81031594328078,131.02947998046875
2022-10-21,125.82932686186176,129.62482553504316,124.9626424973242,129.51524353027344
2022-10-24,126.76576226896262,132.97205034231325,124.09596044918533,129.2263641357422
2022-10-25,130.38194994435077,137.82352458452604,130.09304500718108,136.98670959472656
2022-10-26,131.17888063395466,135.03416357289248,128.04087413085583,129.3259735107422
2022-10-27,97.6071475841143,102.1099437088734,96.01323018739396,97.56729888916016
2022-10-28,99.20106095174242,100.46622476054696,97.13893841588695,98.82250213623048
2022-10-31,97.84623865695796,98.94205123976676,92.24762204974378,92.80549621582033
2022-11-01,93.97103834147966,97.11900932192133,93.1940077703694,94.83772277832033
2022-11-02,93.85148971355098,94.83772021170324,90.13568821629336,90.1954574584961
2022-11-03,89.73720872611848,90.11575992674209,88.07356561762981,88.57166290283203
2022-11-04,90.00617575162637,91.04221899197704,87.75477394854971,90.44450378417967
2022-11-07,94.41932399271712,96.51133115526166,92.74571674260916,96.35194396972656
2022-11-08,95.55498755470788,97.42783833253556,94.42929035341074,96.10289764404295
2022-11-09,101.3329109424342,104.50080991858664,100.35663693830818,101.0838623046875
2022-11-10,106.71236591630613,112.32093865351794,104.21191539778069,111.4442901611328
2022-11-11,108.81434149956432,114.46276316116044,108.39593398360915,112.58991241455078
2022-11-14,110.56762770987146,115.82753356241894,110.3783559192088,113.78533935546876
2022-11-15,115.62830938306176,118.28814719767996,113.97463026399508,116.63446807861328
2022-11-16,114.06428955636788,115.6382789568658,112.2312950142909,112.79912567138672
2022-11-17,109.98984326864368,111.90253496934012,109.38216398867849,111.02587890625
2022-11-18,113.36695205454684,113.8849699185378,110.19905282376789,111.62361145019533
2022-11-21,111.09561940568685,111.94239090327686,108.77449174394935,109.4419403076172
2022-11-22,109.44194838337316,111.19525315196802,107.90780766089796,111.01593780517578
2022-11-23,111.29486361403836,112.2412454582302,110.30863307319942,111.81288146972656
2022-11-25,110.876463821593,112.30102242675277,110.59752294475716,110.98604583740234
2022-11-28,110.35843998177528,111.6136473446597,107.96757134783036,108.36605072021484
2022-11-29,109.12315442116412,110.5178283432153,108.12695984832204,109.04345703125
2022-11-30,109.09327334894589,117.71035820442418,108.963763186032,117.65058135986328
2022-12-01,118.74639502927138,120.738784258624,117.9494438977474,119.98168182373048
2022-12-02,117.38161527393925,123.5679830245758,117.1624512389136,123.02007293701172
2022-12-05,121.28669866197384,124.19558521647392,120.88821928182102,121.964111328125
2022-12-06,119.4536976007554,120.09126153387945,113.30717116992776,113.68572998046876
2022-12-07,113.3271010717653,115.43902878278492,112.4504449498824,113.49645233154295
2022-12-08,115.94708471655674,116.89346651238054,114.15393146089322,114.89112091064452
2022-12-09,114.86124621672448,117.09272010523662,113.43668756281834,115.4589614868164
2022-12-12,114.74169596107257,115.2796419647535,112.70945803617624,114.2734832763672
2022-12-13,121.66524829571117,122.83080179742022,118.18853114025296,119.69278717041016
2022-12-14,118.9356713917472,123.66759569025577,118.9356713917472,121.1272964477539
2022-12-15,117.87971241025096,118.17856623908014,113.57615191199864,115.7080078125
2022-12-16,119.77248364606936,122.84075732858072,118.36784557033438,118.97552490234376
2022-12-19,116.38542079666044,117.35173080672156,113.8949342141779,114.04436492919922
2022-12-20,112.8289974393041,116.88350897456738,112.0320387550755,116.64441680908205
2022-12-21,116.2559072273218,119.88205497724984,115.1800228314556,119.30426788330078
2022-12-22,116.75399856481636,118.1686006062705,113.94473022953058,116.67430877685548
2022-12-23,115.58845188931063,117.7302716820412,115.10031869015478,117.59080505371094
2022-12-27,117.48121845359248,118.14866694884968,115.60837551753376,116.43521118164062
2022-12-28,115.80762305961676,117.70039433292156,115.07044117856437,115.18002319335938
2022-12-29,115.9570562896207,120.56943468392863,115.32944880936836,119.8023681640625
2022-12-30,117.71036020984624,119.96175458380594,117.2919526922383,119.8820571899414
2023-01-03,122.35261287619603,125.88910652690674,121.81466691353134,124.26530456542967
2023-01-04,126.89527141561696,128.55892225260345,125.37109482156202,126.88531494140624
2023-01-05,125.65001693657648,128.03092892389634,124.06607123662018,126.45693969726562
2023-01-06,128.47923057095343,129.83405595933954,125.5603798210225,129.52523803710938
2023-01-09,130.66089686776536,132.4440786428735,128.7880460195992,128.97732543945312
2023-01-10,126.78567565586324,132.93220173880965,126.66613717539413,132.48391723632812
2023-01-11,130.46165946239498,133.3406614239833,129.84400843622686,132.38430786132812
2023-01-12,132.93221288709242,137.15606835893732,131.25859801655636,136.1897735595703
2023-01-13,134.4563944405672,136.86718369304035,134.32688427056985,136.458740234375
2023-01-17,135.66176603285473,136.22960422065137,133.73911785464313,134.8448944091797
2023-01-18,135.29320101300692,136.72772382625078,132.29466041082696,132.51382446289062
2023-01-19,131.98583606708118,136.9269530716981,131.63716185554998,135.63189697265625
2023-01-20,135.37287733523033,139.40746831908078,134.09774952216625,138.83963012695312
2023-01-23,138.75994219947918,143.2129333755375,138.13234992415912,142.7248077392578
2023-01-24,141.15082714546998,144.4482291159315,140.82208107580882,142.59530639648438
2023-01-25,140.68261455597073,142.62519115052933,139.7760737449352,140.9615478515625
2023-01-26,143.85049789999613,146.94866379458108,142.75469293193785,146.73947143554688
2023-01-27,147.67590110552604,152.607061606832,146.82912956862364,151.16258239746094
2023-01-30,148.8414294536851,150.54491359992076,146.3907842038148,146.5003662109375
2023-01-31,147.3869991235569,149.30966275065038,146.95864270966203,148.4031219482422
2023-02-01,147.46669577619068,152.99557923454117,146.5003857302842,152.53732299804688
2023-02-02,182.6821777635979,196.40973867292595,179.47442980996797,188.0516662597656
2023-02-03,182.7718221655827,196.0212132180927,182.1940274808063,185.82017517089844
2023-02-06,185.82018718972253,189.9743170637652,184.81403606363529,185.3519744873047
2023-02-07,184.8737845147809,193.0425767007583,183.6982670534756,190.8907928466797
2023-02-08,189.2769697838864,190.1038131075553,182.2239103489053,182.73196411132807
2023-02-09,185.4216992476298,185.9397094769093,176.59541479370333,177.24293518066406
2023-02-10,175.67891433251225,178.20924179197235,172.6903306934044,173.48727416992188
2023-02-13,177.5418054116765,180.3112252239197,175.15094441717363,178.7471923828125
2023-02-14,176.4858486350944,180.81928626162937,175.21072069342338,178.79701232910156
2023-02-15,175.74863516884673,177.51190372318683,174.66278679161306,176.48582458496094
2023-02-16,172.09260082357108,175.18080987088194,171.13624740998213,171.78378295898438
2023-02-17,169.57225601099634,172.52098368818673,169.054230532297,172.22213745117188
2023-02-21,173.64668063012311,177.4919924458868,171.22593501590163,171.4251708984375
2023-02-22,170.41902872125036,172.1025849373154,169.0442752186462,170.4688262939453
2023-02-23,171.34545858986752,173.02902977208117,168.7354337941832,171.3852996826172
2023-02-24,167.99825190733398,170.07033843986446,167.02198548359652,169.74159240722656
2023-02-27,171.22591255026342,172.46118398034648,168.41663681271038,168.89480590820312
2023-02-28,171.2458367937851,176.87434511281378,171.21595217339015,174.27427673339844
2023-03-01,173.92561669305408,177.17322091325448,172.39148365214697,172.76007080078125
2023-03-02,171.72403238722984,174.3440138849732,170.77763534356225,173.8658447265625
2023-03-03,178.23913049815516,185.90982564089268,176.37625151797224,184.5450439453125
2023-03-06,187.28459004196043,188.9382767724195,183.9373754842454,184.1963806152344
2023-03-07,188.2807649523691,189.6355901124362,183.3097488075572,183.80784606933597
2023-03-08,182.17409857611943,184.55500302207665,180.64992207979287,184.26611328125
2023-03-09,185.64086659569344,188.2110352428283,179.61388632926392,180.99859619140625
2023-03-10,180.32118095366457,184.066882417178,178.11959937711717,178.82688903808594
2023-03-13,177.28280933911373,183.0806543872412,174.15475869785354,180.21160888671875
2023-03-14,186.8661816995832,193.5805386611325,185.8500589687405,193.28167724609372
2023-03-15,192.2157451760238,197.0273669217696,190.1137739603965,196.9974822998047
2023-03-16,197.50553050864025,204.97698980379184,195.3437901099965,204.150146484375
2023-03-17,199.79679145457104,201.1316886032071,194.68630816673203,194.8656311035156
2023-03-20,197.724714843534,198.60137102179124,192.903136264568,197.0572662353516
2023-03-21,202.42673697578743,202.77541116141907,197.1967153956514,201.3907012939453
2023-03-22,201.72940269640927,206.5808654427039,198.91017020747887,199.0496368408203
2023-03-23,202.0680867548492,207.08891549813097,201.3807101244588,203.5026092529297
2023-03-24,204.39920036058612,206.7900765166797,202.7754135020258,205.22604370117188
2023-03-27,204.0306044658441,205.0766117891919,200.5937362897494,202.06809997558597
2023-03-28,199.3883388900129,200.26499498369148,197.14690108744887,199.91632080078125
2023-03-29,202.7853761010164,204.93716014627967,201.7692533239659,204.56857299804688
2023-03-30,202.60606800261155,207.2981361810401,202.04820144388512,207.0490875244141
2023-03-31,206.4513723527545,211.36260438627056,205.98315967928576,211.13348388671875
2023-04-03,208.0452717863156,212.67758568921624,207.4077078651448,212.2591857910156
2023-04-04,212.57796766702157,215.41712839178297,211.731196166451,213.9029083251953
2023-04-05,213.3350697190528,214.37112062618735,209.14109892202416,210.67523193359372
2023-04-06,208.45371015927464,216.11444870190311,207.8559873473461,215.27764892578125
2023-04-10,213.89295919543528,214.8393410692757,209.8583678377747,213.93280029296875
2023-04-11,214.66001125018013,215.19796485434995,212.59789630279187,213.0362243652344
2023-04-12,214.0224229014352,216.01481190301416,211.7710288019109,213.1856231689453
2023-04-13,214.9090604025594,220.3084334009381,214.86921930621008,219.5114898681641
2023-04-14,217.0508925118326,221.26479157281992,216.7221464573267,220.64715576171875
2023-04-17,218.9536143681689,220.13908842800765,216.30374816463257,218.02716064453125
2023-04-18,219.07315410316752,219.60113601539464,215.3872371911341,217.0608367919922
2023-04-19,212.6576711161684,216.5029830363931,212.11971749791175,214.87918090820312
2023-04-20,212.6676140149848,215.92517453756716,211.96032437780863,212.2591857910156
2023-04-21,209.4100703116416,212.5978899421341,208.7824628591285,212.07986450195312
2023-04-24,212.8668524441911,213.1059446177699,209.9081685000404,211.9802398681641
2023-04-25,210.0177534787644,210.4560663354308,206.34179296196447,206.76019287109372
2023-04-26,211.69135884694268,213.29523280905903,208.08513915105223,208.6031494140625
2023-04-27,238.9771165150753,240.7702697941693,235.86899429846088,237.6521759033203
2023-04-28,238.1004442258025,239.5150386051017,234.85285559733157,239.4054718017578
2023-05-01,237.7119480010553,243.07147975496588,235.5601792410199,242.2545928955078
2023-05-02,242.2545836059225,243.9879675968517,238.0805412060102,238.32958984375
2023-05-03,238.55873866536103,240.83006129523127,231.86430927183076,236.1280212402344
2023-05-04,235.16169046358908,237.2935462598506,232.0435965594376,232.63136291503903
2023-05-05,231.35622667291796,233.78692859484505,228.97532231767792,231.8941650390625
2023-05-08,230.5393429461101,234.7233570524301,229.3937252839148,232.3823089599609
2023-05-09,230.579198288288,234.9823763953854,230.2006394933215,232.4819183349609
2023-05-10,235.27129206399823,235.84908679342917,229.8420341832384,232.19305419921875
2023-05-11,232.16315200867984,237.30351973613955,231.41600606692316,234.8927154541016
2023-05-12,235.83911565793457,236.05827968653296,230.56923769853188,232.92025756835935
2023-05-15,236.0184297913881,239.34571620566453,234.4344839786948,237.9510498046875
2023-05-16,234.89271032421536,238.7280654884277,234.62374873557752,237.91119384765625
2023-05-17,237.5426105961116,242.91209913674868,237.23379268758055,241.56724548339844
2023-05-18,240.3817763444289,246.14973678181184,240.27219432295828,245.91065979003903
2023-05-19,246.52828395128216,247.7436426043505,242.48373622416648,244.7052459716797
2023-05-22,244.4761309759808,252.6050829106747,244.18722601711823,247.37506103515625
2023-05-23,245.87078162436103,250.6525186439679,245.7113868435388,245.80105590820312
2023-05-24,244.34660511509347,248.6402013183629,244.01785907994477,248.26165771484372
2023-05-25,252.43571374880528,254.64726704860664,248.2218147103076,251.7284240722656
2023-05-26,251.9674684281228,261.3117777334858,251.74831962205667,261.0428161621094
2023-05-30,264.2406183029915,267.62767387107226,260.2956961896478,261.52099609375
2023-05-31,259.0105765910856,263.9915492178372,257.46648723737025,263.7126159667969
2023-06-01,264.88814391695666,272.95732643567294,264.8782026437205,271.5726013183594
2023-06-02,271.6224292903291,274.3021952557002,270.0882810600007,271.5726013183594
2023-06-05,269.271360015993,274.5213244650386,268.5341858176674,270.35723876953125
2023-06-06,269.11203605810607,275.5175603306584,268.66373630716845,270.0882873535156
2023-06-07,270.6362221951292,273.2063910938688,261.7999498429526,262.596923828125
2023-06-08,259.62822857991245,266.6314753153254,257.89485972579206,263.5731506347656
2023-06-09,261.48114034019665,266.9303254094788,260.70410985506334,263.9417419433594
2023-06-12,266.1533148022759,270.71587252467583,264.3202900528847,270.0185241699219
2023-06-13,273.8339561841287,274.6707559378352,268.0659813659101,270.2875061035156
2023-06-14,270.85537877228245,273.94355787514365,267.2989565650477,272.309814453125
2023-06-15,271.2637741178264,282.9092912822026,270.387148417711,280.75750732421875
2023-06-16,283.66642448995464,286.7546339624088,279.0640101052185,279.9306945800781
2023-06-20,277.66932062555776,283.7161984990547,275.1688625517453,283.2479858398437
2023-06-21,282.45105984835146,282.91927253656496,277.3007202780033,280.5682678222656
2023-06-22,278.0179520067819,284.1744572176178,276.7328829708373,283.7958984375
2023-06-23,280.4387601725181,288.56771200591965,277.88850435044475,287.6312866210937
2023-06-26,287.6014220821078,288.68727065705286,276.5436548306057,277.41033935546875
2023-06-27,280.9368428148983,288.2489073730098,279.5820023793688,285.9576416015625
2023-06-28,283.73616352571884,288.44814469713634,282.9790458738853,284.2043762207031
2023-06-29,283.4173785321146,285.47950875837944,279.6218793396,280.45867919921875
2023-06-30,283.6763862080439,287.9500391858985,283.3376836896103,285.887939453125
2023-07-03,285.608984459062,288.2986914543512,283.76601849474025,284.9315490722656
2023-07-05,286.5553577493359,296.9855159592966,285.2702582606051,293.2497863769531
2023-07-06,294.7640283917109,296.9855228445892,290.2014401978874,290.8788452148437
2023-07-07,291.0681229234714,295.0728445622149,287.5615289724694,289.4244079589844
2023-07-10,294.4252988753807,296.9954979420541,285.9576448614891,292.9808349609375
2023-07-11,292.7815681024689,299.0376685736099,290.7891790301126,297.1548767089844
2023-07-12,300.60169846888255,308.2724084859985,298.9579835799133,308.1628112792969
2023-07-13,312.4265385402824,315.036563469176,309.1092239737484,312.21734619140625
2023-07-14,310.603512103731,313.6817496630921,306.1903470732674,307.6946105957031
2023-07-17,306.36969181220974,310.52380621537736,303.5504441060627,309.4379577636719
2023-07-18,309.69698763258134,313.00436105988246,306.4493834502299,310.8625183105469
2023-07-19,311.8387937534526,317.4672871510975,309.3383355843499,314.8074645996094
2023-07-20,312.3070018838946,314.3392473463573,301.0699281996324,301.3687744140625
2023-07-21,303.4109920093495,304.29758938112934,290.09187527390645,293.1402282714844
2023-07-24,294.6544502126307,296.38781916252947,287.2029033404383,290.50030517578125
2023-07-25,294.06668760050235,297.1648382263915,290.7493425442185,293.34942626953125
2023-07-26,300.0438629562491,300.6216424648474,290.78920633378306,297.433837890625
2023-07-27,323.8827766636409,324.11191236133385,308.66092471241933,310.5238037109375
2023-07-28,315.67414504687366,324.9586858780043,313.05414842336324,324.2414245605469
2023-07-31,322.4582305955485,324.42073516197854,316.38143749126425,317.3876037597656
2023-08-01,316.3316548417424,322.90654555317644,313.4626094111931,321.4819641113281
2023-08-02,316.78988262320485,317.1784131096824,309.4678462370019,313.1139221191406
2023-08-03,308.7505650317453,314.7476755912256,308.7505650317453,311.9981689453125
2023-08-04,313.76142991605354,317.19831330655984,309.0195644862948,309.54754638671875
2023-08-07,312.03806237651264,315.8634461992032,309.27858372836334,315.3553771972656
2023-08-08,313.20356864619083,316.68030838977006,308.92988540230823,311.4502868652344
2023-08-09,311.6893796293204,312.4365255992572,301.6975487407572,304.0485534667969
2023-08-10,306.7681784443045,311.15142875959083,302.71365898204937,304.5765380859375
2023-08-11,301.41861067408166,303.5604230069269,299.21699869525975,300.4921569824219
2023-08-14,299.83467571163425,305.0447542570067,297.1150533815916,305.0248413085937
2023-08-15,304.9750530016861,306.0609015514146,298.8882877166182,300.8009948730469
2023-08-16,299.05761846630656,299.93424414011537,293.1601333064265,293.17010498046875
2023-08-17,291.9348277942092,294.92341172140374,283.86567551194213,284.005126953125
2023-08-18,277.9681767320749,284.60283638546133,273.3358779438596,282.172119140625
2023-08-21,282.37134707463514,289.39450623578665,280.77742977239365,288.7967834472656
2023-08-22,291.43672994689734,291.7854041513968,285.65881319199747,286.5055847167969
2023-08-23,287.402152804456,296.2682789943906,286.5753246322968,293.12030029296875
2023-08-24,297.3641005152708,298.3204388587939,285.5492466586823,285.6588134765625
2023-08-25,285.0411817161089,287.29259136658413,274.9796096126691,284.41357421875
2023-08-28,286.90404700123224,290.3409305581799,284.7124067038385,289.15545654296875
2023-08-29,287.48185281956444,298.01163808283263,287.0833810203115,296.8560485839844
2023-08-30,296.0391810275501,297.1549141845487,292.3133923193853,293.97705078125
2023-08-31,294.67435381766074,299.9542034976251,294.5349023808521,294.7640380859375
2023-09-01,298.230778937502,300.59175532593474,293.3494313730425,295.2521667480469
2023-09-05,295.8897184398453,300.24311451577813,294.3854852195888,299.0078125
2023-09-06,300.5618675989025,302.1458133823586,294.5349023624,298.03155517578125
2023-09-07,296.8659835233491,305.88153227178526,291.10798009254466,297.533447265625
2023-09-08,298.08133406448104,304.0883859768104,295.6506169336483,296.75640869140625
2023-09-11,300.26302702672643,307.8639969165987,300.1335168606163,306.3896179199219
2023-09-12,305.1642970010691,307.4854475850486,299.08753389264524,300.5120849609375
2023-09-13,301.2094016718356,306.0110672113206,300.17338111837563,303.8991394042969
2023-09-14,305.57272288999366,311.67940067249833,303.8692386307433,310.5337829589844
2023-09-15,310.42416126196866,310.81269171931103,297.61311426648774,299.16717529296875
2023-09-18,297.0552574463088,302.4446736489836,296.66672697630344,301.3986511230469
2023-09-19,301.3289780765296,305.0049388818177,298.6691249014179,303.9091186523437
2023-09-20,303.88916474675915,306.8877203611136,298.2905556977988,298.5296630859375
2023-09-21,294.57472963848187,299.1173741853966,292.1539538669276,294.6046142578125
2023-09-22,298.16105857912464,304.21793931959746,297.1349792644045,297.94189453125
2023-09-25,294.51498912452007,299.80478007206875,292.5823691487981,299.6852111816406
2023-09-26,296.52728585135986,299.1572237650307,294.88357085513474,297.82232666015625
2023-09-27,299.3066733084428,300.1534143791173,285.6986517162525,296.6069641113281
2023-09-28,297.80242806158105,305.1642906411394,295.570961796835,302.8033142089844
2023-09-29,306.21029442290103,309.45789847747886,298.2207944459011,299.06756591796875
2023-10-02,301.5879744105917,306.01108132040275,300.4822128838638,305.6524658203125
2023-10-03,303.10220396604245,305.60263194728805,298.4997893949965,299.7948303222656
2023-10-04,297.5932358111853,305.73212899680084,297.3641000994183,304.4171447753906
2023-10-05,303.47076268819666,305.04473676309783,298.3602795794164,303.6301574707031
2023-10-06,300.29289252026376,315.1063008580321,299.76491061614274,314.2296447753906
2023-10-09,311.3108127668467,319.11100311489633,310.63340773461323,317.14849853515625
2023-10-10,317.9056143773939,323.4245409475784,316.94927607834245,320.6152648925781
2023-10-11,321.78081633758194,327.5886172779366,321.72104709576627,326.572509765625
2023-10-12,326.75183634082794,329.2821791956286,321.4620453248651,322.92645263671875
2023-10-13,322.2988496166126,323.8130545199746,311.18131382213835,313.49249267578125
2023-10-16,317.42742893227734,320.59532013454964,314.3192765662314,319.9278564453125
2023-10-17,316.96916932809273,323.1655005416488,316.09251327450494,322.7670288085937
2023-10-18,320.1670182627573,324.6996918319728,314.3591863358133,315.7638244628906
2023-10-19,318.66276319829853,320.6651242592979,310.5636954815721,311.6196594238281
2023-10-20,312.94459301258905,314.10015202033634,305.30376688851294,307.4754638671875
2023-10-23,308.3222162830386,316.1522909310062,306.0907501973686,312.8150634765625
2023-10-24,315.5745096112142,317.13854235739626,309.4479191841867,311.360595703125
2023-10-25,308.8203259113933,309.69698202337327,297.70279053040963,298.3901672363281
2023-10-26,293.8774040066875,293.8774040066875,278.33676232468866,287.2527160644531
2023-10-27,293.3594225486059,298.1710295130703,291.85515884186805,295.6008605957031
2023-10-30,297.9518481394076,308.22261233917504,297.9119918418156,301.5082702636719
2023-10-31,302.15578064560447,302.52436778209426,295.730313337318,300.12353515625
2023-11-01,300.7013533210004,311.5498969671139,300.7013533210004,310.6632995605469
2023-11-02,316.09253572689846,317.6067709820877,307.1566689118785,309.68701171875
2023-11-03,311.3606148291629,314.3491986748491,309.8364382839208,313.40283203125
2023-11-06,314.7775742134152,317.11860715436967,313.2533977226517,314.5982360839844
2023-11-07,315.85346871880904,319.77847801503464,313.9208486937052,317.6067810058594
2023-11-08,316.9293670041109,320.107199832518,313.68176285538885,318.5631103515625
2023-11-09,318.20449530704985,322.946360971768,317.5868291124028,319.3301696777344
2023-11-10,318.7224756694787,327.8476210781515,318.2442913575964,327.51885986328125
2023-11-13,324.95867440063995,331.0653214554911,324.4605771255939,327.9372863769531
2023-11-14,333.2669285010145,336.8133786161562,332.06151122372125,335.0301818847656
2023-11-15,336.6440149088127,337.11222756048267,328.7641124187407,331.4438781738281
2023-11-16,328.116608684554,333.3067740088348,325.13799657584025,332.91827392578125
2023-11-17,329.0032362244676,334.2232861666857,328.09669549608043,333.7650451660156
2023-11-20,333.615614487022,340.5690331359297,332.9182661267183,338.67626953125
2023-11-21,337.0425007227325,338.60653351825493,334.6217551764068,335.6976623535156
2023-11-22,337.9191682073353,341.6150721329629,337.29156073311754,340.19049072265625
2023-11-24,338.8356959101023,340.5590932217913,335.4884660305111,336.94293212890625
2023-11-27,334.9006790546281,338.60652402470345,332.92823328764047,333.42633056640625
2023-11-28,332.13125778806415,338.0885121576976,332.13125778806415,337.6999816894531
2023-11-29,338.39733973585743,338.6065320855144,329.5212423687745,330.93585205078125
2023-11-30,330.6270429277276,332.2309016533597,321.1731354280859,325.9050598144531
2023-12-01,324.2414459753029,325.6161690565653,319.53940600618705,323.5839538574219
2023-12-04,316.0825932565716,319.6389848747118,312.4664019930798,318.8021850585937
2023-12-05,317.7661731115653,320.6551314499994,314.18983804828474,317.07879638671875
2023-12-06,320.70490602969704,321.0236955838773,315.83353046093055,316.2419738769531
2023-12-07,316.5607249160689,326.9908828632856,316.5607249160689,325.34716796875
2023-12-08,321.86049119882694,331.902149215489,321.7708373381445,331.4837341308594
2023-12-11,328.1464921430057,328.6346481655016,318.7822690693818,324.04217529296875
2023-12-12,323.36479336805934,333.1972298178457,323.3249370691735,332.9481811523437
2023-12-13,332.6592712912048,337.0823779575276,331.3742020851737,333.4661865234375
2023-12-14,332.5795656606439,333.4263371315076,327.3894004261155,331.90216064453125
2023-12-15,330.72663453811526,337.3712658769134,329.9595756429261,333.6455078125
2023-12-18,336.1957499070253,346.2373776609514,335.7374785219472,343.3085632324219
2023-12-19,344.2649243182355,352.2544246488028,343.8066833042224,349.0267333984375
2023-12-20,347.32325920447107,353.6092450240312,346.4665463967792,347.95086669921875
2023-12-21,351.6367922617542,355.0537325542733,347.8811190409716,352.7425537109375
2023-12-22,354.2268345658828,355.8406952278692,349.8834410449888,352.0451965332031
2023-12-26,353.6391005898816,355.6215484566828,352.1049828414953,353.4797058105469
2023-12-27,354.7150408206543,357.63388388582604,353.95792314858846,356.46832275390625
2023-12-28,358.33120480917404,360.52281465790026,356.4483824486016,356.9564514160156
2023-12-29,357.62389480245247,358.63006109119914,350.4811964438631,352.613037109375
2024-01-02,349.9830865162906,351.8160808920403,338.716128268748,344.97222900390625
2024-01-03,343.66721813563737,346.62591726275565,341.8740496456423,343.1591491699219
2024-01-04,343.1890472206602,346.82515151005265,342.0932270563571,345.799072265625
2024-01-05,345.6695403534004,352.1547766619745,344.9423377821408,350.6106872558594
2024-01-08,353.3502438332912,357.6139555903351,350.7103037694419,357.295166015625
2024-01-09,355.0437450093804,359.267630734609,354.00769412567,356.06982421875
2024-01-10,358.7994190594283,371.5208130363872,357.71354020244286,369.0602111816406
2024-01-11,370.7139053766167,371.3614257933393,361.54890279679216,368.2632751464844
2024-01-12,368.75143175580206,375.62516906740393,368.13379590945823,373.06494140625
2024-01-16,372.2280922832176,374.1806251137608,365.83254021531,366.0616455078125
2024-01-17,364.9061009071441,367.1375976742373,357.24536134838115,366.9682312011719
2024-01-18,370.07631202431554,375.4159307418802,369.538388844185,374.69866943359375
2024-01-19,377.5577664428419,382.8973550906052,376.5316871854536,381.9908447265625
2024-01-22,386.4737131071769,388.8645741032423,379.709543157918,380.3271789550781
2024-01-23,383.1563819718862,386.9020835897568,380.626039044828,383.7341918945313
2024-01-24,388.5158779665592,394.6424684234352,386.3342094504776,389.2132263183594
2024-01-25,388.6852821328243,393.98501459525295,384.1924345078276,391.6838073730469
2024-01-26,392.8493595968491,395.2800769334417,390.0998526813548,392.6401672363281
2024-01-29,393.4869051476428,401.3966929012004,391.6041131153973,399.4939575195313
2024-01-30,402.0541632759467,404.8136112931939,398.0494720449054,398.53759765625
2024-01-31,387.5196885852341,396.485439735021,385.626924978346,388.6553649902344
2024-02-01,392.4409101302402,398.9759443902595,391.5542823277895,393.2777099609375
2024-02-02,457.851015944292,484.1106893847037,451.2860975841891,473.1824340820313
2024-02-05,468.09190134825633,470.10420340045386,457.47246376690913,457.6617431640625
2024-02-06,462.2342778467363,465.3424000231986,451.2761376391628,452.9895935058594
2024-02-07,456.2571175026524,469.72565727567735,454.4440360712511,467.8030090332031
2024-02-08,466.5378566875538,468.7992074574978,463.26036798105713,468.2114562988281
2024-02-09,471.1502524593773,471.7878012003474,465.691095057858,466.3286437988281
2024-02-12,466.4083719375768,477.3266567030711,464.80448275497184,467.11566162109375
2024-02-13,455.13141666051735,466.1095004797401,453.3581915095253,458.3690490722656
2024-02-14,466.1493564352312,472.3058320911652,464.31636192285504,471.47900390625
2024-02-15,473.4713769246856,486.7606094833743,470.42302382509234,482.1880798339844
2024-02-16,476.2905795297128,477.1373510091864,467.4244537832478,471.5188293457031
2024-02-20,467.9325296409097,474.3679382570589,464.7845510505949,469.9548034667969
2024-02-21,465.2178586548988,467.710987586597,460.520812269016,466.74365234375
2024-02-22,478.9200883885395,488.6432912803049,474.7515840939021,484.7939147949219
2024-02-23,486.7086476424972,493.0013030163017,481.024331590762,482.69970703125
2024-02-26,482.1412107369271,484.80388578084165,479.27910364214137,480.41595458984375
2024-02-27,478.6608192794212,485.9307613087294,478.60098661994806,485.71136474609375
2024-02-28,483.66701476706055,489.7003746334572,481.42319871917215,482.689697265625
2024-02-29,487.0975708388261,490.3486207729217,481.2835770049522,488.7829284667969
2024-03-01,490.7574679212223,502.864116895511,490.4982032013804,500.9194641113281
2024-03-04,501.6175171473394,503.0336277038722,495.0556155027217,496.82073974609375
2024-03-05,493.6395420956379,494.2179346329204,486.54909782644194,488.8726806640625
2024-03-06,496.2623079349238,501.5876277126765,492.9314913143984,494.7265319824219
2024-03-07,501.8967723955973,518.4212078949104,500.0020004862629,510.78228759765625
2024-03-08,512.7768225236404,522.13104776378,497.9776118577871,504.5594787597656
2024-03-11,495.6439931955927,495.95313873552806,474.6917287890399,482.2608642578125
2024-03-12,491.9043421088278,500.92945706495095,483.3977870371672,498.3764953613281
2024-03-13,494.0284488064857,499.6030811930546,489.6804163211482,494.20794677734375
2024-03-14,498.8850950832054,499.972095675005,486.818344638196,490.4782409667969
2024-03-15,487.6659788635188,490.4782050395064,479.9771476795585,482.76947021484375
2024-03-18,490.55803236870526,496.0528983580825,485.47204318250544,495.6141052246094
2024-03-19,486.8283317882362,495.2650718864235,479.9572535879528,494.8761291503906
2024-03-20,498.1271715899645,506.8032726379858,493.80908557541954,504.130615234375
2024-03-21,513.2953820823078,513.624431278809,504.6192811724909,506.3644714355469
2024-03-22,505.6065780540172,508.568416622096,502.9538850575472,508.1794738769531
2024-03-25,504.39988805944944,505.8259505229309,498.8651234985178,501.6374816894531
2024-03-26,503.74169445106367,508.5983047664013,493.8489454067389,494.527099609375
2024-03-27,497.9277369607224,498.51614221622464,486.728620402289,492.502685546875
2024-03-28,491.4854478014185,491.5353286388912,483.8165809854279,484.2453918457031
2024-04-01,485.8609847597092,496.062849004547,480.45586777401655,489.9995727539063
2024-04-02,483.7667551182063,496.1625851475768,483.3179797266994,496.0030212402344
2024-04-03,497.558727060726,505.8458853150474,497.3792290791321,505.3472595214844
2024-04-04,515.0006307036361,528.543323855873,509.1766852777213,509.5157775878906
2024-04-05,515.439388045014,529.2413753821786,512.9961097327337,525.890625
2024-04-08,527.8254006204263,530.0292878873255,517.463941013592,517.8229370117188
2024-04-09,520.7946772560042,524.4246876440302,505.3472598986763,515.4793701171875
2024-04-10,507.8902659720688,521.1237834896342,504.4098372610839,518.4013061523438
2024-04-11,519.6777533793505,522.4201952092246,515.8682450606731,521.7221069335938
2024-04-12,516.3270311463515,518.7603275568994,507.9301590355751,510.49310302734375
2024-04-15,515.2998017830203,517.1048855565501,495.9132592706708,498.8551635742188
2024-04-16,496.7409546882432,503.3826536596228,495.74370313879336,498.3864440917969
2024-04-17,501.7172779535386,501.77711061387714,485.80115119571866,492.8118286132813
2024-04-18,498.44629872495153,510.8022605755454,497.66844369943567,500.42083740234375
2024-04-19,501.4180909852817,501.4180909852817,474.4225133740298,479.7478332519531
2024-04-22,488.3740360999914,490.6577506981275,472.0988833060621,480.406005859375
2024-04-23,489.8998350168444,497.38920406550506,487.6261026487708,494.7365112304688
2024-04-24,506.66362655986,508.598297026382,483.2481489092576,492.1436462402344
2024-04-25,420.2418034096759,444.5448191796468,413.3607736978277,440.1669006347656
2024-04-26,440.2466982561305,445.2130223544567,430.7728077238356,442.0716857910156
2024-04-29,438.35189756708144,438.5513600545136,427.3821302997697,431.4309692382813
2024-04-30,429.8652877727225,438.4117412443997,428.5389565424444,428.98773193359375
2024-05-01,427.42204968812496,448.72332964673546,425.9361240819461,437.9829406738281
2024-05-02,437.63387365717415,442.73979680670254,431.0919058176281,440.466064453125
2024-05-03,444.7043783000628,452.9217518023227,442.6301084579704,450.7178039550781
2024-05-06,454.32786875946704,464.8788076890571,452.0940349229928,464.4001159667969
2024-05-07,465.0084416695338,470.2340301415106,460.0421179100435,466.95306396484375
2024-05-08,462.2260912762282,474.2728765533968,461.72746550354617,471.3010864257813
2024-05-09,468.7082255276048,474.77150152232457,466.3447442384856,474.11334228515625
2024-05-10,475.7787428964639,476.187619687926,468.3093384541752,474.8912048339844
2024-05-13,471.4507179693568,472.049075046646,461.57793271205423,466.7237548828125
2024-05-14,462.0964573112863,471.2412676423508,458.8154911090017,470.55316162109375
2024-05-15,473.6745845538849,481.1739057663797,469.90497465455553,480.216552734375
2024-05-16,473.694506687743,476.3771159076815,471.4506906034327,471.9293823242188
2024-05-17,469.5359578200446,471.50054469099473,467.132608243744,470.6130065917969
2024-05-20,468.65841777646864,471.89948558838415,465.7564118682166,467.5514526367188
2024-05-21,465.8361434698256,469.4063210946787,460.99946732090575,463.3529968261719
2024-05-22,466.58410324039056,472.4180312123606,464.3702034614682,466.4943542480469
2024-05-23,471.5803088514127,473.0562216397323,460.2714801418512,464.4998168945313
2024-05-24,466.3347670831525,478.5311645517947,465.0183877270189,476.9056396484375
2024-05-28,475.2701356697819,479.53837113458457,473.53492769199136,478.6009826660156
2024-05-29,473.3554376300837,478.5311757542124,472.3980846367122,473.0562438964844
2024-05-30,470.3736854752788,470.43351813784346,463.4327922807429,465.766357421875
2024-05-31,464.5197985878495,467.8306813142821,453.2109687189977,465.5469665527344
2024-06-03,469.5658600381949,478.2818594622664,466.9530657919829,476.1776428222656
2024-06-04,475.6889983677552,477.5738184411632,471.9293709091157,475.6790161132813
2024-06-05,483.1185465412948,495.28499771917234,482.58002215948295,493.6993713378906
2024-06-06,491.6250990798411,501.43805105913526,489.5408469118146,492.4029541015625
2024-06-07,494.5470374072871,497.5387921637262,488.82282304541855,491.6051330566406
2024-06-10,492.5026587996393,501.2784911083545,492.0539138414726,501.2186584472656
2024-06-11,498.7853197146745,506.20487339598367,496.9004997494956,506.0752258300781
2024-06-12,512.5773374287759,512.5973019382404,503.0835132032224,507.4414978027344
2024-06-13,504.32009904500313,507.960061304978,499.982048490259,502.7145385742188
2024-06-14,501.7662047936306,506.2582926260963,499.8695515793737,503.2735595703125
2024-06-17,500.7879566996068,509.8519784682504,495.1379046873424,505.7392272949219
2024-06-18,503.6728482880646,505.1103188261855,494.14961358899336,498.61175537109375
2024-06-20,501.1173619528233,502.7844390909349,495.8965465973391,500.8179016113281
2024-06-21,502.5648032467386,502.5648032467386,491.5242523237637,493.9100341796875
2024-06-24,498.3222745051031,506.9071288518121,493.4209040465704,498.0327758789063
2024-06-25,496.1760460963113,509.8120319592657,494.6287835804673,509.7022399902344
2024-06-26,505.75920872070685,512.9066237610901,503.7926711295405,512.2178344726562
2024-06-27,513.3458230870918,521.9606543166748,512.9964628435848,518.646484375
2024-06-28,516.2407234913114,520.9623872716696,502.95409833545307,503.33343505859375
2024-07-01,504.06217782282783,505.6892862661851,492.3028913669477,503.7926330566406
2024-07-02,499.8795336071508,509.6023982144432,498.57183939066806,508.6041564941406
2024-07-03,505.4796702640057,510.3810409140256,505.1302795585898,509.0633544921875
2024-07-05,510.7004435956451,539.9189662598088,510.7004435956451,538.9606323242188
2024-07-08,541.3964018978256,541.8556150480077,525.7240547842451,528.3893432617188
2024-07-09,532.8115217100899,536.534943854359,527.2613001458768,529.068115234375
2024-07-10,529.8567107759651,537.9325132537335,527.430990661233,533.7498779296875
2024-07-11,529.9565415961837,534.5185133978496,507.4761194029672,511.7985229492188
2024-07-12,496.8847947129111,507.1966179945045,493.3610027561936,497.9928283691406
2024-07-15,497.75328650412274,505.7891203709796,492.5025251735868,495.2876281738281
2024-07-16,500.6182353165117,503.0639397783021,484.93586602622514,488.9288330078125
2024-07-17,478.327488902338,478.327488902338,458.3127245344167,461.17767333984375
2024-07-18,474.1648246132329,478.39735982553657,463.7232245842792,475.0133361816406
2024-07-19,475.22296323213175,485.85423173577976,474.8735725281973,475.9516906738281
2024-07-22,485.7244337609246,491.1948092527094,483.0491533119744,486.5429992675781
2024-07-23,488.9787213991181,494.3492667371595,486.8624538229204,487.8307495117188
2024-07-24,471.4795198870575,475.46249439486223,459.7701341516481,460.45892333984375
2024-07-25,462.4454802435412,462.7349484153847,441.87170205091513,452.61279296875
2024-07-26,463.3838324436564,468.9440158374738,458.6122380981597,464.8811950683594
2024-07-29,469.05382518347886,473.12663800490486,464.20235457357,464.8911437988281
2024-07-30,466.1788783098484,471.89881427196735,455.897000888154,462.3755798339844
2024-07-31,470.19181855359017,475.6621943156695,465.92933724415263,473.9951171875
2024-08-01,520.0839184978195,526.2430526417324,491.2347398601099,496.8648071289063
2024-08-02,488.14018098484985,500.2688112907695,475.3127693181289,487.2817077636719
2024-08-05,450.5564161536223,482.6299281847228,450.0073649174026,474.8935546875
2024-08-06,478.1577588143449,501.67633006755705,477.80836813787647,493.2212219238281
2024-08-07,502.2453703314532,509.25301636265255,486.0039577631928,488.0603637695313
2024-08-08,496.6252406650812,509.0633235898309,493.85012998605214,508.7339172363281
2024-08-09,506.8172797160644,517.428624215059,504.8108346353573,516.859619140625
2024-08-12,515.9511587274512,517.1091531478668,508.2048243270285,515.0427856445312
2024-08-13,519.0956865494239,530.5654741634111,517.2389715729635,527.6106567382812
2024-08-14,527.1315644640255,533.0611232155595,522.2102396827587,525.8338623046875
2024-08-15,530.8548952392092,538.8209048888737,525.7738794548646,536.3851928710938
2024-08-16,530.9647789453869,532.7216331392892,523.7374579349871,526.4926147460938
2024-08-19,525.9435687588824,530.7251242874288,521.8408102351849,528.349365234375
2024-08-20,527.4209796933175,530.1562131403965,524.9553519309403,525.8038330078125
2024-08-21,526.2231294111205,538.4515900707805,526.0034845576143,534.218994140625
2024-08-22,536.0558441911611,543.2731128758192,527.6606574991375,530.9947509765625
2024-08-23,535.9758927478159,538.9207178178582,524.1367613332501,527.0715942382812
2024-08-26,526.6723223880106,527.071643458737,514.044600820183,520.2037353515625
2024-08-27,518.0674717264212,523.0886568561215,514.4039416499305,518.187255859375
2024-08-28,516.7597266346108,520.1737568712545,511.5489345805239,515.871337890625
2024-08-29,518.1373345139735,526.2730286194331,514.7732649090993,517.3087768554688
2024-08-30,520.4333403553396,522.6194923441001,514.2941898149564,520.3934326171875
2024-09-03,518.726317716563,524.5660071340112,507.7256749803077,510.8601684570313
2024-09-04,505.18015473599314,515.6816762996249,503.1836714533459,511.8384094238281
2024-09-05,510.8202255628533,520.712804109581,510.251220502986,515.951171875
2024-09-06,520.9623687174325,523.6576334177093,497.3739131311358,499.3903503417969
2024-09-09,505.2700215548743,510.4309140741434,501.1971783669211,503.9024353027344
2024-09-10,507.26650495103047,513.2759090064498,499.1507950714286,503.9024353027344
2024-09-11,506.1185214716629,512.2177634842137,494.7285803024095,510.9300231933594
2024-09-12,516.1408874617608,525.7839369388479,514.3140879895204,524.6758422851562
2024-09-13,519.4251278847123,526.6523882515548,516.2007656702992,523.6975708007812
2024-09-16,524.1172127067206,533.6695051606467,516.9830137068243,532.8502197265625
2024-09-17,537.1666930097264,541.6630662022832,530.1423906016115,535.8877563476562
2024-09-18,536.6371228680351,543.7613808868556,533.4696949996974,537.5164184570312
2024-09-19,549.5567118260615,561.6169909839053,546.079536146743,558.6493530273438
2024-09-20,559.5486344803471,564.0450074359927,555.851604519624,560.8975219726562
2024-09-23,569.0410025939483,573.5173723525766,561.956690056189,563.955078125
2024-09-24,566.2232520887292,567.2923969936288,553.7433287096264,562.8759765625
2024-09-25,563.5953525955609,576.4150284435315,563.2656015058733,567.8519287109375
2024-09-26,575.265980085071,576.9346780851354,561.8967586035227,567.3823852539062
2024-09-27,569.640491844112,570.3799466541782,564.0550313711452,566.9027099609375
2024-09-30,567.2424677117614,574.2168225832384,564.3447806064505,571.9786376953125
2024-10-01,577.5141638836731,582.5700833930905,569.6405098038103,576.00537109375
2024-10-02,574.3966631929802,575.5357590193373,568.8811536395001,572.3483276367188
2024-10-03,569.6904698692135,582.8897832625125,568.2715705132565,582.30029296875
2024-10-04,583.2595352414568,596.3689565671799,580.9614010765631,595.459716796875
2024-10-07,597.7378250756824,602.4640543216561,583.5692610077722,584.3087158203125
2024-10-08,589.2147372774183,593.081613342466,585.4977037271458,592.4121704101562
2024-10-09,593.5112332153118,593.9109352089645,581.1412066390888,590.0340576171875
2024-10-10,587.0964117473287,589.7542408894429,582.0504943661447,583.3594360351562
2024-10-11,584.3586796276534,590.7335426141501,582.2403930977291,589.4745483398438
2024-10-14,593.7410167185426,599.6162821918657,589.484501597712,589.944091796875
2024-10-15,589.6843036586223,590.1339531553972,579.672421258373,585.7974853515625
2024-10-16,580.931403835105,581.6108484225683,573.5673490881165,576.3250732421875
2024-10-17,582.8598932908519,584.498525214523,574.736440631771,576.4650268554688
2024-10-18,580.6316444752367,583.4993265515407,574.7863836125463,576.00537109375
2024-10-21,575.5657660455028,576.7747517900956,568.6512994519571,574.6964111328125
2024-10-22,573.8271446016755,583.059749102595,571.6589105303678,581.5409545898438
2024-10-23,579.5025030116825,584.5284780017795,562.0466134632495,563.2356567382812
2024-10-24,566.6728872134042,568.4214766798149,561.067423617713,567.3223876953125
2024-10-25,573.4674084728663,580.8214617194669,571.2591677649386,572.7879638671875
2024-10-28,581.5309014773494,583.2794909577367,573.657247966786,577.6939697265625
2024-10-29,579.6824570250664,593.1915192160194,574.9362852505326,592.8018798828125
2024-10-30,600.4955916647551,600.7154460578435,588.9049656386749,591.322998046875
2024-10-31,584.5285013352179,589.4245764245477,562.5562346068841,567.12255859375
2024-11-01,567.1525303872367,573.2076440008003,562.1066125402613,566.702880859375
2024-11-04,563.6453148058769,568.2316421306225,557.4403590550569,560.2280883789062
2024-11-05,566.8427577068867,573.0177694578593,566.2132605927909,571.9686279296875
2024-11-06,562.2964360130583,572.5381747409726,554.722528248443,571.5889282226562
2024-11-07,576.4250827660793,594.3206217597054,574.7464440436293,591.22314453125
2024-11-08,591.0632294019905,592.6219696885161,584.0489286056084,588.8650512695312
2024-11-11,585.8873824891895,586.5268812894068,576.0453459283773,582.699951171875
2024-11-12,588.065605158264,599.1766373771187,579.9122090858378,584.3486328125
2024-11-13,582.1404134944723,585.168000649057,574.70640754446,579.5325317382812
2024-11-14,576.5349800009285,580.2919594723807,572.5482054082433,576.69482421875
2024-11-15,570.7595614845304,572.1085099621108,551.0554852822419,553.6334228515625
2024-11-18,556.5910118841139,559.4487531149258,549.6466622720844,553.9531860351562
2024-11-19,551.4152148138388,560.9775092082989,550.1562205507613,560.6378173828125
2024-11-20,562.4762696970146,565.8934960924114,553.7533256143062,565.064208984375
2024-11-21,569.0609794569406,569.540573055585,548.6074468136305,562.6361694335938
2024-11-22,563.0958111453639,563.3756147608086,554.1430712266013,558.6893920898438
2024-11-25,561.6469571351098,572.1285540602511,555.941598079429,564.654541015625
2024-11-26,565.5437970415496,577.0345279001676,564.7444540485772,573.0776977539062
2024-11-27,574.4266886217266,574.516581935116,563.6453456676987,568.7412719726562
2024-11-29,568.5413971962214,577.9937945773128,566.443114149285,573.8571166992188
2024-12-02,577.0345718134193,594.0208708971044,575.1061345887051,592.3522338867188
2024-12-03,594.520463013781,613.7050010762927,590.7734853057109,613.1554565429688
2024-12-04,612.4659929347591,617.282115464708,604.6122815307718,613.2853393554688
2024-12-05,616.5826646645681,619.4003991271754,606.5607193426367,608.439208984375
2024-12-06,609.6082467951667,629.2823794750941,608.0395658524756,623.2672729492188
2024-12-09,623.4171345099019,625.8951772240001,605.681440124963,613.0755004882812
2024-12-10,617.0622705435762,625.0858279793719,612.2461479396557,618.8208618164062
2024-12-11,622.867550372131,637.8854652597508,621.0290675894443,632.1700439453125
2024-12-12,630.9910048638284,636.1468190198666,626.7044846004596,630.2815551757812
2024-12-13,626.7144335100988,630.5713687123745,616.3928033653502,619.8499755859375
2024-12-16,629.97998046875,631.1500244140625,618.5800170898438,624.239990234375
2024-12-17,626.1699829101562,632.3699951171875,616.5399780273438,619.4400024414062
2024-12-18,621.0,627.3599853515625,596.3200073242188,597.1900024414062
2024-12-19,610.3900146484375,611.52001953125,595.0,595.5700073242188
2024-12-20,590.5800170898438,603.1099853515625,580.0,585.25
2024-12-23,589.5999755859375,601.0900268554688,586.25,599.8499755859375
2024-12-24,602.719970703125,607.989990234375,599.280029296875,607.75
2024-12-26,605.47998046875,606.2999877929688,598.9400024414062,603.3499755859375
2024-12-27,599.4099731445312,601.8499755859375,589.7999877929688,599.8099975585938
2024-12-30,588.75,596.9400024414062,585.5800170898438,591.239990234375
2024-12-31,592.27001953125,593.969970703125,583.8499755859375,585.510009765625
