Date,Open,High,Low,Close
2017-11-09,77.38415780782783,77.53135978326935,76.27091610742728,77.36575317382812
2017-11-10,77.08975608949316,77.37496477691666,76.57453858464763,77.16336059570312
2017-11-13,76.97016043953167,77.22776921340164,76.78614915868694,77.21856689453125
2017-11-14,76.82294204692155,77.37496178351611,76.3445268136894,77.32896423339844
2017-11-15,77.181038148026,77.3844635985996,76.4598075902218,76.72795867919922
2017-11-16,76.83887130932455,77.13476078972302,76.69093009640615,76.93133544921875
2017-11-17,76.85738839987513,76.85738839987513,76.043686825799,76.19163513183594
2017-11-20,76.19164877221291,76.36732859887886,76.05294897411312,76.31185150146484
2017-11-21,76.50601986965036,77.52313985140641,76.50601986965036,77.41218566894531
2017-11-22,77.51389783969576,77.57862346387444,76.78341890707132,76.84814453125
2017-11-24,76.75566775172607,77.14402143299684,76.54299384747048,76.98683166503906
2017-11-27,77.03305325718583,77.65257785037569,77.02381178077323,77.55086517333984
2017-11-28,77.73581044033497,78.6512176789895,77.68957482992707,78.48477935791016
2017-11-29,78.32758718260776,78.52176404218838,76.91286502383223,77.06080627441406
2017-11-30,77.21800085402771,78.1518980483326,77.06080402076718,77.8282699584961
2017-12-01,77.30122281441533,78.42005547639215,76.94985615303409,77.9114990234375
2017-12-04,78.05943913854256,78.06868767160667,74.61971851332228,74.9710922241211
2017-12-05,75.21148593265711,76.45052815140164,74.8786163943966,75.4426498413086
2017-12-06,75.40567668409805,76.8758758906853,75.29471545820792,76.54299926757812
2017-12-07,76.3210692781209,76.56148169430216,75.82175443892687,76.27483367919922
2017-12-08,77.3289724545095,78.20739981584396,77.05157990979718,77.81904602050781
2017-12-11,77.93923200448161,78.93786188182843,77.7820422241298,78.80841064453125
2017-12-12,78.88238092445889,79.56663126871504,78.66971404941562,79.13204193115234
2017-12-13,79.27998776280634,79.52040025046941,78.75293422937533,78.91937255859375
2017-12-14,78.99334826201913,79.40019908685795,78.16115659965068,78.3091049194336
2017-12-15,78.8361514474616,80.52826611336953,78.48477774652838,80.30635070800781
2017-12-18,80.55600011568893,80.90736671147913,79.73305717864575,79.87174987792969
2017-12-19,79.8440381947372,79.8440381947372,78.84540809661438,79.36322021484375
2017-12-20,79.70533489085626,79.79780612350176,78.32759959012627,79.07656860351562
2017-12-21,79.56660777516663,79.61283631695227,78.96558029546091,79.05804443359375
2017-12-22,78.96559383280317,79.17826068151072,78.52175601729078,79.06730651855469
2017-12-26,78.88238399912359,79.085809403747,78.62348150398975,78.96560668945312
2017-12-27,79.1967735788172,79.5019116970779,78.7991712880859,79.25225067138672
2017-12-28,79.42793582624593,79.45567437193314,79.10430770228834,79.2614974975586
2017-12-29,79.17827789616885,79.56663871463924,79.05807517531152,79.09506225585938
2018-01-02,79.64060520401063,79.80704353790408,79.0580745626657,79.47416687011719
2018-01-03,79.57588884479189,79.99198825526754,79.49267319543578,79.84403991699219
2018-01-04,80.06594321663113,81.05533170589693,80.04745320443583,80.54676818847656
2018-01-05,81.05531329929842,81.7488049994448,80.84263940724608,81.54537963867188
2018-01-08,81.5546421727971,81.90601590651588,80.99985008034515,81.62861633300781
2018-01-09,81.9707376500693,82.04471180677582,81.24025872536107,81.57313537597656
2018-01-10,81.2402723018195,81.54541045830415,80.82417994629685,81.20328521728516
2018-01-11,81.48990836413721,81.48990836413721,80.66696531447342,81.44367980957031
2018-01-12,81.98921395404409,83.01558227941423,81.78578858439413,82.8491439819336
2018-01-16,83.31145297450442,83.94946747975462,81.37892650869018,81.69330596923828
2018-01-17,82.3683397123474,83.47792384183644,82.06320160764056,83.34847259521484
2018-01-18,83.03408518219909,83.83853113112637,82.90463394778405,83.31147766113281
2018-01-19,83.3484835512354,83.78307295968989,82.90465266292449,83.21903228759766
2018-01-22,83.21899901611542,84.7169435380478,82.97858659923595,84.70769500732422
2018-01-23,84.97588348388672,85.3457472759661,84.64300677647178,84.97588348388672
2018-01-24,85.57686468034402,86.39055893633133,84.67994776552277,84.90186309814453
2018-01-25,85.50294065431484,86.21492266369096,85.00362557240616,85.37348937988281
2018-01-26,86.10394999464043,86.9731216430664,85.60463501980992,86.9731216430664
2018-01-29,87.97175494537868,88.25839599470837,86.65874536220923,86.84367370605469
2018-01-30,86.27038311597252,86.60325974578124,85.16079199842228,85.75257110595703
2018-01-31,86.6864714601148,88.21215476872544,86.46455606845457,87.8515396118164
2018-02-01,87.64813228678331,88.83169069221799,86.5292995111907,87.15806579589844
2018-02-02,86.58476662521463,86.88990472553506,84.60600382151372,84.86490631103516
2018-02-05,83.73682163946796,86.21489930729281,81.36970520019531,81.36970520019531
2018-02-06,80.34334045628128,84.58751417051435,78.82690553585113,84.44881439208984
2018-02-07,83.67210062402899,84.85565890879322,82.47929380606895,82.85840606689453
2018-02-08,82.95085929519351,83.10804906597195,78.3738165512889,78.60498046875
2018-02-09,79.7977977208944,82.22963991571898,77.51389678450832,81.53614807128906
2018-02-12,82.05393566295878,83.01557832992282,81.30496688720967,82.41455078125
2018-02-13,82.22964457133075,83.21902604321755,81.18478600620905,83.06183624267578
2018-02-14,82.22573999092316,84.52965456497733,82.132841467207,84.36243438720703
2018-02-15,84.7340168431493,86.13680763065986,84.18591071296592,86.08106994628906
2018-02-16,85.88596516176577,86.86141706549603,85.2821214084764,85.4679183959961
2018-02-20,84.98483817983565,86.45265132616069,84.54820748219637,86.13679504394531
2018-02-21,86.37835463062913,86.73137179915298,84.994140625,84.994140625
2018-02-22,85.5143968313725,86.14611670116501,84.87338498310724,85.21711730957031
2018-02-23,86.95433687400718,87.39096769817876,85.80237967606901,87.38167572021484
2018-02-26,87.69753492107328,88.67297992881969,87.55818360919461,88.64511108398438
2018-02-27,88.94238607270316,89.03528458001894,87.51172637939453,87.51172637939453
2018-02-28,88.10631100138103,88.91454313468182,86.98222243364096,87.1122817993164
2018-03-01,87.31662680739052,87.85544800731446,85.31927724746619,86.257568359375
2018-03-02,85.0777447351776,86.53627313220662,84.40886420624946,86.44337463378906
2018-03-05,85.78378378570224,87.57675254736118,85.70946923543721,86.99148559570312
2018-03-06,87.64181316721057,87.78116451569684,86.34121948188266,86.6942367553711
2018-03-07,86.54558038379292,87.27019872212769,85.86740775901413,87.19587707519531
2018-03-08,87.57675954422248,88.34783065240084,87.11225990137315,87.72540283203125
2018-03-09,88.52434353440994,89.68559265136719,88.2549328887516,89.68559265136719
2018-03-12,89.6484347756913,90.30802344527832,89.22109593712939,89.89926147460938
2018-03-13,90.11291430738096,90.33587211080176,87.29804811820313,87.7068099975586
2018-03-14,88.36640210894555,88.63581271421776,86.86142092740108,87.18656921386719
2018-03-15,86.88928272602354,87.86473459406704,86.23898620579486,87.49313354492188
2018-03-16,87.95767585051694,88.60797268692782,87.25163422262517,87.88335418701172
2018-03-19,87.08438670537733,87.23302998575866,85.57012049692656,86.29473876953125
2018-03-20,86.44337801689618,87.1122514843007,86.39692522201884,86.51769256591797
2018-03-21,86.33192634669206,87.37240836873534,85.66304555307164,85.91387939453125
2018-03-22,84.78976332796469,85.23568611231838,83.29408096973157,83.41484832763672
2018-03-23,83.14545180708922,84.03729043963526,80.89727481123127,80.99017333984375
2018-03-26,84.17664023440135,87.32594778428647,83.98155120157786,87.12156677246094
2018-03-27,88.1991963031693,88.38499332912718,82.22573048726473,83.11756896972656
2018-03-28,83.4427363723914,84.75262909407083,82.56018966591085,83.04326629638672
2018-03-29,83.77718116737276,85.73737081916349,82.1235630734915,84.78978729248047
2018-04-02,84.04656098026531,84.42744697673139,81.29672412608241,82.2350082397461
2018-04-03,83.2197630322219,83.65639385843618,81.64975187099252,83.34053039550781
2018-04-04,81.61259296243917,86.17398325589332,81.50111757454387,85.7745132446289
2018-04-05,85.87669051280902,86.46195747220777,84.91053046957026,85.8209457397461
2018-04-06,84.99414239151955,85.89527282979053,83.12685893639731,83.8236083984375
2018-04-09,84.57609775905179,86.55486373137138,84.18591975116381,84.32526397705078
2018-04-10,85.83023852760275,86.6570472775496,85.13348910319573,86.28544616699219
2018-04-11,85.47724196098937,86.66636013105241,84.98487338316984,85.337890625
2018-04-12,85.86740983262703,87.47458181976506,85.86740983262703,86.93576049804688
2018-04-13,87.37239056257555,87.49315792492689,85.8767010615746,86.47126007080078
2018-04-16,87.39096531656644,87.93907859826012,86.78711434401325,87.4838638305664
2018-04-17,88.25493343557744,89.68559320705738,88.14345096808603,89.24896240234375
2018-04-18,89.38831615808506,89.85281582044244,88.73801237816333,89.59269714355469
2018-04-19,89.59268900406337,90.17795597388933,88.57078416955525,89.28611755371094
2018-04-20,89.10031360444417,89.2861106029626,87.37237458495841,88.25492095947266
2018-04-23,88.94238726979917,89.45333969846563,87.91119752300095,88.580078125
2018-04-24,89.40691208521108,89.62058509403401,85.84884929972125,86.50843811035156
2018-04-25,86.67564250251182,86.67564250251182,83.8700604862854,85.75592803955078
2018-04-26,86.90790844087336,88.39430626405162,86.48985440179878,87.56749725341797
2018-04-27,90.67034922806354,90.94905191144092,87.24234591366228,89.01673126220703
2018-04-30,89.49049753910421,89.55552720170498,86.53627970379486,86.8800048828125
2018-05-01,86.59201159823846,88.52433156871518,86.20183364872906,88.25492095947266
2018-05-02,88.24565030010453,88.41287047424576,86.57345564639517,86.87073516845703
2018-05-03,86.3597709407971,88.1899006293572,85.8859793304491,87.39096069335938
2018-05-04,86.69419481219293,88.59864578214443,86.32259375858037,88.40355682373047
2018-05-07,88.41286119868593,89.84352096342255,88.347831531548,89.38831329345703
2018-05-08,89.04457659196561,89.33257117876971,88.31066633479027,89.00741577148438
2018-05-09,89.19322790796997,90.08506641674654,88.30138939919338,90.05719757080078
2018-05-10,90.5402742939051,90.99548198327383,90.1593882523483,90.95832824707033
2018-05-11,90.85612733368416,90.92115699613623,90.15008593584612,90.76322174072266
2018-05-14,90.96759559766508,91.68292891645098,90.40090554584287,91.06978607177734
2018-05-15,90.33591088167368,90.90260115301332,89.49980990037717,90.41023254394533
2018-05-16,90.8394053557703,90.87672724728026,90.14896815889318,90.64347076416016
2018-05-17,90.279582907932,91.00734192931436,89.41186858587866,89.7384262084961
2018-05-18,89.57982204601946,90.43820419811908,89.57982204601946,89.90637969970703
2018-05-21,90.5034947083191,91.44585267730596,90.31689241195912,91.06330871582033
2018-05-22,91.13796905351695,91.5951497456238,90.6901134950288,90.97002410888672
2018-05-23,90.23294037006804,92.11765680879992,89.8690608125905,92.0523452758789
2018-05-24,92.11765297199044,92.3135875625926,90.3262377808427,91.72577667236328
2018-05-25,91.71643589291654,92.35089370024724,91.30590227687264,91.7724151611328
2018-05-29,91.28726486686666,92.2576128083124,90.71812552811151,91.44588470458984
2018-05-30,91.7257856701126,92.60283240606051,91.35258095716964,92.32292175292967
2018-05-31,92.64012647369366,93.29324164358398,92.00566868647672,92.2202606201172
2018-06-01,92.6308093912972,94.10499200864074,92.52817597373388,94.03968048095705
2018-06-04,94.47821894501774,95.0380331461712,94.09567485120157,94.86075592041016
2018-06-05,95.16863955333662,95.4765398014894,94.7301162517413,95.34591674804688
2018-06-06,95.6164759547781,95.72843448191912,95.07531934552614,95.62580108642578
2018-06-07,95.77510941539232,95.81243130535236,93.6571366503014,94.12364959716795
2018-06-08,94.31957524508488,95.12197800715194,93.80641532320048,94.82341003417967
2018-06-11,94.2449504477474,94.78610007292728,93.92771793244052,94.2822723388672
2018-06-12,94.32891435882284,94.65547199076524,94.00235672688046,94.52484893798828
2018-06-13,94.90739241629132,95.1779707721775,93.82507899274664,94.0956573486328
2018-06-14,94.8420862765152,95.19663356380008,94.23561800428816,94.6274871826172
2018-06-15,94.7114773076512,94.73013469673758,93.36791750386776,93.42389678955078
2018-06-18,93.31190241662487,94.3382292647716,92.7614135510638,94.10497283935548
2018-06-19,92.97601259455196,94.2355958681148,92.83605731561804,94.10497283935548
2018-06-20,94.58086545484517,95.65383985605132,94.3476089122482,95.04737854003906
2018-06-21,95.24330350280046,95.59785084888512,94.12366794105976,94.3662567138672
2018-06-22,93.68514251708984,94.02102532254818,92.95737626973064,93.68514251708984
2018-06-25,93.3025950177161,93.40522844170944,90.783427799607,91.80042266845705
2018-06-26,92.2016251243189,93.37723982761104,92.13631359182617,92.4442138671875
2018-06-27,92.9107130074888,93.3212395283957,90.87671643201114,91.00733947753906
2018-06-28,90.85806297930654,92.47220097881412,90.74610442290756,92.02434539794922
2018-06-29,92.30426720832152,93.21863586741794,91.74445300323696,92.00569915771484
2018-07-02,91.52984480370154,93.35857482212762,91.43654363184346,93.31192779541016
2018-07-03,93.75042577050932,93.8903739312238,92.313565333664,92.41619873046876
2018-07-05,92.83608556699224,93.22795477252176,92.39756221481348,93.07867431640624
2018-07-06,93.1999786819826,94.63683976291536,92.99471179636016,94.38492584228516
2018-07-09,94.8420841907435,95.4018983072482,94.46887240693282,95.0286865234375
2018-07-10,95.1686739399927,95.64451930285168,95.038050839353,95.2806396484375
2018-07-11,94.3755806138871,95.48587670500862,94.3289264668686,95.14999389648438
2018-07-12,95.88707285106716,97.41724194368088,95.84975807762908,97.21197509765624
2018-07-13,97.37992176471764,98.52753970633556,97.11866851709442,98.36892700195312
2018-07-16,98.34092394988006,98.73279309023486,97.51985666332088,97.8837432861328
2018-07-17,97.60386671539754,99.36728558016308,97.33328827603872,98.85411834716795
2018-07-18,98.84477769812368,98.94741112861536,97.70648482788764,98.07969665527344
2018-07-19,97.90243117203336,98.25697853541956,96.93208315187572,97.40792846679688
2018-07-20,100.8414227099402,100.953381241865,98.975371248032,99.15264129638672
2018-07-23,99.1806636432345,100.89742801439124,99.02204381803718,100.7388153076172
2018-07-24,101.2986503272728,101.5319068682418,100.07638833049126,100.44960021972656
2018-07-25,100.72947031716949,103.7058250685428,100.39358044034392,103.40725708007812
2018-07-26,103.32328953997472,103.5658782750386,102.16633937943,102.27830505371094
2018-07-27,102.80078038465729,102.80078038465729,99.03135539173113,100.4682159423828
2018-07-30,100.01104937298727,100.32827476491693,97.74379613143468,98.3129425048828
2018-07-31,99.35793980221452,99.57253892092,98.32228034089287,98.97540283203124
2018-08-01,98.9287460624829,99.32061527573062,98.3595996305845,99.16200256347656
2018-08-02,98.34092851888668,100.8507632787967,97.818429189049,100.36559295654295
2018-08-03,100.58019869344496,100.81345517731803,99.66583014455634,100.80412292480467
2018-08-06,100.87875164952816,101.15865511733988,100.3562523631202,100.88807678222656
2018-08-07,101.28929209628794,101.79312694978074,100.9254125551692,101.58786010742188
2018-08-08,102.0077172471828,102.39958639329618,101.47589280076544,102.15699768066406
2018-08-09,102.36228069514831,102.78214666246716,102.2596472665875,102.32495880126952
2018-08-10,102.09168297668212,102.34360393306773,101.12133527479727,101.69981384277344
2018-08-13,101.92375363467455,102.24098616189964,100.86010461227978,100.96273803710938
2018-08-14,101.28927192962578,102.39957483672984,100.80410167753898,102.22229766845705
2018-08-15,101.6135221287783,102.08183037898388,100.04937428808768,100.8361358642578
2018-08-16,101.4355760587672,101.9600790444256,100.49895950105306,100.8174057006836
2018-08-17,100.55515080151878,101.06092458304924,99.92761944410428,100.7612075805664
2018-08-20,100.6956406458134,101.060920504541,99.73092680631149,100.09620666503906
2018-08-21,100.1430259652788,100.5457713119281,99.14084668117228,99.26261138916016
2018-08-22,99.14083453186704,100.53639082656952,99.07527167629884,100.27413940429688
2018-08-23,100.3584455327107,101.32315925103816,100.09619409228956,100.7424545288086
2018-08-24,100.84549503353767,101.6790831319401,100.74246664871792,101.52922821044922
2018-08-27,102.34408256234376,102.69063324238248,101.632259162105,102.65316772460938
2018-08-28,102.97161480891508,103.49611773430098,102.8311209122392,103.27133178710938
2018-08-29,103.44928177864554,104.9291374522328,103.28069053550502,104.91976928710938
2018-08-30,104.59195843427985,105.47238019385524,104.3765406500113,104.85420989990234
2018-08-31,104.61070240670232,105.6316109932814,104.45147216595744,105.21013641357422
2018-09-04,103.8239418832942,104.86358681289217,103.2338760364212,104.62943267822266
2018-09-05,103.97379524247468,104.35780427531304,101.2482379134359,101.61351776123048
2018-09-06,101.38874663582916,102.08184091685256,100.69565235480574,101.84768676757812
2018-09-07,101.37000891503044,101.82894900814723,100.4333923967742,101.3512725830078
2018-09-10,101.94133166386366,102.69062768715796,101.49175976654028,102.44710540771484
2018-09-11,101.9975374515451,104.51703095694624,101.9881692857924,104.18921661376952
2018-09-12,104.36718119072354,104.7605584219722,103.50549569013587,104.62943267822266
2018-09-13,105.01343672563851,106.5213897499132,105.01343672563851,105.75336456298828
2018-09-14,106.17483593671098,106.5213865780568,105.31315056158826,106.1842041015625
2018-09-17,106.48394705172277,106.49330807304275,104.76993690221104,105.03218841552734
2018-09-18,105.07899433789808,106.49327993181218,104.6387834943796,106.03433990478516
2018-09-19,105.88450181678124,106.1373851362996,104.0019005863506,104.62006378173828
2018-09-20,105.16329256242896,106.586953550484,104.83547823814536,106.37152862548828
2018-09-21,106.77426948348412,107.98250549566356,106.31532944881344,107.01779174804688
2018-09-24,105.86575172163452,107.6172269815342,105.10709471588994,107.40180206298828
2018-09-25,107.52357649481822,107.80455715585558,106.54012631664555,107.1957550048828
2018-09-26,107.21447896925706,107.76707920762652,106.53074586254957,106.75553894042967
2018-09-27,107.50483820127096,107.62660291673332,106.96159892903616,107.15829467773438
2018-09-28,106.9522507079333,107.30816243966952,106.47457424616344,107.12084197998048
2018-10-01,107.47673585717742,108.34778942708132,107.45800667264687,108.2822265625
2018-10-02,107.99188092238316,108.49764752352336,107.18639019343172,107.85138702392578
2018-10-03,108.1042407212914,108.81607103828289,107.6453007814352,107.87008666992188
2018-10-04,107.3456176972783,107.486111601521,104.55449738154287,105.64097595214844
2018-10-05,105.49112016781729,105.99689396573768,103.62725522153414,105.02281188964844
2018-10-08,104.58260067827553,104.9291442061696,102.40964356201331,103.82393646240234
2018-10-09,104.0955488001194,105.91258694948765,103.7771026459254,105.14456176757812
2018-10-10,104.18921188409404,104.43273416189209,99.08465509056133,99.43120574951172
2018-10-11,98.67253433988064,102.02562269989949,97.5954240722324,99.1970443725586
2018-10-12,102.1005733064928,104.18922423568212,100.33036857802328,102.62507629394533
2018-10-15,102.00691798651582,102.54078916608772,100.17114315048916,100.77994537353516
2018-10-16,102.59697252673806,104.3484479586577,102.044365074517,103.96443176269533
2018-10-17,104.60132919116305,104.7230867615567,102.60633865326707,103.69281005859376
2018-10-18,103.12147157557774,103.5242169421737,100.9953553398936,101.62288665771484
2018-10-19,102.02564181004328,103.833312050358,101.35127674586948,101.77275848388672
2018-10-22,102.39091034154605,103.53358355737394,101.37936285745415,102.68125915527344
2018-10-23,100.9391524639434,102.06309650024762,98.44775640322946,101.24823760986328
2018-10-24,101.53858453037368,101.61350840947,95.15085400002238,95.83458709716795
2018-10-25,99.79651340725069,102.34410485847576,99.42186529371747,101.4355926513672
2018-10-26,98.99098137209084,101.8570250311335,98.11992790668162,100.18048095703124
2018-10-29,101.25759638154442,101.81019661012122,95.18831915683772,97.26760864257812
2018-10-30,97.08966479535852,97.7640226379727,93.76467353410844,97.1552276611328
2018-10-31,98.75685601314342,101.28571796002792,98.71002232509026,100.0400161743164
2018-11-01,100.26478672647843,100.51767000590095,98.84112582169595,99.20640563964844
2018-11-02,99.73092272764144,100.5176771155508,98.32599805281778,99.43120574951172
2018-11-05,99.62789833996489,100.9110583544154,99.18768744754414,100.69564056396484
2018-11-06,100.57386543699924,101.94132450959872,99.54358883663696,100.89231872558594
2018-11-07,102.50330098584118,105.12582261536274,102.46583547238596,104.8635711669922
2018-11-08,104.71370378988368,105.09771275189466,103.880115865761,104.6668701171875
2018-11-09,103.8239443485895,104.3859128559768,101.86641916626331,102.62507629394533
2018-11-12,102.4845744224259,102.99034818354488,99.37500796747771,100.09620666503906
2018-11-13,100.73311800767596,101.84768690052118,99.88079347321204,100.16178131103516
2018-11-14,101.68564301264092,101.83615249918697,98.27103977435972,98.74137115478516
2018-11-15,98.76016551220636,101.40343232906996,97.74425534668204,100.9142837524414
2018-11-16,100.72617116259735,102.41935984306556,100.46278673519258,101.86437225341795
2018-11-19,101.84554530725244,102.11833834592645,97.40562348164902,98.4121322631836
2018-11-20,95.75946042829467,96.860034003949,93.4548326348941,95.67479705810548
2018-11-21,97.45266010678728,98.23341191683669,96.17335818422288,96.99173736572266
2018-11-23,96.10751884576015,97.65020530041824,95.94760788835131,96.95411682128906
2018-11-26,98.57205289170918,100.30286895005918,98.3745145704858,100.1523666381836
2018-11-27,99.96422884335932,100.96133625405314,99.10822945939027,100.78260803222656
2018-11-28,101.48809234642292,104.7239741465933,101.4598736153006,104.52643585205078
2018-11-29,103.78331879252912,104.52644319660654,102.56045439560434,103.65162658691406
2018-11-30,104.13136089684944,104.38534385181254,102.8708762888274,104.31008911132812
2018-12-03,106.29489513240664,106.68997178129024,104.15959375961322,105.43888854980467
2018-12-04,105.2978068095396,105.95626796565628,101.78913105189064,102.08073425292967
2018-12-06,99.54093196497264,102.757996849088,98.76958879667562,102.71096801757812
2018-12-07,101.9490224719154,102.95553128993568,98.1111240488536,98.60026550292967
2018-12-10,98.58145190399158,101.57275951859673,97.72544541891172,101.20589447021484
2018-12-11,103.28477658278342,104.3665330433362,101.06481183778708,102.14656829833984
2018-12-12,104.31008775491996,104.66753700254216,102.56986316979788,102.60749053955078
2018-12-13,103.07782664016852,104.29128245796812,102.18419271495668,102.95553588867188
2018-12-14,101.82675226392192,102.776823740245,99.239929458141,99.7384796142578
2018-12-17,99.15525637825957,99.52211424871284,95.6748001620515,96.78478240966795
2018-12-18,97.5937580076721,98.30866369026091,96.4367396947545,97.80070495605467
2018-12-19,97.49968800033368,100.53802443102674,95.33616097047434,97.53731536865234
2018-12-20,96.93527735788476,98.12050698789466,92.91864430390552,95.48665618896484
2018-12-21,95.59954590428846,96.88825636380255,91.676984237984,92.40129852294922
2018-12-24,91.8839340526062,92.156727100459,88.40348488670755,88.5445785522461
2018-12-26,89.49465026573576,94.7153312125224,88.38466797329676,94.5930404663086
2018-12-27,93.40779596764824,95.18564764883344,90.6798730823491,95.17623901367188
2018-12-28,96.03227536012486,96.33329438822749,93.61477191001262,94.4331512451172
2018-12-31,95.27972929096158,96.3238655009642,94.48016740153552,95.5431137084961
2019-01-02,93.64297941413524,95.7124345886197,93.06917456384244,95.11981964111328
2019-01-03,94.160338583429,94.24500196167683,91.43241520948597,91.62055206298828
2019-01-04,93.802880785496,96.42733044521282,93.05975642937376,95.88174438476562
2019-01-07,95.60896692341754,97.14224471191751,94.98813320401231,96.00404357910156
2019-01-08,96.92588368231492,97.80070026425464,95.67480059197456,96.70012664794922
2019-01-09,97.69722540904051,98.65669817399824,97.11401197045892,98.08289337158205
2019-01-10,97.0952255478401,97.59377573585915,96.30506498108868,97.45267486572266
2019-01-11,97.06698452005102,97.3021501907156,95.60895449125594,96.70012664794922
2019-01-14,95.85354330594691,96.76598739449656,95.2515196720624,95.99464416503906
2019-01-15,96.4273647506669,98.81664959745764,95.83474247612116,98.77902221679688
2019-01-16,99.01416973322333,99.95483254648336,98.7319680185702,99.12704467773438
2019-01-17,98.76959049376892,100.3028682197314,98.54383343925562,99.82313537597656
2019-01-18,101.0836209273738,101.49751484486087,99.62559793232268,101.31878662109376
2019-01-22,100.4157495883715,100.74498011889754,98.6378975468435,99.40924072265624
2019-01-23,99.82311767450088,100.68852554391326,99.08939481823973,100.37810516357422
2019-01-24,100.51921729535442,100.65090950000452,99.08940596388634,99.89837646484376
2019-01-25,100.8766752706216,101.47869888017982,99.89838511091764,100.81082916259766
2019-01-28,99.95482330753528,100.16177025559416,98.44976438077124,98.84484100341795
2019-01-29,98.65670610130262,98.7413694802208,96.1075109238313,96.83182525634766
2019-01-30,98.41214193316104,100.06770324707033,98.1393488676824,100.06770324707033
2019-01-31,97.64079873275674,98.9765381483494,97.05758522974185,98.23341369628906
2019-02-01,97.6219906819384,97.9230025107474,96.2768425020476,96.68132781982422
2019-02-04,96.76598532634104,99.5221276318416,96.67191330449832,99.46568298339844
2019-02-05,99.76668456385264,100.90488557989966,99.67261972834298,100.85785675048828
2019-02-06,100.6509237158397,100.6509237158397,99.26814819502492,99.7384796142578
2019-02-07,98.94831963196424,99.32457900074046,98.10172169884292,99.02356719970705
2019-02-08,98.19579401284302,99.50331479588684,98.07351042635484,99.39984130859376
2019-02-11,99.89838754091934,100.25584400176224,98.74137630368496,99.0047607421875
2019-02-12,99.84194252110234,100.78260525989296,99.22110884537786,100.54743957519533
2019-02-13,101.12124280346862,101.38462721784958,100.37811839050116,100.47218322753906
2019-02-14,100.00185946696917,100.92371216406112,99.39043439140376,100.55685424804688
2019-02-15,101.50693501121484,101.8737929609506,100.98956755559357,101.7985382080078
2019-02-19,101.39403086869709,102.21240998172745,101.38462223244984,101.75148010253906
2019-02-20,101.89319514394548,101.96877128095086,100.4100476900662,101.22247314453124
2019-02-21,100.98628843332556,103.4235644422162,100.9579491879048,103.35743713378906
2019-02-22,103.9620498906475,105.04842626070558,103.7447702922335,104.8311538696289
2019-02-25,105.57746360307084,105.9742275664531,105.10512349218584,105.41686248779295
2019-02-26,105.105117478171,106.9755801741402,105.02009251526094,106.1442642211914
2019-02-27,105.51131743727996,106.14425134309728,104.74612169327852,105.96475982666016
2019-02-28,105.84196072103953,106.63548855640492,105.54911219236952,105.83251190185548
2019-03-01,106.6449407747725,106.7677465987303,105.49242984705106,106.30485534667967
2019-03-04,106.76772574917204,106.98500531087676,104.6705422952536,106.04977416992188
2019-03-05,106.0403288303284,106.17258345228268,105.07675841218504,105.520751953125
2019-03-06,105.68134208692663,106.42764006630505,105.26568062820054,105.56797790527344
2019-03-07,105.23737024235116,105.37907370644103,103.79201076477696,104.28324127197266
2019-03-08,103.12126706286404,104.5855166646733,102.78118170341529,104.3965835571289
2019-03-11,104.8500342085526,106.70160619711984,104.8405925975623,106.58824920654295
2019-03-12,106.57879445810104,107.68406829874702,106.4182005921616,107.33454132080078
2019-03-13,107.81633643739436,108.63821071308251,107.48569984625676,108.1658706665039
2019-03-14,108.2036553309959,108.82714042504936,108.00527338255448,108.25088500976562
2019-03-15,108.9593740593112,110.76371609227571,108.25086414827318,109.4978485107422
2019-03-18,109.74349398458538,111.1038357402634,109.63013697650403,111.06604766845705
2019-03-19,111.557271170339,111.8879149760128,110.51812448670825,111.14161682128906
2019-03-20,110.89600063443012,112.18076619650977,110.25361785339028,111.01880645751952
2019-03-21,110.65982631193248,114.13624936742548,110.61258942400848,113.56944274902344
2019-03-22,112.889246158481,112.97426388853536,110.56533450829966,110.57478332519533
2019-03-25,110.11190059660896,111.48169094717156,109.88517941033317,111.15105438232422
2019-03-26,112.05794422534244,112.14296196584426,110.38585658877594,111.38722229003906
2019-03-27,111.35889062107752,111.67063679231448,109.12944494787452,110.31029510498048
2019-03-28,110.94322989452024,111.07548452793282,109.70569409996412,110.46144104003906
2019-03-29,111.53837130047324,111.774541308919,110.48977588638712,111.41556549072266
2019-04-01,112.36969421496568,112.52084648941532,111.56671757712908,112.43582153320312
2019-04-02,112.47359202366631,112.87036307841797,111.9634639881308,112.59640502929688
2019-04-03,113.22935182940512,113.76781917179834,112.55862985606176,113.33326721191406
2019-04-04,113.4560879863368,113.57890102222711,111.83123692628664,112.75702667236328
2019-04-05,112.78534280789628,113.5788777429376,112.7664523794284,113.25768280029295
2019-04-08,113.18210699826294,113.3804889307615,112.07683314262682,113.29547119140624
2019-04-09,112.067383572719,112.92704581511404,112.02015389806178,112.68142700195312
2019-04-10,113.13488683127478,113.69224461123034,112.92705606338052,113.54109954833984
2019-04-11,113.87174469602722,114.16459323245056,113.28604041584308,113.6733627319336
2019-04-12,113.96622278408344,114.28741781126458,113.71116229228686,114.25907135009766
2019-04-15,114.24960787201776,114.85420252911716,113.90007365790156,114.35352325439452
2019-04-16,114.91088642504572,114.92033524407036,113.45607821075296,114.0890121459961
2019-04-17,114.53300451545692,115.10925990881589,113.87173137914496,115.03368377685548
2019-04-18,115.43046607482596,116.68688515582294,114.5897013453,116.5451889038086
2019-04-22,115.8366851766343,117.14034121812998,115.78944828514352,116.9136199951172
2019-04-23,117.23478123756932,118.6329107453401,116.97972082037384,118.50065612792967
2019-04-24,118.8312858163835,118.88796430419372,117.63153830393868,118.0944366455078
2019-04-25,122.8651098667279,124.1026386763779,121.70315720613672,122.00544738769533
2019-04-26,122.52499914644078,123.29964370360352,121.88262363387288,122.7044906616211
2019-04-29,122.71392408415224,122.97843332634416,122.1943616249934,122.59112548828124
2019-04-30,122.6289311014254,123.4696958798412,122.23216715803903,123.37523651123048
2019-05-01,123.30908283561544,123.42243982621928,120.63563662804668,120.80567932128906
2019-05-02,120.90016091308712,120.91905134363124,118.57624155262006,119.2280731201172
2019-05-03,120.3144480722632,122.26992822044636,120.21053269334804,121.76924896240234
2019-05-06,119.3981059802514,121.44805987378628,119.13359673041934,121.06073760986328
2019-05-07,119.4642421216167,120.14441293278746,117.34816075923654,118.57624053955078
2019-05-08,118.50066803377204,119.3792207704592,117.84883649151924,118.5667953491211
2019-05-09,117.4142881256275,118.83130824704612,116.73411731417264,118.5573501586914
2019-05-10,117.99999937746875,120.85293022010784,116.97029428027722,120.09718322753906
2019-05-13,117.24424979993192,118.60459147362832,116.23344236387622,116.52629089355467
2019-05-14,117.01752298765818,118.91632474105712,116.85692189801448,117.82994842529295
2019-05-15,117.82045651877584,120.14348689016626,117.28947256764629,119.48924255371094
2019-05-16,120.18141735790614,122.6751271367986,119.90644519961684,122.2484359741211
2019-05-17,121.66059002741198,123.69917928290204,121.29080157165824,121.43303680419922
2019-05-20,119.96335043094312,120.97789952797896,119.2427411219944,119.67890167236328
2019-05-21,120.8261791303023,120.92099537073214,120.02023023562536,120.32364654541016
2019-05-22,120.05814493061126,121.594193898533,119.9633214666294,121.05372619628906
2019-05-23,119.65991341765609,119.74525309430445,118.2755761097122,119.64095306396484
2019-05-24,120.33314479640856,120.81670985090066,119.44185611445504,119.69786071777344
2019-05-28,120.39949874067082,121.36663593783372,119.5176939870744,119.62199401855467
2019-05-29,118.8824257964465,118.89190959166322,117.61187213002066,118.4652328491211
2019-05-30,118.76866529896276,119.24275384787478,118.31353710903969,119.2143096923828
2019-05-31,117.79200028678208,118.16178863883844,116.92915597597433,117.27050018310548
2019-06-03,117.43170800873158,117.92476404942006,112.8425352697972,113.6295166015625
2019-06-04,114.9948661508138,116.8912195035225,114.39751744895555,116.7774429321289
2019-06-05,118.47470459069436,119.34703286474137,117.77305568754028,119.3091049194336
2019-06-06,119.88749468355068,121.33820424521646,119.09102229176368,121.19597625732422
2019-06-07,122.49499849960736,125.3964180310355,121.61318629744812,124.59046173095705
2019-06-10,125.5386321346272,127.13157705761694,125.15936711240894,125.72827911376952
2019-06-11,126.94191925771516,127.28326349692382,124.47665370031586,125.25416564941406
2019-06-12,124.59045720891918,125.13092506611554,123.93622720478164,124.6758041381836
2019-06-13,125.14038503767216,126.10752954083873,124.74215247002276,125.46277618408205
2019-06-14,125.40591121688826,126.8566211749061,124.81804598287827,125.58606719970705
2019-06-17,125.75672429751614,126.79971035117946,125.66190080716795,125.96532440185548
2019-06-18,127.23586111735234,128.23144976058668,126.64799606638962,128.1555938720703
2019-06-19,128.00392799390053,128.8857258865343,126.87559475817956,128.65817260742188
2019-06-20,130.3269327637719,130.52605631041277,128.68659051662368,129.85284423828125
2019-06-21,129.5019767985098,130.5923742278872,129.3882002230696,129.87176513671875
2019-06-24,129.90022426366764,131.22766602367557,129.90022426366764,130.63980102539062
2019-06-25,130.13726288151548,130.45963951395865,125.85149979058052,126.51522064208984
2019-06-26,127.38752759077144,128.70549244046086,126.67639516537008,126.9892807006836
2019-06-27,127.18843756386264,127.7289052938255,126.59108153980478,127.19791412353516
2019-06-28,127.59620326395812,127.6246474204009,126.25927003900873,127.01781463623048
2019-07-01,129.54941550080315,129.61578036095145,127.975438362034,128.6486358642578
2019-07-02,129.06584638175278,129.51149072150082,128.32626949196506,129.50201416015625
2019-07-03,129.71064063125698,130.60192949200078,129.2270610117274,130.33644104003906
2019-07-05,128.8951844451129,130.21314990406273,128.68658434645613,129.95713806152344
2019-07-08,129.33132870724128,129.99506413904302,128.35470761740166,129.86231994628906
2019-07-09,128.95206161929443,129.87179439269815,128.76242912816653,129.3882293701172
2019-07-10,130.02347313002875,131.39832642635517,129.91917311620932,130.70616149902344
2019-07-11,131.03802866959757,132.00517304043214,130.72512859467963,131.2276611328125
2019-07-12,131.65435444341676,131.9198427899264,130.8578749358581,131.70175170898438
2019-07-15,132.2137752829885,132.3085842821535,131.2845660702048,131.70175170898438
2019-07-16,131.75865118779035,131.843983625322,129.44509753895824,129.97607421875
2019-07-17,130.56395485566256,130.7820314893076,129.16065710955138,129.20806884765625
2019-07-18,128.52538671501702,129.53992851431775,127.69098638061504,129.3502960205078
2019-07-19,132.95331246668238,133.37998900603375,129.3786829439776,129.5398712158203
2019-07-22,130.28901906488693,131.97677314909146,130.21316316055888,131.2561492919922
2019-07-23,132.51722336410376,132.7353145092773,130.87688106834025,132.0715789794922
2019-07-24,131.70178580843822,133.44644256754182,131.6543885305988,133.42747497558594
2019-07-25,133.15247996254422,133.32315933412482,132.1000174545964,132.9249267578125
2019-07-26,133.09557191798714,134.33768120299953,133.02920706579556,134.0153045654297
2019-07-29,134.16704938965927,134.17652595144216,132.14742769133755,133.72140502929688
2019-07-30,132.8775061298184,133.90153888671296,132.5551294659898,133.07662963867188
2019-07-31,133.05766470606125,133.2093764807844,128.0797360337035,129.20806884765625
2019-08-01,129.9002084461588,133.63602697475037,129.83382913222613,130.9052734375
2019-08-02,130.93375281816128,131.15184393575143,128.2504102875729,129.805419921875
2019-08-05,126.39197639125716,126.98931796562596,124.00256668969038,125.35846710205078
2019-08-06,126.86606883821912,128.6486315259362,126.30664795398958,127.70994567871094
2019-08-07,126.85657468510476,128.62018420885127,124.9981561569602,128.2693634033203
2019-08-08,129.52097248846763,131.78711473856043,128.88568122299927,131.69229125976562
2019-08-09,131.42677857216003,132.15687871335274,129.3882043674093,130.57342529296875
2019-08-12,129.96662478371923,130.7156782273192,128.2314591849633,128.75294494628906
2019-08-13,128.99947382319243,131.60696037266956,128.00388515614938,131.41732788085938
2019-08-14,129.7239505662586,130.25669547153197,127.16485888123252,127.45977020263672
2019-08-15,127.8498159223584,128.0305717618473,125.81396110218505,127.1743621826172
2019-08-16,128.3159743432708,129.819084271181,128.16375737219423,129.50514221191406
2019-08-19,131.14141901439157,131.80735001935133,130.22813183887018,131.67416381835938
2019-08-20,131.48393371122734,131.95960091086593,130.56113818263162,130.5801544189453
2019-08-21,131.807394582491,132.70165131272472,131.28415771733165,132.03570556640625
2019-08-22,131.912023225738,132.42573738281877,129.65735096622404,131.07484436035156
2019-08-23,130.51354087114026,131.61709202407536,126.33718432497086,126.89846801757812
2019-08-26,128.42062493320694,128.96287794654694,127.38365949329416,128.8582305908203
2019-08-27,129.7525015841233,130.0664436861711,128.10669709418593,129.13414001464844
2019-08-28,128.31591428109454,129.15307819773696,127.05063851916388,128.9628143310547
2019-08-29,130.57065906658454,131.70274943500172,130.24720882309745,131.3983154296875
2019-08-30,132.3781393319836,132.40667819479165,129.63830688896346,131.1509246826172
2019-09-03,129.96177739852666,130.5230611434085,129.09605971432703,129.4195098876953
2019-09-04,130.61820210454746,130.9892219003631,129.8381010118939,130.93214416503906
2019-09-05,132.34008809996143,133.54828647942648,132.00711535629418,133.23434448242188
2019-09-06,133.21534614891118,133.35804049308442,131.47440256894785,132.3306121826172
2019-09-09,132.79675387818114,132.9489708528511,129.8190873358268,130.82749938964844
2019-09-10,130.142542462224,130.22815907014868,127.96397866362824,129.45758056640625
2019-09-11,129.29583341766232,129.63831430716323,128.5157324130517,129.49560546875
2019-09-12,131.14144145632662,131.6836944688001,130.2091233736303,130.82749938964844
2019-09-13,131.07484321284176,131.34121566473092,129.92373679922292,130.63723754882812
2019-09-16,129.21973691303367,130.04739309092596,129.05801182748056,129.69540405273438
2019-09-17,130.29477530904802,130.82752028928903,129.79055468537848,130.70384216308594
2019-09-18,130.67528777402822,131.92153345830215,129.88567851628142,131.77883911132812
2019-09-19,133.4722261001483,135.4414808611808,133.25342324141397,134.2047576904297
2019-09-20,134.1476554182199,134.7565088395018,131.52197776073118,132.65406799316406
2019-09-23,132.45425367718084,132.83479605850408,131.70270606290472,132.36863708496094
2019-09-24,133.52929304290907,133.84323512763393,130.21865349268123,130.69432067871094
2019-09-25,130.80845960576133,133.14874825202168,129.40999709449758,132.57794189453125
2019-09-26,132.6540513092792,133.3580293700971,131.70271705091227,132.74917602539062
2019-09-27,133.32951021856826,133.52929682949886,129.99983982193834,131.02728271484375
2019-09-30,131.33171916307737,132.44477868896257,131.07485480596196,132.26402282714844
2019-10-01,132.8633200500331,133.42460366892203,130.33276793327855,130.3993682861328
2019-10-02,129.61927789718126,129.73343334995943,127.0792174594162,128.09713745117188
2019-10-03,128.38256599587913,130.09497070733468,126.73676165585712,129.64784240722656
2019-10-04,130.09499182044033,131.52199355887296,129.78104969603967,131.3983154296875
2019-10-07,130.46596067858468,131.45534177657552,130.35180522933368,130.44692993164062
2019-10-08,130.40892037886877,131.05582079854824,129.01996577748224,129.06753540039062
2019-10-09,130.77041162253866,131.95005679522282,130.3042526169469,131.512451171875
2019-10-10,131.75029765596275,132.87286520668545,131.5219721890756,132.3306121826172
2019-10-11,133.30095941581837,134.1666771253404,132.71113678639924,132.8823699951172
2019-10-14,132.89189899823336,133.46269090419463,132.73017389906715,132.7587127685547
2019-10-15,133.2438805707064,134.88968485548526,133.00604699421544,134.68040466308594
2019-10-16,133.93835569965174,134.1286341811286,132.73967965388178,133.5768585205078
2019-10-17,134.0905520823593,134.537680315974,132.2544840510457,132.89187622070312
2019-10-18,132.95846607473885,133.18679151459884,129.91419945764682,130.72283935546875
2019-10-21,131.71222227760853,131.75979189272485,130.34229865302584,131.6931915283203
2019-10-22,132.20688791728912,133.1962688959662,129.62876637502663,129.73341369628906
2019-10-23,130.2186457746932,130.7608987861986,129.0104471292481,130.56112670898438
2019-10-24,132.60647823412518,133.58635133338677,131.92151642467127,133.1297149658203
2019-10-25,132.55890216392237,134.27130660416736,132.4257159583593,133.88125610351562
2019-10-28,137.372638854116,138.58083723111196,136.52595208193924,137.17286682128906
2019-10-29,137.06824192167036,137.46780056892217,135.70782638145243,135.8790740966797
2019-10-30,136.5354978648443,137.9434685134082,135.8410133992788,137.57244873046875
2019-10-31,137.84831662067026,137.87685548472092,136.0312793725473,136.3927764892578
2019-11-01,137.2394678703042,137.39168482775145,136.01225312687964,136.7257537841797
2019-11-04,137.78172273486075,137.9434477937776,137.144330614586,137.51535034179688
2019-11-05,137.91492376408723,137.96249337858046,136.90651180814737,137.42974853515625
2019-11-06,137.344105597713,137.48681442890592,136.23104639220205,137.0491943359375
2019-11-07,136.83992801338863,137.8293238562953,136.77334215800244,137.23948669433594
2019-11-08,136.9731283662926,138.88531987771236,136.76383362856296,138.85678100585938
2019-11-11,138.26690405323768,139.29434669335302,137.68658963195605,138.9994354248047
2019-11-12,139.16118797629684,140.38841742057485,138.95189325736897,139.91275024414062
2019-11-13,139.59879924802777,140.28376109963375,139.16117908653143,140.14105224609375
2019-11-14,139.8651567925904,141.18751073712227,139.84612604423668,140.8545379638672
2019-11-15,141.68218942790267,142.69061583073872,141.0543199148556,142.6715850830078
2019-11-18,142.76677075047564,143.22340723111984,141.72980514680026,143.02362060546875
2019-11-19,143.53731072367168,143.96540821634284,142.89039591030863,143.07115173339844
2019-11-20,143.4816701101421,143.98759194664677,141.7157212018776,142.82301330566406
2019-11-21,142.61299409485005,142.994831481928,141.75388546373685,142.68936157226562
2019-11-22,143.25251621622715,143.47206352802127,142.05930213925694,142.7943115234375
2019-11-25,143.1856988526597,144.47437596857466,143.10933139873265,144.3598175048828
2019-11-26,144.48392828709726,145.49577164480587,144.4457518398042,145.1234893798828
2019-11-27,145.4098700606825,145.57214545856706,144.63666952021893,145.40032958984375
2019-11-29,145.19032913555853,145.38124052001717,144.40757352399163,144.50303649902344
2019-12-02,144.91349080366052,144.93258631120233,141.58204573503937,142.75616455078125
2019-12-03,140.789726381092,142.64158246930782,139.98787541866216,142.52703857421875
2019-12-04,143.3193455347601,143.35752198086132,142.4220461125469,143.0425262451172
2019-12-05,143.23342442576484,143.49116275144036,142.68931180107228,143.11886596679688
2019-12-06,144.1307473778249,144.97076034279544,143.4434547738281,144.85621643066406
2019-12-09,144.20706750010666,145.29527800492446,144.0543326236692,144.48388671875
2019-12-10,144.41709412648967,144.98984276667238,143.91117247275625,144.26437377929688
2019-12-11,144.65573676710133,144.9707470622092,143.50071358397545,144.8084716796875
2019-12-12,144.76076936382785,146.4694605907302,144.15939919346627,146.27854919433594
2019-12-13,146.04945534229435,147.853595090369,145.88717991756462,147.50994873046875
2019-12-16,148.06358976417897,148.81769485975087,147.78677043090983,148.46450805664062
2019-12-17,148.3881124099428,148.6363102811984,147.43354106659726,147.6626434326172
2019-12-18,147.29035006071416,148.41673716925231,147.1757916035599,147.35716247558594
2019-12-19,147.00398339534942,148.69357871144388,146.76534056516215,148.6363067626953
2019-12-20,150.201807029263,151.29001778042624,149.18994916800344,150.2590789794922
2019-12-23,150.93681647800815,150.93681647800815,150.12543957375644,150.2590789794922
2019-12-24,150.32591716153846,150.5454790958481,149.98227083566834,150.23046875
2019-12-26,150.4022629635619,151.51910972034838,150.24952804837662,151.4618377685547
2019-12-27,152.20640864815684,152.30187161554684,151.0322898903994,151.73867797851562
2019-12-30,151.7673477335811,151.79598371705066,149.61000654149183,150.43093872070312
2019-12-31,149.64815953746933,150.60273091885034,149.3426897039378,150.53590393066406
2020-01-02,151.56683443806205,153.4282456163035,151.13728025317593,153.3232421875
2020-01-03,151.1277637435672,152.68370535175205,150.87956583671692,151.41412353515625
2020-01-06,149.9440697335836,151.87230794316667,149.39995707140503,151.80548095703125
2020-01-07,152.0823156061593,152.4164068417858,150.1731728919405,150.42135620117188
2020-01-08,151.7100155311663,153.4950738351807,150.7745396996867,152.81732177734375
2020-01-09,154.48784333835496,154.85058515825207,153.71464277750457,154.7264862060547
2020-01-10,155.4233045620937,155.80512725217918,153.85779366217815,154.01052856445312
2020-01-13,154.41148917759733,155.89107799794456,153.93420340107278,155.86244201660156
2020-01-14,155.96741840076578,156.1678848009803,154.37328593172,154.76466369628906
2020-01-15,155.23236445360152,156.4924054337214,155.1846475459066,155.7669219970703
2020-01-16,156.8837968406073,158.68793599036624,156.5783270372863,158.62110900878906
2020-01-17,159.8143511653507,159.86208265119686,157.91474872726818,159.50889587402344
2020-01-21,159.10794255718054,160.5493545898603,158.86929972428416,158.93612670898438
2020-01-22,159.79525389317888,159.88117639299483,158.15338984431403,158.1724853515625
2020-01-23,158.64021178281828,159.22250087718146,157.76200790642838,159.14613342285156
2020-01-24,159.90024236223502,159.91933786769545,156.97925634771383,157.54244995117188
2020-01-27,153.82916663173845,155.95787122124548,152.92232676586377,154.9078369140625
2020-01-28,156.3397174739805,158.22976494589605,155.66197987278883,157.9434051513672
2020-01-29,160.2152470960965,161.0839104943588,158.16292458122416,160.40615844726562
2020-01-30,166.14315693787148,166.14315693787148,163.0312448171451,164.93084716796875
2020-01-31,164.386735306438,164.56809162420643,161.876208045128,162.49667358398438
2020-02-03,162.6875918309989,166.57270430396193,162.6589558551061,166.45816040039062
2020-02-04,169.0928045525023,172.43380499267923,168.30050841453047,171.9374237060547
2020-02-05,175.66977095885156,175.83204634656084,170.3050844317914,171.72738647460938
2020-02-06,172.74880025877843,175.46933477716024,171.8801367244904,175.2879638671875
2020-02-07,174.5433698005128,177.19707687616415,174.19016851132312,175.53611755371094
2020-02-10,175.24023833430925,180.2612791983537,174.9252279903285,180.1276397705078
2020-02-11,181.9890534343469,182.03678492319852,175.16387293112035,176.06117248535156
2020-02-12,177.1493659071914,177.40710426901245,173.58881858824256,176.3188934326172
2020-02-13,174.76297982217906,177.76987470018594,174.56251336636177,175.36436462402344
2020-02-14,174.92515860578388,176.9870357309329,174.35241010470932,176.9297637939453
2020-02-18,177.17800990105596,179.17306076378034,177.0730064574597,178.7244110107422
2020-02-19,180.00700463143806,180.12186138936497,178.48509416736147,179.26040649414062
2020-02-20,178.94454904497888,179.2317055664298,173.345062600929,176.52288818359375
2020-02-21,175.32638416733346,175.64225482511475,169.65988919755634,170.9425048828125
2020-02-24,160.58588776840844,167.0755587186096,156.2402879347312,163.57228088378906
2020-02-25,166.74051131834014,167.35310504591126,160.47098848757176,160.87301635742188
2020-02-26,162.44282359860227,165.84079671755148,161.00705537187227,162.88311767578125
2020-02-27,156.32642160207112,159.87754615716182,151.2150765935854,151.40650939941406
2020-02-28,145.8835890194543,156.69970975635738,145.49114230137508,155.07249450683594
2020-03-02,158.231207136145,165.51533756180737,155.35967106198723,165.39089965820312
2020-03-03,166.35766803966655,167.5062796073248,155.31181719397168,157.46546936035156
2020-03-04,161.27508565891924,163.39044294779808,158.52797215581955,163.2468719482422
2020-03-05,158.93955071049004,163.55314516534068,158.59496574082314,159.15013122558594
2020-03-06,155.64679587978276,156.12538512797033,149.31984543452745,154.65133666992188
2020-03-09,144.53400546163766,150.99496265942608,143.57682661752085,144.17027282714844
2020-03-10,151.38738218810445,154.13448030155593,146.04632344854542,154.02919006347656
2020-03-11,150.40151758117216,150.94710193161995,144.6775775344153,147.0513916015625
2020-03-12,139.07807085286538,146.8982192378837,132.64582868992906,133.1052703857422
2020-03-13,141.1838506811791,154.97679851403672,134.70374714006678,152.0286865234375
2020-03-16,134.00500400850265,142.95462976122505,129.21911100819898,129.62112426757812
2020-03-17,134.00501498499003,141.18385507347162,129.21912159266896,140.29368591308594
2020-03-18,132.09067046730803,139.7481006393259,129.2382818177403,134.3878936767578
2020-03-19,136.65642741711832,143.72039734227005,133.04785909180967,136.5989990234375
2020-03-20,139.7481123428989,140.80101492188504,130.0423193712447,131.46852111816406
2020-03-23,131.14304312122096,134.55061142383002,126.8453202796138,130.1571502685547
2020-03-24,137.59440823073544,143.19390825132274,135.2206096599842,141.98785400390625
2020-03-25,142.53346802938665,147.72137425955265,138.25487854302744,140.62867736816406
2020-03-26,142.04531652432053,149.9516221166955,142.0166023310872,149.4251708984375
2020-03-27,145.2518769737937,148.25741769895353,142.81106821229966,143.28965759277344
2020-03-30,145.91232801235856,153.72290995842877,143.58637610247226,153.36874389648438
2020-03-31,152.57428483607072,157.72391111486942,149.85590072827637,150.9566650390625
2020-04-01,146.44832390564008,150.99492219682824,144.36168159521696,145.596435546875
2020-04-02,145.35717025269807,148.82215276585558,143.9214020813381,148.611572265625
2020-04-03,148.45843424740835,150.64080069189777,145.67304049930848,147.24281311035156
2020-04-06,153.45488555470874,159.37024249997808,150.83221084061367,158.1929168701172
2020-04-07,162.32796396695244,162.72041081597885,156.2690198586282,156.4891815185547
2020-04-08,158.5758148434227,159.53299367239637,156.4987385371966,158.05894470214844
2020-04-09,159.23625593654953,160.20300120701708,156.33600551975834,158.06849670410156
2020-04-13,157.31230661980788,158.48006566440998,155.3500875953282,158.42262268066406
2020-04-14,161.7631955365977,166.3097942277151,160.8060168647835,166.26193237304688
2020-04-15,163.86897788274868,166.13750115848333,161.99291595443174,164.51986694335938
2020-04-16,166.83623280718882,169.68862094407544,165.49617400471112,169.45889282226562
2020-04-17,171.81358822458955,172.29217760683073,168.33902463579403,170.95213317871094
2020-04-20,169.06648305481082,171.09569728029905,167.4967105283148,167.56370544433594
2020-04-21,166.07052729833796,166.2332459470786,158.99697631635922,160.63375854492188
2020-04-22,164.05086523508652,166.5491023546214,163.50528094286486,166.08966064453125
2020-04-23,166.6544031792957,167.56372012764132,163.5914339086313,164.07958984375
2020-04-24,164.6921961079911,167.0851433131064,163.40001338046326,167.07557678222656
2020-04-27,169.02818179820954,169.3249048560136,165.87907032634968,166.59695434570312
2020-04-28,168.07098913910997,168.14756518079076,162.1364846600204,162.5384979248047
2020-04-29,165.8025000977444,170.07150903698547,164.5198841101079,169.83221435546875
2020-04-30,172.2921602045926,172.67502582955896,168.68359253746573,171.53599548339844
2020-05-01,168.27196031499403,170.99034337966077,166.55860285420994,167.09463500976562
2020-05-04,167.0181352030328,171.33500636237935,166.35767948968982,171.18185424804688
2020-05-05,172.88563361108132,175.78588426417025,172.196463692982,173.01963806152344
2020-05-06,174.28309466098733,176.3123087755195,173.85236717889725,174.723388671875
2020-05-07,176.28362144170913,176.64735406685838,174.7617106239369,175.738037109375
2020-05-08,177.05890028676012,177.07804794901972,175.50827556763306,176.77174377441406
2020-05-11,175.30724812908147,179.48054725173307,175.02010624423164,178.7435302734375
2020-05-12,178.80099187055717,179.0307054211164,174.4936875329091,174.69468688964844
2020-05-13,174.73297499108446,176.16874304424806,168.98032164396082,172.05287170410156
2020-05-14,169.9374694201497,172.9525905463218,168.15711677400725,172.7994384765625
2020-05-15,171.3924103645551,179.04983972684337,169.42062464062786,175.3168487548828
2020-05-18,177.79597008217846,178.22669764043815,176.08262637962895,176.991943359375
2020-05-19,177.10681405239944,178.60959196444483,175.6327649448577,175.7667694091797
2020-05-20,177.38885351786695,178.3870999648644,176.5537935187178,178.20472717285156
2020-05-21,177.9551648606696,179.17417147943857,175.92989237505736,176.06427001953125
2020-05-22,175.83392486587098,177.05293154116515,175.21001712283223,176.1410675048828
2020-05-26,178.8574712323503,179.01104991086925,173.82789400244053,174.27902221679688
2020-05-27,172.963988040229,174.68211801691652,169.50855638674753,174.50933837890625
2020-05-28,173.48231266569437,176.75537151482436,173.13676803502756,174.1157989501953
2020-05-29,175.39238675358726,176.87055553063638,173.16555506136842,175.89151000976562
2020-06-01,175.21002492876235,175.65155988421583,174.17340566060682,175.48838806152344
2020-06-02,176.85137755315077,177.57126104386916,174.0678339141332,177.48487854003906
2020-06-03,177.3984689744724,178.47349013654497,176.20825651213138,177.91677856445312
2020-06-04,176.89935826789164,178.37751247051122,174.9796691160883,175.57476806640625
2020-06-05,175.28680217113944,180.19160827140416,174.70129642604095,179.68289184570312
2020-06-08,178.47350355740667,180.97869849717333,177.0337366873354,180.79632568359372
2020-06-09,180.45078932074512,183.04236687645735,179.7404990263667,182.1785125732422
2020-06-10,183.45507221486773,190.54832202944823,183.3398809229258,188.93577575683597
2020-06-11,185.3747712203923,187.89915227221888,178.59827145778436,178.7902374267578
2020-06-12,182.8888015959593,184.0214259511161,177.74403344899753,180.2012481689453
2020-06-15,177.1681195252707,183.1575551525556,176.62100106852748,181.35304260253903
2020-06-16,185.14441722165304,187.7264014401968,183.7718465263008,185.797119140625
2020-06-17,187.19845619495,188.4366636994321,185.9122681862843,186.440185546875
2020-06-18,186.20979963668665,188.5998172860492,186.20979963668665,188.4366455078125
2020-06-19,190.6154962359095,191.28738438794804,186.5649516886815,187.31362915039065
2020-06-22,187.9279663598332,192.69839515722148,187.3904557312936,192.5160369873047
2020-06-23,193.9750263813173,195.7603382423704,193.3415253169926,193.80226135253903
2020-06-24,193.50465452912027,195.0883920749933,188.66703011055677,189.8956298828125
2020-06-25,189.8572738710525,192.55443498241675,187.62083408877987,192.29527282714844
2020-06-26,191.70973926885765,191.8633179050225,187.05450219787085,188.4462738037109
2020-06-29,187.91835250772525,190.55792484717963,185.7779034024476,190.47154235839844
2020-06-30,189.934022172079,196.19219736576696,189.79964453653517,195.3379364013672
2020-07-01,194.9827933752549,198.06390038374025,193.6678112168308,196.4801483154297
2020-07-02,197.4208122291355,199.6668595185785,196.76812499098384,197.9775238037109
2020-07-06,200.44430769589064,202.6519527438517,199.7340175677105,202.2392120361328
2020-07-07,201.99925858935956,206.0498032802101,199.63804947903503,199.8876037597656
2020-07-08,201.63455617889085,204.6964480594897,200.3099659833893,204.28372192382807
2020-07-09,207.64314923722176,207.6911443883824,202.97830467804536,205.7138671875
2020-07-10,205.0420011781126,205.4835361435776,202.60400230969236,205.08999633789065
2020-07-13,205.86745720277852,207.13445905255088,198.20790171209103,198.7550201416016
2020-07-14,197.85274095335467,200.46351902624383,193.9173728541436,199.9835968017578
2020-07-15,201.14500283738636,202.84393163369344,196.79690860217687,199.68603515625
2020-07-16,197.1520414959008,197.4399977562056,194.1861257007085,195.73147583007807
2020-07-17,196.25947189523856,196.8065758277365,193.303148086414,194.7333221435547
2020-07-20,196.76812403001048,203.7749918637068,194.85802818757483,203.1031036376953
2020-07-21,205.08039405818823,205.34914936573205,199.67646444980613,200.3675537109375
2020-07-22,200.799463939146,203.77498771005708,200.0219922473186,203.2470703125
2020-07-23,198.87020762283348,202.4504239268405,194.03258257365707,194.40692138671875
2020-07-24,192.3720678398317,194.7140911881798,189.57891632293772,193.21673583984372
2020-07-27,193.37991729213715,195.77952909687795,192.79441142593765,195.6643524169922
2020-07-28,195.43394038666565,196.4801673827976,193.63903584779104,193.9077911376953
2020-07-29,194.3685200993384,196.43218000986815,193.89819100034163,195.86587524414065
2020-07-30,192.92875222913776,196.24982077645535,191.5561815692608,195.71229553222656
2020-07-31,196.1922498872503,196.8641528909048,191.01868756473095,196.7777557373047
2020-08-03,203.02633250734016,208.90057673251,201.98969858888677,207.84474182128903
2020-08-04,205.56991818694544,206.1458308108699,201.864917409733,204.72525024414065
2020-08-05,206.27058457085792,206.36657488271783,203.07431516004908,204.3892974853516
2020-08-06,203.8133978329084,207.68157037993976,203.0551270469576,207.66238403320312
2020-08-07,206.22261074447047,207.03846983746,202.4600071593848,203.94776916503903
2020-08-10,203.1702699727465,203.371843748537,198.06390519013084,199.8876037597656
2020-08-11,198.8413449800065,199.311659304721,194.98276686535613,195.213134765625
2020-08-12,197.0464689170072,201.83609819491352,196.52815933665156,200.7898712158203
2020-08-13,201.02983978206385,202.8631463409884,199.79163214226165,200.31954956054688
2020-08-14,200.3771274861899,201.1738001585949,199.1773218914952,200.51150512695312
2020-08-17,201.1834333098793,202.7095827034484,200.53073136822357,201.83612060546875
2020-08-18,202.07605567926132,203.83257282194663,200.8090685911667,202.9975128173828
2020-08-19,203.4882439502572,204.0751650802632,201.3329894587743,201.76596069335935
2020-08-20,201.6120151874665,206.8654417016913,201.00586131843815,206.4613342285156
2020-08-21,205.76858792441251,208.0681614685284,204.796806652132,204.9603729248047
2020-08-24,206.6633835219215,207.3657744393688,204.3926738683329,205.60501098632807
2020-08-25,205.03729494962872,208.4144876214117,205.03729494962872,208.27978515625
2020-08-26,209.63647695149868,213.6871826466504,209.13614713125165,212.78274536132807
2020-08-27,214.4569183879524,222.40439459903496,211.09895784566456,218.0073089599609
2020-08-28,219.5467242205009,221.91365573476995,218.00726957935004,220.2491149902344
2020-08-31,218.41142331424987,220.0471006406616,215.82319749069768,216.99703979492188
2020-09-01,216.97775384602636,218.84435569271025,215.9386142195796,218.67117309570312
2020-09-02,219.3446631032415,224.0496473685137,218.74812575456863,222.8854217529297
2020-09-03,220.59551270000665,220.6339928295248,206.8269377039403,209.07839965820312
2020-09-04,206.96164474273783,210.0982965597646,197.4265884939264,206.143798828125
2020-09-08,198.6870186452973,202.08345900016425,194.54970733043316,194.9923095703125
2020-09-09,199.74543088248743,206.71149507532343,198.87947369928463,203.2958068847656
2020-09-10,205.3259434162522,206.615255286666,196.3874397125869,197.59976196289065
2020-09-11,199.3605310428003,200.7364342543364,193.62603741830603,196.3104705810547
2020-09-14,196.51254409194783,201.28487327965124,196.310483024045,197.6382751464844
2020-09-15,200.53440313594547,201.84294796397248,199.1007721750684,200.8807830810547
2020-09-16,202.651119738116,202.67998350393228,196.8973790757412,197.2918701171875
2020-09-17,192.4810724464651,196.5991366431224,192.39448113744643,195.2328643798828
2020-09-18,195.127017632901,195.94484887575572,188.82483547440413,192.8081970214844
2020-09-21,189.72927359605575,195.0404272442857,188.94992248036095,194.87684631347656
2020-09-22,197.30152543226745,200.2265148518583,194.43427823717715,199.57223510742188
2020-09-23,200.0340318393445,200.22647652123064,192.4618004778043,193.0006103515625
2020-09-24,192.28863155277108,197.79221510852776,191.6632156551125,195.50225830078125
2020-09-25,195.84861465967165,201.1308891169413,194.8768189808472,199.95706176757807
2020-09-28,202.9013124718636,204.52737329082336,200.1880007589669,201.5157928466797
2020-09-29,201.42924036887916,202.1220003150106,198.98533314739524,199.41830444335935
2020-09-30,199.8705119762086,203.95971283005656,198.72553338809576,202.3721466064453
2020-10-01,205.4125525406392,205.89363490340867,203.3246568479959,204.4215240478516
2020-10-02,200.1302793751852,203.0071574265326,197.76334749580505,198.3887634277344
2020-10-05,199.3797979130621,202.4491060800491,199.1488730677616,202.4202423095703
2020-10-06,200.91924181932865,202.22777173091453,197.0705829787535,198.1193389892578
2020-10-07,199.2258364433106,202.16044195043736,198.8987039425737,201.8910369873047
2020-10-08,202.54531231348605,203.19959202978103,200.4381836761741,202.6126708984375
2020-10-09,203.23805900928684,207.69288656512367,203.23805900928684,207.644775390625
2020-10-12,210.5120492278424,215.39023225345116,208.60696686184264,213.02330017089844
2020-10-13,214.29335232049812,216.68914803485708,212.08998663603225,214.4280548095703
2020-10-14,214.5627398694277,215.736582042334,210.8391669742481,212.5037078857422
2020-10-15,208.88598158273,212.0226335098149,207.8372108047116,211.34912109375
2020-10-16,211.82057244426065,213.87960450564168,211.0219885890141,211.34912109375
2020-10-19,212.08033187589723,213.8892061286299,205.63383161206184,206.1149139404297
2020-10-20,207.6351696086239,209.14576073086545,205.02769650520892,206.52867126464844
2020-10-21,205.0565293561301,208.71275803100272,205.0565293561301,206.6729736328125
2020-10-22,205.835882709156,207.88529817327455,203.6902595860285,206.7595672607422
2020-10-23,206.89427917029465,208.0969850738012,205.09503583671875,208.0488739013672
2020-10-26,205.75894182990783,208.1547227098196,200.2264944052897,202.13157653808597
2020-10-27,203.58441327658568,206.5478821386237,202.37209111180675,205.18161010742188
2020-10-28,199.8127584492208,200.9384894820073,194.4535082496404,195.0115509033203
2020-10-29,196.3489488204244,199.51446408564465,195.675421814598,196.97434997558597
2020-10-30,195.8005378521516,196.56064158838936,192.0673337100205,194.80950927734372
2020-11-02,196.56065487022784,197.5132033770404,192.54842912333325,194.67481994628903
2020-11-03,196.17578252504643,200.245735560564,195.4349115105296,198.6196746826172
2020-11-04,205.92247908090357,210.05978994342536,204.3830097939061,208.2028045654297
2020-11-05,213.63907556087895,215.6403801987278,212.78274943674143,214.8417816162109
2020-11-06,213.8507262075923,215.87127799998143,209.78077353708852,215.2554931640625
2020-11-09,215.9483136764036,219.4890738084301,209.63651366263605,210.1272125244141
2020-11-10,206.3843427725324,208.308672308873,201.78519635519584,203.02638244628903
2020-11-11,204.35417209431608,209.7903970972447,204.1713584415026,208.35678100585935
2020-11-12,208.99183904081775,210.81994643144864,206.3458856335268,207.28880310058597
2020-11-13,208.1739642422896,209.19385652014648,206.0572047454115,208.3182830810547
2020-11-16,206.74033793525987,209.50176078856936,206.40358907707915,209.01104736328125
2020-11-17,207.9238360433956,209.44404363119716,205.9802588786965,206.34588623046875
2020-11-18,206.1047029137225,207.5710265175272,203.48076161003303,203.6254730224609
2020-11-19,203.91487189418265,205.50659431946275,202.51606857025564,204.9181365966797
2020-11-20,204.7059143171039,205.75741620286792,202.58361274659725,202.9598388671875
2020-11-23,203.50004337850964,204.79271612955355,200.80858207029692,202.6897125244141
2020-11-24,202.18806252380884,206.68349230699744,201.48384751173435,206.3072662353516
2020-11-25,207.5131536388704,207.6867896747464,204.95674720019755,206.3169403076172
2020-11-27,207.26230592341696,208.6321550578909,206.48089973496477,207.62887573242188
2020-11-30,206.53879651260684,207.17547659970663,203.39391807067915,206.5098571777344
2020-12-01,206.93430563642607,209.6450793350196,205.81528367505197,208.57427978515625
2020-12-02,207.29126088912773,207.8604208017404,205.2847168067867,207.76394653320312
2020-12-03,207.03078693135416,208.73828134614044,206.10468402437849,206.67385864257807
2020-12-04,206.65454142969557,207.77357804384908,205.65126214807344,206.7895965576172
2020-12-07,206.7992376187046,207.92791576799925,205.4679841379469,206.72206115722656
2020-12-08,206.4134142454768,209.2881681317648,205.37155387221156,208.38136291503903
2020-12-09,207.5613605938396,207.6288808024476,203.7508626994159,204.3200225830078
2020-12-10,204.29112103200455,205.55485463164123,202.93091315090655,203.08526611328125
2020-12-11,202.6318580030832,205.7863785066773,201.72505277355577,205.72848510742188
2020-12-14,205.57409544508724,208.5742622399963,205.3618638606316,206.6352386474609
2020-12-15,207.57102904235464,207.81220001276031,204.74451233475608,206.56776428222656
2020-12-16,207.1658418073844,212.3365474582881,207.1369024715696,211.53585815429688
2020-12-17,212.1050184542411,213.0890000335304,210.2238880231781,211.67091369628903
2020-12-18,210.8702087402344,211.9313667097204,208.39097925866105,210.8702087402344
2020-12-21,209.8669732897354,216.0891811420312,209.6065045301777,214.72897338867188
2020-12-22,214.8254106609972,217.6615830301884,214.01507990405824,216.03126525878903
2020-12-23,215.2306021027868,215.6647068665788,213.00218489140235,213.21441650390625
2020-12-24,213.60026965441665,215.71292937755183,213.38803805629948,214.88330078125
2020-12-28,216.52327588928569,218.0474780591343,215.14378512132973,217.0152740478516
2020-12-29,218.31757662938773,219.1568467796806,215.68399411922664,216.23385620117188
2020-12-30,217.27575078583916,217.6616331779801,213.6485446191628,213.8511199951172
2020-12-31,213.87038319147217,215.1244750031849,211.92171790619255,214.56495666503903
2021-01-04,214.67109571477064,215.12449830133912,207.2237352237864,210.0020294189453
2021-01-05,209.58719281314148,210.80270379708463,208.08228847102745,210.20458984375
2021-01-06,204.676943408944,208.84438415106663,204.45507027458916,204.75411987304688
2021-01-07,206.48094947043168,211.5937774308596,206.16261671538052,210.5808563232422
2021-01-08,210.95704072206647,212.7899487253861,209.36531838225517,211.8638458251953
2021-01-11,210.7544833480183,211.17894660014585,209.0759281382161,209.80909729003903
2021-01-12,208.85403813753172,209.43285429285,205.7863507861013,207.3394775390625
2021-01-13,206.46161789406628,209.1048419175684,206.37478517044823,208.69967651367188
2021-01-14,208.2848838495633,209.7801466911456,205.22683795440696,205.4969482421875
2021-01-15,205.97926896436093,206.9342964122726,204.54188494369004,205.13998413085935
2021-01-19,206.20118627495768,209.3171111904272,205.1207450034432,208.7961883544922
2021-01-20,210.01166019467695,217.81594859939017,209.6161363041279,216.4171600341797
2021-01-21,216.76443361216235,218.30793348539316,214.5649558607472,217.02490234375
2021-01-22,219.0603578192115,221.9447671372158,217.8255639653276,217.9702606201172
2021-01-25,221.02835000618649,221.665044854052,216.3014052215273,221.4238739013672
2021-01-26,223.67159741419584,225.90965628548415,221.954461343668,224.125
2021-01-27,229.5947125313513,231.9485430318154,222.01229832702396,224.67481994628903
2021-01-28,227.28912486787857,234.07085003331892,226.78748522733264,230.4918670654297
2021-01-29,227.65574104136587,229.61404802749493,223.17960868451277,223.76806640625
2021-02-01,226.758582343544,233.93583250847365,224.2214591197828,231.1864776611328
2021-02-02,232.77821444261423,233.7525398256425,230.26038902161145,231.05142211914065
2021-02-03,231.10932373679373,236.4343681454528,230.8102593698669,234.41818237304688
2021-02-04,234.09018810416885,234.64970650721563,231.88105383007823,233.463134765625
2021-02-05,233.6753626774804,234.6882836544842,231.9292872805032,233.64642333984372
2021-02-08,234.5628535104182,235.0741347325014,232.3054970144389,233.9068756103516
2021-02-09,233.328056984662,236.1159924701976,232.855371361657,235.1609649658203
2021-02-10,236.3475256657072,237.23503297528765,232.38267474839645,234.24452209472656
2021-02-11,236.1352815893129,236.49220985804175,233.5981586761613,235.85552978515625
2021-02-12,235.3153134272428,236.6369402492876,234.1576958055235,236.337890625
2021-02-16,236.37649141782472,237.4376495804276,234.34100782949236,235.0934600830078
2021-02-17,233.33366904191027,236.2247073752917,232.9662401886476,236.11834716796875
2021-02-18,233.7977607430308,235.85725949496413,232.88886718174032,235.72189331054688
2021-02-19,235.68325103009647,235.7896112412265,232.23139079471957,232.9952545166016
2021-02-22,229.5627531271613,230.05586973053047,224.70888230589964,226.74905395507807
2021-02-23,222.70735938022432,227.05843439973523,221.160304582875,225.5500640869141
2021-02-24,222.39797484329023,227.4162177891035,221.42140539723303,226.7877349853516
2021-02-25,224.3994318637948,226.82635937530543,220.3384316846354,221.4116973876953
2021-02-26,223.8676385494366,227.5805522830108,221.94349121300567,224.68951416015625
2021-03-01,228.09304264916807,229.61109163953677,225.4340520450375,229.0986328125
2021-03-02,229.1662861777647,229.44669705806476,225.72410467397452,226.1302032470703
2021-03-03,224.47682473467253,225.8498290207933,219.73897808151912,220.029052734375
2021-03-04,219.23621048215847,224.79591842840537,216.8382736495553,219.22653198242188
2021-03-05,221.92418304154947,225.55007913302,218.96545419151897,223.9353485107422
2021-03-08,223.7129190101345,225.64672999454348,219.6132491656239,219.86463928222656
2021-03-09,225.17300366397797,227.59026790889763,224.0030412777604,226.043212890625
2021-03-10,229.15662455782697,229.15662455782697,224.3607663454474,224.7281951904297
2021-03-11,227.18414995839444,231.2548143383916,226.55565245589904,229.28233337402344
2021-03-12,226.2655769704919,228.01568852154853,225.51139177337743,227.947998046875
2021-03-15,227.18412243585888,227.4065065694642,224.1383612630768,227.03907775878903
2021-03-16,228.4604417835297,232.1153435759832,228.131697438005,229.84312438964844
2021-03-17,228.3347822491992,230.6553648535996,225.51141928791768,229.19532775878903
2021-03-18,224.86356013012343,226.43962095239084,222.70736481006173,223.0844573974609
2021-03-19,223.3745094753846,224.7765194791261,221.7597790844484,222.7266845703125
2021-03-22,222.6493377101453,229.05991126043415,222.5236352716156,228.18003845214844
2021-03-23,229.6304350327281,233.0726168895931,229.2243364179776,229.7174530029297
2021-03-24,229.9785063681459,230.12353630883385,227.53223634315083,227.6676025390625
2021-03-25,227.51289551782557,229.0986201457352,223.9063416834218,224.65084838867188
2021-03-26,223.8869864994922,228.87622275520403,223.8869864994922,228.65382385253903
2021-03-29,228.7601934748005,228.96325014346309,224.2060763388015,227.4548797607422
2021-03-30,225.80144189964227,226.11085874375115,223.4518685991451,224.1770477294922
2021-03-31,225.20196533174683,231.1871127848177,224.69917033669373,227.96731567382807
2021-04-01,230.57796117690464,234.8033335898547,230.17186262783048,234.32955932617188
2021-04-05,234.72602212026308,241.68775495440264,234.66801013894693,240.82720947265625
2021-04-06,239.4155001585095,241.1462547194056,238.70966318992367,239.6572265625
2021-04-07,239.60890083833849,242.62564192229544,239.00942402134964,241.62973022460935
2021-04-08,244.4047249069756,245.72938081582777,243.66020348747531,244.86883544921875
2021-04-09,244.5014230863117,247.518178698684,244.08566074528557,247.3828125
2021-04-12,246.28052740899412,249.1425744248552,246.1934946936753,247.44081115722656
2021-04-13,248.7461497744252,250.6122705431789,248.3303579311484,249.9354248046875
2021-04-14,248.958889884103,250.26418897104256,246.7156615816498,247.1314239501953
2021-04-15,249.393938527028,251.3277496045208,249.2005751238479,250.9119873046875
2021-04-16,250.8830023994161,252.3623668176979,249.07489361125147,252.1109619140625
2021-04-19,251.5791641704195,252.82648062554435,249.2876026766058,250.17713928222656
2021-04-20,249.28764809770792,251.58888850901272,248.3400698378701,249.7130889892578
2021-04-21,250.37058866986004,252.0529953090538,248.7365155173191,251.956298828125
2021-04-22,251.59852122072655,253.11657023517935,247.17976989137549,248.65914916992188
2021-04-23,249.3456598465192,252.85553244467687,248.75583199431003,252.50743103027344
2021-04-26,253.00047894541285,253.75466400226924,251.55979929378503,252.89410400390625
2021-04-27,252.9231703377434,254.47990379909567,251.5114963319327,253.3002777099609
2021-04-28,247.60516865114693,248.0499664647029,244.5787642096817,246.13548278808597
2021-04-29,247.00570354871917,247.6245225237297,240.7594870711808,244.1533203125
2021-04-30,241.4749763137405,244.70443702824429,241.3396101386957,243.83421325683597
2021-05-03,245.0139001224866,245.9324723466982,242.8093562919992,243.52487182617188
2021-05-04,242.66430613687115,242.89636879848177,237.62672133374875,239.58953857421875
2021-05-05,240.8175144691284,241.24295530803656,237.6847496622755,238.313232421875
2021-05-06,238.2938527179433,241.5910039473548,236.5921043836375,241.46530151367188
2021-05-07,243.8052425965472,245.88409850126487,242.85767923394675,244.10499572753903
2021-05-10,242.5676094591956,243.39914888697365,238.94171336489757,238.99972534179688
2021-05-11,236.45679748397225,238.43895716666268,234.54232828371323,238.0811920166016
2021-05-12,234.1554969078384,236.29236449741572,230.19119331605,231.0904083251953
2021-05-13,233.7978011846528,237.47204579500448,233.43037229747452,234.98709106445312
2021-05-14,237.45269741654624,240.9335489939612,237.36567944671805,239.9376373291016
2021-05-17,238.39055804135205,238.42922777033644,235.46083550669215,237.06588745117188
2021-05-18,238.11986234133775,238.25522854433697,234.8613802164558,235.03543090820312
2021-05-19,231.92448304457383,235.7235033869886,231.23640313623343,235.6168975830078
2021-05-20,236.43098164099263,240.2978339196028,236.3340618977004,238.87319946289065
2021-05-21,239.92956310394896,240.6661028486352,237.1869000881536,237.60362243652344
2021-05-24,240.14278312039957,243.40878938683147,239.87142556782467,243.0405120849609
2021-05-25,243.99996744361832,244.94971888960728,243.0792889652092,243.95150756835935
2021-05-26,243.67046171049157,245.1338701641189,243.01145469424813,243.72862243652344
2021-05-27,243.4184577609893,243.71888825894956,241.55771405514977,241.6158599853516
2021-05-28,243.2537418502248,244.3004131116158,241.8581801683701,241.97447204589844
2021-06-01,243.47658686265476,243.53473278883763,239.3383773786353,239.7647857666016
2021-06-02,240.47229428901912,241.57711137410448,238.25295927147903,239.66790771484372
2021-06-03,237.65210054108795,238.73753072977723,235.50061228288084,238.12698364257807
2021-06-04,240.1136832360692,243.8836303701646,239.871398677868,243.0501708984375
2021-06-07,242.2651732511608,246.24833201165,242.10042152479943,245.9769744873047
2021-06-08,247.28531779785183,248.1090912201015,244.7170925794638,244.77525329589844
2021-06-09,245.9770055682212,247.64392473575535,245.3955314230976,245.7637939453125
2021-06-10,246.44214694548472,249.5143132720971,245.841285992205,249.3011016845703
2021-06-11,250.02796621364504,250.51253533585492,248.69055070422525,249.9310760498047
2021-06-14,249.94074901705076,251.9275001770465,248.87469102580323,251.86935424804688
2021-06-15,251.75305476424785,251.9662663810869,249.727559192154,250.38656616210935
2021-06-16,251.3944773965789,252.5380535301165,246.5681726439987,249.43682861328125
2021-06-17,248.1672650773468,253.67196382257416,248.1091191422444,252.8481903076172
2021-06-18,251.6173776953312,254.20496035415408,250.76453127231352,251.4235382080078
2021-06-21,251.8015192852255,255.3873132366868,249.9601624370964,254.52479553222656
2021-06-22,254.6120138466005,257.58727550810795,254.3018824942618,257.31591796875
2021-06-23,257.78106316534377,258.59513571313266,256.26920992291423,257.0832824707031
2021-06-24,257.94586104279284,259.58370718389216,257.2771532301189,258.4595031738281
2021-06-25,258.0136819724109,259.0021923210898,256.5890475893359,256.84100341796875
2021-06-28,257.97499107017336,260.6013482399093,257.70363346122383,260.4269104003906
2021-06-29,260.5722810547712,263.2664850805314,259.70976311192857,263.0242004394531
2021-06-30,262.3360705201841,262.98537667253856,261.2797132347852,262.5395812988281
2021-07-01,261.28935129983205,263.45054026043147,261.2796800287728,263.21795654296875
2021-07-02,264.40034289596645,269.42047266250347,264.09021151270576,269.0812683105469
2021-07-06,269.4495188196341,270.7481605850909,265.83462233410813,269.0909423828125
2021-07-07,270.77722094799395,272.0274175708418,268.5966598869987,271.2908630371094
2021-07-08,268.35439706096736,270.1279367633188,266.3870474385027,268.8583679199219
2021-07-09,267.21081645275507,269.46889570541214,266.82316704327263,269.3623046875
2021-07-12,270.54462431878187,271.13578442629563,268.0442311924346,268.76141357421875
2021-07-13,268.95520195319455,274.1207247247535,268.8292388405028,272.3084411621094
2021-07-14,273.6362550952573,274.9058241349905,271.8917880899321,273.79132080078125
2021-07-15,273.2969989220083,273.7912689162148,271.19395581058893,272.35693359375
2021-07-16,273.3647795908571,275.3321286689685,270.83531387571577,272.08551025390625
2021-07-19,270.32172742963587,271.71728888837185,265.9800069586817,268.46099853515625
2021-07-20,269.44957114260086,272.298840647594,267.7342066756191,270.69976806640625
2021-07-21,270.2926996026849,272.831837532653,268.7324009418103,272.7155456542969
2021-07-22,275.0801988860873,277.58059214764467,274.6731773812075,277.3092346191406
2021-07-23,278.50121968253154,281.04035685098034,277.6580742415618,280.7302551269531
2021-07-26,280.08097996218163,280.749687782131,277.79382767857606,280.1294250488281
2021-07-27,280.49772457377867,280.64308942099046,274.21772656817114,277.6969299316406
2021-07-28,280.0712515550925,281.19545546676426,275.0704946690018,277.3867492675781
2021-07-29,277.40606518058564,279.7126184651599,277.25099954393613,277.6580505371094
2021-07-30,276.36914236850606,277.8131487640664,275.1480188214822,276.1171569824219
2021-08-02,277.5223892155401,277.9197394101073,274.9832519692441,276.0299377441406
2021-08-03,276.6114548732623,278.36559275584085,275.23526553226986,278.25897216796875
2021-08-04,277.38675778162667,278.71447248399744,275.8652035942845,277.6678161621094
2021-08-05,278.02639026152593,280.69152049091053,277.27046359767604,280.5848999023437
2021-08-06,279.6060698594421,280.5655072074138,278.7435226702853,280.5267333984375
2021-08-09,280.807860729634,282.5522980772889,278.9277298051075,279.4316711425781
2021-08-10,279.8871585347895,280.3232826457857,276.3982839498468,277.6000061035156
2021-08-11,278.3461941198243,279.751456440991,277.0378515407644,278.09423828125
2021-08-12,277.7840839354555,281.02100193867733,277.50302557934407,280.8659362792969
2021-08-13,280.54617288448674,283.8606093925744,280.37170550846537,283.8121643066406
2021-08-16,284.14165964558504,285.72135980171606,281.06947823095703,285.5081481933594
2021-08-17,283.3663255302338,284.3742079389231,282.09672730974523,284.0350036621094
2021-08-18,283.5689963926592,286.26835757863444,281.8503186519867,282.2969970703125
2021-08-19,280.3161283728074,288.8414504972894,280.26759054859315,288.1617431640625
2021-08-20,291.02622103620047,296.9686974957663,289.4143680042962,295.5316162109375
2021-08-23,294.45381675588874,296.5414471229841,293.09443160748054,295.8132019042969
2021-08-24,296.1724501915496,296.7841808862447,293.2400602566373,293.8420715332031
2021-08-25,295.47330963483773,295.7549060463655,291.705879753197,293.249755859375
2021-08-26,292.2594331935365,293.6576667261367,290.2786270493372,290.41455078125
2021-08-27,290.31734813239905,292.1428207230575,288.2199985366875,291.02618408203125
2021-08-30,292.3856407726028,295.39572740143205,292.3273835166958,294.78399658203125
2021-08-31,295.58989782397674,295.6675642771677,292.7545833483286,293.1235656738281
2021-09-01,294.0849151864454,296.3376281265662,292.7449388749532,293.0750732421875
2021-09-02,293.4342950060203,294.5606215716799,291.47286885410915,292.41473388671875
2021-09-03,292.2593565497962,293.8226716672976,291.55055018077155,292.405029296875
2021-09-07,292.27881120532527,292.3564776599139,289.5503213901356,291.4728698730469
2021-09-08,291.08452444937967,291.89043627695685,288.8415311090617,291.5020446777344
2021-09-09,292.0943540530522,293.3760729458299,288.38515072654934,288.6278991699219
2021-09-10,289.7639212987132,291.2204116894065,286.81209247651026,287.13250732421875
2021-09-13,288.91912023075906,289.88042399953457,285.54977141202284,288.3753662109375
2021-09-14,290.8708685464408,292.64780360023934,289.4532260505468,291.0942077636719
2021-09-15,294.4634935020284,296.4637377088988,293.06526051418524,295.9782409667969
2021-09-16,294.94902633781703,296.4540545695595,292.0360455287363,296.3666687011719
2021-09-17,295.3471656739701,295.66758055553856,290.8417406991072,291.171875
2021-09-20,287.7345437164679,290.0552328316619,281.12207913636246,285.763427734375
2021-09-21,287.11316111397,288.9095055830928,285.54015588807613,286.2489624023437
2021-09-22,288.1229360686381,291.51169418527275,285.96732913269386,289.91925048828125
2021-09-23,290.1814524287198,292.17197751848266,288.8997337245694,290.870849609375
2021-09-24,289.5794534983488,291.1038910429422,288.31714394519224,290.6669616699219
2021-09-27,287.5500656532864,287.87048051053665,284.44287420766045,285.63720703125
2021-09-28,281.39388867838704,282.34547292271566,274.54839673994064,275.2960510253906
2021-09-29,276.8302753773472,278.4518180606054,274.8009023525503,275.7621765136719
2021-09-30,277.42259845518674,279.4811003337077,273.45123782495057,273.7425537109375
2021-10-01,273.9366283793765,281.56865121882964,273.1307169688359,280.71417236328125
2021-10-04,279.0635505147171,279.40340419607827,272.1209523056505,274.8979797363281
2021-10-05,275.810753529912,281.9765695608801,275.810753529912,280.3841552734375
2021-10-06,277.49048084066203,285.11278463228933,277.22832330148674,284.6078491210937
2021-10-07,286.6178696680132,288.0355415897374,285.3944379420772,286.2974548339844
2021-10-08,287.62771125951105,288.0355415897374,285.2390754178181,286.2974548339844
2021-10-11,284.42349619082785,289.3270026702563,284.2584142186207,285.69549560546875
2021-10-12,286.7732490189577,286.87035430636377,283.86998760946784,284.3846130371094
2021-10-13,286.3557028874454,288.65695279146564,284.97687904912493,287.715087890625
2021-10-14,290.53096683103433,294.4731982060417,289.19099101376537,293.9682922363281
2021-10-15,293.5702328432472,295.61904496704665,291.8030171906076,295.385986328125
2021-10-18,294.7645202263626,299.2699149069707,293.9100411578753,298.3766174316406
2021-10-19,299.40588216647706,300.32830830606736,298.30865465847006,299.28936767578125
2021-10-20,300.2409100982718,300.7167170922215,297.23082413872754,298.4931335449219
2021-10-21,298.260078149805,301.99837931508694,297.4735461748686,301.7459411621094
2021-10-22,301.39646666559844,302.0664547516801,298.8718768836478,300.19244384765625
2021-10-25,300.38659453701393,300.42544258178543,297.57071875478204,299.1922912597656
2021-10-26,301.9790056451273,303.3383907408495,299.6486269621218,301.11480712890625
2021-10-27,306.8339533893283,316.6409939019804,306.8339533893283,313.7959899902344
2021-10-28,314.92236414038393,315.44670901956124,312.03851175347165,314.9418029785156
2021-10-29,314.7281824344332,322.3698978624627,314.5048432230782,322.0009155273437
2021-11-01,321.7484299201284,321.87466383121,316.9031812654862,319.816162109375
2021-11-02,320.7289232518264,323.7778576608119,320.42791757863046,323.4671325683594
2021-11-03,324.21472333692304,325.1857168357652,321.05899446568606,324.31182861328125
2021-11-04,323.2341060543829,326.77822712235803,319.952142616972,326.6811218261719
2021-11-05,328.69108015844176,328.9629572035957,324.71971956241055,326.3121337890625
2021-11-08,327.51612404867024,327.8559777295639,324.7390966218129,327.2151184082031
2021-11-09,327.3315875554666,328.8949024180795,324.82643749386057,326.20526123046875
2021-11-10,324.8653463513802,324.92360359867104,320.3502318920936,321.2046813964844
2021-11-11,321.6415579185878,324.0884505745732,320.9230322979722,322.7873229980469
2021-11-12,324.2342021332131,327.44818863991225,324.1079682216262,326.9529724121094
2021-11-15,327.7491695581291,328.0793038076269,324.34097273197,326.3218078613281
2021-11-16,325.94315641160364,330.78843509945784,325.77810407759137,329.6620788574219
2021-11-17,329.71071172324827,332.8722146599983,328.79630542199965,329.88580322265625
2021-11-18,328.97131742507344,333.1250638945544,327.9401837067276,331.9771728515625
2021-11-19,333.3099774089536,335.70298365826625,332.8819561693576,333.76715087890625
2021-11-22,335.23605452302024,340.1485617416483,330.30410258797383,330.57647705078125
2021-11-23,327.87216592713355,330.2068380274632,324.4772076163446,328.4850158691406
2021-11-24,327.12315062960613,328.9519632937465,324.81769008325955,328.7087707519531
2021-11-26,325.2456689754084,328.7281726582677,319.18530093598,320.70281982421875
2021-11-29,325.8196087405112,329.7982347536724,325.6250428524022,327.4635925292969
2021-11-30,326.1892252243376,328.5822309778373,320.0315748453176,321.5880126953125
2021-12-01,326.004394432012,330.0413837418562,320.42070448142874,321.0918884277344
2021-12-02,321.3059467639453,324.40908570580257,318.87402155475235,320.5180053710937
2021-12-03,322.9499339831109,323.64062212414194,309.3700717841347,314.2144775390625
2021-12-06,315.128835632931,318.5335304412472,310.5373603039669,317.3078308105469
2021-12-07,322.6094257602038,326.65612244352707,321.1113517932559,325.80010986328125
2021-12-08,326.1795542041268,326.3643829061841,321.7923513604336,325.84881591796875
2021-12-09,325.30411184399685,327.3274609577452,323.076459597763,324.02978515625
2021-12-10,325.8585672950333,333.66017349243623,325.6737385849354,333.21270751953125
2021-12-13,331.40334780553803,334.4286785937256,329.8469095332178,330.158203125
2021-12-14,324.14647619151833,325.52782289057154,315.28452453431606,319.3993530273437
2021-12-15,319.6619963887744,326.06284083347805,315.663925176168,325.5375366210937
2021-12-16,326.56862022175784,327.5900465707224,314.22416609950005,316.052978515625
2021-12-17,312.1424686589051,316.0724681023904,308.6113085114264,314.9829406738281
2021-12-20,311.3350554322163,314.0101731797365,308.9226046084139,311.1988830566406
2021-12-21,314.4868794889813,318.805981458776,311.09189137730567,318.3779602050781
2021-12-22,319.3604469166515,324.5258543381961,316.8798947647335,324.1270446777344
2021-12-23,323.6892093705167,327.23010633114734,323.6697646581755,325.5763854980469
2021-12-27,326.3254390997636,333.15430398492487,326.29625718515126,333.1251220703125
2021-12-28,333.8060514285752,334.44808325225506,331.0531251278716,331.9577941894531
2021-12-29,332.0064086237529,334.9247187951422,330.4305258810565,332.63873291015625
2021-12-30,332.59979299362385,333.78657357656004,329.59393726748044,330.080322265625
2021-12-31,329.29247867407105,330.11930966704404,326.7049061535876,327.162109375
2022-01-03,326.21843357688016,328.79626820388347,320.80009741690554,325.634765625
2022-01-04,325.712585604074,326.0725354624278,317.2397667073394,320.05108642578125
2022-01-05,316.9868249346307,317.19112801347296,307.3758820596032,307.7649841308594
2022-01-06,304.6229360221158,310.02182762578025,303.00813417247446,305.33306884765625
2022-01-07,305.5956989498197,307.8817144573573,301.6462550034294,305.4887084960937
2022-01-10,301.0625631573698,306.1501606970923,296.3932792591058,305.71240234375
2022-01-11,304.84666874501306,307.9886968599788,301.45171092918275,306.4031066894531
2022-01-12,310.9654481070807,314.6035989823471,308.44594728470446,309.6035461425781
2022-01-13,311.7435931335858,312.1424323832411,295.7220705576848,296.5002746582031
2022-01-14,295.9653318801247,302.35643918716585,295.47894678254033,301.7533264160156
2022-01-18,295.7902211612541,301.364175018183,293.5236501292104,294.40887451171875
2022-01-19,297.9497330886086,305.36223577548463,294.4574923336944,295.0703125
2022-01-20,300.654013313696,303.16374670375416,292.9399547929001,293.3874206542969
2022-01-21,294.44776829500927,295.82908513910786,287.56053972855347,287.9691162109375
2022-01-24,284.2434310873334,289.01970608679983,268.5331704445488,288.29986572265625
2022-01-25,283.5819837528279,286.9574978406306,277.4049161715112,280.6344909667969
2022-01-26,299.60349272546875,300.0996150409669,285.0508584412383,288.6306457519531
2022-01-27,294.4185109266992,298.9321473570227,289.8172990902771,291.67529296875
2022-01-28,292.0547469763375,300.0800994540567,286.432137579411,299.8660888671875
2022-01-31,300.5373020221314,303.8738959823356,298.02753880893874,302.51202392578125
2022-02-01,301.9575732884717,302.17158390005085,296.82134829715966,300.3525085449219
2022-02-02,301.1987730404669,306.539270720024,300.4691955569609,304.9244689941406
2022-02-03,301.062676020826,302.7553165599209,291.7921760838247,293.04705810546875
2022-02-04,292.03524025728944,300.3913300469276,291.80178498348124,297.6092224121094
2022-02-07,297.8330493495718,299.45755887264727,291.733761520673,292.75518798828125
2022-02-08,293.04700938052804,297.2396463763231,291.7824200528577,296.2668762207031
2022-02-09,301.43230080464684,303.43620506618737,299.0198496786087,302.7358093261719
2022-02-10,295.76101154707897,300.7026702927466,292.5119631728677,294.1462097167969
2022-02-11,294.9341740286448,296.00422709422884,286.2084248952271,287.006103515625
2022-02-14,285.7706756345391,288.6792785633671,283.4165885013323,286.9671936035156
2022-02-15,291.8408030542407,292.6092701533062,288.9321999110304,292.28826904296875
2022-02-16,290.8455441746245,293.2824978641233,286.27381667328723,291.9470520019531
2022-02-17,288.8862496034896,289.31515587085715,282.68665314458684,283.39825439453125
2022-02-18,285.65966857933506,286.44923910919783,279.0896516648839,280.6687927246094
2022-02-22,277.81276513418686,284.1878453372253,277.325374318162,280.46417236328125
2022-02-23,282.86205233051413,284.34373905959274,273.0362691571001,273.20196533203125
2022-02-24,265.63772547972644,287.7165212860402,264.6726715319733,287.160888671875
2022-02-25,287.69702717357785,290.1242235975336,284.2950194983155,289.8122863769531
2022-02-28,286.8878823912085,291.59609273510875,285.61092126640744,291.2549133300781
2022-03-01,288.9252256042664,292.40520263800084,284.7824043016217,287.5118103027344
2022-03-02,287.9113880900415,293.86731725235705,286.2932773237327,292.6195983886719
2022-03-03,295.2515954797372,295.4855335304221,286.6345004718667,288.4573669433594
2022-03-04,286.8684448672686,288.20389071093314,279.92800561542646,282.5501403808594
2022-03-07,281.25370554415764,282.3844556560814,271.5058905254741,271.8763122558594
2022-03-08,270.7942690725029,276.79892624479913,263.1909858256169,268.8934631347656
2022-03-09,276.2920648815301,282.29672236396794,273.6991425767522,281.2244567871094
2022-03-10,275.8825917940099,279.37232549393326,273.50412305099,278.3877868652344
2022-03-11,280.6979970259384,282.20892579394365,272.3831142539132,273.0069885253906
2022-03-14,273.2702392726219,278.2026312310251,268.8642376481267,269.4685974121094
2022-03-15,273.2800058454423,280.5616250101141,271.70086453830385,279.90850830078125
2022-03-16,281.81906746317213,287.1413959147173,276.0581349298359,286.9659423828125
2022-03-17,285.8937030703345,288.1551737681547,282.0725461188908,287.7750244140625
2022-03-18,287.92121502824654,293.4092397879423,285.3478072645001,292.8536071777344
2022-03-21,291.352389833133,292.5708664280095,287.46299231367186,291.6155700683594
2022-03-22,292.2394806334095,297.30835631234925,291.23545688233907,296.3920593261719
2022-03-23,292.9316437357649,295.5830510188876,290.21199459749425,291.9373474121094
2022-03-24,291.59615286917006,296.5285448908371,290.79682489779265,296.4310607910156
2022-03-25,297.5325354540523,297.7957157210351,291.742331596693,296.0216064453125
2022-03-28,296.6552707705214,302.96210890248284,296.6552707705214,302.8646545410156
2022-03-29,305.9936080477829,307.8554439406665,301.2561553587359,307.4557800292969
2022-03-30,305.84746141716585,307.9822353410379,303.72241507994283,305.9449157714844
2022-03-31,305.98387553082625,307.19262469552484,300.1254595450532,300.53485107421875
2022-04-01,301.56806437878294,302.30890763296367,297.834665356821,301.6168212890625
2022-04-04,302.2699782371281,307.16337043885454,301.899556524031,307.02691650390625
2022-04-05,305.3697818354029,306.92943814434017,302.05553077139234,303.0400695800781
2022-04-06,297.4935609790899,299.25791307044943,289.2274033550409,291.9470520019531
2022-04-07,289.178714941532,295.9924288513205,288.876535023368,293.7699279785156
2022-04-08,292.86338937369976,293.52623372917947,288.8082943051596,289.4808959960937
2022-04-11,284.4314837001225,285.2307818696367,277.81270941652224,278.066162109375
2022-04-12,281.945792962261,283.4079652196335,273.4164547942549,274.9468688964844
2022-04-13,275.5999423242994,281.30238943438314,274.2059823826669,280.3666076660156
2022-04-14,280.82480674477745,281.03925987078986,272.2759834561352,272.7731018066406
2022-04-18,271.87632521472943,275.33678781211535,271.3206925926676,273.4457092285156
2022-04-19,272.3344734724712,278.9532485087538,271.3889341815737,278.10516357421875
2022-04-20,282.1017411061781,282.3941933852175,278.17337311629467,279.1383972167969
2022-04-21,281.3023724572072,285.90334135028814,272.9972465497491,273.72833251953125
2022-04-22,274.5764889818925,276.0581761337199,266.48581315810736,267.1194152832031
2022-04-25,266.3979769134573,274.0207437020821,263.9415091176467,273.6405944824219
2022-04-26,270.5018332908129,271.340130999645,263.1909729316017,263.4054260253906
2022-04-27,274.9858557260027,283.63216251371057,272.11999585469886,276.0776062011719
2022-04-28,277.9978961517353,283.6418885091446,274.3619509995726,282.325927734375
2022-04-29,281.3316860148559,282.5696776095096,269.5270958430355,270.5213623046875
2022-05-02,270.7065195990292,277.7541994484891,269.25410491106345,277.2960510253906
2022-05-03,276.79890537561334,276.96463129515183,273.0849907910324,274.67388916015625
2022-05-04,275.4635250863828,283.54447277162893,269.7513192658841,282.66717529296875
2022-05-05,278.33911462820026,279.12868525425324,267.42155005496926,270.35565185546875
2022-05-06,267.8796661979223,272.2076978652137,264.42893181498096,267.8016967773437
2022-05-09,263.2494666744855,265.4914520308154,256.67944945375484,257.9076538085937
2022-05-10,264.8383871382154,266.84643464097286,258.38533839168707,262.70361328125
2022-05-11,258.9799118410286,264.51666298143766,252.76080183031556,253.97927856445312
2022-05-12,251.1914311623768,253.32620489164097,243.71485931707107,248.9104461669922
2022-05-13,250.8599668968625,256.4064747276029,248.9104043482146,254.53488159179688
2022-05-16,253.404193134665,259.1164282550163,249.32961356037617,254.9053649902344
2022-05-17,259.39907029430674,261.56308624410974,255.8411240485952,260.0911865234375
2022-05-18,256.96462907264123,257.55086612903364,246.9693931124063,248.24932861328125
2022-05-19,248.0734867398583,251.75699171298507,246.09985251439988,247.3309326171875
2022-05-20,251.3368013062836,252.6069865660278,240.78465354901417,246.7642059326172
2022-05-23,249.62695761286105,255.4990332782694,247.6142184794685,254.6685333251953
2022-05-24,251.97193543806088,255.33296663068447,247.6826631718346,253.66221618652344
2022-05-25,252.2162040206806,258.50839113022187,251.229372012258,256.49566650390625
2022-05-26,256.2513624145197,260.9802895034712,255.4306424883963,259.7980651855469
2022-05-27,262.3188585448169,267.06731562839224,261.41995783588675,266.9696044921875
2022-05-31,266.2759307760197,268.4645173068934,262.7585382676476,265.6310729980469
2022-06-01,268.8846597665916,271.31750913902687,263.843069041527,266.16845703125
2022-06-02,258.3813599596805,268.34727041092106,255.59675637137263,268.27886962890625
2022-06-03,264.1068702171186,267.17482718772595,262.25047775674227,263.8235168457031
2022-06-06,265.8167420959057,267.8880873887345,261.08781439672373,262.58270263671875
2022-06-07,260.5211630991976,266.86222112303204,259.8372147630866,266.2466735839844
2022-06-08,265.4747453002484,266.7351505141469,263.4229304866885,264.20458984375
2022-06-09,261.6349374373484,266.4517957956073,258.55723014109145,258.71356201171875
2022-06-10,254.60014614141423,254.60014614141423,246.73489104071965,247.1843414306641
2022-06-13,239.4851650912723,243.30544117219932,235.98731789041443,236.7005615234375
2022-06-14,238.26383192098004,240.10069391674784,235.96775442627032,238.8793792724609
2022-06-15,242.61173342919116,249.44133097278552,240.76510609798785,245.9825592041016
2022-06-16,240.33522097758944,241.7421780918866,237.44315571698203,239.3484039306641
2022-06-17,239.0845884074249,244.7514922067112,238.4299654468456,241.9668884277344
2022-06-21,244.516978512664,248.90394646915755,243.78418966143,247.9171295166016
2022-06-22,246.1095868286238,251.26843424817747,244.6244638607428,247.32113647460935
2022-06-23,249.70510758970076,253.41789208510144,247.8096249255668,252.91958618164065
2022-06-24,255.80191363508212,261.8303359897914,255.71398255656243,261.5567626953125
2022-06-27,262.0550687832511,262.1429998718292,257.238210310739,258.811279296875
2022-06-28,257.9221576614475,260.78491242096936,250.4379369250215,250.59426879882807
2022-06-29,251.6787496260056,255.95824094140613,249.89074318475784,254.28749084472656
2022-06-30,251.1511861373341,253.57428565271545,247.09642660004045,250.9362335205078
2022-07-01,250.50632484705463,253.8087348784013,248.7671589303613,253.6230926513672
2022-07-05,250.28157571455267,256.9450756953764,248.89416404155705,256.81805419921875
2022-07-06,257.6974432972696,261.8401338868576,256.378417244903,260.1009826660156
2022-07-07,259.03596348868336,262.88554989240333,258.9382523471021,262.2406921386719
2022-07-08,258.71356617323374,261.9476053921388,257.2479884069412,261.5177001953125
2022-07-11,259.5538260801544,260.4136365057184,256.16345486227567,258.44000244140625
2022-07-12,259.7785172195732,259.8371379376492,246.25611002512545,247.8487091064453
2022-07-13,244.4486225759368,247.7315176278568,242.41635279059307,246.92056274414065
2022-07-14,244.81988208668008,249.28500115876392,240.2961273820549,248.24932861328125
2022-07-15,249.8516835668988,254.39496840213428,248.92348735319365,250.8287353515625
2022-07-18,253.78923661823703,254.8542196346372,247.48725470607403,248.4154510498047
2022-07-19,251.6689863546728,253.75989149262037,247.85849034611635,253.57424926757807
2022-07-20,253.93579546132244,258.79174483824187,252.96852357379373,256.2514038085937
2022-07-21,253.828260633241,258.811230092786,251.13158849383416,258.7623596191406
2022-07-22,259.153179346311,259.24111041987675,253.12478714848865,254.3851623535156
2022-07-25,255.01053548017936,255.499061410218,250.9166858010749,252.89031982421875
2022-07-26,253.8966943407885,253.91625446198128,243.84285168222232,246.11936950683597
2022-07-27,255.16683688127296,263.8528113750205,252.909849739427,262.5728759765625
2022-07-28,263.5597556772068,271.46410213964964,261.72289329505287,270.0669250488281
2022-07-29,271.3273602064672,275.5286720015723,270.2819073799638,274.2975769042969
2022-08-01,271.44457625247674,274.8251676051536,269.5100026832958,271.6302185058594
2022-08-02,269.6662805978078,271.5129227011394,266.1293580650753,268.51336669921875
2022-08-03,270.4088660501321,276.9941856489056,270.26228442614376,275.9878234863281
2022-08-04,275.3331648933384,277.2872683484146,273.7405956239433,277.1407165527344
2022-08-05,272.74397023713243,277.14070279275705,272.28475475529933,276.4176940917969
2022-08-08,277.5315607614773,279.3586727325531,272.91012468234504,273.8871765136719
2022-08-09,273.2227847117655,276.5838155339825,271.2393408965592,275.8217163085937
2022-08-10,281.55698987310285,283.15933908991417,280.3552055975567,282.5242614746094
2022-08-11,284.175504994771,284.52722930944947,279.9351040144919,280.4333801269531
2022-08-12,281.85993143304614,285.2112121582031,280.35526321914153,285.2112121582031
2022-08-15,284.32212355423144,287.4291416657951,283.45253298777743,286.7354431152344
2022-08-16,285.2893803122868,287.29235463676724,283.7554314604386,285.99285888671875
2022-08-17,283.6919170451894,287.22657693681026,283.4275638200521,285.23895263671875
2022-08-18,284.13248679589566,285.81658418043264,283.04564174048915,284.1129150390625
2022-08-19,282.8693837672335,283.21208370807085,279.5991078037717,280.1767883300781
2022-08-22,276.191780334642,276.5638529031188,271.4332434991886,271.9521789550781
2022-08-23,270.66949462890625,273.03896194737587,269.65119559556206,270.66949462890625
2022-08-24,269.6610389889987,271.44305510856765,269.3672833219495,270.0331115722656
2022-08-25,271.5409454973836,273.1956704930622,268.7896043844489,273.0292358398437
2022-08-26,273.2543867966453,274.48809473855994,262.3861154474646,262.4938049316406
2022-08-29,260.3005650968234,261.8181979316552,258.342313758695,259.6935119628906
2022-08-30,261.1034593568575,261.47550201720145,255.2189044329555,257.4806823730469
2022-08-31,259.8502102062924,261.53427789568053,255.8749319712228,256.01202392578125
2022-09-01,253.46627900247665,255.44413214790004,250.07851226225628,254.9643402099609
2022-09-02,256.23720323972685,259.2137238025939,249.1581137933587,250.7149200439453
2022-09-06,250.85200996486964,252.44795971595647,246.6809250263043,247.9635772705078
2022-09-07,249.38333979888156,253.42711921825463,247.93423778928565,252.70257568359372
2022-09-08,252.13471463130423,254.9937454645158,249.47147610526244,253.1236114501953
2022-09-09,255.06227583640336,259.6935517170331,254.85666778097757,258.9396057128906
2022-09-12,260.23205814335745,261.8672114032807,259.62500491841365,261.0838928222656
2022-09-13,253.43690662678696,254.96434041286705,246.3382449089679,246.7299041748047
2022-09-14,248.23774570259533,248.92313072711704,244.6443560580637,246.95509338378903
2022-09-15,244.55625037262143,246.1522152354102,238.92627713488775,240.2578887939453
2022-09-16,239.1612192711609,240.17951828552927,237.0071458888342,239.63121032714844
2022-09-19,237.4086217444272,240.02288570350757,235.8224428106707,239.41583251953125
2022-09-20,237.01696522076853,238.4268936780499,234.63768200232815,237.38902282714844
2022-09-21,239.17105337813675,242.4902891041455,233.91313789195507,233.96209716796875
2022-09-22,232.90462550627095,238.76959382847812,232.61089974845348,235.94970703125
2022-09-23,234.53976160325183,236.09658280757657,230.290359687172,232.95358276367188
2022-09-26,232.1017486430267,236.40989571851813,231.9548708248314,232.49339294433597
2022-09-27,234.9706149126639,236.7526311128924,229.60500949244985,231.4751434326172
2022-09-28,231.86677170466896,237.27155015003345,229.830188305832,236.0378570556641
2022-09-29,233.9033272029391,234.94119800713992,229.51684845035996,232.54234313964844
2022-09-30,233.315862925696,235.5188958115648,227.871926273726,228.0383758544922
2022-10-03,230.4959800102853,236.5665562407545,229.7616357499801,235.7147216796875
2022-10-04,239.97391960048336,245.13391633829488,239.8662151734609,243.684814453125
2022-10-05,240.85513801638092,245.34932142534083,239.00459102796964,243.9981231689453
2022-10-06,242.7546304477217,245.11432699778,240.94325684585763,241.638427734375
2022-10-07,235.87139983946656,236.28264582394613,228.30276156963245,229.35043334960935
2022-10-10,228.1852342673672,229.66370861095376,221.99715302744525,224.4645538330078
2022-10-11,222.86857119049773,224.27851448858897,219.43184560660396,220.7047119140625
2022-10-12,220.69492820055035,223.10358401151333,219.28499973345657,221.03762817382807
2022-10-13,215.260813649644,231.1716079398188,214.55584187664203,229.35043334960935
2022-10-14,230.6232799769413,232.2878057575382,223.57357733892508,223.7889862060547
2022-10-17,230.89745009814104,233.97190446953263,230.2316367945102,232.57174682617188
2022-10-18,238.16254566937877,238.838129866798,230.4568160884785,233.521484375
2022-10-19,232.0919481353956,234.60830834251115,229.3993524745364,231.54364013671875
2022-10-20,230.848477660121,236.27282763329708,229.9672555385192,231.2205352783203
2022-10-21,229.83999500388316,237.9275687099277,229.60499943406603,237.06593322753903
2022-10-24,238.67168249474804,242.66651726478315,236.26304156622305,242.08883666992188
2022-10-25,242.0986065964554,245.79970041565295,240.69846406656384,245.4276428222656
2022-10-26,226.34450095549056,233.325672430134,225.2576707603945,226.4913787841797
2022-10-27,226.2172124088457,228.81190467591765,221.06701621251608,222.0167694091797
2022-10-28,221.51742465253557,231.66116845947735,221.3313883615345,230.94639587402344
2022-10-31,228.8804498149715,230.01623936925665,226.32493078796733,227.28448486328125
2022-11-01,229.70290606892465,230.8191088221484,222.5846577097113,223.40711975097656
2022-11-02,224.6701705686075,226.4717581175654,215.44679411239235,215.50555419921875
2022-11-03,215.49576989713023,215.8090972898,209.51331132332837,209.77767944335935
2022-11-04,213.0088369854008,216.96449894465732,208.97482822307612,216.7686767578125
2022-11-07,217.35615346462475,223.6421396474345,216.66096753534208,223.1134033203125
2022-11-08,223.9260644471672,226.81448253009583,221.1257640993825,224.09251403808597
2022-11-09,222.62381708948223,223.85752509677175,219.6472813819608,219.82351684570312
2022-11-10,230.515571727907,238.2506742370908,230.0945548202056,237.9079742431641
2022-11-11,237.91774361175212,242.81337179055075,236.87985788801876,241.9517364501953
2022-11-14,236.9386454789745,238.81856512501489,234.216677090828,236.50782775878903
2022-11-15,240.53202842828813,241.8440533099723,235.0195458330885,236.91905212402344
2022-11-16,238.39186999771096,239.38358350898213,236.06480717183115,237.35107421875
2022-11-17,233.4726557627589,238.84356886974595,233.32537897942896,237.302001953125
2022-11-18,239.09882143559935,239.3246657828085,234.6999806378717,236.85031127929688
2022-11-21,237.0565347136438,240.23784812938865,236.82089185628573,237.66531372070312
2022-11-22,239.17737646147847,240.8662199512073,236.34955769689049,240.5912933349609
2022-11-23,240.66985070471316,243.7824245864581,239.84507083963527,243.09510803222656
2022-11-25,242.82999727913528,244.19481694408373,242.26050213358,243.0067443847656
2022-11-28,241.62227427823316,242.1819409644526,236.43792242620464,237.38052368164065
2022-11-29,237.02704966267703,238.3918693092864,233.89484887777672,235.9764404296875
2022-11-30,236.21208578979417,250.7047032506518,235.5149408353057,250.5181427001953
2022-12-01,249.27114105088032,251.48038230881463,246.37458328695277,250.0762939453125
2022-12-02,245.2945602227736,251.42151409140007,245.1669103563843,250.40036010742188
2022-12-05,247.4448425749525,249.22206707564104,243.56639967850296,245.66763305664065
2022-12-06,246.2764293278913,247.2975832452608,239.363949795746,240.6796722412109
2022-12-07,240.39492629319693,241.70083524943195,237.82239217411689,239.94325256347656
2022-12-08,240.40471184137567,244.2340722039625,238.65695779785608,242.9183349609375
2022-12-09,240.26728468255888,243.8118905475725,239.7370733126201,240.9742431640625
2022-12-12,242.96744005801403,247.96523110822213,242.6925134568253,247.93577575683597
2022-12-13,256.94949571953015,259.13911012222144,248.48565156116547,252.2659149169922
2022-12-14,252.47208926998687,257.83317286148804,249.7031664395819,252.5604553222656
2022-12-15,249.1238920164708,249.5951926755457,242.8594602024895,244.49920654296875
2022-12-16,244.0475385389959,245.314163694285,239.09882936779724,240.2574615478516
2022-12-19,240.424385676434,240.76805145365768,234.3857983171658,236.09426879882807
2022-12-20,235.06328188479955,238.5097081003001,234.10103870258783,237.41981506347656
2022-12-21,237.3117960868346,241.1705970760226,235.76041593639172,240.0021514892578
2022-12-22,236.8895930796324,237.60637998766668,229.63346281298368,233.87521362304688
2022-12-23,231.83289185448697,234.54288934027,229.70220298266847,234.40542602539065
2022-12-27,234.37595081143152,234.60178017051703,231.557945603996,232.66748046875
2022-12-28,232.5987434032064,235.3774798269816,229.92801493167607,230.281494140625
2022-12-29,231.38119968123485,237.53762297062292,231.38119968123485,236.64410400390625
2022-12-30,233.8948571328509,235.6131560642394,232.37293222571697,235.47569274902344
2023-01-03,238.67661840759732,241.2982496784464,233.09950356417312,235.24002075195312
2023-01-04,228.0722467293517,228.6515552839064,221.8667413167061,224.94985961914065
2023-01-05,223.0842848228225,223.42795059014287,217.74282764687024,218.28286743164065
2023-01-06,218.9603615409851,221.67035882828523,215.3764871768748,220.8553924560547
2023-01-09,222.34786087714497,227.05109853622983,222.30859206839725,223.00572204589844
2023-01-10,223.63414061358225,227.1198356469636,223.21193722037137,224.70440673828125
2023-01-11,227.100182955992,231.67577081089505,226.92345084138603,231.49903869628903
2023-01-12,230.99828080713587,235.55422702400872,229.32907915113603,234.1894073486328
2023-01-13,232.7067627824332,235.0338256158968,230.6644400284827,234.8963623046875
2023-01-17,233.65921748599973,236.54596231241507,232.7951537332281,235.99610900878903
2023-01-18,237.1939980149143,237.9893225729308,231.25358998270823,231.538330078125
2023-01-19,229.5450852501205,231.2535706267548,226.50123560933417,227.7285919189453
2023-01-20,230.60553401218093,236.37902316517145,230.26186823597817,235.86843872070312
2023-01-23,236.7324833169044,240.72874754062076,235.30873805800567,238.1856689453125
2023-01-24,238.1071302689207,239.53086062869244,236.08444941515685,237.65545654296875
2023-01-25,230.23238312463445,238.89261573480212,226.7172331409573,236.2513427734375
2023-01-26,239.23628611084743,243.8118740333312,237.61618177352412,243.5074920654297
2023-01-27,244.47956294350345,245.30434278619185,242.35868764883875,243.6645965576172
2023-01-30,240.0807204276458,241.1509865733433,237.8125682436344,238.31333923339844
2023-01-31,239.03991858279355,243.45840142159705,238.5489760451487,243.3209381103516
2023-02-01,243.507493740727,250.55742124700228,241.0233257491396,248.17144775390625
2023-02-02,254.13146890622428,259.89512874467925,252.58990234951895,259.8067626953125
2023-02-03,254.83845905637355,259.4140470711342,252.4426570921684,253.6700134277344
2023-02-06,252.77648271728145,253.62088945397664,250.16466496034164,252.1186065673828
2023-02-07,255.81048476727037,263.9012071647271,255.3686245539696,262.713134765625
2023-02-08,268.2509904236017,271.74649858000214,261.38759398871423,261.898193359375
2023-02-09,268.8400948175214,269.0168568866588,258.0393600664708,258.8445129394531
2023-02-10,256.7924175253064,259.3060410675332,255.938182254322,258.333984375
2023-02-13,262.79176011403075,269.6256724767286,262.3106160068339,266.40509033203125
2023-02-14,267.730597042681,269.9889205644407,264.4019924983087,267.2396545410156
2023-02-15,264.1192933076481,266.49156688669603,262.01278189893924,265.1036376953125
2023-02-16,259.88658706642394,262.5640049267377,257.79978182996587,258.0458679199219
2023-02-17,255.3291229276305,256.01814602312515,251.9921808018108,254.0199279785156
2023-02-21,250.49598610687391,251.49018367236224,247.6512310804972,248.71432495117188
2023-02-22,250.1120436089549,250.35812968791683,246.4207524245262,247.5724334716797
2023-02-23,251.5590432855593,252.81900287001184,246.55857211355595,250.7814178466797
2023-02-24,246.0467185607569,247.07043006861863,244.21583748216145,245.31829833984372
2023-02-27,248.50760176361652,248.86196635972183,245.48565714962064,246.2436065673828
2023-02-28,245.17065572399932,247.5527672608528,244.83596722815324,245.51516723632807
2023-03-01,246.83417077282937,247.0015075011103,241.94197840990935,242.4144744873047
2023-03-02,242.69013305703825,247.4641947437664,241.76484684833787,247.17874145507807
2023-03-03,248.2418153140128,251.61810937843563,247.4543367942358,251.29327392578125
2023-03-06,252.41541208786404,256.04764510840005,251.972460138509,252.84852600097656
2023-03-07,252.287461805782,253.65571496313456,249.4230309703386,250.17112731933597
2023-03-08,250.0628534344636,250.5550256515224,246.88342511783708,249.72817993164065
2023-03-09,251.81498682862087,255.49642520187024,247.6413612448282,248.36978149414065
2023-03-10,247.1491888076624,248.8324092868265,243.7236745697976,244.6981658935547
2023-03-13,243.5268177259213,253.8722877972016,241.88296425088225,249.9447479248047
2023-03-14,252.7304240608025,256.98279906760126,251.8543581478144,256.7071838378906
2023-03-15,255.9098212429612,262.30805867578727,255.1518569677534,261.2843322753906
2023-03-16,261.0579509308683,272.23026506647096,259.1581735865581,271.8759155273437
2023-03-17,273.9036927174477,278.89429618396935,271.9940621060292,275.05535888671875
2023-03-20,272.6437454200395,273.13591766100586,265.6253644574901,267.9681091308594
2023-03-21,270.57662040493403,270.6947369383193,265.3005182751805,269.49383544921875
2023-03-22,269.1197685728432,276.6401746444656,267.91886713354575,268.02716064453125
2023-03-23,273.5886950746026,276.65984491000785,270.8916009314238,273.3130798339844
2023-03-24,272.8996370155353,276.2365790138879,270.9703303661151,276.1775207519531
2023-03-27,276.10856359356126,277.0535256674426,271.20651838815945,272.0530700683594
2023-03-28,271.4723425051547,271.8168690429862,267.79087413033056,270.9211120605469
2023-03-29,274.5927173281904,276.73861104356007,274.0513399006214,276.11846923828125
2023-03-30,279.78017110011206,280.0065510473712,277.0732244696159,279.6029663085937
2023-03-31,279.2880375865992,284.7412837418121,278.56945538558534,283.7864685058594
2023-04-03,282.0343701563342,283.7569729997611,279.5046276679569,282.7332763671875
2023-04-04,282.7332562405726,285.9028464484404,281.1976813612138,282.6840209960937
2023-04-05,281.37485845642465,282.6544941864627,278.490736515466,279.88848876953125
2023-04-06,278.7761866204537,287.50731719041386,277.61466736506213,287.03485107421875
2023-04-10,284.6822007169839,285.0661094051673,280.2526514583947,284.8594055175781
2023-04-11,281.276398332156,281.5028083472433,277.230757468165,278.402099609375
2023-04-12,280.331454092245,282.51669989305793,277.5457425781535,279.0517883300781
2023-04-13,279.1502457203857,285.3614569468839,278.7368378636827,285.3023986816406
2023-04-14,282.5068305661248,283.96367102936733,279.2486531464038,281.6603088378906
2023-04-17,285.390939367987,287.03480758768944,281.6799721234841,284.27862548828125
2023-04-18,287.00532200932577,287.1923498602999,282.51671366556474,283.8554077148437
2023-04-19,281.5126040513508,284.52469507035653,280.0853229045868,283.9341125488281
2023-04-20,280.7842156136177,284.50503591954333,280.6168638626968,281.6307373046875
2023-04-21,280.54799661030216,281.78825008105144,278.6285130858529,281.2862548828125
2023-04-24,277.67370102270286,280.48894155472334,274.35646528671094,277.35870361328125
2023-04-25,275.13411938360406,277.1913956236309,271.0589190518227,271.108154296875
2023-04-26,292.05498339426265,294.8800468988335,288.1471350865969,290.74578857421875
2023-04-27,291.336431237466,300.42194142413604,290.6277020241636,300.0577087402344
2023-04-28,299.2505873390995,304.09354555846096,298.561534158712,302.44970703125
2023-05-01,302.1642048581886,303.7686910534892,300.3726908217299,300.7762756347656
2023-05-02,302.9418162241632,304.3395683302201,299.1520846006122,300.62860107421875
2023-05-03,301.81967570546,303.7785114525108,299.32928557023496,299.6344299316406
2023-05-04,301.44559363876704,302.9418162241632,298.65005938684857,300.62860107421875
2023-05-05,300.9338097885406,307.08596307804874,299.50649820945034,305.78662109375
2023-05-08,305.2747115147881,305.3436228273613,301.2979520150605,303.81787109375
2023-05-09,303.1780393519697,305.1861101016797,301.514495109484,302.1936950683594
2023-05-10,303.7883902256099,308.09982387729104,302.8532809885263,307.4206237792969
2023-05-11,305.2452428998002,306.24926349994644,301.4653635324245,305.25506591796875
2023-05-12,305.68812438304315,305.78656482552327,301.79998224342324,304.13287353515625
2023-05-15,304.2608847813024,305.0483483493924,302.77451500373724,304.615234375
2023-05-16,304.97942609367624,308.7986873456042,304.97942609367624,306.8595275878906
2023-05-17,308.07292647953415,310.1840128280389,306.54383920821226,309.75982666015625
2023-05-18,310.2826700411064,314.73177784456124,309.483610472281,314.2187805175781
2023-05-19,312.4627684149511,314.44563523086384,312.0977696709312,314.0411682128906
2023-05-22,314.29771785830155,318.23382834454407,313.71568867126024,316.8428649902344
2023-05-23,315.7084147228856,318.36209222067146,310.9929635378551,311.0028381347656
2023-05-24,310.4799378174826,312.2260251295259,308.3885407333892,309.61181640625
2023-05-25,318.87502712507745,322.4856068871508,315.67878902000206,321.51885986328125
2023-05-26,319.64443860437376,328.89777635060267,319.5063448125115,328.3946838378906
2023-05-30,330.7031919866763,331.20628466826486,326.05677236540816,326.7374572753906
2023-05-31,327.80283457515725,331.403539726326,322.9097916897827,323.9555053710937
2023-06-01,321.52873380846023,329.02611175560344,320.3350817076628,328.08892822265625
2023-06-02,329.7364153100341,332.94252854790284,328.0593594203414,330.8708801269531
2023-06-05,330.693316375745,333.9882106590151,330.1408808136087,331.4035949707031
2023-06-06,330.8017851103892,330.8412533912164,327.68448335101743,329.174072265625
2023-06-07,327.17149729188003,329.9731432176181,318.1450620184974,319.01318359375
2023-06-08,319.5656155034306,322.229167569566,318.9835862960409,320.8677978515625
2023-06-09,320.6013944671028,325.5338755296102,320.0292399102611,322.3771057128906
2023-06-12,324.14288231211435,327.6153679268259,320.7690824361064,327.3687438964844
2023-06-13,329.95337995894954,332.4294950152336,325.928488773513,329.7758178710937
2023-06-14,329.8251487359543,334.46169309865223,328.31581069541244,332.7846374511719
2023-06-15,332.9227380100379,345.1158162103727,332.6465202868888,343.3993225097656
2023-06-16,346.575835230722,346.7238036323781,337.332371106431,337.70721435546875
2023-06-20,334.7280106683064,337.4605942019211,331.32458686367323,333.4850158691406
2023-06-21,331.82774670017375,333.1693972869812,327.5858247663164,329.0556945800781
2023-06-22,329.6081394338645,335.52711724274883,328.8386735229286,335.1226501464844
2023-06-23,329.8448805246099,333.39627314072527,328.9471954059109,330.4959716796875
2023-06-26,329.2135454326496,331.5712559275852,324.05415896146803,324.1626892089844
2023-06-27,327.3786061607091,331.6106831806796,324.85317836133345,330.0520324707031
2023-06-28,330.14082540190753,333.4160000459161,329.30229760192987,331.31475830078125
2023-06-29,330.19016860066165,331.5712574014784,328.1283949434642,330.52557373046875
2023-06-30,333.18913410608565,338.1018966475319,332.6465731689778,335.94146728515625
2023-07-03,334.60968039782284,336.29658063116784,332.0250649242067,333.4258728027344
2023-07-05,330.5650335205982,337.0364466828848,330.2099093118582,333.5837097167969
2023-07-06,332.7451084672399,338.35827344816096,330.9694276042489,336.6614990234375
2023-07-07,334.7379078689779,337.17455476042386,332.4492293908837,332.666259765625
2023-07-10,330.0816433554904,330.7031407949626,323.1662951750732,327.3490295410156
2023-07-11,326.58941400885703,328.3650950420955,322.5842420360522,327.9803771972656
2023-07-12,332.0546721061305,337.03646655154864,331.13723774065795,332.6465759277344
2023-07-13,334.9746620206647,339.09820909301106,334.4419456196633,338.0328063964844
2023-07-14,342.8962447343513,346.68438690739697,339.6605380799491,340.5779724121094
2023-07-17,341.0120279721599,342.3043356947929,337.57904017391905,341.0613708496094
2023-07-18,341.1599861279413,361.827094682559,337.5494363326708,354.6355285644531
2023-07-19,356.8650077338188,357.5654116207777,347.6807303302268,350.2850646972656
2023-07-20,348.79548040834504,353.13605781346064,340.70619925367106,342.1859436035156
2023-07-21,344.4351622996389,345.56962697471664,335.2410099540345,339.1278076171875
2023-07-24,341.1797041463386,342.2352622665316,337.68749929823326,340.4496765136719
2023-07-25,342.42271258678073,347.1381937516986,340.41028183220885,346.240478515625
2023-07-26,336.8292863173337,340.01568008356725,328.611755590644,333.2088317871094
2023-07-27,335.8822409797451,336.7207386752654,324.6065664004519,326.2540283203125
2023-07-28,329.16423615072927,335.418619127257,328.67098799700807,333.8007507324219
2023-07-31,332.3703157885018,333.1397816268532,328.85836158947654,331.3838195800781
2023-08-01,330.66369203212577,333.96846060651745,329.1938222018752,331.79815673828125
2023-08-02,329.12474134255,329.12474134255,321.9528944979642,323.0775146484375
2023-08-03,321.5977492515645,325.4253591822319,321.5484364855866,322.24884033203125
2023-08-04,327.39836976439574,330.61435706998384,322.82101286060225,323.3537292480469
2023-08-07,323.9357584110446,326.638748415641,323.09723060433043,325.6522521972656
2023-08-08,322.54484054190954,324.3106774509486,318.63832339667346,321.6471252441406
2023-08-09,322.06139611026583,322.6927379851772,316.7145737837254,317.878662109375
2023-08-10,321.6175143529931,323.8272865467836,316.842875851902,318.5692443847656
2023-08-11,315.9352987108156,318.05625962756983,314.8994595848591,316.6751708984375
2023-08-14,317.0500366268224,319.6839646920239,315.7576988733088,319.66424560546875
2023-08-15,318.6382920623193,320.7000656335948,316.5666438946888,317.513671875
2023-08-16,317.13801214006867,320.7167146880456,316.1494272765782,316.7425842285156
2023-08-17,316.8810112071374,318.19581584517493,312.6004217100495,313.2627868652344
2023-08-18,310.9000660727955,314.74567594521795,307.99362395485656,312.86737060546875
2023-08-21,314.30079649101214,319.0855438852724,313.42097159988043,318.2057189941406
2023-08-22,321.78438984101354,322.357755817273,317.790498336927,318.7790832519531
2023-08-23,320.1235801042698,325.44217186855207,319.7676738405526,323.26727294921875
2023-08-24,329.05048294908903,329.1790038104103,316.3076093798751,316.3175048828125
2023-08-25,317.8003486742055,321.6459277591277,315.16081405176266,319.2931213378906
2023-08-28,321.9425310997952,322.42692799992096,318.0475045559713,320.0049133300781
2023-08-29,318.20573519575873,325.2246945215674,318.20573519575873,324.66119384765625
2023-08-30,324.9181788505266,326.0451498323158,322.72351939208045,325.03680419921875
2023-08-31,325.44218047674366,327.1326523087655,323.0497916021966,324.01861572265625
2023-09-01,327.5280076864386,328.2002380688031,323.04972002250327,324.90826416015625
2023-09-05,325.2444131923776,331.02764055502126,324.9082979662232,329.7424621582031
2023-09-06,329.5744315993732,330.64208999362666,326.41094792069816,329.08013916015625
2023-09-07,327.5082949368657,329.277840158844,325.27408344304047,326.14404296875
2023-09-08,326.3219766279449,332.32269403883413,325.699163331797,330.4542541503906
2023-09-11,333.39034548000865,334.5568985327326,331.60100931332755,334.0823669433594
2023-09-12,331.9865748697913,332.94550339059816,327.6961201984212,327.9827880859375
2023-09-13,327.5280680565873,333.0048369712179,327.3896818555164,332.2238464355469
2023-09-14,335.27855480966366,336.9690265009899,332.7280191029121,334.8337097167969
2023-09-15,333.074062392952,333.5485638717136,325.88703033061086,326.4505310058594
2023-09-18,324.058114839662,326.6284415872305,322.63455018467687,325.3037414550781
2023-09-19,322.4467661344403,325.6300108774298,320.8057114985668,324.8984375
2023-09-20,325.7486204721018,325.827693989748,316.8513563606588,317.1083679199219
2023-09-21,315.6156002828941,321.6360782353787,311.40421928226147,315.88250732421875
2023-09-22,317.6521256558587,317.7806465273566,312.5411281531975,313.3913269042969
2023-09-25,312.97611540381934,314.0438040776846,311.4042689048914,313.915283203125
2023-09-26,311.5327326754824,312.27417127506453,306.48104866233854,308.5768737792969
2023-09-27,308.7349943614077,310.7121637909888,306.15480273702576,309.21942138671875
2023-09-28,307.4400098031896,311.8787765395616,305.9176107720618,310.0597839355469
2023-09-29,314.1227993515873,315.823166301502,311.3844304982505,312.1456298828125
2023-10-02,312.66963949567804,318.21561662397966,311.5821900421662,318.1266174316406
2023-10-03,317.1676656330005,317.7213009072656,307.657484158639,309.8126220703125
2023-10-04,310.44528440709587,316.38668872589204,310.4156280697813,315.3190002441406
2023-10-05,315.4475399696837,316.3273949780159,311.30536698470246,315.7144470214844
2023-10-06,312.9365263852443,325.4322535375942,312.6893801694388,323.5242919921875
2023-10-09,321.0429214154338,326.5295551178962,319.49083600200555,326.0550537109375
2023-10-10,327.1820587892371,327.3204751601556,323.92963610326484,324.64141845703125
2023-10-11,327.4291873104541,329.020824643838,325.3828395521265,328.6253967285156
2023-10-12,326.7964993042076,329.82156651499986,324.9676113079431,327.3797607421875
2023-10-13,328.58583561463803,330.01926553838706,322.6345355393232,323.9889221191406
2023-10-16,327.2709885967212,332.3029118179807,326.8261435346823,328.8428649902344
2023-10-17,325.8276948133406,329.65351356385685,323.67258696373347,328.2695007324219
2023-10-18,328.6945726494821,331.759191769858,324.55239964479256,326.3417358398437
2023-10-19,328.3584454846396,333.0344625947889,327.1326099487148,327.5379333496094
2023-10-20,327.9333816774439,328.13111072358873,321.7349652636992,322.9410400390625
2023-10-23,321.7546727424832,328.9318075244439,320.6870145103195,325.56072998046875
2023-10-24,327.51818809043544,328.0520324209601,323.8604418074662,326.7569885253906
2023-10-25,341.08150860571766,342.24806157017446,333.765987296064,336.7811889648437
2023-10-26,336.6526868052071,337.7302406507204,323.20792706940125,324.1470947265625
2023-10-27,326.6581143687127,332.876322086507,324.65128814798715,326.0451965332031
2023-10-30,329.60405903742685,335.5751196269722,328.0420781717034,333.45953369140625
2023-10-31,334.9819700053902,335.1302516935357,330.86945356194263,334.2503967285156
2023-11-01,335.911226227204,343.4541328220172,335.77280987868386,342.1195373535156
2023-11-02,343.2762139918915,344.8480603761851,340.83440806099617,344.3439025878906
2023-11-03,345.6389081595281,350.3445814577073,343.3651450199177,348.772705078125
2023-11-06,349.41534633116447,353.45865496757824,349.3164818069367,352.4601745605469
2023-11-07,355.29738405424604,358.3224512391216,353.5475997552972,356.4144897460937
2023-11-08,357.5513478893748,359.7163510431648,356.4342422237225,359.05401611328125
2023-11-09,358.1643000917095,360.6258970276353,356.2464429567003,356.5726928710937
2023-11-10,357.3635478564213,365.8752795812783,356.94835909084804,365.4501953125
2023-11-13,364.0167223614231,364.2638685791425,361.7231982203745,362.4942932128906
2023-11-14,366.77487775321134,367.7041499330976,363.1566535532916,366.0433044433594
2023-11-15,367.7867626439103,369.6193627244979,363.6559833296178,366.1919250488281
2023-11-16,367.469795129225,372.8090975451965,366.6971350089113,372.63079833984375
2023-11-17,370.09481157714856,370.84767066024057,363.5470174090878,366.3702087402344
2023-11-20,367.7273146646205,375.3053322916461,367.5093833628424,373.8887939453125
2023-11-21,372.13548017935176,372.6802933507884,367.62827122388927,369.5599365234375
2023-11-22,374.44350452118096,376.2166713801317,371.44201414653855,374.294921875
2023-11-24,373.7798105540461,374.4138035112927,371.61044336899096,373.8788757324219
2023-11-27,373.23502159050327,377.05872006421737,372.6604918874323,375.04779052734375
2023-11-28,374.7902561506727,379.3965000397917,374.6020413692927,379.0993347167969
2023-11-29,380.1493294028235,380.6842269423362,373.8887850913149,375.2855224609375
2023-11-30,374.92890903622725,376.5138612366037,371.9373340529728,375.344970703125
2023-12-01,373.2151890748226,374.6020108532408,367.8164543800959,370.9863586425781
2023-12-04,365.6272685167618,366.0432999492324,359.4855901354516,365.6669006347656
2023-12-05,363.0021791950114,369.5697738529902,362.1799715204429,369.0150451660156
2023-12-06,370.025470775232,370.6594334670261,364.5673032138948,365.3300476074219
2023-12-07,364.76549002661096,367.95519561310016,362.8734567838674,367.45989990234375
2023-12-08,365.72637167703465,370.9368620938279,364.7654967711825,370.70904541015625
2023-12-11,365.0131044942587,368.1037446098056,362.6554922898368,367.8065490722656
2023-12-12,367.3608186248945,370.8972371001198,366.9744734768087,370.8576049804688
2023-12-13,372.4821258317476,374.0869091144722,367.2815215613571,370.84765625
2023-12-14,369.79766017755225,370.24343838413614,360.7040386990165,362.4870910644531
2023-12-15,363.3984742691784,368.8962446456856,362.83382989546425,367.2419738769531
2023-12-18,365.9739856872879,369.4905728812435,365.2112110016812,369.1438598632813
2023-12-19,367.9947723838569,369.7481384277344,366.3603026960237,369.7481384277344
2023-12-20,371.47172920429006,372.4920370112866,367.04378498295705,367.1329345703125
2023-12-21,369.0547222595686,370.88732235937965,366.5584428639484,370.0255126953125
2023-12-22,370.16416841117154,371.6500554361655,369.2032935924576,371.0556945800781
2023-12-26,371.4717461526601,373.393495737859,369.98585916804944,371.1349487304688
2023-12-27,370.1740770489935,371.53118233613856,369.3023518404904,370.5505065917969
2023-12-28,371.83826458273074,372.9180055102288,370.6396575319042,371.7491149902344
2023-12-29,372.4623210093037,373.6114105209222,369.9660418684788,372.501953125
2024-01-02,370.3424737462839,372.3632885983454,363.319184585885,367.380615234375
2024-01-03,365.5380921792409,369.7481050532778,365.0427965470012,367.1131286621094
2024-01-04,367.1824744278544,369.5896039263641,363.7154050293527,364.4781494140625
2024-01-05,365.4985007136341,368.559424433647,363.0517388090319,364.28997802734375
2024-01-08,365.8253710003868,371.6698841104055,365.53812127674354,371.1646728515625
2024-01-09,368.509899386066,372.4524336286839,367.6976072202341,372.25433349609375
2024-01-10,372.8288615431399,380.5554922110054,372.7793440678221,379.1686401367188
2024-01-11,382.3682747948277,387.0042352235607,376.8011560453087,381.01116943359375
2024-01-12,381.8630597761942,385.0230486833725,381.0309666481919,384.8150329589844
2024-01-16,389.95617197189966,390.32268591338345,383.9729920985464,386.5980529785156
2024-01-17,384.329631632689,386.4395657529972,381.1894438434919,385.80560302734375
2024-01-18,388.0344497047316,390.2830812145117,386.4494974787357,390.1642150878906
2024-01-19,392.0364732172694,394.9190979003906,389.797726916255,394.9190979003906
2024-01-22,396.25634353223927,396.8507043922112,389.8868483654438,392.7793884277344
2024-01-23,392.02652441578425,395.6223758316309,390.2236409142688,395.1468811035156
2024-01-24,397.7620381791371,401.8135529594447,396.6822972921996,398.7724304199219
2024-01-25,400.5159168098495,403.18061005906736,398.74274976275865,401.0607299804688
2024-01-26,400.5654097210854,402.34849224643625,398.6436601299057,400.1295471191406
2024-01-29,402.23951388406,406.1226452071924,400.52577999660826,405.8650817871094
2024-01-30,408.3812111979871,409.1637566207408,402.6258777098208,404.7457275390625
2024-01-31,403.1310773427729,411.4124373651164,393.4728109612584,393.8393249511719
2024-02-01,398.0493222591689,404.161284395668,398.0196057268872,399.9809875488281
2024-02-02,400.0107269852229,408.7675516875465,399.7630791252122,407.35101318359375
2024-02-05,406.0434180871643,407.2915729534139,400.189019151807,401.8334045410156
2024-02-06,402.0612108490808,404.13154308563696,399.11915341177513,401.67486572265625
2024-02-07,403.6065332230961,410.4019752246544,403.5669011054383,410.1543273925781
2024-02-08,410.1543425713037,411.6501452061436,408.6486545795197,410.2137756347656
2024-02-09,411.34304822902254,416.8606491715924,411.18454998916735,416.5931701660156
2024-02-12,416.6031191844753,416.7814183822025,410.8477855354943,411.3529968261719
2024-02-13,401.1300494611104,406.2117877432552,399.59464501524405,402.4970703125
2024-02-14,404.9781356592768,406.73471379055,401.5046545178869,406.3873596191406
2024-02-15,405.0476293953427,406.0301186959901,401.2267939236484,403.4795837402344
2024-02-16,404.86897976610464,405.19649639829663,400.3832375883185,400.99853515625
2024-02-20,400.1847620106869,401.42529113633896,394.9944075322267,399.7381896972656
2024-02-21,397.1380014467668,399.241933764696,394.2103409204103,399.13275146484375
2024-02-22,407.08207646174907,409.7020579713418,405.4743557171247,408.531005859375
2024-02-23,412.5205590554713,412.7090915973696,405.8713115946522,407.2309265136719
2024-02-26,408.3424611267354,409.0371695148512,404.2735197528157,404.4521789550781
2024-02-27,404.8987238701008,405.2262404801438,400.7901076502163,404.3926086425781
2024-02-28,405.0872739909664,406.1987830728558,402.2489583201668,404.6307678222656
2024-02-29,405.5438348800808,411.06170550216336,402.8444425387032,410.5059509277344
2024-03-01,408.153876143975,412.71902889421233,407.7668468471701,412.3518371582031
2024-03-04,410.307447886493,414.1878262106836,409.1959387546604,411.7762451171875
2024-03-05,410.8235170993726,411.1113283199567,397.60446252322527,399.5992126464844
2024-03-06,399.9167943284724,402.0902036474927,395.3715092141972,399.04345703125
2024-03-07,403.0429319335548,406.6752047214003,399.1923248157397,406.0400695800781
2024-03-08,404.8689575439801,407.3103404061873,401.2664565057241,403.1421508789063
2024-03-11,400.700826521959,402.6062622273282,398.21976836345937,401.4550476074219
2024-03-12,404.5315189350478,412.4212950799544,403.707821047809,412.1334838867188
2024-03-13,414.9321647542621,415.0115452878592,408.3325562328795,411.9548950195313
2024-03-14,417.0559209635189,424.5785058716351,414.8229687362819,421.9981994628906
2024-03-15,416.1131423873529,419.39806083838096,409.6623914264508,413.264892578125
2024-03-18,411.111304092611,417.54221722990445,410.6448639845401,414.1580505371094
2024-03-19,414.6641794557911,418.4751112612702,412.4014557323615,418.2170715332031
2024-03-20,418.8025799169323,422.7325672103819,417.472736496582,422.0081176757813
2024-03-21,426.5732970128362,427.5558166821584,423.9235437416977,426.1167907714844
2024-03-22,426.4442947841674,426.6030558566972,422.8417934382558,425.4915466308594
2024-03-25,422.0180389961963,424.1716107025241,418.4155378736024,419.6560668945313
2024-03-26,422.3852180529654,422.76234370981615,418.1575158713517,418.4552307128906
2024-03-27,421.2241115258407,421.23404544961727,415.83526074059097,418.2369079589844
2024-03-28,417.7704900076875,418.673598815045,415.9444348307196,417.5323181152344
2024-04-01,420.7378213676411,424.6479711391924,419.0209183546172,421.3531188964844
2024-04-02,416.9269168072685,419.1797369668853,414.6741269340057,418.2468566894531
2024-04-03,416.54979735190346,420.0530500088036,415.9146319714666,417.2643432617188
2024-04-04,421.76992047315406,425.4220608182633,414.4061573873391,414.71380615234375
2024-04-05,416.8276974614869,423.2784485638512,415.1504997519638,422.2959289550781
2024-04-08,421.9485777283347,424.0425761054586,420.092720936969,421.3729553222656
2024-04-09,423.20896224870864,424.4991003259259,418.4254750382327,423.0501708984375
2024-04-10,418.9911394928746,420.8171944866389,416.5200154975315,420.0530395507813
2024-04-11,422.5936238068228,426.11671379812606,419.1598179763637,424.6876220703125
2024-04-12,420.8370424284517,421.9584854811625,416.5894723783941,418.7033386230469
2024-04-15,423.36774724307367,423.5860815606245,410.2975202475589,410.5059509277344
2024-04-16,411.42887810136665,415.2298454910269,410.5952462785095,411.4387817382813
2024-04-17,414.0885872118868,415.7062419010954,407.2210052256008,408.7195739746094
2024-04-18,407.5187673684452,408.769230365435,400.8893872722647,401.2069396972656
2024-04-19,400.9687488676842,402.4077746386735,394.7561698730406,396.095947265625
2024-04-22,397.0486598100797,399.7976914523607,392.7514806878664,397.9219970703125
2024-04-23,401.1771473553241,405.10716505974153,400.0060952402287,404.48193359375
2024-04-24,406.4568133700171,409.3447683032301,403.697878289098,405.9606018066406
2024-04-25,391.0444908759172,396.8601062584313,385.0899520019121,396.01654052734375
2024-04-26,409.04710666417816,409.8708046404864,402.6856699602139,403.2414245605469
2024-04-29,402.1794789031546,403.2413789354232,396.165397076456,399.20220947265625
2024-04-30,398.4479657229549,399.11290256766176,386.221335381575,386.3800964355469
2024-05-01,389.6352990933683,398.6762911474534,387.3527376072614,391.9476623535156
2024-05-02,394.6469936602289,396.8997833087663,391.6597902856064,394.82562255859375
2024-05-03,399.2319782023512,404.0650740320478,398.8151471589616,403.5787963867188
2024-05-06,405.6629259733001,410.7937370714025,403.2910199349376,410.4067077636719
2024-05-07,411.5182242956741,411.5281582197064,405.99041958064737,406.238525390625
2024-05-08,405.0773444555357,409.1065797629508,403.62838494338615,407.4293823242188
2024-05-09,407.45921271703617,409.59291660377954,406.00034935781423,409.1959533691406
2024-05-10,409.8112455392715,412.2327606110002,408.6798685347501,411.59759521484375
2024-05-13,414.8428311528105,415.18025140614657,407.7073059282806,410.5853271484375
2024-05-14,408.8981987547859,414.3267549073316,408.4317586361448,413.40380859375
2024-05-15,415.4817268366252,421.35753100749633,414.8553676108549,420.6317443847656
2024-05-16,419.3591127494367,422.958189995192,417.91752182390434,418.5538024902344
2024-05-17,420.0948540596477,420.4726599302369,415.6109428181483,417.7783203125
2024-05-20,417.778343258253,424.30037978174784,417.55961512858175,422.878662109375
2024-05-21,424.3600179016072,430.4645016728895,422.3914951323632,426.5572509765625
2024-05-22,427.60118209872775,429.9077641693655,424.6583193119375,428.0286865234375
2024-05-23,430.4645069803894,431.0908661750461,422.95820916796526,424.529052734375
2024-05-24,424.71796179341015,428.565562226306,421.9540501648999,427.6707763671875
2024-05-28,427.1438549137668,428.3269711402922,424.13138989907134,427.8298645019531
2024-05-29,423.22665032702537,428.4462700067775,423.22665032702537,426.6865234375
2024-05-30,421.8446642438629,421.8446642438629,411.8428815087906,412.2704162597656
2024-05-31,414.3383733012913,414.3383733012913,402.1692127903504,412.7277526855469
2024-06-03,413.1254229827006,414.02020882309534,406.553688084388,411.1270446777344
2024-06-04,410.04337212748766,414.0301770538055,407.3092856318989,413.6623229980469
2024-06-05,415.3922317370634,421.6259378345122,413.89096003424896,421.5563659667969
2024-06-06,421.5563568996983,422.848821948627,418.14618249774657,422.0633850097656
2024-06-07,423.73371564550735,423.81323935854607,420.55222098628695,421.3973083496094
2024-06-10,422.2423734838644,425.6027887352665,421.4370631899479,425.3940124511719
2024-06-11,423.0178608454997,430.3153823959729,422.78918087724,430.1761779785156
2024-06-12,432.8009161252906,440.8341457768561,430.7428874309175,438.5076904296875
2024-06-13,438.2989324414096,440.8242426789463,436.8274858579273,439.0246887207031
2024-06-14,435.74378876375306,440.5756810111054,434.1928184969439,440.0089721679688
2024-06-17,440.0288392462003,448.3305259626429,438.16966532085047,445.775390625
2024-06-18,447.1076349319816,447.53516969127554,442.3155500964385,443.7571411132813
2024-06-20,443.7173532757514,443.946033241849,438.7164619327626,443.120849609375
2024-06-21,444.79114029939626,447.9726045782074,443.9261796037789,447.17724609375
2024-06-24,447.197116551364,450.1300578332186,443.8267493445669,445.0794677734375
2024-06-25,445.6560663286127,448.80773551860256,444.1647465305247,448.3404541015625
2024-06-26,446.4017395883299,450.9751265075422,445.596429300538,449.54345703125
2024-06-27,449.56335593650766,453.5302875755873,449.1557248487335,450.2294921875
2024-06-28,450.4482280145607,452.7448583148797,443.8267637823877,444.3636474609375
2024-07-01,446.0637277902953,454.7233168460645,443.0810879907853,454.0870361328125
2024-07-02,450.57745029839504,456.9304570935814,450.4879444071706,456.6222534179688
2024-07-03,455.5385808076234,458.3521910129211,455.2303771210673,458.1036376953125
2024-07-05,456.95033221316646,465.6397765538939,456.3140515175161,464.8543395996094
2024-07-08,463.8501958785038,464.993565428788,461.7722937542279,463.5419921875
2024-07-09,464.29759021110544,464.6256672353131,455.3496709136752,456.8807678222656
2024-07-10,458.5510493427236,463.7607172108967,456.20469022907776,463.5519409179688
2024-07-11,460.3008712942663,462.0904430463112,448.93699054354346,452.06878662109375
2024-07-12,451.7009001735588,453.7191518916055,448.0422026334216,450.9254150390625
2024-07-15,450.67685394437046,454.6139602586164,448.8176800220224,451.3330383300781
2024-07-16,451.5915461266938,451.6710698371023,444.0752963423949,446.9187316894531
2024-07-17,440.0288496296795,442.2757813397234,436.638578721872,440.9534606933594
2024-07-18,441.7687136228689,442.07691730431753,431.886231451246,437.8216857910156
2024-07-19,430.59376141790096,438.5872443835016,429.5001207828966,434.5805358886719
2024-07-22,439.2335222934249,442.0272593662984,436.3701830045479,440.3768615722656
2024-07-23,441.3312725932698,445.7953108894537,440.53591409904936,442.2757873535156
2024-07-24,437.9012729770176,438.92531149244144,425.1156737863556,426.4180908203125
2024-07-25,426.3186326088695,427.3128458662045,415.0939867790631,415.9788208007813
2024-07-26,415.7799870015666,426.4379540941027,414.8553456338981,422.8090515136719
2024-07-29,429.0825299821325,429.6492388018038,422.2423684855505,424.2606201171875
2024-07-30,425.2448982961915,426.5671885866718,414.9448331085773,420.4726867675781
2024-07-31,418.0666600260145,419.3392517370681,409.82462391670987,415.9291076660156
2024-08-01,418.3549862264431,424.98637136355273,410.6995323530128,414.6962585449219
2024-08-02,410.1030434734576,412.598528620736,402.0002109675361,406.1261901855469
2024-08-05,386.9179667314658,398.7192726322028,383.34871462184185,392.86334228515625
2024-08-06,397.6853041219084,403.3225066578681,396.1939842314513,397.2975463867188
2024-08-07,406.2752977774928,407.7069368759002,395.16992295159474,396.1243591308594
2024-08-08,400.1111878952457,403.5113802629597,397.62565473832814,400.3597412109375
2024-08-09,401.6919660750819,405.68869229684987,399.93221959838144,403.6704406738281
2024-08-12,404.7044554196647,406.39463013243375,401.9007666876047,404.4559020996094
2024-08-13,407.21979148715,412.5487901543895,407.199918145388,411.6142272949219
2024-08-14,412.3996465083127,415.30276256625774,410.0632696291805,414.4477233886719
2024-08-15,418.1229861127925,419.42775054091777,415.991550712489,419.34808349609375
2024-08-16,418.919805326896,419.6568394696199,415.6329698343419,416.7983093261719
2024-08-19,417.2863590170559,420.06522222853687,414.7963458443911,419.8460998535156
2024-08-20,420.015435317403,424.15879050030776,419.9556774327427,423.10302734375
2024-08-21,422.38589043229285,424.69662989295495,420.03533264675815,422.4456787109375
2024-08-22,422.6647882623324,425.0851042062188,412.953736731063,413.8899841308594
2024-08-23,415.3142739439322,417.5851646645135,410.44379375355777,415.1250305175781
2024-08-26,414.7066957472072,415.6130641605339,409.6967906199474,411.8381958007813
2024-08-27,411.21070203411466,412.7047098695456,408.6111429903849,412.1867980957031
2024-08-28,413.22267925405737,413.3421950254565,405.68291191971673,408.9597778320313
2024-08-29,413.2824329478728,420.3640158924635,408.9597736839914,411.4696960449219
2024-08-30,413.93977626013776,415.822210323597,410.4836369246573,415.4736328125
2024-09-03,416.2405478075573,418.2026793193696,405.4040060811421,407.8043823242188
2024-09-04,404.2884945573242,409.5971891641853,402.7546379619835,407.26654052734375
2024-09-05,405.9916319874654,411.4497513886223,404.5075939762157,406.7585754394531
2024-09-06,407.4258901774711,409.0095348193582,399.1988773878562,400.0953063964844
2024-09-09,405.6131601713445,407.017531193238,400.5434971977151,404.0992431640625
2024-09-10,406.56934824108026,414.66684525245614,406.0713456246143,412.5453796386719
2024-09-11,413.8401790844511,422.29625388353406,407.9438146629927,421.3500671386719
2024-09-12,421.6189886086143,425.6627675750461,418.07321227741465,425.2942504882813
2024-09-13,424.12890877471926,430.10494036688726,423.76039168984255,428.8699035644531
2024-09-16,428.8798786629024,431.7981668316447,426.50938123863534,429.6169128417969
2024-09-17,438.47140586333086,440.08492951868885,430.5431821213062,433.4116821289063
2024-09-18,433.2622842089649,434.2881684017249,428.6906237541022,429.0890197753906
2024-09-19,439.46742297057807,439.73633345516527,435.1547030637013,436.93756103515625
2024-09-20,435.4734113370452,437.4853309751932,432.4853956233,433.53118896484375
2024-09-23,432.5451724016005,434.7164566201473,428.6707276626035,431.77825927734375
2024-09-24,431.2702837501101,431.6188916752313,424.39785343692114,427.4555969238281
2024-09-25,428.1129287963964,431.38979462226376,426.8579828341436,430.3838195800781
2024-09-26,433.3519348863203,433.56108748494046,427.4157519110669,429.5870361328125
2024-09-27,429.7961684722898,430.1248672217253,425.762359424982,426.3101501464844
2024-09-30,426.499407324737,428.7006008520287,423.6707560109298,428.5810546875
2024-10-01,426.738471089133,426.7683500314763,417.1369656739266,419.0094604492188
2024-10-02,420.8918636621556,421.13092557899313,415.0453180067373,415.4636535644531
2024-10-03,415.9616796785687,417.8739927473743,412.6350257729925,414.87603759765625
2024-10-04,416.5692334072243,418.0732110879605,413.3123071245128,414.39794921875
2024-10-07,414.3381769946468,415.4437282135342,407.3661403625253,407.9039916992188
2024-10-08,409.2585670086313,413.99956190900485,406.5394920239681,413.0533447265625
2024-10-09,414.1987134602642,418.70067647812056,412.6449477589923,415.7923278808594
2024-10-10,413.5712843754373,415.6828107109308,411.49957636636015,414.1788330078125
2024-10-11,414.47761722865823,415.4636526469778,411.599147619692,414.6568908691406
2024-10-14,416.10111495840073,422.3460875183581,415.8521136383557,417.4656677246094
2024-10-15,420.4934907291295,420.7923105426525,413.6011513948207,417.0672302246094
2024-10-16,413.51151588006746,414.6967341717602,408.84024879356656,414.4577026367188
2024-10-17,420.6727515049861,420.8122068261624,413.9298070859751,415.0552978515625
2024-10-18,415.4736485659628,417.9736010984232,414.5971590742364,416.4895629882813
2024-10-21,414.457708513249,417.2863598354636,412.0971808842402,417.1070861816406
2024-10-22,416.8182287379404,428.85992860317606,416.3700446113444,425.8022155761719
2024-10-23,429.13881136450993,429.3579337373482,420.8421009299413,422.9038391113281
2024-10-24,423.6309040350223,424.27833177082186,420.7126159169888,423.0333251953125
2024-10-25,425.0552047565001,430.79217425375066,424.8659613297776,426.4396362304688
2024-10-28,429.9356180313113,430.2144982778103,424.5970142324742,424.8858642578125
2024-10-29,426.29025434116863,431.43961494644,424.0990305951663,430.2244873046875
2024-10-30,435.69254402246366,436.7483071680008,430.3738795735308,430.8021545410156
2024-10-31,413.7007323761392,414.4975548257246,404.67692710480617,404.7267456054688
2024-11-01,407.37612978056814,413.8401943287888,405.8721520793777,408.7306823730469
2024-11-04,408.1629515330161,408.7805003388983,403.9498686523884,406.8283081054688
2024-11-05,406.73866209939297,413.2425752143605,406.4498120639611,409.8163146972656
2024-11-06,410.772485027782,418.7704057056053,408.8800507986786,418.50146484375
2024-11-07,419.5970836269586,425.14484007349097,418.2026823789465,423.7304992675781
2024-11-08,423.6209440547306,424.7962229099081,420.095077093531,420.85205078125
2024-11-11,420.83211176857736,423.1129722177533,414.3381687204943,416.3401489257813
2024-11-12,416.5791841447968,422.744458901271,415.533390819855,421.340087890625
2024-11-13,419.9556581526565,427.6149103778975,416.5393371261829,423.5014343261719
2024-11-14,423.30222788535474,426.4595778768523,418.3222016749388,425.1846923828125
2024-11-15,418.14294637599176,421.1110226744225,411.9876410047602,413.3421936035156
2024-11-18,413.2126923507384,416.72858966014985,410.45376875637714,414.0991516113281
2024-11-19,411.4597051471197,416.2704274199096,409.9059394231008,416.12103271484375
2024-11-20,415.2046922657536,415.6230278333229,408.9398109050573,413.8302001953125
2024-11-21,418.6605301722443,418.9399686403921,409.4689690149979,412.0437927246094
2024-11-22,410.5467888521348,416.564720799061,410.2374116400306,416.16552734375
2024-11-25,417.542782130724,420.23736087052777,414.0198472532827,417.9519653320313
2024-11-26,418.75036014607525,428.18146205416855,418.0118506967232,427.133544921875
2024-11-27,424.2593075311874,426.37509083138485,421.17549451394376,422.1435546875
2024-11-29,419.2493584099212,424.0297817162198,416.9639323784013,422.6126098632813
2024-12-02,420.72641076442574,432.1335310765848,420.4669212999132,430.1175842285156
2024-12-03,428.9798333762607,431.6045752942296,426.88402964452257,430.3371276855469
2024-12-04,432.1634480898198,438.7901751847669,431.7642546343851,436.544677734375
2024-12-05,437.0436765362191,443.770179142923,435.2971785217715,441.7342529296875
2024-12-06,441.4148949698492,445.2073090094776,440.88595677867977,442.682373046875
2024-12-09,441.7143023543043,447.4328163406456,439.6184986530788,445.12744140625
2024-12-10,443.500747434082,448.7202622082635,440.71632196493806,442.4428405761719
2024-12-11,443.1614051498909,449.4488165759074,443.1614051498909,448.0915222167969
2024-12-12,448.2112581986308,455.2471685109344,448.2112581986308,448.6603698730469
2024-12-13,447.5426110314286,450.5266178755225,444.6883184556146,446.37493896484375
2024-12-16,446.3749473504653,451.27512549789225,444.38893932865295,450.6863098144531
2024-12-17,450.10748972576295,454.3789237624039,448.670368885724,453.5505676269531
2024-12-18,450.4168569277278,451.7441820228141,436.1454548251872,436.5147399902344
2024-12-19,440.73626782337294,442.29314366547726,435.4468858542376,436.1554565429688
2024-12-20,432.2432815476765,442.8520145457972,427.7722660445124,435.726318359375
2024-12-23,435.8660369595189,436.7742196281346,431.9638575419981,434.3790283203125
2024-12-24,433.7802087154167,438.7203153724094,433.3211377567303,438.4508361816406
2024-12-26,438.20133650274425,440.0576302640168,435.7562575113133,437.2332763671875
2024-12-27,433.73031978660106,434.3490742197977,425.49682901811,429.66845703125
2024-12-30,425.2074080072107,426.6944166190143,421.05572893712207,423.9798583984375
2024-12-31,425.24732556190753,425.8760697244736,419.81820926028456,420.6565246582031
