Date,Open,High,Low,Close
2017-11-09,5.072756352703268,5.0989514641916935,4.951664649092079,5.073991775512695
2017-11-10,5.265761992831534,5.403905458025339,5.229928602592915,5.3413825035095215
2017-11-13,5.341383223161656,5.366836896663882,5.239320124754027,5.254642009735107
2017-11-14,5.263785927120479,5.308268702106362,5.220044594565112,5.292946815490723
2017-11-15,5.237837637621315,5.239073532086021,5.135280550765362,5.189153671264648
2017-11-16,5.263291977389129,5.293441298725672,5.220539077370883,5.229435443878174
2017-11-17,5.286521955961758,5.321860904044046,5.208183116215073,5.223257541656494
2017-11-20,5.238826108969005,5.302584971588696,5.202004278153006,5.290475845336914
2017-11-21,5.330263122184767,5.350774634546673,5.298383925669167,5.3391594886779785
2017-11-22,5.366362545244948,5.366362545244948,5.282528415956902,5.315171718597412
2017-11-24,5.331491180219746,5.3663603412259056,5.307008477453095,5.365370750427246
2017-11-27,5.374028477763996,5.375264759168978,5.292419754542222,5.295634746551514
2017-11-28,5.30082712125428,5.310224462136753,5.149728181421357,5.210810661315918
2017-11-29,5.193501841395623,5.196222038413483,4.729076430203355,4.857424259185791
2017-11-30,4.926172114158926,5.012231641491943,4.863111383732661,4.963513851165772
2017-12-01,4.928891792530626,4.949170390792957,4.759740114110242,4.888582229614258
2017-12-04,4.947191161237037,4.95337398218352,4.562643565526295,4.61605978012085
2017-12-05,4.510710348973264,4.765427169971154,4.465702360225468,4.642767429351807
2017-12-06,4.592320168567715,4.702120454487175,4.571052447883207,4.680358409881592
2017-12-07,4.747128487682211,4.787685690247183,4.701625687460772,4.747870445251465
2017-12-08,4.797823388156325,4.8168657034564015,4.72709640566926,4.735504627227783
2017-12-11,4.749600612499515,4.8168659162563365,4.733773759664406,4.813898086547852
2017-12-12,4.770374103077045,4.793620058976255,4.695937328805794,4.719430446624756
2017-12-13,4.760482055269058,4.761718336574035,4.59677076986265,4.604189872741699
2017-12-14,4.5977595749237015,4.682335643903909,4.5651162791804,4.611361026763916
2017-12-15,4.655380148802687,4.7575141419385005,4.590340722367159,4.7372355461120605
2017-12-18,4.777794087986316,4.896991731027866,4.748118611983213,4.89402437210083
2017-12-19,4.884625889123128,4.889819119797028,4.821317529941514,4.849756717681885
2017-12-20,4.889076694074151,4.898226401518682,4.81117776974321,4.866819858551025
2017-12-21,4.870283116150564,4.895260153378777,4.835908735755811,4.844316959381104
2017-12-22,4.8074689035969405,4.838381125636072,4.729569971987069,4.828983783721924
2017-12-26,4.773588724822948,4.890313302329314,4.743665622988231,4.882647037506104
2017-12-27,4.869293213030022,4.945213432038631,4.854702640857544,4.875969886779785
2017-12-28,4.899710803699255,4.930623025924699,4.875475727131517,4.88165807723999
2017-12-29,4.907871808026955,4.907871808026955,4.78521203994751,4.78521203994751
2018-01-02,4.841596638524916,4.933591837710395,4.809942924200692,4.929882049560547
2018-01-03,5.047347206278062,5.284753299385296,5.038691822477162,5.254335403442383
2018-01-04,5.335697302947657,5.392328520910901,5.259776604061165,5.282033443450928
2018-01-05,5.296870097559742,5.364134919906915,5.219960301737716,5.326793193817139
2018-01-08,5.450442659105513,5.564199398171386,5.405434192955194,5.4900102615356445
2018-01-09,5.495450173698635,5.535017772673642,5.406917635615834,5.488525867462158
2018-01-10,5.396038273681572,5.535019714299766,5.341632923926865,5.531557559967041
2018-01-11,5.564200711323205,5.5956077331096585,5.519934192127966,5.541449546813965
2018-01-12,5.529579473562121,5.563953855867395,5.473690207068768,5.514246940612793
2018-01-16,5.5407081871000745,5.62627293273184,5.358696964653904,5.443272590637207
2018-01-17,5.457862426652617,5.567167915758375,5.363889469226888,5.557276248931885
2018-01-18,5.537985495748703,5.604756000305822,5.506826115628589,5.550350666046143
2018-01-19,5.640614857270835,5.714803999828668,5.613659585156645,5.690568923950195
2018-01-22,5.698482247131229,5.780832448582127,5.640861916644367,5.779101371765137
2018-01-23,5.832517204463636,5.9309418862678775,5.813970156232604,5.908190727233887
2018-01-24,5.911406962711377,5.947265260054721,5.775640511453529,5.831282615661621
2018-01-25,5.885686852662288,5.928964246270187,5.830045230668389,5.844882965087891
2018-01-26,5.888654939017799,6.017744224623991,5.875795442845358,6.0174970626831055
2018-01-29,6.002905909929717,6.135704970241845,5.950231648938549,6.1045451164245605
2018-01-30,5.962597071457302,6.093912232826265,5.895826554486688,6.002411842346191
2018-01-31,6.077836991542415,6.16439130226408,6.045193694624122,6.078578948974609
2018-02-01,5.898545303039732,6.105781111062168,5.8871697243899925,5.947510242462158
2018-02-02,5.860959020587196,5.884946941352797,5.716784333997347,5.774899005889893
2018-02-05,5.613659830043509,5.767726147960615,5.069604521942319,5.284753799438477
2018-02-06,5.0547665063899805,5.581510544314154,5.044874369269159,5.578543186187744
2018-02-07,5.677463042675065,5.810756449909579,5.606241248543704,5.658173561096191
2018-02-08,5.783799497442804,5.816937114412935,5.378972852116081,5.379220485687256
2018-02-09,5.8918692830672486,5.907696135839156,5.379221041179716,5.739286422729492
2018-02-12,5.820399798014924,5.82336762767555,5.564941454393034,5.639130592346191
2018-02-13,5.602777903568489,5.799132473378872,5.570381769756998,5.752887725830078
2018-02-14,5.712578764961559,5.999196987714683,5.701450346086525,5.9702630043029785
2018-02-15,6.053603663305125,6.142136238268941,5.9727373551086025,6.09589147567749
2018-02-16,6.068689333753319,6.182446115877527,6.020960653518531,6.030110836029053
2018-02-20,6.052612227353104,6.2286881902629725,6.0489024405414415,6.159692287445068
2018-02-21,6.224237429155674,6.231161736195677,5.9687786110497365,5.972487926483154
2018-02-22,6.006390577009102,6.078151268254621,5.926463751972946,5.992038249969482
2018-02-23,6.051920355000463,6.085573673248291,6.001192826117269,6.085573673248291
2018-02-26,6.131847358246982,6.136301397690287,6.039300376133916,6.101658344268799
2018-02-27,6.074932724374787,6.159314040069501,6.065777330618971,6.088790416717529
2018-02-28,6.099678471065828,6.139270667404031,5.976695158092964,5.988325595855713
2018-03-01,5.9860976289221295,6.040042143416131,5.644862173586715,5.74606990814209
2018-03-02,5.638428774026213,5.859650627690977,5.489710488623588,5.853216648101807
2018-03-05,5.802984377555927,5.870786120721591,5.679505960187922,5.831193923950195
2018-03-06,5.91656468442006,6.011586242662497,5.873508180959398,5.992284774780273
2018-03-07,5.88934438962388,6.036578306149001,5.888107340029031,5.984365940093994
2018-03-08,6.011832226115107,6.011832226115107,5.923739298432888,5.968033313751221
2018-03-09,6.015543884931266,6.083592931000798,5.999459882462407,6.070725917816162
2018-03-12,6.112051071989274,6.260521566064973,6.103884939947968,6.180347442626953
2018-03-13,6.2231567910232855,6.297639827523819,6.088295726835409,6.12962007522583
2018-03-14,6.172674905064513,6.199894709248346,6.092748116683478,6.155106067657471
2018-03-15,6.1687177271195415,6.25111863755921,6.127888009212052,6.169954776763916
2018-03-16,6.186286709493171,6.217218143040637,6.148673980576779,6.198164463043213
2018-03-19,6.14125037732257,6.170201868924437,5.86459964439678,5.963580131530762
2018-03-20,5.966548754160924,6.214742602424487,5.966548754160924,6.17589282989502
2018-03-21,6.169459731343479,6.2357771091208525,6.120217037046655,6.150653839111328
2018-03-22,6.0873060008669375,6.133826807309546,5.947248478501975,5.984613418579102
2018-03-23,5.998223788159025,6.00069835958363,5.753741983913331,5.7648773193359375
2018-03-26,5.889343460307336,6.050929203330312,5.837378889952067,6.049692153930664
2018-03-27,6.13060832260522,6.18628498183697,5.440219164059779,5.58052396774292
2018-03-28,5.5461293092943,5.676288540121322,5.369696589903257,5.477337837219238
2018-03-29,5.545634656953308,5.827481862951295,5.461253804821008,5.730728626251221
2018-04-02,5.660203872347947,5.806447562242994,5.382068342533418,5.469913482666016
2018-04-03,5.636945039621808,5.700044961090804,5.47733871735,5.576319217681885
2018-04-04,5.320453681642876,5.608734857797118,5.295461125828994,5.598341941833496
2018-04-05,5.656740248207386,5.669855050340157,5.406566913752931,5.4780802726745605
2018-04-06,5.375388285734717,5.483524648274946,5.27244838151466,5.301647663116455
2018-04-09,5.364748046241084,5.492680507728123,5.31030841975012,5.330352306365967
2018-04-10,5.560730418100146,5.666639540829236,5.503568895950176,5.639667510986328
2018-04-11,5.624819334778239,5.666143683102983,5.56567835681177,5.598341941833496
2018-04-12,5.691384556296706,5.823028653651996,5.647090525913195,5.805212020874023
2018-04-13,5.868806649339848,5.877220098020541,5.680248832551012,5.728501796722412
2018-04-16,5.735182929429922,5.761660324477242,5.6339751765363415,5.728254318237305
2018-04-17,5.780466456587011,5.899243048221375,5.724789781765835,5.877962112426758
2018-04-18,5.827483165180128,5.920277486103228,5.759929194061337,5.849011421203613
2018-04-19,5.734687613812913,5.768093618814739,5.612199400782437,5.667628288269043
2018-04-20,5.658966395302646,5.7433472313471405,5.628282755271275,5.659461498260498
2018-04-23,5.677278360702228,5.728500516027884,5.513960454491453,5.539942741394043
2018-04-24,5.565679464123246,5.6616902981235695,5.408300384250734,5.47362756729126
2018-04-25,5.443932481655437,5.483030049032993,5.203904719421164,5.361283779144287
2018-04-26,5.523116882170337,5.581268130203464,5.4570472888329125,5.573101997375488
2018-04-27,5.679011216742962,5.698807314736952,5.558254688596287,5.600568771362305
2018-04-30,5.61690138866792,5.666639192475156,5.545883118575544,5.565184116363525
2018-05-01,5.557016660922806,5.623333553932043,5.498370323857929,5.620611667633057
2018-05-02,5.617149459487371,5.661690334777299,5.573845162100184,5.6000752449035645
2018-05-03,5.631995565415994,5.791601878301991,5.586711806286315,5.765371799468994
2018-05-04,5.736668640623597,5.918792971677151,5.719347110003228,5.915575981140137
2018-05-07,6.020246872551754,6.210784615886315,6.010348587298739,6.153623104095459
2018-05-08,6.153871028760707,6.198907475957803,6.104875644651515,6.19618558883667
2018-05-09,6.216228250763008,6.331540533923294,6.189008438901336,6.329313278198242
2018-05-10,6.382268036117418,6.4461103695678,6.364451406325611,6.436954975128174
2018-05-11,6.255077041503334,6.428540541918604,6.199648164393227,6.2983808517456055
2018-05-14,6.336489449206856,6.396372844364577,6.295165101830404,6.318920135498047
2018-05-15,6.255325711694474,6.258048070621676,5.97595306631511,6.076418399810791
2018-05-16,6.037815230435131,6.149663201745328,6.000944923188124,6.087553024291992
2018-05-17,6.089285460932156,6.223404106553422,6.073200983925473,6.12962007522583
2018-05-18,6.181586091850697,6.2449333317147575,6.080872962175378,6.085822105407715
2018-05-21,6.183316985270205,6.187028605950278,5.950959807988276,6.0437541007995605
2018-05-22,6.057117132611217,6.082357004635487,5.945021365732369,6.0056471824646
2018-05-23,5.949441984380068,6.1304411299091175,5.948699106515678,6.129202842712402
2018-05-24,6.125487664248243,6.1752562204999775,6.072252660188649,6.132915496826172
2018-05-25,6.1455433673101085,6.188626495683605,6.109888543654419,6.1722846031188965
2018-05-29,6.154209658374583,6.2232916190536605,6.108402958673702,6.155200004577637
2018-05-30,6.188874819037809,6.272812447878236,6.16411427404912,6.264146327972412
2018-05-31,6.232205943530526,6.31886762215674,6.22155913025458,6.244338512420654
2018-06-01,6.28915433082561,6.384977531148246,6.280488210934431,6.378787040710449
2018-06-04,6.412956189275162,6.579841562451916,6.380767813409616,6.557805061340332
2018-06-05,6.561022385832989,6.60088699996634,6.516206041721458,6.56325101852417
2018-06-06,6.473124419918337,6.568452210022941,6.456782526536637,6.56523323059082
2018-06-07,6.561519155612654,6.573404254560874,6.419146381253443,6.509522438049316
2018-06-08,6.436726810284121,6.536758864477878,6.417908814932562,6.494171142578125
2018-06-11,6.48154271592359,6.523140088699207,6.440192811623613,6.453068256378174
2018-06-12,6.479563758568279,6.513732835811136,6.429299780737503,6.50160026550293
2018-06-13,6.503083910190591,6.578107941366486,6.48797983320995,6.497141361236572
2018-06-14,6.542206466219056,6.665513309768502,6.5273498558497325,6.608811855316162
2018-06-15,6.5516150307490895,6.622925155236244,6.520664467363613,6.567956924438477
2018-06-18,6.523883259871655,6.58132759076599,6.496647086015387,6.563747882843018
2018-06-19,6.460496055710143,6.527844789918095,6.314409842524176,6.441926002502441
2018-06-20,6.483028479434645,6.547900640239989,6.44464961359853,6.494913578033447
2018-06-21,6.526854801904293,6.545177387643048,6.358483665547414,6.366159439086914
2018-06-22,6.386957822439813,6.400328676442418,6.198283416886736,6.213634490966797
2018-06-25,6.107164421427738,6.110878337316807,5.832075842749172,5.920718193054199
2018-06-26,6.034121479791991,6.082404278584407,5.940278979920657,5.991780757904053
2018-06-27,6.035358854140832,6.101716764080836,5.831084980939619,5.8365325927734375
2018-06-28,5.826628761655847,5.975686959458679,5.818952988455977,5.963801860809326
2018-06-29,6.028921764730295,6.041549268396147,5.864512025924636,5.865750312805176
2018-07-02,5.796172816895552,6.001684496774149,5.77562160168089,5.997970581054688
2018-07-03,6.032636100140193,6.038578649682842,5.855846313849611,5.864264965057373
2018-07-05,5.91948065320206,6.015055910436574,5.880606848884606,6.010104179382324
2018-07-06,5.985591062121803,6.132420630964028,5.964296965797461,6.124001979827881
2018-07-09,6.198283877656718,6.207940343894175,6.092804209992147,6.171542167663574
2018-07-10,6.183921497118877,6.2926196512880805,6.143561943599418,6.270583152770996
2018-07-11,6.177732622987828,6.212397102754668,6.118307125861652,6.1289544105529785
2018-07-12,6.174266065636486,6.268603037083402,6.164361658868203,6.22056770324707
2018-07-13,6.239137973852936,6.239137973852936,6.1311822113942895,6.173274993896484
2018-07-16,6.145543575286865,6.19853111174397,6.1331635392729735,6.145543575286865
2018-07-17,6.096269051704682,6.296581049502372,6.070765635440419,6.281476974487305
2018-07-18,6.274050707052816,6.287916498840646,6.181199017958068,6.232205390930176
2018-07-19,6.213386340709782,6.274049641749316,6.1982827367631765,6.24037504196167
2018-07-20,6.237900990143005,6.276774798529133,6.20125534289747,6.212150096893311
2018-07-23,6.18565512816407,6.187388351945899,6.023721494258759,6.175503253936768
2018-07-24,6.223539709196682,6.310201386239672,6.140591948853144,6.158172130584717
2018-07-25,6.1675808852783085,6.249042886817614,6.109641142353471,6.236414909362793
2018-07-26,6.216358645268822,6.346845847042697,6.199521343224145,6.309952735900879
2018-07-27,6.346597557618773,6.353530452324367,6.186149688791568,6.2401275634765625
2018-07-30,6.254242387853571,6.26018493753637,6.009856389919286,6.044768810272217
2018-07-31,6.034368864177411,6.137619887176132,5.995495062760879,6.062843322753906
2018-08-01,6.09428920783504,6.149504900418717,6.0388255745195,6.102707386016846
2018-08-02,6.031397210672624,6.209424793877807,5.972467602641219,6.205463409423828
2018-08-03,6.229976255033475,6.265879018597601,6.213139425907372,6.2421088218688965
2018-08-06,6.229481124362501,6.293362935749158,6.182931550773149,6.289896488189697
2018-08-07,6.338674667146644,6.380767446871656,6.311933432908973,6.362196922302246
2018-08-08,6.363435442604093,6.443659148260258,6.328523025149277,6.398594856262207
2018-08-09,6.416424598467229,6.419148169345676,6.342390886303695,6.350066661834717
2018-08-10,6.268108313333856,6.341151662796342,6.256966091474557,6.308715343475342
2018-08-13,6.317380584763919,6.462476917248022,6.315647360988424,6.34164571762085
2018-08-14,6.447126619263353,6.487238714592337,6.363931389673089,6.473124980926514
2018-08-15,6.493923401048329,6.527845476327659,6.336199541228857,6.414937973022461
2018-08-16,6.484761425074277,6.487237526531797,6.314161671115202,6.374329566955566
2018-08-17,6.262907836605914,6.26365071427017,6.034863756669964,6.061852931976318
2018-08-20,6.021245991046136,6.269345410037566,5.910814131358197,6.136629581451416
2018-08-21,6.152971952967992,6.276774203642326,6.133163611750823,6.272317409515381
2018-08-22,6.239632952080081,6.51249290565874,6.236166504546452,6.507540702819824
2018-08-23,6.468914633115338,6.672445644275916,6.455048842418472,6.607078075408936
2018-08-24,6.615496156638737,6.754897401558108,6.611039363193839,6.740288734436035
2018-08-27,6.770002309877396,6.905689665111979,6.738556808986583,6.831408500671387
2018-08-28,6.825466139983862,6.8482459936649205,6.673684355082827,6.7937726974487305
2018-08-29,6.786091835147399,6.924330848284435,6.765281772907207,6.899309158325195
2018-08-30,6.868093922661671,6.979329475505755,6.845549687484185,6.882462978363037
2018-08-31,6.8623963408525865,6.966447131731031,6.852486516708724,6.953564643859863
2018-09-04,6.940435676176397,7.066039843682335,6.91194563399865,7.028383731842041
2018-09-05,7.010792231121284,7.046218954191559,6.816564027577982,6.8975749015808105
2018-09-06,6.881224248092872,6.88370170416193,6.723414123957968,6.756363391876221
2018-09-07,6.664204385174988,6.860662451432929,6.619363515888033,6.735058307647705
2018-09-10,6.757603151549819,6.835888976945926,6.713753166271816,6.806159973144531
2018-09-11,6.75983122261317,6.847531176188009,6.739021160244847,6.758345127105713
2018-09-12,6.718459529448638,6.73803110255098,6.488804586032941,6.64438533782959
2018-09-13,6.710283522090219,6.812847738416991,6.692941803451198,6.722175121307373
2018-09-14,6.8125999070236,6.914420835932347,6.7756866189279705,6.848274230957031
2018-09-17,6.822758322391243,6.871810820234506,6.767016740176978,6.786340236663818
2018-09-18,6.790303176920231,6.893114992122036,6.70755813910124,6.71424674987793
2018-09-19,6.695667023887358,6.7558678329086925,6.645623642463099,6.738030433654785
2018-09-20,6.615894337190072,6.658257744994788,6.542811044181288,6.596818447113037
2018-09-21,6.608710358429727,6.654294508214747,6.493511255995898,6.526708126068115
2018-09-24,6.49574131293625,6.585918734038034,6.408537028286132,6.5824503898620605
2018-09-25,6.648597696821813,6.674610280846042,6.562879498959301,6.649588584899902
2018-09-26,6.6545429203547295,6.694924559323308,6.596819560208196,6.612674713134766
2018-09-27,6.647853599013779,6.66915934392789,6.593103377319722,6.624566078186035
2018-09-28,6.756611444065436,6.984284127437641,6.72861661585908,6.961987495422363
2018-10-01,7.039776191098939,7.235490441419025,7.001128737607087,7.168601036071777
2018-10-02,7.141104258834268,7.252834556854036,7.074957642938943,7.097254276275635
2018-10-03,7.167610840214321,7.1750432075830295,6.99939570308202,7.1034464836120605
2018-10-04,7.067277757961227,7.091556167553562,6.842082041988171,6.919129371643066
2018-10-05,6.894354050388063,6.95653663151034,6.628033458984626,6.685509204864502
2018-10-08,6.602267739244149,6.717714425593841,6.443218686376566,6.5841827392578125
2018-10-09,6.563621706253932,6.658258353818684,6.510605658825744,6.578486442565918
2018-10-10,6.4724532467099385,6.518285473777979,6.084492521811402,6.086722373962402
2018-10-11,5.999519030999523,6.133051246897206,5.80355708307763,5.82511043548584
2018-10-12,6.082262606196725,6.182101758509056,5.937086911020595,6.107779502868652
2018-10-15,6.094403021375434,6.094403021375434,5.830312231657939,5.831303119659424
2018-10-16,5.944023356733627,6.101338248043757,5.894723264655099,6.090189933776856
2018-10-17,6.152372550357217,6.190524800934045,5.9725134255778665,6.021565914154053
2018-10-18,6.090934164237156,6.129333551825315,5.873666040437897,5.934114456176758
2018-10-19,5.989360162169669,6.00893125955835,5.641037817561799,5.677455425262451
2018-10-22,5.729729919285471,5.8298166978467085,5.625431512217272,5.728243350982666
2018-10-23,5.460931114851441,5.554081665299659,5.3687719248291295,5.476539134979248
2018-10-24,5.4381390271977095,5.4847140640313015,4.926308357165719,4.940181732177734
2018-10-25,4.842574488106635,5.196347119072711,4.798228811938077,5.149028778076172
2018-10-26,4.912928354909384,5.07470243172047,4.784351607711461,4.91243314743042
2018-10-29,5.053647137905589,5.057115481986102,4.36047069435501,4.598548889160156
2018-10-30,4.621588615043415,5.039030269373038,4.598548699234537,5.029120445251465
2018-10-31,5.19386781893135,5.266703515425004,5.054142226016572,5.223101139068604
2018-11-01,5.259518055463847,5.412869400241688,5.132923043736988,5.403455257415772
2018-11-02,5.394040638317833,5.499825579465871,5.207740046362058,5.32442569732666
2018-11-05,5.311295115168264,5.334583102532908,5.085604257019051,5.246387481689453
2018-11-06,5.238460135607514,5.322691736783866,5.191637027572161,5.228798389434815
2018-11-07,5.295440653612404,5.386113269206301,5.231771503372668,5.296431541442871
2018-11-08,5.237222114481611,5.237965398555852,5.049682989822196,5.103195190429688
2018-11-09,5.014254540172253,5.185690377628479,4.980561999735764,5.0952653884887695
2018-11-12,5.003849810065568,5.025898832064224,4.673860126579969,4.695661544799805
2018-11-13,4.793520675569483,5.059097562634948,4.787326798601363,4.937705039978027
2018-11-14,5.110873723442624,5.12524277693226,4.777168533854563,4.885182857513428
2018-11-15,4.879236917101044,5.086099964993403,4.843314520681664,5.014007568359375
2018-11-16,4.046087799657458,4.227928681765143,4.003723925905142,4.073586940765381
2018-11-19,4.008184331021062,4.008927142509664,3.583062495239476,3.584796667098999
2018-11-20,3.3212015790920018,3.821636121388168,3.302621131351338,3.6933069229125977
2018-11-21,3.8305549478454615,3.847401224170112,3.557793313919319,3.5850446224212646
2018-11-23,3.5503606880435714,3.7059411776203417,3.537478201540564,3.592228651046753
2018-11-26,3.7133740152633816,3.802064864048757,3.6308765704313872,3.791659832000733
2018-11-27,3.7656473920173807,3.88976521371104,3.7297252202233344,3.808506488800049
2018-11-28,3.926182325074507,3.970775588309077,3.79364149964199,3.965573072433472
2018-11-29,3.967805128508462,4.005003206988382,3.872081909247066,3.902336359024048
2018-11-30,3.91200867094074,4.063529279150907,3.8616671148062816,4.052865982055664
2018-12-03,4.280268998642408,4.331850500592132,4.149827188481323,4.2167840003967285
2018-12-04,4.172147203144855,4.17710707338213,3.881009536806341,3.896136999130249
2018-12-06,3.755527315295863,3.930358698115632,3.73990415176292,3.9253990650177
2018-12-07,3.9296142422503344,3.939781831917768,3.611198074867259,3.6605474948883057
2018-12-10,3.615662442791916,3.790741927300637,3.611942540304613,3.7659430503845215
2018-12-11,3.8576981762237192,3.8658817717740814,3.595823118612139,3.674931287765503
2018-12-12,3.68063500194996,3.788757652714547,3.591359477332313,3.692538499832153
2018-12-13,3.739407637188172,3.803636425003909,3.6563317261988257,3.6922898292541504
2018-12-14,3.650627988721624,3.734447930986444,3.608222196233818,3.631781101226807
2018-12-17,3.6017754127286525,3.6739397281431625,3.502580135298586,3.5606093406677246
2018-12-18,3.604502424666661,3.728000377802646,3.5772238533995115,3.643932580947876
2018-12-19,3.610206388803429,3.663771893097501,3.3832975554247557,3.4348790645599365
2018-12-20,3.4264478728000904,3.5164674324180214,3.290550461520313,3.350315570831299
2018-12-21,3.3768498320772307,3.409832302694776,3.1856512580264527,3.2131779193878174
2018-12-24,3.1367978915641648,3.223345632716314,3.087448227801344,3.1514291763305664
2018-12-26,3.197555504548528,3.301710425465391,3.0864569537704942,3.3007185459136963
2018-12-27,3.248392322603918,3.282862613111955,3.104311323412293,3.2528560161590576
2018-12-28,3.273439298370308,3.4071048650823075,3.2315294365884317,3.314357280731201
2018-12-31,3.357755055550599,3.390241351954662,3.279886848319198,3.3106374740600586
2019-01-02,3.239712573772555,3.434134866200361,3.2250812901389825,3.378089666366577
2019-01-03,3.317829383020252,3.3518037393822246,3.1665568792148475,3.1739964485168457
2019-01-04,3.2471527571832177,3.4155364766877137,3.21640236516384,3.3773465156555176
2019-01-07,3.434631452761078,3.593095656965537,3.3832977916247238,3.556145429611206
2019-01-08,3.637733312311592,3.6399653957133737,3.394953209683949,3.467613697052002
2019-01-09,3.518947101861109,3.583176140957096,3.4683577052001247,3.5358104705810547
2019-01-10,3.516467289488433,3.6102065113096393,3.455958154834365,3.601526975631714
2019-01-11,3.579207873323792,3.713617453983824,3.5514333604048423,3.690802574157715
2019-01-14,3.638476990412451,3.756023202125144,3.614918083154748,3.7307283878326416
2019-01-15,3.7634629967161226,3.802893157739441,3.698242316692817,3.7165935039520255
2019-01-16,3.743871765095509,3.776853997983333,3.6855947185082942,3.691050291061402
2019-01-17,3.658068443813565,3.8023973006085217,3.630789632173888,3.762471199035645
2019-01-18,3.812316355206841,3.917711213908895,3.760734849159757,3.891672372817993
2019-01-22,3.861418204040838,3.8730736140524855,3.6590601553922952,3.689314603805542
2019-01-23,3.7446157425755113,3.833395322653484,3.6709633856002513,3.702209711074829
2019-01-24,3.786773466002744,3.9318460884197695,3.7820616849986384,3.914239168167114
2019-01-25,3.8547229870947786,3.9896282936208607,3.752056128846915,3.971525192260742
2019-01-28,3.386273196565319,3.5124989377991334,3.2486401343278577,3.4224793910980225
2019-01-29,3.376353712934996,3.424711492931395,3.2488880036770524,3.263519287109375
2019-01-30,3.3396519661493755,3.4214879276411487,3.260047851516539,3.407104730606079
2019-01-31,3.403880459302214,3.600534837150917,3.382057459382802,3.56482458114624
2019-02-01,3.5834238794952102,3.640213111834888,3.5358103590223795,3.589127540588379
2019-02-04,3.6049991829720103,3.736680761042508,3.582928327484572,3.6994826793670654
2019-02-05,3.711385668063448,3.755279524174294,3.6776594035318073,3.7185773849487305
2019-02-06,3.7518082060344686,3.8586911480545862,3.74635263212368,3.7942142486572266
2019-02-07,3.747839896730978,3.750071743591406,3.612934604227032,3.655836343765259
2019-02-08,3.588631197852576,3.6850984319181888,3.57424800268967,3.6744351387023926
2019-02-11,3.6302930459116847,3.684602334922174,3.583423323978086,3.631781101226807
2019-02-12,3.670219984146837,3.7644553892836727,3.655836549791955,3.748831987380981
2019-02-13,3.778341977866072,3.864393771137976,3.764702573756817,3.791237354278565
2019-02-14,3.790245845313,3.860426394741401,3.747095782178883,3.832155704498291
2019-02-15,4.040961831489088,4.063776477934313,3.879025803853238,3.901840686798096
2019-02-19,3.8911767300506352,3.965077180813806,3.872081751893534,3.8844809532165527
2019-02-20,3.913743282532197,3.999051050043662,3.9025840493253865,3.9318463802337646
2019-02-21,3.944493841356297,3.969044390512464,3.8482744572713674,3.862905740737915
2019-02-22,3.914735906207042,3.9665652713235433,3.9010965000186486,3.947718143463135
2019-02-25,4.0312902570000775,4.098742787227699,3.9266391742064974,3.935318946838379
2019-02-26,3.930607186610117,3.986652394373837,3.862410391694392,3.895888805389404
2019-02-27,3.8815048155969234,3.9080393584325415,3.796940845000403,3.853978157043457
2019-02-28,3.8477725466301065,3.8701144896185062,3.8070607405017713,3.829402446746826
2019-03-01,3.879299312727708,3.9259690005805647,3.820962202911636,3.88376784324646
2019-03-04,3.922245534230172,3.94508392756672,3.835360254696853,3.8919599056243896
2019-03-05,3.876321221454264,3.923735714249788,3.8219559427088265,3.885506391525269
2019-03-06,3.876568511983019,3.885008648310365,3.771809826820919,3.774540424346924
2019-03-07,3.7509570860028254,3.760638703941452,3.659107071172099,3.705280303955078
2019-03-08,3.615913879498046,3.7502136690795993,3.5945648341855274,3.73953914642334
2019-03-11,3.763121653814735,4.023032229792343,3.715955277059254,4.000194072723389
2019-03-12,4.027997866728092,4.080873554612117,3.951787093695173,4.034452438354492
2019-03-13,4.071936088051109,4.2151724334372265,4.06448861627599,4.185879707336426
2019-03-14,4.195065715272198,4.206981483103949,4.102222537193803,4.109918117523193
2019-03-15,4.153112242007698,4.25811929046017,4.149636849330282,4.215421676635742
2019-03-18,4.246946960786696,4.3008160035609695,4.167012481260316,4.194071292877197
2019-03-19,4.288652771609706,4.406320374937149,4.271772496830412,4.361884593963623
2019-03-20,4.390928451852139,4.444300811746411,4.2946099076537365,4.32936429977417
2019-03-21,4.352452160697178,4.592503315358657,4.3474871786113205,4.566189289093018
2019-03-22,4.53888117911265,4.5875366600448615,4.392417575407308,4.40631914138794
2019-03-25,4.365607611629418,4.429902358219532,4.247691927068241,4.3139729499816895
2019-03-26,4.4557208243826,4.511823793451573,4.334329717182809,4.390681266784668
2019-03-27,4.416249389634117,4.46267049042072,4.311987164500643,4.381494998931885
2019-03-28,4.407561535552774,4.46589888840975,4.3469902723102765,4.4001145362854
2019-03-29,4.466889860764587,4.481784799839448,4.416496690005557,4.457456588745117
2019-04-01,4.549309249321883,4.555267133437208,4.477567006353605,4.524981498718262
2019-04-02,4.549060773251855,4.587290092527988,4.506114579085595,4.542854309082031
2019-04-03,4.592502391517142,4.741448509723138,4.587537410430056,4.682366371154785
2019-04-04,4.666974919432424,4.715878985732837,4.610623855457877,4.673429489135742
2019-04-05,4.716624718979463,4.757585108286332,4.680133097350476,4.740207672119141
2019-04-08,4.709673202116673,4.786132299517222,4.685593565147603,4.761059761047363
2019-04-09,4.727546833291159,4.738717803738156,4.656052717127702,4.698254108428955
2019-04-10,4.697508012656875,4.794570854321299,4.693039720413186,4.768753528594971
2019-04-11,4.77123874234604,4.802765859958015,4.705454382316945,4.754854679107666
2019-04-12,4.7935794216616605,4.797551501254336,4.708183735055764,4.716872215270996
2019-04-15,4.709177049192152,4.714142030746354,4.545336445797116,4.585055351257324
2019-04-16,4.624278531733449,4.69105578879925,4.591510407588774,4.672189235687256
2019-04-17,4.707190823120009,4.728043175590455,4.627008224820563,4.649350166320801
2019-04-18,4.656052982312081,4.6900621095954165,4.596970841730659,4.624773979187012
2019-04-22,4.601191220347752,4.694282492094987,4.56966458237769,4.678643226623535
2019-04-23,4.69179926876619,4.76453486273526,4.682117887865082,4.733255863189697
2019-04-24,4.743683564760098,4.786381654836479,4.682864188966545,4.745669841766357
2019-04-25,4.705452648792362,4.7277945880216405,4.560230517288668,4.63991641998291
2019-04-26,4.486005694939584,4.490474461932608,4.30205755227284,4.420966148376465
2019-04-29,4.428910691860955,4.479552466212444,4.3566717668059525,4.451749324798584
2019-04-30,4.419477039268486,4.518774302640437,4.400362381173807,4.493205547332764
2019-05-01,4.54558392831686,4.587785314360306,4.479799122330951,4.480047702789307
2019-05-02,4.489729574225346,4.589274931752551,4.446535282082705,4.54757022857666
2019-05-03,4.55600997519874,4.5659394621434775,4.481536692423628,4.5431013107299805
2019-05-06,4.35667249219843,4.476822613576484,4.319436068249699,4.464658737182617
2019-05-07,4.416250438270823,4.416250438270823,4.249182542008485,4.297341823577881
2019-05-08,4.2697869736578,4.397632182252245,4.257871206275026,4.317449569702148
2019-05-09,4.24843645833115,4.258117838418727,4.105944933660761,4.224853038787842
2019-05-10,4.194072775236658,4.259609024226092,4.071192071638092,4.190845489501953
2019-05-13,4.058778808073023,4.081865541559827,3.917528283374336,3.9334158897399902
2019-05-14,3.973135043120067,4.057786409733246,3.9344092789353184,4.022535800933838
2019-05-15,3.9669286992197774,3.9979591185944376,3.907598694572986,3.961467504501343
2019-05-16,3.956007124736421,4.019309225498667,3.9135576171714495,3.9766111373901367
2019-05-17,3.934658185728068,4.063992981008718,3.846283544070432,3.885754108428955
2019-05-20,3.786952392566227,3.8420624474411738,3.7422685131015,3.767092943191528
2019-05-21,3.8279134310166425,3.86514984810993,3.7891874246633375,3.849262237548828
2019-05-22,3.8105359517231343,3.83660139280866,3.7673414201847377,3.778264284133911
2019-05-23,3.7159549774796736,3.7159549774796736,3.597294724078589,3.657121419906616
2019-05-24,3.6759877758779935,3.7112383841353713,3.5965499721659677,3.603252649307251
2019-05-28,3.620878209273767,3.653646329294585,3.556086527055625,3.558072566986084
2019-05-29,3.510409509567113,3.54541177425399,3.449093460426626,3.483847618103028
2019-05-30,3.487078301801255,3.522866161310537,3.418981941553486,3.4572551250457764
2019-05-31,3.4082956012937635,3.4756463241221667,3.364803375009876,3.3665430545806885
2019-06-03,3.3777272319448,3.416497442188703,3.295465026568568,3.324791193008423
2019-06-04,3.388910773357076,3.559151705913854,3.366791954591288,3.5539326667785645
2019-06-05,3.627744892643585,3.633212558722101,3.4749010028036733,3.511185884475708
2019-06-06,3.5154106121664577,3.5979214292520445,3.5129252880520987,3.573317289352417
2019-06-07,3.579282409342889,3.650360886387075,3.5601456957425777,3.616064310073853
2019-06-10,3.672230488647284,3.757475248295853,3.672230488647284,3.6888818740844727
2019-06-11,3.7487774820206825,3.786553654968954,3.707025169200277,3.746540784835816
2019-06-12,3.703048421060104,3.7092617319190295,3.6183008992610968,3.633460998535156
2019-06-13,3.655579563899625,3.7030481653211114,3.637934141500619,3.684657335281372
2019-06-14,3.591459829466143,3.6158153428318336,3.549955911049513,3.594690561294556
2019-06-17,3.592951118835132,3.641413995567436,3.570086656263112,3.6043834686279297
2019-06-18,3.6657687579964096,3.854897493602935,3.6548336649289386,3.799476146697998
2019-06-19,3.83476754143745,3.8461996535233953,3.779345949502448,3.805441379547119
2019-06-20,3.896153960993189,3.910071398638725,3.8153828127828815,3.8297972679138175
2019-06-21,3.814885326954679,3.864093607171875,3.765179792299545,3.771641492843628
2019-06-24,3.7930154121151145,3.8235842394611055,3.745795195234773,3.7940094470977774
2019-06-25,3.7989795791604313,3.874034661452288,3.761949055438212,3.764682769775391
2019-06-26,3.892176759680447,4.019174062336958,3.879253359743063,3.958036184310913
2019-06-27,4.04377920990899,4.075839092439451,4.007742713084501,4.056702613830566
2019-06-28,4.1006908868851575,4.10988653860592,4.03483145766325,4.081554412841797
2019-07-01,4.288825805159322,4.323122615515228,4.09224106919738,4.1297688484191895
2019-07-02,4.113116575740733,4.13424159112029,4.01867664105985,4.031848430633545
2019-07-03,4.055210224542983,4.060926517160428,3.984877403867295,4.044772148132324
2019-07-05,3.9863688825457615,3.9908422763590794,3.918769298828953,3.982143878936768
2019-07-08,3.922497961210568,3.9413860485914256,3.8770176595563823,3.9070892333984375
2019-07-09,3.864839143950756,3.937657531861115,3.852164369658013,3.909574031829834
2019-07-10,3.953066570011489,4.035328769829008,3.939149132509588,3.977919340133667
2019-07-11,4.050986001267833,4.173261311378985,4.013707082046777,4.132503032684326
2019-07-12,4.160337868493558,4.236635859966446,4.160337868493558,4.165556907653809
2019-07-15,4.186681425249303,4.202835321264007,4.128774746944817,4.157106399536133
2019-07-16,4.142195070788235,4.179473986449253,4.096714537707142,4.1523847579956055
2019-07-17,4.154123771357757,4.224705451785818,4.124797613576171,4.217746734619141
2019-07-18,4.228185866099555,4.292305625724509,4.17152160585642,4.229428291320801
2019-07-19,4.267700945576737,4.274162408804648,4.18021924660301,4.186183929443359
2019-07-22,4.207558201715109,4.270683927889272,4.200102228125209,4.257760524749756
2019-07-23,4.297026527032312,4.367607728760677,4.281368940416801,4.365619659423828
2019-07-24,4.40886463612338,4.445895164830894,4.332815508745869,4.440178871154785
2019-07-25,4.398675768415792,4.411350783351788,4.28559609124026,4.308957576751709
2019-07-26,4.336045447579521,4.397679868014883,4.336045447579521,4.350956916809082
2019-07-29,4.343751124103277,4.3608995322197295,4.256518267965779,4.34474515914917
2019-07-30,4.2982694759554,4.372578909284794,4.283854786438083,4.360401153564453
2019-07-31,4.328838859146501,4.329833368146726,4.1508938002358375,4.193143367767334
2019-08-01,4.203580931811355,4.294044739673638,4.0465120486302375,4.098702907562256
2019-08-02,4.006001949310303,4.075341209257975,3.958533588034983,4.006001949310303
2019-08-05,3.822340723599914,3.823583385557519,3.7005626959170006,3.747534275054932
2019-08-06,3.822341202540872,3.867821498222964,3.7385877196149058,3.786304712295532
2019-08-07,3.725415369791967,3.836506935610489,3.70801857573188,3.824577569961548
2019-08-08,3.882235714692167,3.9344263320053954,3.824826059348968,3.933183670043945
2019-08-09,3.892177205377472,3.895656564450305,3.7813342584567233,3.831785202026367
2019-08-12,3.7795948285776633,3.831785455131124,3.7420672839464304,3.763937711715698
2019-08-13,3.762446296724016,3.924237209938749,3.723427700985389,3.878259658813477
2019-08-14,3.7900319999135736,3.801215719858007,3.685899398956796,3.729640007019043
2019-08-15,3.748528973659872,3.768411094475505,3.663035806749933,3.697332382202149
2019-08-16,3.960274162821,4.014701254013133,3.898887878417044,3.9654932022094727
2019-08-19,4.078821497718055,4.26024592540269,4.062667124998214,4.244339942932129
2019-08-20,4.2388715125138505,4.239368766922204,4.150893034266354,4.172018051147461
2019-08-21,4.238126408697487,4.31069617189794,4.216504608676178,4.255523204803467
2019-08-22,4.265216706355376,4.307714667627918,4.222469880798671,4.26173734664917
2019-08-23,4.185191464387454,4.239618800946084,4.017187195096024,4.037069320678711
2019-08-26,4.115851670999946,4.139958795850295,4.073602104954902,4.111875057220459
2019-08-27,4.150148149341051,4.152881864019692,3.9918368219714617,4.021162986755371
2019-08-28,3.9947923287685154,4.063453365365756,3.955486005128769,4.010713577270508
2019-08-29,4.102263197705164,4.186845983183328,4.098780393873585,4.154505729675293
2019-08-30,4.200776839395532,4.250531582304488,4.149032058609063,4.167192459106445
2019-09-03,4.094302405565951,4.127389040628914,4.061215770502987,4.084102630615234
2019-09-04,4.144802736736792,4.205752271082758,4.144802736736792,4.198288917541504
2019-09-05,4.300534335528838,4.477660492255425,4.298792934015318,4.471441268920898
2019-09-06,4.448056409529271,4.50502539011228,4.406262771161166,4.444324970245361
2019-09-09,4.475421630386702,4.576921145805216,4.4739288648521,4.490347862243652
2019-09-10,4.457509758434235,4.583637529606938,4.447807731689337,4.557019233703613
2019-09-11,4.571696820053337,4.633890004725304,4.542590265379969,4.585628032684326
2019-09-12,4.632148389282477,4.686878218448276,4.576174430762729,4.584135055541992
2019-09-13,4.517464675570811,4.554531858796533,4.482387530190539,4.526171684265137
2019-09-16,4.451041706197594,4.51771271010622,4.440593297155696,4.483133316040039
2019-09-17,4.48985045034441,4.508757231539824,4.443329880099951,4.504528045654297
2019-09-18,4.497562179578609,4.5132347928098495,4.390838468771139,4.477411270141602
2019-09-19,4.483382620609036,4.501792131710372,4.391087852480991,4.401785373687744
2019-09-20,4.400790440580646,4.4244236829464265,4.285857447244734,4.296056747436523
2019-09-23,4.29630554865569,4.395068171946757,4.292573634711439,4.349542617797852
2019-09-24,4.380888065563393,4.410491892305795,4.2565016966331095,4.292076110839844
2019-09-25,4.291578382503885,4.453529678484816,4.246799213578349,4.433876514434815
2019-09-26,4.424173978041817,4.432880984941376,4.360736671206408,4.4117350578308105
2019-09-27,4.36994133485268,4.420691084378168,4.212219246193684,4.27292013168335
2019-09-30,4.298793249839596,4.3405868892345865,4.267447545796994,4.330387115478516
2019-10-01,4.353522596217245,4.502786322986812,4.323918771625963,4.3286452293396
2019-10-02,4.306754308716889,4.318695485316212,4.232371302833428,4.304764270782471
2019-10-03,4.309241835701423,4.516718224594785,4.278891623782578,4.510499000549316
2019-10-04,4.512738085662886,4.556273606940828,4.447559833553351,4.526918411254883
2019-10-07,4.591847256252254,4.685385669343944,4.583140248357887,4.585628032684326
2019-10-08,4.493830854054005,4.493830854054005,4.390839043275722,4.408999443054199
2019-10-09,4.485870538925105,4.545078675252049,4.457013090860129,4.495572566986084
2019-10-10,4.493332996545902,4.604285418562708,4.488108792132456,4.553287029266357
2019-10-11,4.637372924506512,4.710263156568549,4.618466142747165,4.626924514770508
2019-10-14,4.618216073199913,4.661253832649928,4.587119486539022,4.64035701751709
2019-10-15,4.730661566964958,4.957791055085901,4.716729882835394,4.885149002075195
2019-10-16,4.851068340162737,4.956050654664867,4.819971748238617,4.831415176391602
2019-10-17,4.875945994094984,4.920973801102022,4.77892429895346,4.8334059715271
2019-10-18,4.833903233939169,4.866492593180883,4.664489052295337,4.738872051239014
2019-10-21,4.800319653641554,4.8896293740333325,4.781412868396996,4.876195430755615
2019-10-22,4.933162033101366,5.038392956150287,4.858530421809364,4.866242408752441
2019-10-23,4.784149870654579,4.867488529675018,4.752306888189692,4.85330867767334
2019-10-24,4.894603879386092,4.9309246796903645,4.860522227523747,4.897340774536133
2019-10-25,4.97794235078594,5.109294320975441,4.970230362044032,5.08839750289917
2019-10-28,5.13218122439773,5.196862191304608,5.102826034589851,5.144371509552002
2019-10-29,5.130440282382631,5.1369086169008185,5.028692602237494,5.048096656799316
2019-10-30,5.07496482585742,5.080686778443445,4.981923665655239,5.050087451934815
2019-10-31,5.029190349721458,5.050087171838714,4.920974324831084,5.000830173492432
2019-11-01,4.965503013717535,5.07222671780455,4.940377012016842,5.039886474609375
2019-11-04,5.120986835728458,5.24910512475449,5.097851341962208,5.236666202545166
2019-11-05,5.23641705945222,5.262538081818177,5.166511889242145,5.21452522277832
2019-11-06,5.190394904823202,5.216018183842445,5.0777005910714665,5.165268898010254
2019-11-07,5.251841098589784,5.266518693400911,5.138151779198008,5.182930946350098
2019-11-08,5.166014139031716,5.200593529581778,5.1284492179182175,5.168999195098877
2019-11-11,5.168254218829964,5.20208723594572,5.081930036988594,5.178951740264893
2019-11-12,5.217261643050518,5.270499181059885,5.182184502661719,5.21452522277832
2019-11-13,5.18317967704351,5.210793465658303,5.122230623026567,5.188652992248535
2019-11-14,5.197609110242489,5.22124282576946,5.137655069566704,5.219003677368164
2019-11-15,5.216764391898366,5.268509169402575,4.9913762464412725,5.079690933227539
2019-11-18,5.072228105610545,5.3075669387113455,5.069243048674247,5.280948638916016
2019-11-19,5.249851989097103,5.273485231718111,5.116012210624604,5.174224853515625
2019-11-20,5.151337528531729,5.337419344781461,5.138649970209123,5.253582954406738
2019-11-21,5.2491049532479135,5.304829804536593,5.207062204197902,5.228705406188965
2019-11-22,5.251343025020442,5.297863590787925,5.222734219897955,5.246367931365967
2019-11-25,5.374486270439708,5.508077394367964,5.361550076637497,5.503101825714111
2019-11-26,5.485438433350707,5.490165365691559,5.391900024776435,5.3983683586120605
2019-11-27,5.443926752002921,5.478282363040418,5.406832226997899,5.433221340179443
2019-11-29,5.40235189872902,5.430732521850412,5.371978819868479,5.395878791809082
2019-12-02,5.388907843241032,5.402351695663904,5.194224126569282,5.209410190582275
2019-12-03,5.02568116134667,5.173809996708788,4.988337809347853,5.169826984405518
2019-12-04,5.253476046951107,5.2758821535718665,5.185013154430562,5.2136430740356445
2019-12-05,5.235550660857527,5.2512348378845175,5.1660915520783215,5.196713447570801
2019-12-06,5.26592315329067,5.314967664062575,5.255964674519228,5.282104969024658
2019-12-09,5.259201227604587,5.336875652574783,5.250487796102776,5.282104969024658
2019-12-10,5.312229314404951,5.378949989630973,5.259450605909491,5.32716703414917
2019-12-11,5.337622416659092,5.416292592041751,5.335132797045201,5.410815238952637
2019-12-12,5.381937478405711,5.596537694519019,5.37297522605378,5.57836389541626
2019-12-13,5.581352818305823,5.700602938130637,5.5223498074069735,5.57637357711792
2019-12-16,5.623924661202708,5.677699140505195,5.595792373737581,5.605252742767334
2019-12-17,5.623922883360138,5.706078443780751,5.61446251732101,5.6834235191345215
2019-12-18,5.718277742037532,5.774293009615607,5.7098131282974665,5.713796615600586
2019-12-19,5.748401204138719,5.875368978519041,5.7434219640030655,5.86192512512207
2019-12-20,5.928395946500979,5.984660025126144,5.909226396128389,5.959266662597656
2019-12-23,5.987897833591044,6.020013128912423,5.934870297115887,5.94557523727417
2019-12-24,5.930139982902813,5.957774152024665,5.895783886189908,5.940596103668213
2019-12-26,5.944080410545374,5.982917627067162,5.925159678790161,5.9547858238220215
2019-12-27,5.969971983202359,5.983415836185738,5.870638377330423,5.897027969360352
2019-12-30,5.8751205101608805,5.88034857016189,5.752385035074509,5.783753395080566
2019-12-31,5.74840166366801,5.867402948252175,5.729232109944443,5.857942581176758
2020-01-02,5.9438323458902245,5.972711086273193,5.893294431508401,5.972711086273193
2020-01-03,5.852962643555382,5.920927891690787,5.828066918698495,5.877111434936523
2020-01-06,5.783752677551418,5.906985776484988,5.757612380789321,5.901757717132568
2020-01-07,5.930138431177866,6.019015909273945,5.885077405904692,5.973207950592041
2020-01-08,5.96897588148792,6.025738074340732,5.928894094117327,5.984411239624023
2020-01-09,6.070799029601755,6.122581982150514,5.9963611540245205,6.050135612487793
2020-01-10,6.157435973615166,6.1878085769213,6.068309669696577,6.082499980926514
2020-01-13,6.165652062086612,6.298345533895366,6.142996662156509,6.273200988769531
2020-01-14,6.2303794501994325,6.255773286324428,6.142995840249502,6.156190872192383
2020-01-15,6.168888134663605,6.191294240174743,6.087728325784851,6.113619804382324
2020-01-16,6.167144704474955,6.203243478428543,6.143742848739055,6.197268486022949
2020-01-17,6.216438804380248,6.223907664522405,6.158432034330932,6.205982685089111
2020-01-21,6.169386603778593,6.206232317702792,6.138515883324439,6.172623157501221
2020-01-22,6.2179320378107565,6.31328214916235,6.199011307255704,6.226645469665527
2020-01-23,6.266728646869447,6.303573885569527,6.17785115411572,6.295109272003174
2020-01-24,6.410625215974029,6.460416669726017,6.181585383438573,6.235857963562012
2020-01-27,5.931135650144736,6.030967384834202,5.781512932748204,5.979931354522705
2020-01-28,6.0459039945234325,6.205733996094914,5.992627169050778,6.173369884490967
2020-01-29,6.158930819849385,6.195029602202983,6.073040580811755,6.112874031066895
2020-01-30,6.015032441667756,6.13303794884411,5.960013412079757,6.119594097137451
2020-01-31,6.073786563387318,6.085736549108136,5.844249114148539,5.886073589324951
2020-02-03,5.867900089648736,6.002585543127391,5.861676276932812,5.983167171478272
2020-02-04,6.125072365542695,6.171627264734755,6.075032093142522,6.152457237243652
2020-02-05,6.273449793378493,6.2836570930732725,6.159427759888117,6.242828369140625
2020-02-06,6.277185351857261,6.329714775085449,6.196025531571289,6.329714775085449
2020-02-07,6.289632406835149,6.311789693895024,6.2380982666346805,6.263492107391357
2020-02-10,6.286145572720266,6.547549456102754,6.28116633355102,6.546802997589111
2020-02-11,6.655099278686949,6.784058542695625,6.593109029008936,6.669289588928223
2020-02-12,6.722068677474387,6.791527790373585,6.6832314618840165,6.785054683685303
2020-02-13,6.7270482822324205,6.808456910244624,6.699662936781949,6.741238594055176
2020-02-14,7.151519654966202,7.343464966929411,7.120151293435054,7.214505672454834
2020-02-18,7.111186706609884,7.401719103592804,7.091768337836388,7.383296012878418
2020-02-19,7.505783282504011,7.852330490038521,7.505783282504011,7.834654331207275
2020-02-20,7.786606389380054,7.874985762914749,7.3778200907806335,7.685281276702881
2020-02-21,7.573001336629805,7.598145879453889,7.236163325813091,7.321057319641113
2020-02-24,6.726549318274222,7.017330537739349,6.6720279286582125,6.803476810455322
2020-02-25,6.878663083766325,6.940653345744052,6.422077272699808,6.523900508880615
2020-02-26,6.524148719032224,6.857501383409124,6.522655326902824,6.663315296173096
2020-02-27,6.349692063052161,6.651109629275853,6.199979866175503,6.292397975921631
2020-02-28,6.0398045327192005,6.787120105658989,6.023114625562157,6.727583885192871
2020-03-02,6.897723580832641,6.914911901595098,6.501646248420042,6.88601541519165
2020-03-03,6.941814303201296,7.001599490313207,6.538014727936556,6.623457908630371
2020-03-04,6.730822256303382,7.096757741227879,6.656090415241344,7.087291717529297
2020-03-05,6.887759038719805,7.0546595502968055,6.763206432322953,6.807796478271484
2020-03-06,6.628192183854788,6.685735718620198,6.426915009073002,6.627195835113525
2020-03-09,5.976034899514519,6.461790327800751,5.933189051119755,6.114039421081543
2020-03-10,6.390544861684652,6.503638744354248,6.127739265412569,6.503638744354248
2020-03-11,6.363641753017681,6.39203982756586,6.04254523866776,6.13969612121582
2020-03-12,5.616325351703775,5.881871473624612,5.375689843169427,5.388394355773926
2020-03-13,5.741875759107956,6.003934490620265,5.470600445132963,5.99945068359375
2020-03-16,5.291243916139393,5.632269316720152,4.832641293508207,4.892426490783691
2020-03-17,5.004773533023029,5.501738721202528,4.757910421457776,5.412309646606445
2020-03-18,4.984595491641853,5.229714841006499,4.500833296746045,5.052351951599121
2020-03-19,5.030928630332004,5.398857323594585,4.817445852133635,5.305193901062012
2020-03-20,5.455403601902111,5.737390671237134,5.109894917756142,5.125339508056641
2020-03-23,5.124342371685618,5.392629038218795,4.94523578403476,5.2982177734375
2020-03-24,5.704509604298954,6.293892852764126,5.680844778776686,6.2072038650512695
2020-03-25,6.322290934638857,6.522073353340825,6.069698230390393,6.118523120880127
2020-03-26,6.325778119316937,6.532037508762165,6.227630880895632,6.407983303070068
2020-03-27,6.227630747488496,6.554456877535488,6.194748864743846,6.2956366539001465
2020-03-30,6.361150580525666,6.625202449902518,6.317058946170579,6.61598539352417
2020-03-31,6.656092403954627,6.860359117117508,6.420688008292266,6.566414833068848
2020-04-01,6.368374496985527,6.514848189437462,6.010410260329123,6.054999828338623
2020-04-02,6.0841456956311735,6.377093575637471,6.036068666788707,6.363891124725342
2020-04-03,6.326276373123672,6.36787690075576,5.9384197292098895,6.075925827026367
2020-04-06,6.358161669354053,6.722851885838275,6.300618139342483,6.685984134674072
2020-04-07,6.907687999820813,6.931353301048812,6.409477533621597,6.452572822570801
2020-04-08,6.561680920456541,6.674774815395127,6.49168231495453,6.649864196777344
2020-04-09,6.775662320016959,6.798579765085931,6.487198233377991,6.550221920013428
2020-04-13,6.490437077961526,6.7308236715994,6.402004832150639,6.722105026245117
2020-04-14,6.850394438952015,7.107470956723758,6.822743740739703,7.073343753814697
2020-04-15,6.905196214417297,7.078822670323194,6.8598592640862055,6.995870590209961
2020-04-16,7.151312306162438,7.448245571354092,7.138109855666511,7.341130256652832
2020-04-17,7.423335631647237,7.444758791564301,7.147825499334957,7.281844139099121
2020-04-20,7.155298874486627,7.311238611979979,7.10622501863173,7.1505656242370605
2020-04-21,7.032489327158765,7.093768805205675,6.653849298267767,6.713634490966797
2020-04-22,6.905943330801676,7.170991532617259,6.86035741384118,7.128145217895508
2020-04-23,7.1702448389106745,7.302270303040195,7.049677622078282,7.0748372077941895
2020-04-24,7.0646238473465095,7.215830320819517,6.9898919999060425,7.213837623596191
2020-04-27,7.348354905783753,7.560343402850645,7.323693257528816,7.400417804718018
2020-04-28,7.547888175454871,7.577781011702424,7.2524496465999135,7.257929801940918
2020-04-29,7.392695962856682,7.487605185245259,7.317466171578935,7.434794902801514
2020-04-30,7.380738027684957,7.434794096496266,7.266897241974005,7.280847072601318
2020-05-01,7.083306497775557,7.19664934907171,6.995870611068839,7.044197082519531
2020-05-04,6.996868298251451,7.269887827289609,6.996868298251451,7.256186962127685
2020-05-05,7.360313119166825,7.479883526385668,7.256186830897702,7.317217826843262
2020-05-06,7.3966810122943665,7.522977342988258,7.358816914896721,7.4181036949157715
2020-05-07,7.557354256934322,7.657743633586843,7.506038735718719,7.594470977783203
2020-05-08,7.666213192327414,7.790765804632102,7.632334961602464,7.784538269042969
2020-05-11,7.779556511968252,8.083465208101732,7.75090946645462,8.036633491516113
2020-05-12,8.09442500897853,8.143249419961077,7.764858809454808,7.774573802947998
2020-05-13,7.8891629963640995,8.049586547202551,7.567568039216386,7.752155303955078
2020-05-14,7.813682930236142,8.007237776505448,7.659984877841101,8.001757621765137
2020-05-15,7.861509524229491,8.470073135292493,7.84581596801545,8.460358619689941
2020-05-18,8.729145557605761,8.884587360341651,8.649431958807005,8.718932151794434
2020-05-19,8.758787379916113,9.054973244527355,8.73138565707081,8.773983001708984
2020-05-20,8.958821478506978,9.010635416655411,8.85693733137606,8.937896728515625
2020-05-21,9.01910424269512,9.02010011626101,8.706227945758142,8.743843078613281
2020-05-22,8.79366055404706,9.060452906516476,8.682061933624388,8.993941307067871
2020-05-26,9.123976152537182,9.14888724341948,8.640961360921684,8.68654727935791
2020-05-27,8.594131140405484,8.601852962248168,7.968129524399917,8.494738578796387
2020-05-28,8.382139731851998,8.729143633781227,8.349257855837854,8.456623077392578
2020-05-29,8.523881647488603,8.843732833862305,8.454630429970205,8.843732833862305
2020-06-01,8.801634470893298,8.809107323144048,8.658398784434446,8.774730682373047
2020-06-02,8.764766537889338,8.805619204087826,8.627011016777246,8.793662071228027
2020-06-03,8.79067327558995,8.834515461445866,8.668860284656779,8.73811149597168
2020-06-04,8.700730450365272,8.915307951433638,8.650388313186495,8.739110946655273
2020-06-05,8.76702323178457,8.968889941958485,8.680793320953649,8.892130851745605
2020-06-08,8.849513336180427,8.861974090615535,8.658611954317422,8.77748966217041
2020-06-09,8.77250569279575,9.08128752224403,8.723908082117857,9.017736434936523
2020-06-10,9.139104840277776,9.470316335715768,9.124898612824182,9.337482452392578
2020-06-11,9.121411378573432,9.232313713247065,8.758549290684753,8.768767356872559
2020-06-12,9.13387443067399,9.158546862084368,8.676058794208593,8.904592514038086
2020-06-15,8.787706903157721,9.15355982883939,8.716429531117667,9.145086288452148
2020-06-16,9.196176775488638,9.237796281562622,8.811133123116612,9.040164947509766
2020-06-17,9.08527424584023,9.26994475685644,9.041909265559902,9.207141876220703
2020-06-18,9.198171152865925,9.253497777619865,9.086022460703258,9.189199447631836
2020-06-19,9.213622500272905,9.415489189063983,9.19841994290883,9.23231315612793
2020-06-22,9.270943511645545,9.501470810011812,9.244276525839636,9.496984481811523
2020-06-23,9.521156391076564,9.612370769696147,9.378105397789897,9.420472145080566
2020-06-24,9.446643154184446,9.526643167748633,9.115929720649811,9.206645965576172
2020-06-25,9.326519787537718,9.475303514168546,9.15356179508728,9.460350036621094
2020-06-26,9.470318539731345,9.470318539731345,9.096490176320897,9.12639617919922
2020-06-29,9.141100979144838,9.175742393811865,8.872193171245764,9.171256065368652
2020-06-30,9.28489783353779,9.496484399020389,9.23754659312176,9.468073844909668
2020-07-01,9.491002373329252,9.545830829537778,9.383589100055149,9.50022315979004
2020-07-02,9.608884205576157,9.707076706818132,9.548324003014164,9.582218170166016
2020-07-06,9.711312699829152,9.877790743512366,9.68215394384551,9.808507919311523
2020-07-07,9.915173455733374,10.03853653953038,9.819971847789937,9.840906143188477
2020-07-08,9.962524550287648,10.193052779530584,9.934363074863974,10.184080123901367
2020-07-09,10.34781630285554,10.536973136914073,10.201524382747715,10.476163864135742
2020-07-10,10.555669106400416,10.621961061814824,10.34632513860739,10.446511268615724
2020-07-13,10.56189814095398,10.758531284046768,9.993678354452026,10.020843505859377
2020-07-14,10.04352039142506,10.37024653926715,9.754924700728465,10.344576835632324
2020-07-15,10.38171230235018,10.400402959676809,10.02433191328917,10.19529628753662
2020-07-16,9.983708697602651,10.174859153083275,9.86458191297686,10.103084564208984
2020-07-17,10.193551417362825,10.216479320082591,10.056232132346192,10.169626235961914
2020-07-20,10.242148242886795,10.4983452186308,10.125015066195536,10.477909088134766
2020-07-21,10.480152650906264,10.527006686047097,10.254609852091004,10.296229362487791
2020-07-22,10.335106315437658,10.56937169902662,10.259343569870335,10.406133651733398
2020-07-23,10.41735060957858,10.514047671705072,9.999909110972864,10.098101615905762
2020-07-24,9.844147403277994,10.332367179429568,9.746454011921264,10.162649154663086
2020-07-27,10.200283019845646,10.409127869316386,10.18582770412521,10.388941764831545
2020-07-28,10.341836835691456,10.349562180268707,10.177352403986625,10.183582305908203
2020-07-29,10.358283903515405,10.483391503399336,10.314670791075242,10.43280029296875
2020-07-30,10.342583677416211,10.589808954644608,10.26308279264174,10.58083724975586
2020-07-31,10.530247416910637,10.732863296524776,10.400404372532432,10.581586837768556
2020-08-03,10.698968810713554,11.06407458357186,10.681772643586967,10.97585105895996
2020-08-04,11.015475595232337,11.192669868469238,10.871925455266425,11.192669868469238
2020-08-05,11.208869984759422,11.336220290917232,11.131362699401446,11.25148582458496
2020-08-06,11.314288439996597,11.322512899492434,11.143823183452795,11.30008316040039
2020-08-07,11.27715664659348,11.468806255836135,11.003016202313315,11.164509773254396
2020-08-10,11.29883911936316,11.372607329678775,10.82258096662854,11.130117416381836
2020-08-11,11.039152135397227,11.101955983149027,10.762020804732517,10.816102027893066
2020-08-12,10.956410093231952,11.43117176234123,10.924011372164449,11.404505729675291
2020-08-13,11.509925420217614,11.68512704031104,11.320270388994432,11.40724754333496
2020-08-14,11.493976010538608,11.668180357903616,11.40475616439688,11.527870178222656
2020-08-17,11.814221759737045,12.370977076506582,11.780328544228698,12.298454284667969
2020-08-18,12.411098426044516,12.456955173173997,12.048485496980998,12.222439765930176
2020-08-19,12.258080828127603,12.27652240278212,12.06020039337583,12.100574493408203
2020-08-20,11.937586621194678,12.336336512012126,11.841636804823311,12.103067398071287
2020-08-21,12.1636278600698,12.768731759096145,12.157147924649754,12.64387321472168
2020-08-24,12.843496661926606,12.872157255268558,12.46842193112684,12.68050765991211
2020-08-25,12.591285411866814,12.721377509930308,12.534463346453029,12.710163116455078
2020-08-26,12.7592582682305,12.828292002405416,12.63813788095872,12.7330904006958
2020-08-27,12.741565638892766,12.809852136248413,12.52723722782958,12.588794708251951
2020-08-28,12.635399592376586,13.106921369010385,12.603000866176322,13.106672286987305
2020-08-31,13.141559824026375,13.532584287170998,12.997013375535971,13.332711219787598
2020-09-01,13.44189988708336,13.95419790837684,13.398522888042589,13.781936645507812
2020-09-02,14.66219650543704,14.685132222018558,13.860717884287382,14.305956840515137
2020-09-03,13.789667093269305,13.845259427112964,12.842352156368255,12.978715896606444
2020-09-04,12.747619757939855,13.137764603899369,11.671669739898467,12.58682632446289
2020-09-08,11.701334951037689,12.514530378514648,11.671170849217182,11.8793306350708
2020-09-09,12.364955407822611,12.77304906619269,12.197180823219757,12.679065704345703
2020-09-10,12.952539656070376,13.02832507608659,12.132613153352166,12.276954650878906
2020-09-11,12.4502160855132,12.616743957899228,11.862132440601515,12.130123138427734
2020-09-14,13.044032476643867,13.277370430180602,12.59555355587219,12.835871696472168
2020-09-15,13.242469397068016,13.261166598271954,12.791497963238127,12.954286575317385
2020-09-16,12.92063039389326,13.05574740370348,12.478384229050604,12.479131698608398
2020-09-17,12.097962968717573,12.55417048774901,12.00073866491852,12.428277015686035
2020-09-18,12.558158199482762,12.596798381937091,11.95486847545152,12.15480136871338
2020-09-21,11.891297472586864,12.48710865177015,11.87085522758472,12.481873512268066
2020-09-22,12.539462041311948,12.61225569291346,12.121148176635554,12.60203456878662
2020-09-23,12.539962175879875,12.691034748883515,12.045115337624129,12.089488983154297
2020-09-24,12.038131881854136,12.53397616281238,11.980046081436551,12.313101768493652
2020-09-25,12.412323105196108,12.847090822768344,12.211143456409951,12.83736801147461
2020-09-28,13.00339740999964,13.014865267978257,12.713967846359738,12.998162269592283
2020-09-29,12.900938200072629,13.404760324154378,12.896700636750898,13.188373565673828
2020-09-30,13.120316804130264,13.584002853311684,13.113087460204907,13.492262840270996
2020-10-01,13.71911883672268,13.723854712808992,13.422708150509171,13.576024055480955
2020-10-02,13.187623681431669,13.481290759971056,13.014114704955425,13.025333404541016
2020-10-05,13.198591876788589,13.605687917556471,13.185378974579828,13.60394287109375
2020-10-06,13.790915419343555,14.102033960367397,13.626381758413482,13.69767951965332
2020-10-07,13.960186061519869,14.079348507609994,13.824320617120598,13.92453670501709
2020-10-08,14.035222921184438,14.044696575667912,13.71911934730389,13.799640655517578
2020-10-09,13.728092578740656,13.785180804426698,13.622143047466686,13.723854064941406
2020-10-12,13.94996249319524,14.306452191847526,13.873180447693152,14.18579387664795
2020-10-13,14.256094941600448,14.307948023045142,13.97912991306149,14.20798110961914
2020-10-14,14.250110010170186,14.302212243100644,13.920544462404584,14.055412292480469
2020-10-15,13.771719850781318,13.966168462668684,13.728841151197074,13.930520057678224
2020-10-16,13.997079350551036,14.081590006126708,13.75351935018236,13.772465705871582
2020-10-19,13.863707599950652,13.943979743092198,13.368859935970532,13.459603309631348
2020-10-20,13.545111399910018,13.760750671359045,13.468827658433293,13.60693645477295
2020-10-21,13.586494369727015,13.752523915153828,13.439411181630255,13.486527442932127
2020-10-22,13.484283839051924,13.57328121989995,13.194355031137617,13.323240280151367
2020-10-23,13.411988843803892,13.554834469898108,13.253687904677284,13.55184268951416
2020-10-26,13.389053537842234,13.654052424130873,13.001651278072496,13.104110717773438
2020-10-27,13.26839441094757,13.40401067992946,13.154217964584465,13.358888626098633
2020-10-28,13.16069870104202,13.22252374551759,12.573363631460987,12.591312408447266
2020-10-29,12.802217203657106,13.1554660138975,12.713967290230828,12.98719310760498
2020-10-30,12.813685009116076,12.899939767951652,12.26523917333282,12.498578071594238
2020-11-02,12.621978591982105,12.800472628674203,12.35997146589376,12.545196533203123
2020-11-03,12.672584168776096,13.067963247210123,12.567132947229258,12.982705116271973
2020-11-04,13.35141100921548,13.788423029587207,13.299308762023998,13.755266189575195
2020-11-05,14.12247618679874,14.298476754277496,13.951460652116364,14.119982719421388
2020-11-06,14.069873074674058,14.547519424843008,13.85573065911624,14.520845413208008
2020-11-09,14.511372034851032,14.649979137332744,13.572283999885622,13.5922269821167
2020-11-10,13.568046721267402,13.568046721267402,12.592561775274062,12.733911514282228
2020-11-11,13.016859430799956,13.397032377962866,12.911657358908876,13.380080223083496
2020-11-12,13.44090562985856,13.727094211376116,13.2783661952989,13.418718338012695
2020-11-13,13.588736840374596,13.63011964575671,13.022342262740194,13.25942039489746
2020-11-16,13.13527176856356,13.610923915350146,13.118818879868384,13.47705364227295
2020-11-17,13.5141973520409,13.557823514483877,13.266150641883105,13.384315490722656
2020-11-18,13.427195391950308,13.567298388359848,13.147737819685611,13.390798568725586
2020-11-19,13.175408547454282,13.44938180530116,13.06297714835307,13.402265548706056
2020-11-20,13.41597712837111,13.456362356408038,13.028075619892086,13.050762176513672
2020-11-23,13.134026903088728,13.344679240077134,12.978716796287715,13.102865219116213
2020-11-24,13.105357659327662,13.124802329386482,12.848585689197987,12.921130180358888
2020-11-25,12.995666865338032,13.231996551771012,12.98320238394447,13.197344779968262
2020-11-27,13.33719911389998,13.369607527553674,13.133276881046438,13.223770141601562
2020-11-30,13.227513772889507,13.374596979492887,12.935590719747264,13.363627433776855
2020-12-01,13.454119674204604,13.49051649786725,13.190864880736312,13.352158546447754
2020-12-02,13.31276791785302,13.634854985277745,13.196846434319786,13.506219863891602
2020-12-03,13.553104103146351,13.625420804314638,13.295259324636564,13.362089157104492
2020-12-04,13.414455721114429,13.525674204657388,13.354857369882923,13.52392864227295
2020-12-07,13.566817855145986,13.696488871658476,13.465824475979364,13.572303771972656
2020-12-08,13.550609782744296,13.56432505089439,13.247877914115485,13.316205024719238
2020-12-09,13.266828022664328,13.380040325422412,12.835672295237968,12.898014068603516
2020-12-10,12.836422986281931,13.035667272498763,12.816971619318643,12.939411163330078
2020-12-11,12.93442449794942,12.987041552266406,12.790539736956076,12.980308532714844
2020-12-14,13.054867724617363,13.35485614840227,13.044394351268668,13.27505874633789
2020-12-15,13.405727038549072,13.429915680199644,13.153368199677006,13.326678276062012
2020-12-16,13.388520426437225,13.403233566057898,13.179052006083444,13.208976745605469
2020-12-17,13.33290987857491,13.345628224108887,13.145136871968027,13.307475090026855
2020-12-18,13.34512897320466,13.371063173538603,13.037410644516468,13.23840045928955
2020-12-21,13.041648466169208,13.3361509177928,12.93466977902746,13.29849624633789
2020-12-22,13.285531198303149,13.30348527958145,13.020952497638698,13.244634628295898
2020-12-23,13.222439733052598,13.241391684570718,12.9720757304447,12.976314544677734
2020-12-24,13.004244352090096,13.099253345742929,12.905994415663905,12.960854530334473
2020-12-28,13.029430990941572,13.029430990941572,12.730938921940044,12.867341995239258
2020-12-29,12.89227909559382,13.03940572076514,12.80973826692466,12.910482406616213
2020-12-30,12.95736387540619,13.180298320091246,12.86410139171094,13.112470626831056
2020-12-31,13.103243492825936,13.117706449228937,12.882303854956916,13.021949768066406
2021-01-04,13.071077873264064,13.617940231803091,12.929686364182537,13.080304145812988
2021-01-05,13.066588022840646,13.409467832147044,13.053870626238036,13.370816230773926
2021-01-06,13.18902690286844,13.21146998185203,12.55413880516699,12.582566261291504
2021-01-07,12.934669958082305,13.343881991632069,12.8538756495328,13.310216903686523
2021-01-08,13.32867276757942,13.387024011640758,13.008983746525816,13.243139266967772
2021-01-11,13.38477917791452,13.92565706059082,13.328671959762962,13.587016105651855
2021-01-12,13.71768402449052,13.719679767998574,13.311216328336773,13.45061206817627
2021-01-13,13.455848530051568,13.59050699277782,13.351114804326702,13.497492790222168
2021-01-14,13.540633391525652,13.565320490997491,13.147132326913272,13.166831970214844
2021-01-15,13.194513161607556,13.291516959156493,12.815974424538906,12.826946258544922
2021-01-19,12.983298199551,13.060851575993365,12.811484466764428,12.992276191711426
2021-01-20,13.078557240925374,13.396500705466838,13.02369712034048,13.331914901733398
2021-01-21,13.384529967096498,13.9638102173775,13.219449255271742,13.832393646240234
2021-01-22,13.705214497083224,13.806707271600692,13.592749890662216,13.677783966064451
2021-01-25,13.746859439045991,13.79349115385036,13.202989870995756,13.618684768676758
2021-01-26,13.54612010399891,13.610207445100109,13.353608850561152,13.401238441467283
2021-01-27,13.19650758610802,13.199251020163084,12.76136222633586,12.885048866271973
2021-01-28,12.96334776059883,13.305978264300231,12.92768788016968,13.017958641052246
2021-01-29,13.0418993944989,13.300992181743666,12.878813475335058,12.956865310668944
2021-02-01,13.02020433804324,13.237153442587466,12.87008505127311,13.203489303588867
2021-02-02,13.364830415769966,13.537641067674336,13.251866385632365,13.522430419921877
2021-02-03,13.601479482611763,13.896481393506935,13.482282794127068,13.49624729156494
2021-02-04,13.496745791592817,13.638884970224268,13.30398530959993,13.629658699035645
2021-02-05,13.690257375425777,13.7024763129157,13.511460407521463,13.556595802307127
2021-02-08,13.692497962092952,14.43710812536537,13.692497962092952,14.402196884155272
2021-02-09,14.304445530674856,14.54633193614906,14.186494992054564,14.227142333984377
2021-02-10,14.426635751382705,14.86726701398639,14.305194089086202,14.726873397827148
2021-02-11,14.942328472549333,15.233589103948788,14.88721816822417,15.212142944335938
2021-02-12,15.011898421690928,15.25253769218881,14.73759406265287,14.923373222351074
2021-02-16,15.02611361621427,15.333583682390296,14.912152666755418,15.2914400100708
2021-02-17,15.13259465837078,15.184962479366524,14.74258466702624,14.868266105651855
2021-02-18,14.691712812264509,14.83559755169139,14.538102390218642,14.791460037231444
2021-02-19,14.98646436325328,15.138578451468971,14.809164714592844,14.888712882995604
2021-02-22,14.737345425491032,15.09493831240106,14.288734083330947,14.319406509399414
2021-02-23,14.039616770055638,14.20270363729607,13.355602807136345,14.10619831085205
2021-02-24,14.086998690010946,14.470026423059323,13.721176398391403,14.462295532226562
2021-02-25,14.009942975832766,14.338359799227016,13.18279287659042,13.273811340332031
2021-02-26,13.71768391501332,13.81942592893154,13.327175511220458,13.679780960083008
2021-03-01,13.839874971467454,13.889748585040069,13.51893980441267,13.80670928955078
2021-03-02,13.86481225437084,13.885260541977887,13.362088401972844,13.372312545776367
2021-03-03,13.392261732487302,13.417447294302892,12.766349724081724,12.772335052490234
2021-03-04,12.768344146424932,12.94215362647371,12.05315925423988,12.338933944702148
2021-03-05,12.518228597600988,12.518228597600988,11.64968256301427,12.42995262145996
2021-03-08,12.418482569945818,12.43967854715779,11.53721905586338,11.563901901245115
2021-03-09,12.103716394462682,12.58915201626636,12.032871600159124,12.492863655090332
2021-03-10,12.812415383682872,12.951609937008095,12.430253652478692,12.440979957580566
2021-03-11,12.921675458094253,13.017715472154403,12.7066469233545,12.965080261230469
2021-03-12,12.6205868141447,12.860561269067134,12.562464737191826,12.827882766723633
2021-03-15,12.836608790024147,13.177860686513885,12.739322219572086,13.162394523620604
2021-03-16,13.327284186317586,13.48294309504035,13.088058697454366,13.262177467346191
2021-03-17,13.01122902623933,13.4238244347047,12.96108888179867,13.3120698928833
2021-03-18,13.107766589188095,13.15516234877373,12.689183821002722,12.694671630859377
2021-03-19,12.7221122782948,12.89323736664005,12.584913218552432,12.817652702331545
2021-03-22,12.884506490756628,13.365202305993863,12.87851909675073,13.157407760620115
2021-03-23,13.22525896166091,13.315311575846245,12.992768793301414,13.042160987854004
2021-03-24,13.1224855013031,13.13046837674371,12.609111149508385,12.615346908569336
2021-03-25,12.47216318505176,12.68694243677396,12.245160778037404,12.507834434509276
2021-03-26,12.527040534903083,12.828130732659767,12.346436660119146,12.81116771697998
2021-03-29,12.792207317685383,13.03392787619914,12.672220596494135,12.919927597045898
2021-03-30,12.813912609279685,12.946871407349017,12.677212165282276,12.843597412109377
2021-03-31,12.987032086914477,13.441036818007415,12.954104273344193,13.31905460357666
2021-04-01,13.542564667727822,13.839662938961885,13.481697266878992,13.781540870666504
2021-04-05,13.8371679548941,13.983347150384231,13.702961643984072,13.956905364990234
2021-04-06,13.96912949210023,14.0235099151526,13.743374656939247,13.831181526184082
2021-04-07,13.8503891147305,14.212345745226544,13.681509770167526,14.11256504058838
2021-04-08,14.221575128234774,14.43984665286734,14.217832531335446,14.285684585571287
2021-04-09,14.182910523936435,14.376486445774406,14.143996267272316,14.36850357055664
2021-04-12,14.258494671285924,15.318920021528411,14.10832355732677,15.17573356628418
2021-04-13,15.198185406927466,15.66566084294234,15.09266661909423,15.6452054977417
2021-04-14,15.590823016791958,15.686114119457883,15.194192441181238,15.243584632873535
2021-04-15,15.628241420804386,16.17878474757404,15.59730909081508,16.101953506469727
2021-04-16,16.017887847997564,16.13039224236671,15.830548638001163,15.87769603729248
2021-04-19,15.502516937935688,15.772924087362645,15.199680609424398,15.32814884185791
2021-04-20,15.289735223634596,15.4631051262556,14.930273632190604,15.138068199157717
2021-04-21,15.085679513842445,15.328896916496385,15.069216084835492,15.32690143585205
2021-04-22,15.34137302287701,15.40473454420112,14.75116642296084,14.817770957946776
2021-04-23,14.90158290466518,15.301456469480852,14.8676578315262,15.23185920715332
2021-04-26,15.151784930813204,15.445141511373436,15.091915755398738,15.444143295288086
2021-04-27,15.544425730851712,15.636224511526544,15.32091569753857,15.348106384277344
2021-04-28,15.33089326851588,15.498276706669202,15.182219008797528,15.243334770202637
2021-04-29,15.36631623880317,15.402736381978652,15.038534950223829,15.291231155395508
2021-04-30,15.14131028514638,15.33139292435199,14.964197795937878,14.976670265197754
2021-05-03,15.091916924420826,15.2134004975298,14.755155522445117,14.80429744720459
2021-05-04,14.605235166744093,14.60548448291217,13.979606693785868,14.319860458374023
2021-05-05,14.676827896830993,14.781100101801474,14.356031261377987,14.426876068115234
2021-05-06,14.46354260390948,14.539376573433003,14.18689972736013,14.49123191833496
2021-05-07,14.77586095177006,14.938004951268432,14.639659154793648,14.779851913452148
2021-05-10,14.754904637969242,14.773613815427714,14.21883022701871,14.234545707702637
2021-05-11,13.794760482002326,14.323351634044649,13.719924719305602,14.274957656860352
2021-05-12,13.978857359837182,14.229059448974494,13.679264978066085,13.72840690612793
2021-05-13,14.003052519447175,14.049950595936458,13.429559766023772,13.635358810424805
2021-05-14,13.859618779775268,14.29666046939638,13.718427810389011,14.211846351623535
2021-05-17,14.126034255250335,14.138257407772128,13.823198871455904,14.134515762329102
2021-05-18,14.235793821126627,14.372743559299357,13.973368596904878,13.985093116760254
2021-05-19,13.536827089785591,14.048705544452684,13.5136283151605,14.034985542297363
2021-05-20,14.271215450357207,14.651631910525415,14.23928585607929,14.580537796020508
2021-05-21,15.130582345311009,15.188705362627587,14.836976416497814,14.958958625793455
2021-05-24,15.179227091268276,15.710562682530703,15.142806946301995,15.57785415649414
2021-05-25,15.731516649524176,15.783901593976324,15.44863699789412,15.613525390625
2021-05-26,15.69983429406976,15.75920388994454,15.552158252809765,15.665658950805664
2021-05-27,15.665411340003494,15.715551486129144,15.42618581428935,15.454124450683594
2021-05-28,15.467100140276022,16.241901704786383,15.467100140276022,16.208972930908203
2021-06-01,16.23441637498826,16.352407644091365,15.868467777524636,16.228927612304688
2021-06-02,16.21670559640443,16.881747994729995,16.19999189514099,16.741554260253906
2021-06-03,16.664223590682866,17.22125305006238,16.546730958100305,16.932634353637695
2021-06-04,17.07506962668008,17.622369971455573,17.058108515470927,17.53980255126953
2021-06-07,17.532823083219498,17.773544562719284,17.155150867315694,17.580467224121094
2021-06-08,17.488915337757103,17.582958923593143,17.21326870411962,17.418819427490234
2021-06-09,17.481445832754087,17.54057966826162,17.221954821061786,17.32425308227539
2021-06-10,17.316020982496898,17.45774307819324,17.142361968917207,17.390872955322266
2021-06-11,17.445266757133176,17.90411747791694,17.409587335871944,17.790340423583984
2021-06-14,17.870929296898357,18.004166969872166,17.628155834968865,17.983457565307617
2021-06-15,17.879911606048573,17.980962987632783,17.693277600448408,17.753658294677734
2021-06-16,17.75590138464992,17.919579694310332,17.550054251901255,17.775362014770508
2021-06-17,17.73968599204116,18.798108043927098,17.72147222460218,18.62070655822754
2021-06-18,18.747211172620897,19.337053279278614,18.54760211926056,18.602245330810547
2021-06-21,18.399142810449156,18.50019610541456,17.787843189104905,18.391159057617188
2021-06-22,18.43532257349855,18.92660890647733,18.349989315922677,18.84975814819336
2021-06-23,18.970523502620495,19.1152399817374,18.87071896862218,19.019926071166992
2021-06-24,19.190092375987778,19.381965145311295,19.050864024344296,19.16788482666016
2021-06-25,19.24273641071933,19.307609630641004,18.85749277441404,18.993724822998047
2021-06-28,19.32333084055383,20.039426299318603,19.28116390714988,19.945859909057617
2021-06-29,19.84355949521781,20.0593854330577,19.61850103403965,19.98752784729004
2021-06-30,19.960081743804185,20.123011987109184,19.82484716716404,19.96332550048828
2021-07-01,20.085583376246788,20.415934458571694,19.979790088281508,20.172412872314453
2021-07-02,20.400213258209888,20.46508647311361,20.248011813789205,20.446870803833008
2021-07-06,20.696884067122863,20.80117921720713,20.31039351587789,20.657960891723636
2021-07-07,20.812653085446232,20.8341106063256,20.292174951241694,20.331846237182617
2021-07-08,19.817610723234363,20.093567981729365,19.662165492908528,19.86376953125
2021-07-09,19.92340298259044,20.04092253625893,19.71556079536785,20.0109806060791
2021-07-12,20.20035710803102,20.49253312528217,20.148209537802156,20.47232437133789
2021-07-13,20.360543170188954,20.42117514538745,20.07460528030743,20.210338592529297
2021-07-14,20.317878521725746,20.377760476462427,19.714063893797253,19.80263900756836
2021-07-15,19.77294688179713,19.80812755137837,18.82156304531796,18.929101943969727
2021-07-16,18.99322726190517,19.1194786765648,18.0376021651406,18.125429153442383
2021-07-19,17.88016446386464,19.00470680886536,17.830510618055737,18.74297142028809
2021-07-20,18.69331710111166,18.80110538665227,18.128425619393635,18.57554817199707
2021-07-21,18.84502242653349,19.488759748391665,18.70529720452894,19.37198829650879
2021-07-22,19.60352650870845,19.8480455499112,19.238242282812024,19.555620193481445
2021-07-23,19.6175029178706,19.661417366144327,19.212297951292296,19.519695281982425
2021-07-26,19.273177227982416,19.403919258295247,18.876953550176268,19.25621032714844
2021-07-27,19.227271033312395,19.58357223882569,18.70429706145217,19.17038345336914
2021-07-28,19.281156486446744,19.607515595035924,18.95779176008485,19.46479606628418
2021-07-29,19.48076791565692,19.81411525960268,19.29014203593705,19.62348937988281
2021-07-30,19.379972773701624,19.59155750503284,19.22527753031752,19.4608154296875
2021-08-02,19.66141575531072,19.921904233138225,19.323079030267465,19.71131706237793
2021-08-03,19.70133974194019,20.182396113771382,19.18235768504292,19.77619361877441
2021-08-04,19.95084880982489,20.27820743319043,19.789165436412823,20.23429298400879
2021-08-05,20.459851589655973,20.69239507072361,20.302160081992344,20.596582412719727
2021-08-06,20.483804250982395,20.52971368864269,20.170418133567217,20.326112747192383
2021-08-09,20.40595617953669,20.467835028244,20.103550099834685,20.25525283813477
2021-08-10,20.282199176211822,20.3899874565726,19.796151565943244,19.896955490112305
2021-08-11,20.00374755330397,20.009736320835124,19.39194907291539,19.66042137145996
2021-08-12,19.83108508835247,19.98977217635632,19.581574717809406,19.866016387939453
2021-08-13,19.866015619081058,20.174410440365637,19.812120528310967,20.148460388183597
2021-08-16,20.09556202098169,20.24726472662945,19.41489673532014,19.910924911499023
2021-08-17,19.64644026948646,19.73127476041715,19.229259783534665,19.419885635375977
2021-08-18,19.461806547574923,19.595544866678445,18.962785866867872,19.002708435058597
2021-08-19,19.455818500095575,20.45485929513638,18.725251846297056,19.75922393798828
2021-08-20,19.951843634128345,20.82413231277957,19.893958576601463,20.77522850036621
2021-08-23,20.92992144491826,21.95391072696073,20.90896267232371,21.914987564086918
2021-08-24,21.71039785554276,21.91599378818013,21.4928243888725,21.75031852722168
2021-08-25,21.69442518785705,22.42598932810224,21.67945517617645,22.169492721557617
2021-08-26,22.156515962670817,22.29624112505406,21.74731921259484,22.0247745513916
2021-08-27,22.140550881047734,22.67749727172013,22.12358397892851,22.591665267944336
2021-08-30,22.785288227910797,22.997870420582704,22.506835308984314,22.6435661315918
2021-08-31,22.65454538086213,22.65454538086213,22.0805714728168,22.3450984954834
2021-09-01,22.444919352947984,22.65654133988528,22.31714726393796,22.400997161865234
2021-09-02,22.477859460229688,22.5527265281326,22.255257402579083,22.356077194213867
2021-09-03,22.285200436170257,22.945021324986705,22.160423282337163,22.802276611328125
2021-09-07,22.79229771257665,22.858180044691736,22.481851283634263,22.62160301208496
2021-09-08,22.4728706127602,22.56969783016477,21.93782484022961,22.29918098449707
2021-09-09,22.2722260026907,22.497822958424248,22.09154890429937,22.137466430664062
2021-09-10,22.308159837974976,22.58566412607036,22.23029977185326,22.437929153442383
2021-09-13,22.64356384166631,22.92306540309741,21.81903604419575,22.112512588500977
2021-09-14,22.235292739206184,22.37005231992242,22.04663046857264,22.20235252380371
2021-09-15,22.269233523423004,22.327130700173733,21.926844520421923,22.301176071166992
2021-09-16,22.143457680555077,22.23728998132844,21.88791350213249,22.20235252380371
2021-09-17,22.26024851582714,22.281210991021705,21.791086996747275,21.8609619140625
2021-09-20,21.10830528150104,21.3947943334148,20.62516880092754,21.07536506652832
2021-09-21,21.37882268516904,21.386807845872013,20.912656086018604,21.208127975463867
2021-09-22,21.327910271424077,21.920851216556937,21.15821325254406,21.901885986328125
2021-09-23,22.100529964859312,22.494826247316336,21.85097564491664,22.44192123413086
2021-09-24,22.0306592556976,22.10951890799768,21.822032170050097,22.04163932800293
2021-09-27,21.67129949897606,21.760141550930204,21.286987463766607,21.62138938903809
2021-09-28,21.1761889202802,21.3808234526366,20.61419078028728,20.66210556030273
2021-09-29,20.90267308763545,20.97953549307052,20.430514775486863,20.48042678833008
2021-09-30,20.730978777298063,21.028447899952347,20.65112146082263,20.6790714263916
2021-10-01,20.71301178727077,20.821816741395786,20.166985966603068,20.705026626586918
2021-10-04,20.46745214302505,20.50538451615185,19.520144291955084,19.69682884216309
2021-10-05,19.914440531201745,20.61119632306067,19.81861097790981,20.41454696655273
2021-10-06,20.084138881122264,20.683067915916908,20.04420926336317,20.663105010986328
2021-10-07,21.05439970617636,21.283991146995888,20.934614688656065,21.037431716918945
2021-10-08,21.063384348033484,21.168196713896894,20.737965275396935,20.793865203857425
2021-10-11,20.538322741756613,21.02545177290177,20.47443574990165,20.65810775756836
2021-10-12,20.79087310154427,21.019464999279094,20.491408614636505,20.634153366088867
2021-10-13,20.88070798479063,20.952580130398157,20.676073521950528,20.901670455932617
2021-10-14,21.25005346273809,21.7162200736833,21.08434899829252,21.707237243652344
2021-10-15,21.77112311616832,21.89190772292581,21.623388114406936,21.82303047180176
2021-10-18,21.710230011337256,22.25126364017924,21.605415741051857,22.18238639831543
2021-10-19,22.236286329716435,22.339103345258327,21.99771399322036,22.250263214111328
2021-10-20,22.265240126338742,22.3930122165772,21.9428159414838,22.063600540161133
2021-10-21,22.057609725687847,22.6705155212608,22.043634743194115,22.65154838562012
2021-10-22,22.78231303829228,23.088764952589152,22.520780977955532,22.68548583984375
2021-10-25,22.932049504618423,23.313368547575404,22.72941224170432,23.124706268310547
2021-10-26,23.946238274906523,25.213974869371597,23.88135360877836,24.67293930053711
2021-10-27,24.43037128925228,25.04527237326658,24.23871222601797,24.407411575317383
2021-10-28,24.833656072327823,24.905528237425667,24.47928930466932,24.896543502807617
2021-10-29,24.956436044945672,25.663174242525944,24.955438375747917,25.521427154541016
2021-11-01,25.603281679418377,25.847843908868,25.182032996929248,25.78096389770508
2021-11-02,25.77596882971604,26.63044187322587,25.75400678386634,26.35393524169922
2021-11-03,26.622456945323776,26.736254043705493,26.18823292881979,26.55058479309082
2021-11-04,27.1804614836932,31.30908830102063,27.06965929215075,29.74787712097168
2021-11-05,30.13318717593045,31.344024156770267,29.35757187474267,29.698963165283203
2021-11-08,30.09526083412385,31.044565929581587,29.85369161021704,30.74909400939941
2021-11-09,32.22445339564871,32.25240335908449,29.91058482865276,30.60234832763672
2021-11-10,29.303671381538468,30.795007684124137,28.726700694204265,29.40648651123047
2021-11-11,30.413690765528983,30.535473039847226,29.72392249814259,30.33582878112793
2021-11-12,29.95650697429977,30.625312765876032,29.577183263522866,30.33582878112793
2021-11-15,30.49754045363043,30.589375517308323,29.194866339350952,29.971479415893555
2021-11-16,29.70595162376021,30.33582540097829,29.653044701607005,30.149158477783203
2021-11-17,30.36377853543476,30.45461783392223,28.748662624464,29.20884132385254
2021-11-18,32.30929989199823,32.7015970361874,31.26516316558927,31.618532180786133
2021-11-19,32.1855229924307,33.029017896497656,31.848126173173046,32.92620086669922
2021-11-22,33.457248774197026,34.58523543108014,31.843132665613684,31.89903259277344
2021-11-23,31.47878305227373,32.30231310333421,30.82495002187033,31.68940734863281
2021-11-24,31.404916194627244,32.796430268773015,30.872865407724007,32.615753173828125
2021-11-26,32.54188487083946,32.65168939124839,31.294115057226723,31.44684219360352
2021-11-29,32.3083111711892,33.35244437888587,31.978897543529943,33.31650924682617
2021-11-30,33.1098733083412,33.293547238259045,31.807201135850928,32.61775207519531
2021-12-01,33.163847037265576,33.233730509017,31.32789779181176,31.3828067779541
2021-12-02,31.16216662879214,32.424067565265254,30.97347940124414,32.07265090942383
2021-12-03,31.946871396495094,32.07565883655849,30.07997526142237,30.64204216003418
2021-12-06,29.830388390939543,30.190789071404463,27.991447670105416,29.98712921142578
2021-12-07,30.905604468520064,32.395127959045375,30.60011084361889,32.37316131591797
2021-12-08,31.94587212773529,32.23638934166426,31.368830769181603,31.77315902709961
2021-12-09,31.681308898695704,32.15152943630747,30.37747759278244,30.43937492370605
2021-12-10,31.098284451788032,31.253027806605186,29.811424888766844,30.14786529541016
2021-12-13,30.198777019547183,30.24370238055697,28.069317192701146,28.114242553710938
2021-12-14,27.653004529761997,28.63037896739417,27.20475069949691,28.289945602416992
2021-12-15,28.352846759249022,30.449360484950866,27.79177958037332,30.408428192138672
2021-12-16,31.10027495869805,31.10826109645041,28.046354174529007,28.33986473083496
2021-12-17,27.93853343935536,28.873977889427657,27.713906655561956,27.754838943481445
2021-12-20,27.259663382977983,28.09726911316274,27.09992919755279,27.672975540161133
2021-12-21,28.32688388466556,29.07164539806852,27.35549812964779,29.02672004699707
2021-12-22,28.84303109877909,29.50592817367341,28.401763640214508,29.351184844970703
2021-12-23,29.705594809003493,30.009090909149347,29.3821333634652,29.59078598022461
2021-12-27,29.610751437338408,31.03538204670914,29.59078418897294,30.893617630004883
2021-12-28,31.26001011350921,31.2779798761031,29.962167479204744,30.27165412902832
2021-12-29,30.22273485689676,30.49727786088368,29.31723936389222,29.95118522644043
2021-12-30,29.77747767481591,30.4064327474698,29.49095543219482,29.53687858581543
2021-12-31,29.62472925489584,29.980139053402237,29.282298358737822,29.362165451049805
2022-01-03,29.76549602429652,30.66000822402605,29.735545150472017,30.070987701416016
2022-01-04,30.226729994008146,30.417412851826413,28.30193165250415,29.241369247436523
2022-01-05,28.900930584702312,29.367156106933656,27.487283342694774,27.558164596557617
2022-01-06,27.5941073037626,28.390782679226177,27.020063147790008,28.131214141845703
2022-01-07,28.094277933052773,28.37481152274753,27.012076171656997,27.20176124572754
2022-01-10,26.53686698684518,27.423393129443014,25.60142241213144,27.354507446289062
2022-01-11,27.277637474810813,28.01840616260939,26.794441772839388,27.77081680297852
2022-01-12,28.02039872605383,28.547521945653298,27.562161186858624,27.952512741088867
2022-01-13,28.33188181962752,28.4327139609152,26.45400434171445,26.5308780670166
2022-01-14,26.256330270292747,27.15184214058848,26.166479555491414,26.89726448059082
2022-01-18,26.216396734938307,26.593769342704903,25.72721058536873,25.85998916625977
2022-01-19,26.0356999320055,26.49892832131284,25.010404695653143,25.025379180908203
2022-01-20,25.261984584455465,25.536527577241117,24.03801857125816,24.109899520874023
2022-01-21,23.46797224059822,24.78178732336628,23.22437786194576,23.335193634033203
2022-01-24,22.2929231470104,23.3411789632301,20.85331801034265,23.333192825317383
2022-01-25,22.508561571917216,22.90490361210889,21.96346868497262,22.28693008422852
2022-01-26,23.20141335709427,24.01705629171085,22.26297354808601,22.734189987182617
2022-01-27,23.52886820255398,23.955159252338134,21.639009808623182,21.907564163208008
2022-01-28,21.97545014030814,22.82004610193426,21.260639391449324,22.80207633972168
2022-01-31,23.14350735214405,24.468305543891137,23.01372404457991,24.445343017578125
2022-02-01,25.062319478076446,25.10325177065728,23.850334402918143,24.59709358215332
2022-02-02,25.75117589828549,25.77413652411393,24.512235152700143,25.200092315673828
2022-02-03,24.417388950040785,25.035360614903343,23.7405152363661,23.90823554992676
2022-02-04,23.932193940298127,24.59409311674788,23.59275836754536,24.27861785888672
2022-02-07,24.33153512640469,25.140189757444848,24.161817299723975,24.68694496154785
2022-02-08,24.31855581216835,25.188109973378168,23.940185358317635,25.066312789916992
2022-02-09,25.57945595604167,26.6806251309008,25.310903513084146,26.66065788269043
2022-02-10,25.95183971761828,26.880293981086723,25.5574951037571,25.7811222076416
2022-02-11,25.872969995760105,26.10857820736212,23.73352853730769,23.90923500061035
2022-02-14,23.89426018632499,24.833697741952957,23.715556543470303,24.226707458496094
2022-02-15,24.90757522618656,26.50092597097795,24.74285017482241,26.45100975036621
2022-02-16,26.215399506016617,26.537863140940143,25.509572699884902,26.46697998046875
2022-02-17,25.587441164581225,25.74218447632049,24.1248755136367,24.466306686401367
2022-02-18,24.627042548149436,24.944515359213792,23.0616470385754,23.602746963500977
2022-02-22,22.99675374447912,24.024044576695577,22.961812008973915,23.351163864135746
2022-02-23,23.76248225688554,24.1148968207537,22.263974873225862,22.349830627441406
2022-02-24,20.980106579835613,23.76048227912368,20.855314126890256,23.708568572998047
2022-02-25,23.681614957898123,24.176789798051164,23.34217933244724,24.11688995361328
2022-02-28,23.95216392519215,24.62404680167832,23.66763729552845,24.34451103210449
2022-03-01,24.25066636648078,24.33652400952197,23.09359043235093,23.43801689147949
2022-03-02,23.72059360140594,24.372620221538423,23.380102237927368,24.183900833129883
2022-03-03,24.22584313015337,24.289748837084414,23.434025615218157,23.678661346435547
2022-03-04,23.349151527595453,23.64470992553815,22.44849535444989,22.901819229125977
2022-03-07,22.78299385053589,22.998673440750736,21.298210506121205,21.32017707824707
2022-03-08,21.277244887363725,22.33965846904444,20.619226547130868,21.4819393157959
2022-03-09,22.353635611315923,23.185394367769312,22.213844863846813,22.97970199584961
2022-03-10,22.49742170913724,22.754038666105,21.84938876002917,22.62423324584961
2022-03-11,22.987691175359625,23.110508973479305,22.01314581208539,22.067066192626957
2022-03-14,21.836406388025072,22.22882031872808,21.12746547113503,21.29821014404297
2022-03-15,21.48593114309969,23.003666327858625,21.290224097223167,22.93876266479492
2022-03-16,23.46497952691432,24.56034486331442,23.137469206995515,24.459495544433597
2022-03-17,24.084058193369994,24.804980515668674,23.870376386622222,24.72909545898437
2022-03-18,24.762041757956386,26.52940437839653,24.58730332281658,26.413576126098636
2022-03-21,26.46749755994307,27.11153679718896,25.928301387968048,26.69415855407715
2022-03-22,26.687168866498787,27.197408923630142,26.033146211524897,26.484472274780277
2022-03-23,26.08706394055433,26.57233971694212,25.53688640474462,25.59579849243164
2022-03-24,26.127005000420777,28.27779420939195,25.8683902128189,28.10804748535156
2022-03-25,27.844443179935467,28.31573991417233,27.23035989874252,27.650732040405277
2022-03-28,27.71463727858676,28.20790057954497,27.165455770617548,28.17694664001465
2022-03-29,28.65223412863256,28.902859502517533,27.938299575859197,28.6132926940918
2022-03-30,28.26181839290433,28.453531684725228,27.462011557556277,27.64873313903809
2022-03-31,27.74059571960141,28.20590083771921,27.22935962818796,27.24533462524414
2022-04-01,27.33419976363786,27.455019712351984,26.22785134661567,26.67218780517578
2022-04-04,26.688167227293743,27.51693018117655,26.573338843235376,27.319225311279297
2022-04-05,27.21338526635959,27.27828893534931,25.78152222598664,25.892356872558597
2022-04-06,24.8968415013316,25.26229528368632,23.967229191023403,24.37062644958496
2022-04-07,24.404577168405503,24.685158549693583,23.44301291917994,24.171924591064453
2022-04-08,23.88135620781262,23.887347784012125,23.02763087512105,23.084545135498047
2022-04-11,22.180894730179038,22.286735750669333,21.62771951429516,21.884336471557617
2022-04-12,22.503413909768646,22.69113346033533,21.250283161630705,21.47195243835449
2022-04-13,21.695619837482337,22.466468701458307,21.42302596781033,22.169910430908203
2022-04-14,22.47145968076089,22.743055580371745,21.131460624678123,21.226318359375
2022-04-18,21.16840653083351,22.05508173288565,21.047586566912127,21.750537872314453
2022-04-19,21.6876306095713,22.33965734015811,21.282235522822155,22.164918899536133
2022-04-20,22.48344687909831,22.63621876690025,21.168409947654524,21.449989318847656
2022-04-21,21.676648588732977,22.35863133662336,19.970195729327173,20.15292358398437
2022-04-22,20.272743870360657,20.45547172662698,19.47094100755707,19.485918045043945
2022-04-25,19.173387260811595,19.915280166183788,19.06754621425187,19.872344970703125
2022-04-26,19.68861454859501,19.758509922421837,18.64217605457202,18.76000022888184
2022-04-27,18.57028200080162,19.138434234103972,18.26274237009076,18.387556076049805
2022-04-28,18.938733622082346,20.00714066217904,18.46244518394437,19.752519607543945
2022-04-29,19.37308489272761,20.098002739892543,18.489403613134694,18.519359588623047
2022-05-02,18.513372406921704,19.544832172934576,18.36359630294147,19.503894805908203
2022-05-03,19.37108959561253,19.79545740017292,19.10448728291866,19.57278823852539
2022-05-04,19.89330889681918,20.369597303040585,18.723054655992087,20.303695678710938
2022-05-05,19.83739417955405,19.895306405441637,18.47243074499455,18.81591796875
2022-05-06,18.708080945194133,19.48292367325539,17.9631922942846,18.64717102050781
2022-05-09,18.00712599442022,18.22779542444679,16.801923943519693,16.924741744995117
2022-05-10,17.66263877441951,18.170881032319485,16.999628718638284,17.56877899169922
2022-05-11,17.321147470140332,17.726542535689873,16.543309102981745,16.605215072631836
2022-05-12,16.194831130494194,16.762983479288277,15.543803233517124,16.150896072387695
2022-05-13,16.762983697270222,17.901284332366192,16.568274578583427,17.679615020751953
2022-05-16,17.482907432187133,17.76149097316578,17.080508137659688,17.238271713256836
2022-05-17,18.047064735711228,18.343623016933677,17.60772181431636,18.149911880493164
2022-05-18,17.678613056238493,18.09099764318956,16.83886684721538,16.912755966186523
2022-05-19,16.911758641120088,17.660640897431914,16.709060156263103,17.098480224609375
2022-05-20,17.306170449937568,17.384053321038547,15.73152007253583,16.66912078857422
2022-05-23,16.24974554141844,16.889790947233866,16.15488781420335,16.87281608581543
2022-05-24,16.485399019569325,16.57226927601929,15.756486282274622,16.129928588867188
2022-05-25,15.996128291123444,17.085502143858754,15.976157636995664,16.949705123901367
2022-05-26,16.012098817202673,18.065034256210478,15.998119744120118,17.82439422607422
2022-05-27,18.158896213129925,18.85286007294854,18.07302394660772,18.7829647064209
2022-05-31,18.951716170907662,19.171389553024493,18.322655814178496,18.644176483154297
2022-06-01,18.696095121189064,19.02460335515626,18.0949911393861,18.292695999145508
2022-06-02,18.26473771462505,19.589759639979025,18.17087794783733,19.56279945373535
2022-06-03,19.05356633449741,19.3031938054539,18.494399428310224,18.69210433959961
2022-06-06,19.110477812247268,19.30818269463839,18.53633395116661,18.75800323486328
2022-06-07,18.44447458144695,18.971687674946523,18.16089738006304,18.897798538208008
2022-06-08,18.77495525904165,19.155468465882763,18.511292984517528,18.62414932250977
2022-06-09,18.457358515882248,18.90877994582465,18.01792086593532,18.024911880493164
2022-06-10,17.57748831959245,17.6743643693501,16.84742243847972,16.952289581298828
2022-06-13,15.979532724583532,16.291133887019768,15.586036677903218,15.62698459625244
2022-06-14,15.710877264318116,16.045448779208268,15.392285076917725,15.815743446350098
2022-06-15,16.074409011946962,16.846420830791708,15.90562554096348,16.505857467651367
2022-06-16,15.839712728353629,15.921608571556265,15.381300212652384,15.58104419708252
2022-06-17,15.627984208810798,15.974540478630246,15.308393829648995,15.85968780517578
2022-06-21,16.45392803851567,16.98624534499481,16.38601422144757,16.544811248779297
2022-06-22,16.205243814426826,16.64068691370497,16.159303129246847,16.339073181152344
2022-06-23,16.49786529329701,16.563780840059035,15.832717936177612,16.204242706298828
2022-06-24,16.478894818061253,17.118075583251557,16.289137314054532,17.104093551635742
2022-06-27,17.28985577893397,17.307832403886103,16.604732446992188,16.847421646118164
2022-06-28,16.878382420849093,17.179996171072997,15.924604060610628,15.961557388305664
2022-06-29,15.793772880514238,15.799764771761314,15.150596549724442,15.522120475769045
2022-06-30,15.341349641249796,15.54708644526544,14.842988386307413,15.139608383178713
2022-07-01,14.879940640439832,15.043730401705298,14.373589250036863,14.50442123413086
2022-07-05,14.156867338761804,14.951848612377852,14.03702095867943,14.944857597351074
2022-07-06,14.99079986275127,15.299404613963636,14.770081889148765,15.11064624786377
2022-07-07,15.436229890249514,15.924603756791948,15.369315204242922,15.83771514892578
2022-07-08,15.410262358682392,16.016486239108836,15.369314439847894,15.817740440368652
2022-07-11,15.506139124864289,15.507138249502445,15.018763459499633,15.132617950439451
2022-07-12,15.248468887366068,15.411260485118552,14.857969258670822,15.06270694732666
2022-07-13,14.571336675038442,15.355332353370684,14.446496574604533,15.144601821899414
2022-07-14,15.088673698746,15.453206563375948,14.70915967918238,15.352335929870604
2022-07-15,15.638970517874728,15.761812377347288,15.42524355043784,15.741838455200195
2022-07-18,16.281147386357773,16.87538560794433,15.981531892512702,16.08040428161621
2022-07-19,16.464909340670324,17.088111599252507,16.15131186722845,16.97026252746582
2022-07-20,16.92531937021326,17.910057992754975,16.77950624664749,17.784217834472656
2022-07-21,17.862120940409465,18.120788488373734,17.52255573115242,18.02690887451172
2022-07-22,17.87011155488066,17.944016302358662,17.115078085285656,17.296846389770508
2022-07-25,16.997229297492076,17.102096434784116,16.627703648644037,17.00222396850586
2022-07-26,16.867393922167626,16.89735622907828,16.45692041350708,16.511850357055664
2022-07-27,17.010214456123137,17.91305941057788,16.89136718367346,17.76724624633789
2022-07-28,17.952011173453204,18.11679915540432,17.417695566515086,17.96099853515625
2022-07-29,17.7902158893149,18.220664372063823,17.669370365625227,18.139768600463867
2022-08-01,18.158742318074168,18.8218944479336,17.96698847222425,18.41741180419922
2022-08-02,18.0988140058748,18.91376998005132,18.06885170284987,18.502296447753903
2022-08-03,18.16073895641796,18.943736456130186,18.113798195162644,18.868831634521484
2022-08-04,18.82488724744869,19.24934277945777,18.736000404881043,19.190418243408203
2022-08-05,18.78593457418457,19.20439914424,18.64211970214301,18.96470642089844
2022-08-08,17.47961077979298,18.21566745985701,17.21994316503385,17.77023696899414
2022-08-09,17.229932154072273,17.424682406471327,16.702607690379292,17.064144134521484
2022-08-10,17.675362725939976,18.09482558686321,17.294849538802495,18.0738525390625
2022-08-11,18.10780569801878,18.683069039911533,17.85313085040459,17.91904640197754
2022-08-12,18.136768742480783,18.69405548713437,17.930032814892396,18.68506622314453
2022-08-15,18.6770800984078,19.1394872280922,18.58919331292406,19.00765609741211
2022-08-16,18.89579677843001,19.117512908161075,18.47733215688445,18.854848861694336
2022-08-17,18.499307480753973,18.664095434548585,18.12179073099997,18.311546325683597
2022-08-18,18.277588976259224,18.840866654371816,18.1597398976922,18.748985290527344
2022-08-19,18.38245474008907,18.496309228576987,17.74726864658189,17.826168060302734
2022-08-22,17.467624956698344,17.535538757293516,16.94429513800346,17.012208938598633
2022-08-23,16.9672675527716,17.442658473654998,16.94829085227016,17.159021377563477
2022-08-24,16.990234112458847,17.38373103775155,16.873385127154208,17.199966430664062
2022-08-25,16.82245426924992,17.92404403363218,16.811468659657514,17.890087127685547
2022-08-26,17.83415994150484,17.901073679751633,16.216231201826005,16.23920249938965
2022-08-29,15.999508144906232,16.31710025620338,15.746831515988744,15.780787467956545
2022-08-30,15.939583832145958,16.018482294447917,15.162579180139744,15.448213577270508
2022-08-31,15.364321741326709,15.520122334732504,14.939865179635497,15.074692726135254
2022-09-01,14.190824681178237,14.361606432453474,13.253026593615491,13.91917324066162
2022-09-02,14.081963903202046,14.152872227822602,13.573614230055282,13.62954330444336
2022-09-06,13.71343439761388,13.761373328292969,13.333920402949287,13.44777488708496
2022-09-07,13.549675509856469,13.824405923028626,13.332888681827493,13.70052719116211
2022-09-08,13.445777873509217,13.99423928995725,13.35586708739494,13.976256370544434
2022-09-09,14.143090204910548,14.4597791381939,14.112121478240566,14.372864723205566
2022-09-12,14.354883295431712,14.532707912384652,14.18405081795038,14.49074935913086
2022-09-13,13.788441481403844,13.90832348360054,13.086132013496666,13.1181001663208
2022-09-14,13.240980357201307,13.27694524606263,12.900315716527125,13.115104675292969
2022-09-15,13.002213864684409,13.219999151246082,12.777434532964616,12.916297912597656
2022-09-16,12.72948146010781,13.19901998317494,12.604604264283166,13.185033798217772
2022-09-19,12.99921716924912,13.449774322834386,12.997219278853803,13.368853569030762
2022-09-20,13.20201761663557,13.46975398039861,13.04417284488984,13.163055419921877
2022-09-21,13.200021209697727,14.017217530859265,13.097121746028026,13.247973442077637
2022-09-22,13.057158090324243,13.136080943388514,12.415789626091998,12.54865837097168
2022-09-23,12.407796770772777,12.598609087949251,12.244956820168271,12.503702163696287
2022-09-26,12.478730302857258,12.646565497988032,12.202001972313584,12.215988159179688
2022-09-27,12.494713950655878,12.723489088227405,12.245958955135906,12.400806427001951
2022-09-28,12.39780884148353,12.81040323622313,12.341864097176456,12.723488807678224
2022-09-29,12.435771116453404,12.487720077708063,11.934264422948738,12.207995414733888
2022-09-30,12.075125282179473,12.620589356495946,12.063136987478432,12.127074241638184
2022-10-03,12.334871252440896,12.66554642785347,12.093108397840089,12.499709129333496
2022-10-04,12.866347011223944,13.207012559438091,12.866347011223944,13.154064178466797
2022-10-05,12.898316362763747,13.307913422440148,12.608601299621606,13.196022987365724
2022-10-06,13.20701244873915,13.6425839766056,13.090126814611668,13.117100715637209
2022-10-07,12.492714947707151,12.657552810237998,12.010189654911168,12.064136505126951
2022-10-10,12.02517309111401,12.112087505034498,11.396791386787234,11.658534049987791
2022-10-11,11.549641376314474,11.83436121602058,11.27191462873484,11.574617385864258
2022-10-12,11.567625639575176,11.723471574705954,11.333855307772826,11.488702774047852
2022-10-13,10.960222024495698,12.066134880189406,10.802377248193803,11.948250770568848
2022-10-14,12.04515451258876,12.099101360094153,11.192992872469286,11.215970039367676
2022-10-17,11.5066835149281,11.936261356023904,11.505685046178725,11.876319885253906
2022-10-18,12.33187258477975,12.479726946917287,11.606586006175636,11.955243110656738
2022-10-19,11.867328829944649,12.337866752571792,11.822372965327569,12.039159774780272
2022-10-20,12.101099438492952,12.756455085193531,12.093106924660066,12.18202018737793
2022-10-21,12.08611495032711,12.485722576925896,11.875322739504938,12.453753471374512
2022-10-24,12.495712036374808,12.697513248493353,12.052147995038125,12.58662223815918
2022-10-25,12.68153096838119,13.286935643169931,12.651559751314032,13.247973442077637
2022-10-26,12.85635739698074,13.374846610546708,12.695515318512095,12.883330345153809
2022-10-27,13.616609878763834,13.824405720603766,13.109108569096112,13.163055419921877
2022-10-28,13.091126445798928,13.836393849315009,13.048168468869736,13.820408821105955
2022-10-31,13.764463926639875,13.8244053999099,13.283936529900854,13.483739852905272
2022-11-01,13.797431875731611,13.911320201687651,13.505718920901153,13.529695510864258
2022-11-02,13.836393311943423,14.196039283406016,13.198021164773332,13.206012725830078
2022-11-03,13.030186086701502,13.767460952554842,12.943271666818118,13.407814025878906
2022-11-04,13.972260585717036,14.215021899453046,13.683543980980664,14.142093658447266
2022-11-07,14.214021873484295,14.39784112419483,13.940291840507935,14.28695011138916
2022-11-08,14.786458006428978,14.87636973597791,14.20203271709828,14.587654113769531
2022-11-09,14.148085922352854,14.19703852050777,13.745481980858695,13.762465476989746
2022-11-10,14.785461035041536,15.75750475697818,14.532709316866072,15.734527587890623
2022-11-11,15.791472089195825,16.372900138089058,15.466791544817704,16.31096076965332
2022-11-14,16.202065781845178,16.523749911060445,15.90635612978262,16.278989791870117
2022-11-15,16.705572427239694,16.98130035493643,16.365906290840556,16.649627685546875
2022-11-16,16.146122356795157,16.345924724230652,15.857405773137009,15.894369125366213
2022-11-17,15.699561935228004,16.25002123430615,15.51973846007508,15.661599159240724
2022-11-18,15.950314739510146,15.986280577672968,15.1051461248069,15.3938627243042
2022-11-21,15.132120243655514,15.461795982930148,15.0651856742172,15.301953315734863
2022-11-22,15.3129428273263,16.04222621770493,15.10714486073425,16.022245407104492
2022-11-23,16.08218356795562,16.51076293656427,16.032233454276504,16.502769470214844
2022-11-25,16.301968143605908,16.470800818409884,16.156111681984026,16.25401496887207
2022-11-28,16.01025486285479,16.34093096346319,15.709551881196315,15.811450958251951
2022-11-29,15.811452246002707,15.91634959623403,15.504754615575512,15.623637199401855
2022-11-30,15.68559017782251,16.917694725911424,15.58566343466165,16.91069984436035
2022-12-01,16.986644417378525,17.25244991006303,16.622908679321707,17.12254524230957
2022-12-02,16.646891961361217,16.92069297480223,16.43304680382368,16.863733291625977
2022-12-05,16.666879097856533,16.98264942406212,16.460028806850406,16.597929000854492
2022-12-06,16.517986458879424,16.560954474009094,15.80750278109948,15.975380897521973
2022-12-07,15.7605364147691,16.174236009152278,15.65561223859945,16.10828399658203
2022-12-08,16.26117402618214,17.166515711893183,15.947401148647057,17.156522750854492
2022-12-09,17.14752848636197,17.57022139839812,16.96266347235166,16.988643646240234
2022-12-12,17.024619564780387,17.525254930253844,16.784794205763834,17.52225685119629
2022-12-13,18.517532552181468,18.77634509903721,17.698128800135795,18.05886650085449
2022-12-14,17.97392407996329,18.238732737472507,17.407336817920626,17.661151885986328
2022-12-15,17.13353742821794,17.30741074376151,16.687862454853068,16.939678192138672
2022-12-16,16.851742441036244,17.0286138313825,16.398071965816165,16.5589542388916
2022-12-19,16.559953304567404,16.59692515669725,16.13326367119488,16.242183685302734
2022-12-20,16.052324298417076,16.298145802015362,15.840479433965095,16.07330894470215
2022-12-21,16.102290057114505,16.614917740959758,16.090297740834185,16.4890079498291
2022-12-22,16.08230167187955,16.126270314905227,14.87118274091989,15.327850341796877
2022-12-23,15.18495523596569,15.32785094900713,14.872183007276345,15.194948196411133
2022-12-27,15.063043236857192,15.089024360620469,14.04578260735077,14.110735893249512
2022-12-28,13.916876867387725,14.251633402616966,13.87390790189094,14.025797843933104
2022-12-29,14.391531190688054,14.672326107793817,14.216658212725038,14.592384338378906
2022-12-30,14.323582060058012,14.618367738059508,14.222655631924866,14.603379249572754
2023-01-03,14.840204674329469,14.985099731591909,14.085753367745566,14.304594039916992
2023-01-04,14.556413363429996,14.84220480254105,14.230650080715,14.738280296325684
2023-01-05,14.480468531780316,14.553415431728991,14.137717402663952,14.254632949829102
2023-01-06,14.46347759748804,14.9990881851613,14.023797890161696,14.84819793701172
2023-01-09,15.272891218307487,16.044329449566135,15.129994555598977,15.6166410446167
2023-01-10,15.495729788044525,15.95039902678866,15.460755377830544,15.897438049316406
2023-01-11,15.828486169862328,16.016349239549506,15.551687092243982,15.989368438720703
2023-01-12,16.08829993901707,16.624908431721312,15.480741039463542,16.499000549316406
2023-01-13,16.26616793733889,16.90970084135266,16.153251110150944,16.886716842651367
2023-01-17,16.88671868747473,17.715116677928005,16.88671868747473,17.68913459777832
2023-01-18,17.654162447001852,17.86001213609156,17.26944197078873,17.3643741607666
2023-01-19,17.023616264759873,17.184500442534787,16.718839562488213,16.7528133392334
2023-01-20,16.998637169274687,17.843024296950745,16.812773424805794,17.82603645324707
2023-01-23,18.05087123311822,19.23101460784554,17.80505162894163,19.179052352905277
2023-01-24,18.81331615721112,19.48083182733202,18.80632127532278,19.25099754333496
2023-01-25,18.89925241669072,19.35592095937967,18.56649428843121,19.3089542388916
2023-01-26,19.686678873769655,20.15134100163064,19.26398603168068,19.78760528564453
2023-01-27,19.447856979513563,20.61301002054648,19.390899193937717,20.35020065307617
2023-01-30,19.93550254924273,20.125363098729323,19.13608278764587,19.14807510375977
2023-01-31,19.156068486760205,19.67269296084049,18.93622905551939,19.522802352905277
2023-02-01,19.67668745982098,21.17659589978598,19.596745684553422,20.927778244018555
2023-02-02,20.984735851231548,21.93304546241984,20.68495467288457,21.693220138549805
2023-02-03,20.98473759538664,21.72919698203691,20.773890504030668,21.084665298461918
2023-02-06,20.7908742233965,21.55431875017188,20.770888305552887,21.07366943359375
2023-02-07,21.366457835362763,22.24282117030571,21.13462612067361,22.156883239746094
2023-02-08,22.370728780682303,22.861373061647623,21.99200451876155,22.188861846923828
2023-02-09,22.589570028898493,23.00326867631639,22.103923210549823,22.320764541625977
2023-02-10,21.67423445489489,22.06195100649641,20.795873674211236,21.249542236328125
2023-02-13,21.52234510485044,22.03197463754211,20.94676355983307,21.77216339111328
2023-02-14,21.562316507703144,23.03224807505823,21.350470693261823,22.95430564880371
2023-02-15,22.53260981207749,22.83838714884149,22.089932924302804,22.747453689575195
2023-02-16,22.11691299850444,22.5336097369612,21.9110633459277,21.98600959777832
2023-02-17,21.61527901396712,21.724199045157945,20.95975566037808,21.372455596923828
2023-02-21,20.984738441149087,21.478378912723844,20.60301608666739,20.639989852905277
2023-02-22,20.69194967368964,21.088660470476388,20.406156350642,20.738914489746094
2023-02-23,23.422962880540094,23.87063720047098,23.008263613547182,23.64679908752441
2023-02-24,23.20811890776845,23.45693846693821,22.930321098624606,23.269073486328125
2023-02-27,23.652795020145348,23.862641462200266,23.43695242089965,23.483917236328125
2023-02-28,23.355012040131797,23.80768380328168,23.18913232959988,23.199125289916992
2023-03-01,23.175141794814863,23.239096357522776,22.491638960770075,22.681501388549805
2023-03-02,22.47165816942774,23.363008218705765,22.415697204297107,23.29705619812012
2023-03-03,23.303049498482935,23.882627847887388,23.11318706675805,23.872634887695312
2023-03-06,23.873637370675212,24.230376356810535,23.469929752625955,23.53688240051269
2023-03-07,23.586852780173174,24.111559920502025,23.228051620676226,23.275026321411133
2023-03-08,23.47391639904251,24.18652048264274,23.41095176683829,24.167530059814453
2023-03-09,24.16153175209791,24.44037756116971,23.36997314496392,23.422945022583008
2023-03-10,23.39596048038933,23.613839455874174,22.713340379314104,22.952207565307617
2023-03-13,22.739325534084948,23.28502088148677,22.28457909353576,22.953205108642575
2023-03-14,23.48290944136697,24.205506193309173,23.44692829407391,24.04959297180176
2023-03-15,23.74776155662597,24.272468678645705,23.346985898676294,24.214502334594727
2023-03-16,24.013615051632076,25.57374434007057,23.880687818789845,25.52677154541016
2023-03-17,25.967523428043556,26.38429089661538,25.65369730307981,25.71066665649414
2023-03-20,25.60072945435553,26.009501993763354,25.11599904163823,25.885570526123047
2023-03-21,26.16541585752353,26.37729764905775,25.366861180788398,26.184404373168945
2023-03-22,26.41027557711736,27.573628475745917,26.22238060273508,26.4532527923584
2023-03-23,27.0998920461365,27.48367886976352,26.675129606850067,27.17584991455078
2023-03-24,27.01594046008092,27.151864370667408,26.34031648260236,26.764080047607425
2023-03-27,26.82204938050111,26.984958682260853,26.350312203016315,26.51622009277344
2023-03-28,26.432268512754547,26.49823173297999,25.83560094258539,26.395288467407227
2023-03-29,26.810055624588923,27.06291302248253,26.58218201078501,26.968965530395508
2023-03-30,27.213830909681384,27.48368095112292,27.086900852677296,27.36774444580078
2023-03-31,27.124879937793096,27.81849356058093,27.089899588484148,27.76152610778809
2023-04-03,27.493673714298545,27.98439936831397,27.320769768409424,27.949419021606445
2023-04-04,27.950420707010394,27.98440216328761,27.29178741673122,27.437705993652344
2023-04-05,26.81405484656238,26.982959420738567,26.380296599613903,26.866025924682617
2023-04-06,26.569191544216384,27.064915547012465,26.41227940970934,27.02194023132324
2023-04-10,26.808055558243208,27.60561128919327,26.654142030135144,27.563634872436523
2023-04-11,27.70855694993601,27.77452016860933,27.110888593592563,27.153865814208984
2023-04-12,27.35475041530848,27.452695383203668,26.433263264457445,26.48023796081543
2023-04-13,26.719104460353503,26.87201909472008,26.31433132528244,26.44825553894043
2023-04-14,26.489235274720063,26.86802385754744,26.2053930845093,26.743093490600582
2023-04-17,26.5502007354296,26.99095503182758,26.41827430530076,26.986957550048828
2023-04-18,27.51766421061865,28.0943424682174,27.34176165331577,27.651588439941406
2023-04-19,27.34575371658769,27.984397586214808,27.21682588889236,27.915435791015625
2023-04-20,27.655583154879672,28.01438430386658,26.98495746255076,27.08889961242676
2023-04-21,26.93698269648248,27.16785488893232,26.707111304133665,27.10388946533203
2023-04-24,26.997952403384527,27.350754492518465,26.65614195995767,27.026935577392575
2023-04-25,27.0629129642478,27.23181943338438,26.21038946774249,26.22637939453125
2023-04-26,26.98695671600465,27.314773087163047,26.69012130424559,26.940980911254883
2023-04-27,27.34775539505108,27.47968181988813,26.61016570730612,27.21083068847656
2023-04-28,27.20983324304032,27.74253534619613,27.05591780168011,27.73354148864746
2023-05-01,27.82449059352596,29.04181246207851,27.764524553059715,28.89389419555664
2023-05-02,28.66401996293516,28.81993317782501,28.067352486128684,28.19428062438965
2023-05-03,27.82448940299966,28.35119621775958,27.45669439964769,27.786510467529297
2023-05-04,27.6355934200305,27.843477716623404,27.224823108633803,27.54664421081543
2023-05-05,27.81049812446517,28.738979518802157,27.7155517359944,28.66402244567871
2023-05-08,28.50611059015405,29.203721709083258,28.334207428076738,29.1347599029541
2023-05-09,28.88289868580111,28.95685686090514,28.4341494471908,28.55508041381836
2023-05-10,28.9888400070074,29.096781546494373,28.44514435922276,28.8689079284668
2023-05-11,28.879900184422446,28.933870951744883,28.23026272032558,28.56207656860352
2023-05-12,28.513106919804063,28.76396845462877,28.030376178790256,28.3242130279541
2023-05-15,28.492116893352502,28.952860500862368,28.136316236466875,28.93686866760254
2023-05-16,28.82493333225044,29.85336134908107,28.81593947434421,29.196725845336918
2023-05-17,29.56751729485477,30.18217442688432,29.413603764955703,30.16118621826172
2023-05-18,30.393057588476907,31.810266849120413,30.30310757748379,31.660350799560547
2023-05-19,31.51842792921497,31.562404038360302,30.898774451103044,31.246580123901367
2023-05-22,30.883782066860128,31.50243856855564,30.662906435936023,31.15863037109375
2023-05-23,30.98273062615954,31.270570294857816,30.61393670592572,30.6709041595459
2023-05-24,30.193170159814024,30.589950270894462,29.78939588497332,30.52098846435547
2023-05-25,38.50153228896637,39.4579997431698,36.61458386836144,37.95883560180664
2023-05-26,37.86889343237657,39.14817921088223,37.52908267088945,38.9243049621582
2023-05-30,40.57238507912985,41.9146353772554,39.92674506783609,40.088653564453125
2023-05-31,39.4659973844294,40.27254695421099,37.80092526573476,37.81291961669922
2023-06-01,38.4675599860318,40.02769133031933,38.31864471777753,39.74784851074219
2023-06-02,40.07465948380219,40.47743482437328,39.03623691403328,39.30508804321289
2023-06-05,38.88732627512417,39.542959083601545,38.685439134018935,39.1491813659668
2023-06-06,38.80836981480188,39.138183990775154,38.12674673432251,38.63246536254883
2023-06-07,38.89734549227656,39.481080170123946,37.33905087631554,37.4579963684082
2023-06-08,37.70688804094952,38.84637034571571,37.48798941948038,38.49253082275391
2023-06-09,39.019288045180616,39.692982044462646,38.54950387238983,38.75241088867188
2023-06-12,39.18221868034752,39.51206700150423,38.60048195774429,39.464088439941406
2023-06-13,40.167771950130565,41.08235780976993,39.7219751154273,41.00339126586914
2023-06-14,40.805478872135176,42.98049027778788,40.53359911008292,42.97749328613281
2023-06-15,42.58267617954838,43.26936481890203,42.127880745258615,42.63365173339844
2023-06-16,43.430285796206434,43.7011627413836,42.64164233222249,42.672630310058594
2023-06-20,42.97849400113233,43.970044535579625,42.654639680016224,43.788124084472656
2023-06-21,43.48126514963789,43.59521566012008,42.06091216795214,43.02547073364258
2023-06-22,42.23382879254768,43.40629695536315,42.214840218909664,43.0054817199707
2023-06-23,42.44473523032175,42.789576114624246,41.9959376252503,42.189849853515625
2023-06-26,42.44173221039152,42.74459612983443,40.081803433488034,40.613563537597656
2023-06-27,40.78048746203914,41.92096858035074,40.42964880063454,41.85699844360352
2023-06-28,40.64155330886189,41.82601707335812,40.499619439316,41.09834671020508
2023-06-29,41.53914438933123,41.58112515151127,40.58157883716756,40.8034782409668
2023-06-30,41.66109075373004,42.53069498097374,41.48217110907092,42.282806396484375
2023-07-03,42.49770595265655,42.87853359022624,42.18285025842947,42.39375305175781
2023-07-05,42.11588532389232,43.15741247576168,42.06590876715308,42.29780578613281
2023-07-06,41.82501907665081,42.15986618749212,41.32724389814401,42.08390045166016
2023-07-07,42.30280121821091,43.19439870925174,42.16086733802076,42.48371887207031
2023-07-10,42.63764672937715,42.79157618385811,41.63010085593259,42.16086196899414
2023-07-11,42.46172699623317,42.738601759030615,42.04791716091051,42.38576126098633
2023-07-12,43.01347490180477,43.91506605012864,42.7575905421709,43.882080078125
2023-07-13,44.49780840176806,46.13406309048244,44.471819219125365,45.956146240234375
2023-07-14,46.56186486459347,48.06618309397332,45.039557059326,45.44837188720703
2023-07-17,46.26799948527561,46.47490248554901,45.24146502275779,46.439918518066406
2023-07-18,46.67981454353207,47.87427213285154,45.71325416375617,47.47245407104492
2023-07-19,47.44246663237742,47.79630611668105,46.72079407647509,47.055641174316406
2023-07-20,46.48589549187808,47.06563412307765,45.04155152551877,45.49934387207031
2023-07-21,45.76722764913427,45.8451951947945,44.07999364154884,44.28889846801758
2023-07-24,44.71070421831162,45.08853488276935,44.020019651695705,44.591758728027344
2023-07-25,44.92061148308324,46.16204473559319,44.90261809426386,45.65827560424805
2023-07-26,46.00011949109116,46.03210646689445,44.60975176777932,45.43137741088867
2023-07-27,46.49789574001407,47.3734977573488,45.729243622017535,45.87917709350586
2023-07-28,46.64683056118983,47.00566887714773,46.35996199566977,46.72879409790039
2023-07-31,46.73278436948878,47.10861318935372,46.48489581525041,46.707794189453125
2023-08-01,46.43891750620859,46.87872029315751,46.006115325418975,46.48589706420898
2023-08-02,45.81020823750512,45.81920302566147,43.367316810622704,44.24891662597656
2023-08-03,43.7801286020494,45.09753146141585,43.7801286020494,44.49480438232422
2023-08-04,44.96459093054508,45.62129053158006,44.37286046636377,44.65972900390625
2023-08-07,45.09053948525755,45.51934576183127,44.54278770096805,45.39640045166016
2023-08-08,44.83265505253908,45.22147853881391,44.036015691879385,44.643741607666016
2023-08-09,44.25391173774448,44.291896510897445,42.11488323728883,42.53469467163086
2023-08-10,42.14087339406621,43.55423337804786,41.816020072112345,42.368770599365234
2023-08-11,41.732057328075,41.998938296888426,40.62056232238889,40.836463928222656
2023-08-14,40.4676342143239,43.78013004596416,40.292714362956126,43.73315048217773
2023-08-15,44.53979220675082,45.24747129261279,43.69017541697386,43.92007064819336
2023-08-16,44.49980171714471,44.654730173438274,43.3863049125829,43.466270446777344
2023-08-17,43.950048576466585,44.0420058832226,42.981486518683695,43.32433319091797
2023-08-18,42.61565390241393,43.55822683605399,41.641097806148274,43.27935409545898
2023-08-21,44.4738161945168,47.043649088093474,44.20194021923786,46.94569396972656
2023-08-22,48.11315750780663,48.16513586552265,45.3124307503187,45.64727783203125
2023-08-23,45.845194431592205,47.17858890848423,45.18749198173924,47.09462738037109
2023-08-24,50.193217898242985,50.24319445193808,47.137605573465706,47.1416015625
2023-08-25,46.99067223332849,47.78331172625779,45.00357139022836,45.99712371826172
2023-08-28,46.46091072736626,46.95868589539786,44.86763592891526,46.813751220703125
2023-08-29,46.64482841073173,49.05873366150392,46.36995165063556,48.76186752319336
2023-08-30,49.02174442045601,49.904343169131685,48.40302581763254,49.24164581298828
2023-08-31,49.35759745201949,49.721430719691696,48.93578802803879,49.33260726928711
2023-09-01,49.739425601877976,49.77740656276743,48.120157798970006,48.48699188232422
2023-09-05,48.20111717331872,48.82883436828192,47.83828293082929,48.525970458984375
2023-09-06,48.42301432909476,48.53097212060012,46.56270531189693,47.04352569580078
2023-09-07,45.50809743449282,46.326793571999545,45.13523483656175,46.22383117675781
2023-09-08,45.92494195463873,46.58869304622653,45.25418967954752,45.55507659912109
2023-09-11,46.13085766207136,46.14585148036762,44.295541087627576,45.16122055053711
2023-09-12,44.72138538329824,45.65603954125468,44.514461521168336,44.85333633422852
2023-09-13,44.583439392798056,45.91294742095513,44.48647528491978,45.46811294555664
2023-09-14,45.932941774404185,45.96992678735713,45.11424558500878,45.56407928466797
2023-09-15,45.32416041506124,45.58206401685465,43.79172881004724,43.883697509765625
2023-09-18,42.73212279267361,44.225567343111805,41.98439953136644,43.949668884277344
2023-09-19,43.81672106597158,43.94967109154607,42.98602840940491,43.50383758544922
2023-09-20,43.58381095041621,43.88669985783539,42.20732329224025,42.22331619262695
2023-09-21,41.567557906272185,42.08436420462982,40.96478119592239,41.001766204833984
2023-09-22,41.55655937095419,42.09936078991834,41.21568640989041,41.59454727172852
2023-09-25,41.575555508583165,42.52020429419851,41.16170777598642,42.206321716308594
2023-09-26,41.9854020636062,42.804098165845645,41.639529882171416,41.89543533325195
2023-09-27,42.3142831158922,42.85608166795396,41.61354320990464,42.45222854614258
2023-09-28,42.4442300318879,43.42986390622625,42.099360753116,43.072998046875
2023-09-29,43.81073029159417,44.127613957751926,43.29092286737883,43.482852935791016
2023-10-02,44.0136459937785,45.15822119722868,43.84471004180952,44.7653694152832
2023-10-03,44.7913562878214,45.113239102137314,43.22993616372472,43.50083541870117
2023-10-04,43.7257579993135,44.12661007343523,43.27592433375253,44.0246467590332
2023-10-05,44.03364221179363,44.88332887043818,43.87170361778556,44.67140579223633
2023-10-06,44.176592675248095,45.77200077841796,44.009654862577925,45.74501037597656
2023-10-09,44.825347727655696,45.58806488846794,44.35152471582721,45.25618743896485
2023-10-10,45.29317665886047,46.24182177038048,45.071258970878525,45.7809944152832
2023-10-11,46.17884212204211,46.84159789970289,46.03289643742162,46.78861618041992
2023-10-12,46.75962584672848,47.59131754557436,46.31279328112967,46.92756271362305
2023-10-13,46.942558517598286,47.09850262436832,45.26318215105629,45.444114685058594
2023-10-16,45.04626639383732,46.2078336553568,44.89532148876171,46.077884674072266
2023-10-17,43.9836653373656,44.737387037478,42.46422916811742,43.921688079833984
2023-10-18,42.575185981795975,43.20295497748339,41.80947154933942,42.18033218383789
2023-10-19,42.79510456302502,43.28092416614882,41.8664486581888,42.08536911010742
2023-10-20,41.87444318164371,42.4542296240792,41.06274445020242,41.37163162231445
2023-10-23,41.21369151272365,43.23194285243357,40.92979656707208,42.95904159545898
2023-10-24,43.06100478744683,43.68077350815983,42.67515033966959,43.646785736083984
2023-10-25,43.38188323056103,43.6337923669708,41.5395691120526,41.763484954833984
2023-10-26,41.837460992365465,42.24031124000929,39.86519397688078,40.31102752685547
2023-10-27,41.11472961386122,41.19070160881771,40.00014193239622,40.484962463378906
2023-10-30,41.071747596041774,41.75049254735998,40.46596977662881,41.14571762084961
2023-10-31,40.434982749015326,40.863824326852765,39.21543448245249,40.76485824584961
2023-11-01,40.86882109051677,42.36526699140607,40.85382726924343,42.30928802490234
2023-11-02,43.31190996998518,43.86770326441367,42.87807302018601,43.489845275878906
2023-11-03,44.00365403986176,45.29217303271509,43.706763443369326,44.98828887939453
2023-11-06,45.26818224521419,45.91794237842164,44.88232400866247,45.7340087890625
2023-11-07,45.7020262562231,46.20083771282599,45.14123373244881,45.93793869018555
2023-11-08,46.0828786635961,46.84959593349214,45.95092771395189,46.55670547485352
2023-11-09,47.44937006233144,48.21208717627926,46.732637298021125,46.93256378173828
2023-11-10,47.48235815931679,48.45399727357031,47.26543970036673,48.31704711914063
2023-11-13,48.30205613692336,49.09776197733569,48.081137533797566,48.60194396972656
2023-11-14,49.66155114518549,49.81549328462336,49.021789425646965,49.63755798339844
2023-11-15,49.91646233050051,49.941450760944704,48.182105862527486,48.869850158691406
2023-11-16,48.66093043068422,49.50661705308872,48.312060961266965,49.46163177490234
2023-11-17,49.50561143654388,49.6985405744049,48.98880509199654,49.27969741821289
2023-11-20,49.29368891174694,50.52923000041128,49.16273703826828,50.390281677246094
2023-11-21,50.10738480588418,50.498238446028495,49.2037211838221,49.92545318603516
2023-11-22,49.83348617037129,50.31630467937056,47.67228657406447,48.69790649414063
2023-11-24,48.452001338900175,48.902834068505605,47.727268287861406,47.75825881958008
2023-11-27,47.78224576837884,48.5119741804014,47.63430192702206,48.224082946777344
2023-11-28,48.21808469478846,48.30505418192647,47.4553675930479,47.80323791503906
2023-11-29,48.36104103175138,48.74389826432213,47.8422327025221,48.12212753295898
2023-11-30,48.00616034736024,48.09213075271721,46.40475801374823,46.752628326416016
2023-12-01,46.50772234338756,47.18247088867774,46.16984662435623,46.74763107299805
2023-12-04,46.05988615006736,46.05988615006736,44.99328110355466,45.49309539794922
2023-12-05,45.45311253975044,46.58678998545578,45.25816811641427,46.55280303955078
2023-12-06,47.20161740676732,47.37356953938658,45.39912705049496,45.4901008605957
2023-12-07,45.687048229980725,46.61578578219752,45.59107476760581,46.582794189453125
2023-12-08,46.58179356796495,47.727468635368496,46.536804340424034,47.49253463745117
2023-12-11,47.47754215922328,47.517527924857966,45.817013589035405,46.61378479003906
2023-12-12,46.032946525477605,47.65248615714668,46.032946525477605,47.64348983764648
2023-12-13,47.61550557981446,48.58023229231506,47.59451162184998,48.07437515258789
2023-12-14,48.37628184295512,48.65620124848929,47.40855774552566,48.3362922668457
2023-12-15,48.18033874309844,49.38999483044137,48.1063584079144,48.87614059448242
2023-12-18,49.38599893467907,50.41870325962806,49.13606979799268,50.06280517578125
2023-12-19,49.40998983595613,49.68591257603404,48.881140459884094,49.58993911743164
2023-12-20,49.64091963761884,49.98482386963059,48.08436190148088,48.09735870361328
2023-12-21,48.79716606109675,49.08108596207473,48.40527506263609,48.97611618041992
2023-12-22,49.18105652303888,49.36900296425664,48.45326221692039,48.816162109375
2023-12-26,48.95411724457058,49.58593805712997,48.94612009204946,49.26502990722656
2023-12-27,49.49696737314472,49.66591818762621,49.07108562386915,49.40299224853516
2023-12-28,49.628932993777084,49.86986201087301,49.397995651127005,49.50796508789063
2023-12-29,49.79888298614544,49.982832763586586,48.73718367671693,49.50796508789063
2024-01-02,49.23004169676173,49.281025929370266,47.58151083051483,48.15434646606445
2024-01-03,47.4715394679009,48.17033881225813,47.30658532716137,47.55551528930664
2024-01-04,47.75346054953874,48.48625451702809,47.49453508208232,47.9843978881836
2024-01-05,48.44826200298403,49.53295347185659,48.29230418752573,49.08308029174805
2024-01-08,49.49796557499239,52.2601828190254,49.46497398392272,52.23818588256836
2024-01-09,52.38614999154251,54.30960449650358,51.67534914710015,53.12493896484375
2024-01-10,53.600805409377045,54.58452387215592,53.473838688120914,54.3345947265625
2024-01-11,54.983413122715525,55.33031490047268,53.54482177762908,54.80646133422852
2024-01-12,54.60451388829729,54.9544169497117,54.31459900309948,54.69448852539063
2024-01-16,55.0024083735072,56.81889092877514,54.88444178651728,56.36602020263672
2024-01-17,56.33102857407022,56.45499397545113,54.7244856339136,56.03711318969727
2024-01-18,57.24377302140108,57.58367683091034,56.09109985967154,57.090816497802734
2024-01-19,57.97256314934655,59.48313648762257,57.20877974353174,59.47414016723633
2024-01-22,60.03198109970271,60.31390267208267,59.0532584698208,59.63709259033203
2024-01-23,59.553117790794914,59.89302158867447,58.568396325749006,59.85603332519531
2024-01-24,60.286909507412325,62.83118637351858,59.92101211022401,61.344608306884766
2024-01-25,62.33231932131661,62.701217987450605,60.83274464176338,61.59952926635742
2024-01-26,60.942723367823895,61.765491995354566,60.555835817733005,61.013702392578125
2024-01-29,61.21464015508592,62.47128378525733,60.88973533826093,62.44729232788086
2024-01-30,62.88217024294684,63.47500064068792,62.242348470682806,62.75620269775391
2024-01-31,61.42257868353605,62.251346018746354,60.682790629679005,61.50955581665039
2024-02-01,62.08239699411671,63.17309118059886,61.63252759196923,63.00913619995117
2024-02-02,63.95586559465222,66.58112070584232,63.67194569783066,66.14125061035156
2024-02-05,68.20566645977358,69.47730920290685,67.1859588396486,69.3123550415039
2024-02-06,69.61026565572277,69.7342310660323,66.28121510060156,68.20366668701172
2024-02-07,68.29963033929545,70.20009234122578,67.58083242173012,70.0791244506836
2024-02-08,70.05412985913416,70.77392694243356,69.43530969256643,69.62125396728516
2024-02-09,70.5130113509279,72.16454367786442,70.19210316169159,72.11256408691406
2024-02-12,72.57942141236886,74.58985301987923,71.2298055691369,72.22752380371094
2024-02-13,70.38005204606957,73.42918318120587,69.60027429759032,72.10755920410156
2024-02-14,73.18126615558889,74.21496981774756,71.91762429392091,73.87906646728516
2024-02-15,73.8480605966985,73.95402572408746,72.37947530532118,72.63739776611328
2024-02-16,74.07899283769257,74.38090918024592,72.4804470935105,72.59241485595703
2024-02-20,71.92659973225437,71.93559986530343,67.71479679116719,69.43231201171875
2024-02-21,67.98672612499482,68.86847997939597,66.22922867549799,67.452880859375
2024-02-22,75.00374204443924,78.55273152131424,74.19896984840972,78.5157470703125
2024-02-23,80.7670950265876,82.37063653230604,77.54800675290157,78.7946548461914
2024-02-26,79.67740947783957,80.62314814859076,78.48274845329479,79.06958770751953
2024-02-27,79.35849560363468,79.45747419233632,77.1401304524677,78.6786880493164
2024-02-28,77.59800412996552,78.91062791882912,77.10314167422683,77.6409912109375
2024-02-29,79.07158408060953,79.96732622132019,78.32779165828474,79.0895767211914
2024-03-01,79.97732295310118,82.27667403889559,79.41248066903071,82.25567626953125
2024-03-04,84.10614123463965,87.67013277900604,83.69526229369087,85.21282958984375
2024-03-05,85.24982845264307,86.07663632751537,83.3972699001233,85.94366455078125
2024-03-06,88.00118270950952,89.70277597405403,87.00941296076404,88.67901611328125
2024-03-07,90.13666439223408,92.74504822295889,89.58079619428543,92.6470718383789
2024-03-08,95.11550233441162,97.37696845591752,86.48553983918421,87.5073013305664
2024-03-11,86.40855169186541,88.77598763810909,84.14608663109752,85.75370788574219
2024-03-12,88.02818123787033,91.93825182530048,86.12962825022079,91.89126586914062
2024-03-13,91.03346116743803,91.48235245425684,88.41407818473327,90.8665008544922
2024-03-14,89.55581179224637,90.6245591375688,86.57951107256054,87.9231948852539
2024-03-15,86.90943243257094,89.52481079500164,86.23659514436741,87.81621551513672
2024-03-18,90.3666157339822,92.38313682655732,87.0643957820598,88.43407440185547
2024-03-19,86.67949392679418,90.52258665813424,84.98989876877435,89.37686157226562
2024-03-20,89.77575552459182,90.3886171092284,88.20213035729925,90.35062408447266
2024-03-21,92.27816909757176,92.6260863495621,90.383613096347,91.41336822509766
2024-03-22,91.1194426685234,94.755583502478,90.81251607175788,94.2667007446289
2024-03-25,93.91877671343534,96.74310530536228,93.48787892632636,94.97952270507812
2024-03-26,95.82832327516132,96.35220139167362,92.48011649573958,92.53910064697266
2024-03-27,93.08996763897136,93.21793570444878,89.10191309032703,90.22864532470705
2024-03-28,89.97870666416057,91.2784021447898,89.17189838767457,90.33462524414062
2024-04-01,90.27764117725565,92.20318040940828,89.18289900570285,90.34162139892578
2024-04-02,88.42707164960063,90.0726859356908,87.59927224925994,89.43083953857422
2024-04-03,88.46307281870986,90.3526251834598,88.37909305261387,88.94295501708984
2024-04-04,90.38460860825876,90.61255911907426,85.85967846162676,85.88467407226562
2024-04-05,86.84544686844104,88.46007028939938,85.9056744370297,87.9871826171875
2024-04-08,88.67901159229113,88.80898571750684,86.71148250630124,87.11238861083984
2024-04-09,87.42131230729075,87.61426743619066,83.00235992295175,85.33380126953125
2024-04-10,83.90614724164408,87.37932438444192,83.68919571165225,87.0184097290039
2024-04-11,87.39932306358762,90.7175383536998,86.90544422861728,90.59456634521484
2024-04-12,89.67778086066095,90.15367382456054,87.50929517888258,88.1651382446289
2024-04-15,89.07691923599808,90.59156018104088,85.90867029394323,85.98065185546875
2024-04-16,86.41255526417733,88.09715428207583,86.04364687363933,87.39432525634766
2024-04-17,88.31909559905036,88.75399786729442,83.93013485819698,84.01512145996094
2024-04-18,84.94990333698551,86.16961599181461,82.38250995062032,84.65097045898438
2024-04-19,83.13033728096731,84.30405561291292,75.58812265213056,76.18197631835938
2024-04-22,78.08552423870307,80.05406032863513,76.38193249215077,79.49919128417969
2024-04-23,80.74989526148802,82.74942225992656,80.24501744031475,82.40350341796875
2024-04-24,83.93014172715165,84.06211429079036,79.16427089067382,79.65815734863281
2024-04-25,78.8493400788442,83.30328808415997,78.20449600901789,82.61245727539062
2024-04-26,83.79817532800543,88.31010835661911,83.36727751648604,87.71424865722656
2024-04-29,87.57427996111441,87.97118159325144,85.24582852385919,87.73624420166016
2024-04-30,87.21936048020653,88.79798933377148,86.27958803217874,86.38156127929688
2024-05-01,85.05687611412145,85.97965427425616,81.23577409191292,83.02135467529297
2024-05-02,84.42901930882867,86.21659833345969,83.18031423689433,85.79669952392578
2024-05-03,87.76823429941243,89.25987812120627,87.01941093195316,88.76799774169922
2024-05-06,89.36885276564674,92.19818511482366,89.0339329305278,92.11820220947266
2024-05-07,91.0764475332469,91.75928460609056,88.98994329110344,90.53257751464844
2024-05-08,89.46183625311598,91.17243008499568,89.39884761533344,90.39061737060548
2024-05-09,90.50758942585304,91.05046027533749,88.21013637581568,88.72601318359375
2024-05-10,90.28362849787212,91.3793697869979,89.20588069105499,89.85672760009766
2024-05-13,90.45660058201008,90.97648188381773,88.50806398354068,90.37762451171876
2024-05-14,89.5778081239568,91.62932476175912,88.91296448661012,91.33439636230467
2024-05-15,92.45012595086033,94.83955998823164,91.5773313598782,94.60761260986328
2024-05-16,94.88754969662853,95.7963312267465,94.08073378370165,94.33667755126952
2024-05-17,94.34667500501168,94.71758179326936,91.78427788749048,92.45711517333984
2024-05-20,93.72782088374116,95.17747479570718,93.41789666351426,94.75757598876952
2024-05-21,93.5768615548364,95.3774380950692,93.1579619356149,95.36344146728516
2024-05-22,95.4364259592329,95.99729030669772,93.22694948447013,94.92754364013672
2024-05-23,102.00386737865296,106.29485201655152,101.495984300881,103.77445220947266
2024-05-24,104.42429068662888,106.4498124242875,102.9756359411126,106.44381713867188
2024-05-28,110.2179288417244,114.91181809470388,109.8570141629256,113.87406158447266
2024-05-29,113.02326226335153,115.46467834881877,110.87476851197954,114.79783630371094
2024-05-30,114.62288155498054,115.79160375156064,109.63706169681458,110.47386169433594
2024-05-31,112.49338144896966,112.69034107520358,106.9147071249594,109.60707092285156
2024-06-03,113.59412955422886,114.9728012084961,111.97650838509436,114.9728012084961
2024-06-04,115.68863943022068,116.57242544329196,114.01802933282548,116.40946197509766
2024-06-05,118.34299609528654,122.4200265583294,117.44020986348806,122.4110336303711
2024-06-06,124.01864164860496,125.55727892222536,118.29200030273591,120.96936798095705
2024-06-07,119.74166612613098,121.66321619288968,117.99408612904745,120.85940551757812
2024-06-10,120.34153004371032,123.07088000938666,116.98232421857804,121.76119232177734
2024-06-11,121.751187043635,122.85102323112248,118.72165630297565,120.89132690429688
2024-06-12,123.04098762406085,126.8603972169384,122.55106545367256,125.18065643310548
2024-06-13,129.370013839737,129.77995417277387,127.14036255683142,129.58998107910156
2024-06-14,129.93994783436344,132.819492941906,128.30020157297326,131.85964965820312
2024-06-17,132.96947733525943,133.70935334573974,129.5600000367168,130.95977783203125
2024-06-18,131.11974991676064,136.30895096412834,130.66982245304678,135.55906677246094
2024-06-20,139.77840702253854,140.7382501800268,129.4999962772128,130.75979614257812
2024-06-21,127.10037129950182,130.60983137767926,124.28080710399776,126.55045318603516
2024-06-24,123.2209636623721,124.44077645602763,118.02176984453314,118.09175872802734
2024-06-25,121.18127449022964,126.48045882014668,119.3015676507599,126.07051849365234
2024-06-26,126.11052295050564,128.10021356126606,122.5810691982999,126.38048553466795
2024-06-27,124.08083170467472,126.3904801212093,122.90101364602651,123.9708480834961
2024-06-28,124.5607600841383,127.69027390029416,122.73104090223734,123.52091979980467
2024-07-01,123.4509338406254,124.8207173904901,118.81165100261742,124.2808074951172
2024-07-02,121.11129128736567,123.39094559729176,121.01130825589384,122.65105438232422
2024-07-03,121.64121985413112,128.26019287109375,121.34126312161996,128.26019287109375
2024-07-05,127.36032581802075,128.83010765300813,125.66059140220804,125.8105697631836
2024-07-08,127.4703016449348,130.7498013179992,127.02037421774143,128.18019104003906
2024-07-09,130.32988615651007,133.79935177124923,128.63013635188705,131.35972595214844
2024-07-10,134.0093063928642,135.0791485226844,132.39955434443974,134.88917541503906
2024-07-11,135.7290423109807,136.12897445462758,127.030388506978,127.38033294677734
2024-07-12,128.240187353551,131.89962580236968,127.20035467327595,129.2200469970703
2024-07-15,130.53983371826098,131.36970736285187,127.16035847561366,128.420166015625
2024-07-16,128.42016519902992,129.02006337664668,124.56076075627588,126.34048461914062
2024-07-17,121.33125281111384,121.8311755731112,116.70197078117612,117.97177124023438
2024-07-18,121.83117378548668,122.38109186690124,116.5419901257768,121.0712890625
2024-07-19,120.33141340065606,121.5812203691469,117.35187785957504,117.91178894042967
2024-07-22,120.33141006363796,124.0508367192346,119.84148788147658,123.52091979980467
2024-07-23,122.76104091410774,124.67074966179868,122.08114560448696,122.5710678100586
2024-07-24,119.15159144790852,119.9314697504062,113.4224807621964,114.23235321044922
2024-07-25,113.02254191964477,116.61198378362548,106.28358504662184,112.26265716552734
2024-07-26,116.1720552846758,116.1820482477216,111.56276675283137,113.04253387451172
2024-07-29,113.67244329834918,116.2620396176345,111.28281303826611,111.57276153564452
2024-07-30,111.50277170281328,111.97270032897562,102.52416299011044,103.71398162841795
2024-07-31,112.88256383394264,118.32171842494118,110.8628715562712,117.00192260742188
2024-08-01,117.51185329033258,120.14145212596502,106.79350713357796,109.1931381225586
2024-08-02,103.74397331446949,108.70320617940068,101.35434313138848,107.25342559814452
2024-08-05,92.04578250558625,103.39403604617902,90.6759989303684,100.43448638916016
2024-08-06,103.82396162716266,107.69336677766664,100.5344763735077,104.23390197753906
2024-08-07,107.79334914083398,108.78320175369558,98.67476236695524,98.8947296142578
2024-08-08,101.98424624897191,105.4837056790837,97.50493482201372,104.95378875732422
2024-08-09,105.62368764955026,106.58353850176572,103.41402980827044,104.73382568359376
2024-08-12,106.30357863401878,111.05284499933998,106.24359034201233,109.00315856933594
2024-08-13,112.42263716382676,116.21205275014302,111.56276937230297,116.12206268310548
2024-08-14,118.51169503654636,118.5816839218167,114.05238467793846,118.061767578125
2024-08-15,118.7416684041034,123.22097252638714,117.45186663417056,122.84103393554688
2024-08-16,121.92116885528117,124.98069379843776,121.16128410108614,124.56076049804688
2024-08-19,124.26080175800108,129.97991943359375,123.40093398841384,129.97991943359375
2024-08-20,128.38016296361073,129.859945367385,125.87055611670426,127.2303466796875
2024-08-21,127.3003454245953,129.3300384630808,126.6404512748557,128.48016357421875
2024-08-22,129.99993070924458,130.72981373400788,123.0809932786119,123.72089385986328
2024-08-23,125.840568772239,129.57999683666532,125.200668193686,129.3500213623047
2024-08-26,129.54999574566529,131.23972191640203,124.35079428830488,126.44046783447266
2024-08-27,125.03069885205142,129.18005210632066,123.86087366966548,128.2801971435547
2024-08-28,128.1002136583965,128.3101879476671,122.62106403071532,125.59060668945312
2024-08-29,121.34126049654893,124.41078612954578,116.691977012507,117.57183837890624
2024-08-30,119.51154145619034,121.73119987357845,117.20190059777018,119.35157012939452
2024-09-03,115.99208733843555,116.19205340222967,107.27343270040431,107.98332214355467
2024-09-04,105.39372401610916,113.25250309042688,104.10392232985338,106.19359588623048
2024-09-05,104.97378489888229,109.63306894505408,104.74382468818035,107.19344329833984
2024-09-06,108.02331171493724,108.13329533322812,100.93440295773532,102.81411743164062
2024-09-09,104.86380144031376,106.53354935247415,103.67399039006858,106.45355987548828
2024-09-10,107.7933492261417,109.38310766040352,104.93379026537788,108.08330535888672
2024-09-11,109.3731022078221,117.17190041388515,107.40340528796008,116.8919448852539
2024-09-12,116.83194558890106,120.78167799522352,115.37204710427882,119.1317901611328
2024-09-13,119.07179398085154,119.95173057852946,117.59189263639416,119.09178924560548
2024-09-16,116.78195121490393,118.17185479944176,114.35211839645493,116.7719497680664
2024-09-17,118.16185529801122,118.79181676837956,114.8220891129472,115.58203125
2024-09-18,115.88201323283184,117.69188606173006,113.21219905753732,113.36219024658205
2024-09-19,117.34190901515986,119.65175496418426,117.24191743437972,117.86187744140624
2024-09-20,117.05192889000192,118.61182655052458,115.3820458300781,115.99200439453124
2024-09-23,116.54197220506472,116.98193669935196,114.85208621282332,116.25199127197266
2024-09-24,116.51196518042532,121.79160765008965,115.37204436838394,120.8616714477539
2024-09-25,122.01159249257596,124.93139717496076,121.6016246984159,123.50149536132812
2024-09-26,126.7912679976476,127.66120318223068,121.7916124398361,124.03145599365234
2024-09-27,123.96146238728416,124.02145581335267,119.25178771917992,121.39163970947266
2024-09-30,118.30184382759612,121.49162641926588,118.14185882154548,121.43163299560548
2024-10-01,121.76160359919284,122.43156321712524,115.7820200451603,116.99193572998048
2024-10-02,116.43198210063647,119.37177440698213,115.13206859256864,118.84181213378906
2024-10-03,120.91167009454496,124.3514356140466,120.33170820972308,122.84153747558594
2024-10-04,124.9313951062457,125.03138669129712,121.8216087492724,124.91139221191406
2024-10-07,124.98138920036052,130.63100158341018,124.94139103988898,127.7112045288086
2024-10-08,130.25102042396173,133.47079980711666,129.4110819564616,132.88084411621094
2024-10-09,134.100759996507,134.51073540803478,131.37095237452456,132.64085388183594
2024-10-10,131.9009109593636,134.99069430038207,130.9909700248152,134.8007049560547
2024-10-11,134.00075636449898,135.77063861955767,133.65078964681797,134.79071044921875
2024-10-14,136.46060515676092,139.59039453634375,136.29061869231955,138.0605010986328
2024-10-15,137.86049956193577,138.5604635568482,128.73113875001064,131.5909423828125
2024-10-16,133.97076200865325,136.61057945313823,131.57093351648052,135.7106475830078
2024-10-17,139.3304004369883,140.88029674498213,136.86056931738727,136.92056274414062
2024-10-18,138.66044579007144,138.89042567419548,137.27054215149374,137.99049377441406
2024-10-21,138.12048644265874,143.70010375976562,137.99049051839003,143.70010375976562
2024-10-22,142.90016279151004,144.4100533191971,141.7702357215276,143.58010864257812
2024-10-23,142.0202156059464,142.42018195043707,137.45053832630117,139.55038452148438
2024-10-24,140.81030500321762,141.34026726626666,138.45046699393333,140.40032958984375
2024-10-25,140.9202843311163,144.12007609663013,140.7903036617806,141.53024291992188
2024-10-28,142.9901396648257,143.13012940104122,140.0403461288819,140.51031494140625
2024-10-29,140.28032434344357,142.25018978946702,138.89042075410222,141.24026489257812
2024-10-30,139.5303817319662,140.32033586087627,136.80057404730425,139.3303985595703
2024-10-31,137.59053287269725,137.60052669144986,132.10090534528118,132.7508544921875
2024-11-01,134.69072202720864,137.30054292300855,134.56074135376818,135.3906707763672
2024-11-04,137.20055793532484,138.95043742397988,135.56067148198048,136.04063415527344
2024-11-05,137.44052295404828,140.36031985674174,137.32053610774523,139.90036010742188
2024-11-06,142.9501491563635,146.47990453076164,141.95021810961643,145.59996032714844
2024-11-07,146.37991697911346,148.91973532669053,146.15993091069282,148.8697509765625
2024-11-08,148.75974806860012,149.7596791286017,146.24991134304443,147.6198272705078
2024-11-11,148.66974724045087,148.83974895267767,143.56011401444013,145.24998474121094
2024-11-12,146.76987949246217,149.63967674683423,145.9999283055317,148.27976989746094
2024-11-13,149.0597281902193,149.31970476911368,145.88993335100844,146.25991821289062
2024-11-14,147.62982215130063,148.98972901300397,145.53996988270669,146.7498779296875
2024-11-15,144.86001514374476,145.23000003001434,140.0703518362645,141.97021484375
2024-11-18,139.49038598259963,141.54024775288784,137.14054183607018,140.1403350830078
2024-11-19,141.31026763860282,147.1198647758357,140.98028855106585,146.99986267089844
2024-11-20,147.39984335305397,147.54982691113315,142.72015799039747,145.87994384765625
2024-11-21,149.3397202101669,152.8794696932069,140.69030679019977,146.65989685058594
2024-11-22,145.91993755545448,147.1498637894418,141.0902837872634,141.94021606445312
2024-11-25,141.98022539008,142.0402188161131,135.81065220328685,136.01063537597656
2024-11-26,137.69051329665368,139.29040920481154,135.66065432709954,136.9105682373047
2024-11-27,135.00069411944222,137.21054859333148,131.79092378994943,135.33067321777344
2024-11-29,136.77057853610563,139.34040886007423,136.04063308446467,138.240478515625
2024-12-02,138.82043604874252,140.44031954365505,137.8105111334031,138.62045288085938
2024-12-03,138.25047342063522,140.5303151909217,137.9404972096011,140.25033569335938
2024-12-04,141.99022171712366,145.7799540199716,140.2803327562802,145.1300048828125
2024-12-05,145.11000061035156,146.5399932861328,143.9499969482422,145.05999755859375
2024-12-06,144.60000610351562,145.6999969482422,141.30999755859375,142.44000244140625
2024-12-09,138.97000122070312,139.9499969482422,137.1300048828125,138.80999755859375
2024-12-10,139.00999450683594,141.82000732421875,133.7899932861328,135.07000732421875
2024-12-11,137.36000061035156,140.1699981689453,135.2100067138672,139.30999755859375
2024-12-12,137.0800018310547,138.44000244140625,135.8000030517578,137.33999633789062
2024-12-13,138.94000244140625,139.60000610351562,132.5399932861328,134.25
2024-12-16,134.17999267578125,134.39999389648438,130.4199981689453,132.0
2024-12-17,129.08999633789062,131.58999633789062,126.86000061035156,130.38999938964844
2024-12-18,133.86000061035156,136.6999969482422,128.27999877929688,128.91000366210938
2024-12-19,131.75999450683594,134.02999877929688,129.5500030517578,130.67999267578125
2024-12-20,129.80999755859375,135.27999877929688,128.22000122070312,134.6999969482422
2024-12-23,136.27999877929688,139.7899932861328,135.1199951171875,139.6699981689453
2024-12-24,140.0,141.89999389648438,138.64999389648438,140.22000122070312
2024-12-26,139.6999969482422,140.85000610351562,137.72999572753906,139.92999267578125
2024-12-27,138.5500030517578,139.02000427246094,134.7100067138672,137.00999450683594
2024-12-30,134.8300018310547,140.27000427246094,134.02000427246094,137.49000549316406
2024-12-31,138.02999877929688,138.07000732421875,133.8300018310547,134.2899932861328
